Bruker AXS HMP Instrument Tools Complete CSV
FileName,C:\MeinZeugs\Uni\Publikationen\2025\MeIn pXRF\DAQ\Device_monitoring_sample_element_precision_Schauer\data_raw\Example_LOD\02776-Mudrock Dual.pdz
SerialString,SG2-6390
TubeTargetElement,45
NumberOfSpectra,2
SampleID,
AcquisitionDateTime,2/26/2025 7:40:38 PM
TotalElapsedTimeInSeconds,120
AnodeTakeOffAngle,45
SampleIncidenceAngle,45
BeThicknessInMicroMeters,125
SampleTakeOffAngle,65
SpotSizeUsed,8
NumberOfUserCustomFields,5
UserCustomFieldHeader,FieldName,FieldValue
UserCustomField,Operator,Supervisor
UserCustomField,Material,Keramik
UserCustomField,ID,
UserCustomField,Probe,P_08e
UserCustomField,Projekt,Loesungsexperimente
AnalysisMode,32
AnalysisType,1
UsedAutoCalSelect,False
ResultUnits,PPM
ErrorMultiplier,2
CalFileName,MudrockDual
CalPackageName,
CalPackagePartNumber,
TypeStandardizationSetName,
NumberOfElementsInCalculatedResults,27
CalculatedResults:AtomicNum,ElementSymbol,Units,Value,TypeStandardizedValue,Error,RangeMin,RangeMax,Tramp,Nominal
12,Mg,PPM,0.710237,0.710237,0.05403589,0,0,False,False
13,Al,PPM,5.152248,5.152248,0.03240005,0,0,False,False
14,Si,PPM,19.12768,19.12768,0.03837584,0,0,False,False
15,P,PPM,0.03492313,0.03492313,0.003059538,0,0,False,False
16,S,PPM,0.02003295,0.02003295,0.00201422,0,0,False,False
19,K,PPM,0.9505169,0.9505169,0.003699093,0,0,False,False
20,Ca,PPM,1.569296,1.569296,0.003372616,0,0,False,False
22,Ti,PPM,0.2772969,0.2772969,0.001363264,0,0,False,False
23,V,PPM,0.008670955,0.008670955,0.0006007305,0,0,False,False
24,Cr,PPM,0.004079719,0.004079719,0.0003332864,0,0,False,False
25,Mn,PPM,0.06962778,0.06962778,0.0005516167,0,0,False,False
26,Fe,PPM,3.31119,3.31119,0.003722604,0,0,False,False
27,Co,PPM,0,0,8.805266E-05,0,0,False,False
28,Ni,PPM,0.003533421,0.003533421,0.0001526946,0,0,False,False
29,Cu,PPM,0.003101287,0.003101287,0.0001380564,0,0,False,False
30,Zn,PPM,0.0052129,0.0052129,0.0001398023,0,0,False,False
33,As,PPM,0.001320126,0.001320126,9.838064E-05,0,0,False,False
37,Rb,PPM,0.009700087,0.009700087,0.0001136918,0,0,False,False
38,Sr,PPM,0.01076488,0.01076488,0.0001114477,0,0,False,False
39,Y,PPM,0.002488814,0.002488814,0.0001054743,0,0,False,False
40,Zr,PPM,0.0131346,0.0131346,0.0001180453,0,0,False,False
41,Nb,PPM,0.0009322925,0.0009322925,9.984843E-05,0,0,False,False
42,Mo,PPM,0.001031413,0.001031413,0.0001092355,0,0,False,False
56,Ba,PPM,0.06502678,0.06502678,0.008013729,0,0,False,False
82,Pb,PPM,0.001106434,0.001106434,0.0001500472,0,0,False,False
90,Th,PPM,0.0008244134,0.0008244134,2.448114E-05,0,0,False,False
92,U,PPM,0,0,0.0002646353,0,0,False,False
MatchSpreadThreshold,0.05
IsTrampEnabled,False
IsNominalEnabled,False
NumberOfGradeIDMatchResults,3
GradeIDMatchResultsHeader,GradeID,MatchConfidence
GradeIDMatchResult,,0
GradeIDMatchResult,,0
GradeIDMatchResult,,0
ParametersForEachSpectrum,Spectrum 1,,Spectrum 2,
XrayVoltageInkV,40,,15,
XrayFilamentCurrentInMicroAmps,38.8,,27.85,
RawCounts,3500876,,3647079,
ValidCounts,2921346,,3167379,
eVPerChannel,20,,20,
StartingKeV,0.0004048954,,0.0004048954,
ZeroOffsetInKeV,-0.0004048954,,-0.0004048954,
StartingChannel,0.02024477,,0.02024477,
NumberOfChannels,2048,,2048,
CountsPerSecond,70264.95,,67293.07,
XilinxFirmwareVersion,,,,
IlluminationID,MudRock Trace40,,MudRock Maj15,
Filter1ElementAtomicNum,22,,0,
Filter1Thickness,25,,0,
Filter2ElementAtomicNum,13,,0,
Filter2Thickness,300,,0,
Filter3ElementAtomicNum,0,,0,
Filter3Thickness,0,,0,
AcquisitionDateTime,2/26/2025 7:40:38 PM,,2/26/2025 7:40:38 PM,
LiveTimeInSeconds,41.73296,,46.06193,
DeadTimeInSeconds,8.090991,,8.13499,
ResetTimeInSeconds,6.486992,,2.143996,
DetectorTempInC,-27,,-27,
AmbientTempInF,125.5,,125.5,
NosePressureInMilliBars,992.9659,,992.9659,
NoseTemperatureInC,46,,46,
ActiveTimeInSeconds,49.82393,,54.19695,
PacketTimeInSeconds,56.31092,,56.34095,
CommunicationTimeInSeconds,,,,
ElapsedClockTimeInSeconds,60,,60,
Spectrum:ChannelNumber,ChannelStartInKeV,ChannelCount,ChannelStartInKeV,ChannelCount
1,0.0004048954,0,0.0004048954,0
2,0.0204049,0,0.0204049,0
3,0.0404049,0,0.0404049,0
4,0.0604049,0,0.0604049,0
5,0.08040489,0,0.08040489,0
6,0.1004049,0,0.1004049,0
7,0.1204049,0,0.1204049,0
8,0.1404049,0,0.1404049,0
9,0.1604049,0,0.1604049,0
10,0.1804049,0,0.1804049,0
11,0.2004049,0,0.2004049,0
12,0.2204049,0,0.2204049,0
13,0.2404049,0,0.2404049,1
14,0.2604049,0,0.2604049,1
15,0.2804049,11,0.2804049,8
16,0.3004049,90,0.3004049,88
17,0.3204049,620,0.3204049,572
18,0.3404049,2466,0.3404049,2618
19,0.3604049,6802,0.3604049,7474
20,0.3804049,10853,0.3804049,12202
21,0.4004049,10661,0.4004049,12213
22,0.4204049,6543,0.4204049,7084
23,0.4404049,2414,0.4404049,2577
24,0.4604049,539,0.4604049,536
25,0.4804049,98,0.4804049,79
26,0.5004049,15,0.5004049,8
27,0.5204049,5,0.5204049,1
28,0.5404049,6,0.5404049,0
29,0.5604049,1,0.5604049,2
30,0.5804049,3,0.5804049,0
31,0.6004049,3,0.6004049,0
32,0.6204049,2,0.6204049,0
33,0.6404049,4,0.6404049,0
34,0.6604049,3,0.6604049,1
35,0.6804049,731,0.6804049,63
36,0.7004049,649,0.7004049,64
37,0.7204049,655,0.7204049,66
38,0.7404049,680,0.7404049,50
39,0.7604049,643,0.7604049,53
40,0.7804049,677,0.7804049,77
41,0.8004049,598,0.8004049,92
42,0.8204049,717,0.8204049,69
43,0.8404049,683,0.8404049,86
44,0.8604049,668,0.8604049,90
45,0.8804049,640,0.8804049,126
46,0.9004049,639,0.9004049,156
47,0.9204049,625,0.9204049,255
48,0.9404049,617,0.9404049,259
49,0.9604049,568,0.9604049,227
50,0.9804049,584,0.9804049,197
51,1.000405,596,1.000405,138
52,1.020405,631,1.020405,104
53,1.040405,610,1.040405,136
54,1.060405,638,1.060405,146
55,1.080405,580,1.080405,164
56,1.100405,572,1.100405,171
57,1.120405,634,1.120405,168
58,1.140405,601,1.140405,132
59,1.160405,616,1.160405,153
60,1.180405,618,1.180405,198
61,1.200405,538,1.200405,274
62,1.220405,572,1.220405,311
63,1.240405,541,1.240405,313
64,1.260405,575,1.260405,284
65,1.280405,538,1.280405,215
66,1.300405,565,1.300405,160
67,1.320405,559,1.320405,147
68,1.340405,525,1.340405,151
69,1.360405,551,1.360405,205
70,1.380405,550,1.380405,367
71,1.400405,532,1.400405,954
72,1.420405,561,1.420405,2335
73,1.440405,610,1.440405,4575
74,1.460405,700,1.460405,6870
75,1.480405,737,1.480405,7919
76,1.500405,700,1.500405,7031
77,1.520405,641,1.520405,5079
78,1.540405,572,1.540405,2853
79,1.560405,560,1.560405,1718
80,1.580405,518,1.580405,1049
81,1.600405,486,1.600405,953
82,1.620405,548,1.620405,1528
83,1.640405,566,1.640405,4569
84,1.660405,637,1.660405,12886
85,1.680405,954,1.680405,29084
86,1.700405,1277,1.700405,52387
87,1.720405,1603,1.720405,71439
88,1.740405,1680,1.740405,74992
89,1.760405,1409,1.760405,61198
90,1.780405,1085,1.780405,39681
91,1.800405,799,1.800405,21295
92,1.820405,656,1.820405,10363
93,1.840405,574,1.840405,5432
94,1.860405,455,1.860405,2972
95,1.880405,508,1.880405,1765
96,1.900405,513,1.900405,1045
97,1.920405,465,1.920405,825
98,1.940405,495,1.940405,719
99,1.960405,480,1.960405,791
100,1.980405,426,1.980405,739
101,2.000405,443,2.000405,763
102,2.020405,426,2.020405,672
103,2.040405,397,2.040405,514
104,2.060405,383,2.060405,385
105,2.080405,439,2.080405,296
106,2.100405,371,2.100405,256
107,2.120405,399,2.120405,232
108,2.140405,386,2.140405,240
109,2.160405,380,2.160405,285
110,2.180405,369,2.180405,264
111,2.200405,369,2.200405,279
112,2.220405,370,2.220405,298
113,2.240405,390,2.240405,405
114,2.260405,386,2.260405,475
115,2.280405,361,2.280405,510
116,2.300405,379,2.300405,530
117,2.320405,347,2.320405,615
118,2.340405,347,2.340405,649
119,2.360405,320,2.360405,624
120,2.380405,338,2.380405,650
121,2.400405,314,2.400405,549
122,2.420405,354,2.420405,566
123,2.440405,340,2.440405,493
124,2.460405,280,2.460405,485
125,2.480405,303,2.480405,489
126,2.500405,328,2.500405,505
127,2.520405,326,2.520405,572
128,2.540405,319,2.540405,634
129,2.560405,277,2.560405,787
130,2.580405,328,2.580405,1197
131,2.600405,301,2.600405,2086
132,2.620405,311,2.620405,3674
133,2.640405,312,2.640405,6124
134,2.660405,330,2.660405,8822
135,2.680405,284,2.680405,10813
136,2.700405,309,2.700405,11233
137,2.720405,288,2.720405,9836
138,2.740405,293,2.740405,7488
139,2.760405,299,2.760405,6011
140,2.780405,284,2.780405,5446
141,2.800405,270,2.800405,5851
142,2.820405,283,2.820405,6508
143,2.840405,261,2.840405,6753
144,2.860405,276,2.860405,6595
145,2.880405,343,2.880405,6390
146,2.900405,368,2.900405,6701
147,2.920405,438,2.920405,7534
148,2.940405,509,2.940405,8323
149,2.960405,500,2.960405,8442
150,2.980405,517,2.980405,7326
151,3.000405,416,3.000405,5585
152,3.020405,311,3.020405,3860
153,3.040405,300,3.040405,2324
154,3.060405,228,3.060405,1570
155,3.080405,222,3.080405,1176
156,3.100405,253,3.100405,1060
157,3.120405,249,3.120405,1189
158,3.140405,245,3.140405,1375
159,3.160405,266,3.160405,1521
160,3.180405,270,3.180405,1872
161,3.200405,378,3.200405,2621
162,3.220405,556,3.220405,4380
163,3.240405,846,3.240405,7479
164,3.260405,1326,3.260405,12348
165,3.280405,1733,3.280405,17276
166,3.300405,2128,3.300405,20931
167,3.320405,2076,3.320405,21323
168,3.340405,1863,3.340405,17903
169,3.360405,1287,3.360405,12955
170,3.380405,788,3.380405,7818
171,3.400405,538,3.400405,4278
172,3.420405,350,3.420405,2142
173,3.440405,232,3.440405,1225
174,3.460405,197,3.460405,949
175,3.480405,213,3.480405,962
176,3.500405,219,3.500405,1306
177,3.520405,286,3.520405,1940
178,3.540405,406,3.540405,2858
179,3.560405,599,3.560405,4166
180,3.580405,863,3.580405,6523
181,3.600405,1385,3.600405,10679
182,3.620405,2211,3.620405,16742
183,3.640405,3346,3.640405,25195
184,3.660405,4162,3.660405,33687
185,3.680405,4889,3.680405,38285
186,3.700405,4875,3.700405,37585
187,3.720405,3946,3.720405,31574
188,3.740405,2847,3.740405,22239
189,3.760405,1807,3.760405,13682
190,3.780405,977,3.780405,7070
191,3.800405,502,3.800405,3610
192,3.820405,279,3.820405,1671
193,3.840405,182,3.840405,1039
194,3.860405,167,3.860405,958
195,3.880405,181,3.880405,982
196,3.900405,217,3.900405,1269
197,3.920405,274,3.920405,1884
198,3.940405,433,3.940405,2828
199,3.960405,550,3.960405,3874
200,3.980405,675,3.980405,5196
201,4.000405,834,4.000405,5921
202,4.020405,785,4.020405,6139
203,4.040405,690,4.040405,5280
204,4.060405,555,4.060405,4104
205,4.080405,388,4.080405,2877
206,4.100405,280,4.100405,1921
207,4.120405,185,4.120405,1327
208,4.140405,134,4.140405,988
209,4.160405,106,4.160405,839
210,4.180405,105,4.180405,795
211,4.200405,111,4.200405,785
212,4.220405,92,4.220405,789
213,4.240405,78,4.240405,765
214,4.260405,73,4.260405,808
215,4.280405,85,4.280405,856
216,4.300405,104,4.300405,902
217,4.320405,101,4.320405,926
218,4.340405,101,4.340405,998
219,4.360405,152,4.360405,1251
220,4.380405,265,4.380405,1663
221,4.400405,432,4.400405,2508
222,4.420405,731,4.420405,3942
223,4.440405,1181,4.440405,5943
224,4.460405,1579,4.460405,8335
225,4.480405,1957,4.480405,10160
226,4.500405,2211,4.500405,11197
227,4.520405,2110,4.520405,10758
228,4.540405,1806,4.540405,9342
229,4.560405,1411,4.560405,7022
230,4.580405,983,4.580405,5049
231,4.600405,720,4.600405,3277
232,4.620405,571,4.620405,2469
233,4.640405,468,4.640405,2004
234,4.660405,445,4.660405,1750
235,4.680405,367,4.680405,1668
236,4.700405,321,4.700405,1570
237,4.720405,245,4.720405,1406
238,4.740405,199,4.740405,1341
239,4.760405,178,4.760405,1403
240,4.780405,191,4.780405,1533
241,4.800405,205,4.800405,1693
242,4.820405,309,4.820405,1937
243,4.840405,336,4.840405,2170
244,4.860405,386,4.860405,2381
245,4.880405,459,4.880405,2790
246,4.900405,480,4.900405,2943
247,4.920405,537,4.920405,3249
248,4.940405,532,4.940405,3187
249,4.960405,457,4.960405,2906
250,4.980405,349,4.980405,2574
251,5.000405,286,5.000405,2205
252,5.020405,194,5.020405,1826
253,5.040405,149,5.040405,1684
254,5.060405,105,5.060405,1660
255,5.080405,110,5.080405,1462
256,5.100405,113,5.100405,1562
257,5.120405,111,5.120405,1486
258,5.140405,108,5.140405,1489
259,5.160405,105,5.160405,1557
260,5.180405,123,5.180405,1572
261,5.200405,146,5.200405,1560
262,5.220405,147,5.220405,1556
263,5.240405,144,5.240405,1598
264,5.260405,140,5.260405,1536
265,5.280405,141,5.280405,1613
266,5.300405,154,5.300405,1584
267,5.320405,189,5.320405,1642
268,5.340405,203,5.340405,1774
269,5.360405,179,5.360405,1778
270,5.380405,223,5.380405,1922
271,5.400405,203,5.400405,1993
272,5.420405,239,5.420405,1968
273,5.440405,196,5.440405,2006
274,5.460405,163,5.460405,1931
275,5.480405,158,5.480405,1834
276,5.500405,131,5.500405,1842
277,5.520405,124,5.520405,1672
278,5.540405,108,5.540405,1652
279,5.560405,110,5.560405,1660
280,5.580405,94,5.580405,1693
281,5.600405,101,5.600405,1638
282,5.620405,96,5.620405,1622
283,5.640405,93,5.640405,1684
284,5.660405,94,5.660405,1651
285,5.680405,93,5.680405,1650
286,5.700405,108,5.700405,1703
287,5.720405,115,5.720405,1742
288,5.740405,152,5.740405,1868
289,5.760405,207,5.760405,1966
290,5.780405,320,5.780405,2260
291,5.800405,516,5.800405,2778
292,5.820405,798,5.820405,3395
293,5.840405,1048,5.840405,4101
294,5.860405,1374,5.860405,4779
295,5.880405,1581,5.880405,5288
296,5.900405,1512,5.900405,5195
297,5.920405,1498,5.920405,4876
298,5.940405,1168,5.940405,4264
299,5.960405,827,5.960405,3593
300,5.980405,552,5.980405,2913
301,6.000405,349,6.000405,2422
302,6.020405,291,6.020405,2136
303,6.040405,193,6.040405,1936
304,6.060405,186,6.060405,1884
305,6.080405,197,6.080405,1853
306,6.100405,229,6.100405,1881
307,6.120405,237,6.120405,1906
308,6.140405,278,6.140405,1962
309,6.160405,330,6.160405,2041
310,6.180405,510,6.180405,2278
311,6.200405,867,6.200405,2960
312,6.220405,1660,6.220405,4407
313,6.240405,3496,6.240405,7405
314,6.260405,7336,6.260405,13837
315,6.280405,14259,6.280405,25776
316,6.300405,25234,6.300405,45287
317,6.320405,40329,6.320405,71374
318,6.340405,57651,6.340405,103099
319,6.360405,74125,6.360405,132692
320,6.380405,85604,6.380405,153883
321,6.400405,87593,6.400405,159108
322,6.420405,80667,6.420405,146240
323,6.440405,66577,6.440405,121329
324,6.460405,49070,6.460405,90084
325,6.480405,32457,6.480405,60041
326,6.500405,19366,6.500405,36401
327,6.520405,10551,6.520405,20366
328,6.540405,5375,6.540405,10487
329,6.560405,2513,6.560405,5542
330,6.580405,1256,6.580405,3283
331,6.600405,623,6.600405,2314
332,6.620405,362,6.620405,1932
333,6.640405,290,6.640405,1797
334,6.660405,251,6.660405,1757
335,6.680405,247,6.680405,1719
336,6.700405,235,6.700405,1692
337,6.720405,258,6.720405,1749
338,6.740405,248,6.740405,1849
339,6.760405,272,6.760405,1745
340,6.780405,313,6.780405,1833
341,6.800405,279,6.800405,1821
342,6.820405,376,6.820405,2052
343,6.840405,468,6.840405,2094
344,6.860405,579,6.860405,2394
345,6.880405,869,6.880405,2882
346,6.900405,1373,6.900405,3480
347,6.920405,2147,6.920405,4808
348,6.940405,3486,6.940405,6978
349,6.960405,5299,6.960405,10148
350,6.980405,7968,6.980405,14282
351,7.000405,10472,7.000405,18492
352,7.020405,12653,7.020405,22389
353,7.040405,13956,7.040405,24592
354,7.060405,13901,7.060405,24640
355,7.080405,12336,7.080405,22143
356,7.100405,10435,7.100405,18363
357,7.120405,7577,7.120405,13940
358,7.140405,5160,7.140405,9691
359,7.160405,3244,7.160405,6621
360,7.180405,1816,7.180405,4182
361,7.200405,983,7.200405,2827
362,7.220405,533,7.220405,2021
363,7.240405,243,7.240405,1709
364,7.260405,168,7.260405,1619
365,7.280405,96,7.280405,1553
366,7.300405,67,7.300405,1503
367,7.320405,85,7.320405,1644
368,7.340405,80,7.340405,1660
369,7.360405,113,7.360405,1732
370,7.380405,139,7.380405,1866
371,7.400405,167,7.400405,2020
372,7.420405,209,7.420405,2259
373,7.440405,202,7.440405,2478
374,7.460405,256,7.460405,2471
375,7.480405,254,7.480405,2422
376,7.500405,217,7.500405,2320
377,7.520405,189,7.520405,2145
378,7.540405,130,7.540405,1927
379,7.560405,124,7.560405,1700
380,7.580405,79,7.580405,1507
381,7.600405,73,7.600405,1345
382,7.620405,54,7.620405,1344
383,7.640405,59,7.640405,1359
384,7.660405,55,7.660405,1333
385,7.680405,56,7.680405,1339
386,7.700405,60,7.700405,1316
387,7.720405,58,7.720405,1303
388,7.740405,57,7.740405,1298
389,7.760405,56,7.760405,1303
390,7.780405,73,7.780405,1313
391,7.800405,57,7.800405,1346
392,7.820405,70,7.820405,1385
393,7.840405,60,7.840405,1318
394,7.860405,74,7.860405,1345
395,7.880405,84,7.880405,1376
396,7.900405,108,7.900405,1377
397,7.920405,125,7.920405,1409
398,7.940405,155,7.940405,1445
399,7.960405,160,7.960405,1442
400,7.980405,236,7.980405,1450
401,8.000405,265,8.000405,1467
402,8.020405,286,8.020405,1541
403,8.040405,298,8.040405,1544
404,8.060405,259,8.060405,1647
405,8.080405,270,8.080405,1677
406,8.100405,222,8.100405,1677
407,8.120405,175,8.120405,1640
408,8.140405,124,8.140405,1782
409,8.160405,122,8.160405,1767
410,8.180405,100,8.180405,1741
411,8.200405,92,8.200405,1666
412,8.220405,89,8.220405,1640
413,8.240405,90,8.240405,1540
414,8.260405,105,8.260405,1569
415,8.280405,101,8.280405,1550
416,8.300405,98,8.300405,1421
417,8.320405,99,8.320405,1448
418,8.340405,93,8.340405,1431
419,8.360405,96,8.360405,1371
420,8.380404,76,8.380404,1334
421,8.400405,79,8.400405,1345
422,8.420404,86,8.420404,1274
423,8.440405,86,8.440405,1333
424,8.460405,115,8.460405,1362
425,8.480405,138,8.480405,1333
426,8.500405,179,8.500405,1325
427,8.520405,247,8.520405,1394
428,8.540405,330,8.540405,1439
429,8.560405,435,8.560405,1497
430,8.580405,498,8.580405,1510
431,8.600405,597,8.600405,1552
432,8.620405,662,8.620405,1600
433,8.640405,682,8.640405,1620
434,8.660405,597,8.660405,1660
435,8.680405,492,8.680405,1572
436,8.700405,391,8.700405,1561
437,8.720405,316,8.720405,1499
438,8.740405,228,8.740405,1436
439,8.760405,170,8.760405,1449
440,8.780405,124,8.780405,1515
441,8.800405,102,8.800405,1416
442,8.820405,114,8.820405,1418
443,8.840405,118,8.840405,1457
444,8.860405,131,8.860405,1469
445,8.880404,128,8.880404,1380
446,8.900405,122,8.900405,1471
447,8.920404,124,8.920404,1449
448,8.940405,129,8.940405,1349
449,8.960405,105,8.960405,1372
450,8.980405,130,8.980405,1446
451,9.000405,118,9.000405,1297
452,9.020405,125,9.020405,1415
453,9.040405,116,9.040405,1365
454,9.060405,113,9.060405,1401
455,9.080405,117,9.080405,1412
456,9.100405,119,9.100405,1350
457,9.120405,152,9.120405,1391
458,9.140405,173,9.140405,1425
459,9.160405,181,9.160405,1372
460,9.180405,218,9.180405,1452
461,9.200405,259,9.200405,1491
462,9.220405,295,9.220405,1390
463,9.240405,257,9.240405,1453
464,9.260405,274,9.260405,1422
465,9.280405,248,9.280405,1469
466,9.300405,206,9.300405,1476
467,9.320405,206,9.320405,1460
468,9.340405,205,9.340405,1399
469,9.360405,172,9.360405,1467
470,9.380404,172,9.380404,1471
471,9.400405,158,9.400405,1456
472,9.420404,149,9.420404,1394
473,9.440405,161,9.440405,1374
474,9.460405,208,9.460405,1384
475,9.480405,191,9.480405,1392
476,9.500405,213,9.500405,1471
477,9.520405,218,9.520405,1311
478,9.540405,248,9.540405,1424
479,9.560405,213,9.560405,1461
480,9.580405,273,9.580405,1459
481,9.600405,261,9.600405,1463
482,9.620405,245,9.620405,1486
483,9.640405,198,9.640405,1389
484,9.660405,215,9.660405,1465
485,9.680405,229,9.680405,1496
486,9.700405,209,9.700405,1522
487,9.720405,214,9.720405,1439
488,9.740405,183,9.740405,1500
489,9.760405,201,9.760405,1498
490,9.780405,184,9.780405,1447
491,9.800405,192,9.800405,1446
492,9.820405,212,9.820405,1389
493,9.840405,220,9.840405,1424
494,9.860405,217,9.860405,1337
495,9.880404,212,9.880404,1460
496,9.900405,219,9.900405,1428
497,9.920404,219,9.920404,1398
498,9.940405,222,9.940405,1431
499,9.960405,220,9.960405,1426
500,9.980405,193,9.980405,1421
501,10.00041,208,10.00041,1476
502,10.0204,244,10.0204,1496
503,10.04041,229,10.04041,1475
504,10.0604,242,10.0604,1490
505,10.08041,255,10.08041,1576
506,10.1004,228,10.1004,1568
507,10.12041,236,10.12041,1483
508,10.1404,255,10.1404,1464
509,10.16041,269,10.16041,1330
510,10.1804,261,10.1804,1443
511,10.20041,274,10.20041,1402
512,10.2204,270,10.2204,1352
513,10.24041,298,10.24041,1301
514,10.2604,296,10.2604,1280
515,10.28041,265,10.28041,1325
516,10.3004,295,10.3004,1325
517,10.32041,326,10.32041,1329
518,10.3404,284,10.3404,1298
519,10.3604,309,10.3604,1213
520,10.3804,332,10.3804,1320
521,10.4004,386,10.4004,1255
522,10.4204,419,10.4204,1349
523,10.4404,451,10.4404,1306
524,10.46041,510,10.46041,1259
525,10.4804,569,10.4804,1271
526,10.50041,565,10.50041,1387
527,10.5204,593,10.5204,1264
528,10.54041,637,10.54041,1315
529,10.5604,682,10.5604,1257
530,10.58041,558,10.58041,1260
531,10.6004,575,10.6004,1291
532,10.62041,489,10.62041,1223
533,10.6404,409,10.6404,1253
534,10.66041,401,10.66041,1273
535,10.6804,363,10.6804,1204
536,10.70041,376,10.70041,1197
537,10.7204,390,10.7204,1206
538,10.74041,336,10.74041,1262
539,10.7604,380,10.7604,1243
540,10.78041,356,10.78041,1184
541,10.8004,405,10.8004,1262
542,10.82041,366,10.82041,1185
543,10.8404,373,10.8404,1174
544,10.8604,392,10.8604,1211
545,10.8804,387,10.8804,1248
546,10.9004,390,10.9004,1212
547,10.9204,373,10.9204,1202
548,10.9404,387,10.9404,1166
549,10.96041,433,10.96041,1167
550,10.9804,414,10.9804,1218
551,11.00041,384,11.00041,1171
552,11.0204,432,11.0204,1157
553,11.04041,440,11.04041,1148
554,11.0604,391,11.0604,1108
555,11.08041,453,11.08041,1105
556,11.1004,417,11.1004,1106
557,11.12041,452,11.12041,1133
558,11.1404,442,11.1404,1073
559,11.16041,446,11.16041,1068
560,11.1804,433,11.1804,1095
561,11.20041,486,11.20041,1062
562,11.2204,504,11.2204,1059
563,11.24041,456,11.24041,1037
564,11.2604,479,11.2604,1032
565,11.28041,482,11.28041,1041
566,11.3004,464,11.3004,1060
567,11.32041,509,11.32041,1037
568,11.3404,468,11.3404,1043
569,11.3604,497,11.3604,1024
570,11.3804,543,11.3804,1058
571,11.4004,494,11.4004,1084
572,11.4204,504,11.4204,1059
573,11.4404,551,11.4404,997
574,11.46041,543,11.46041,1051
575,11.4804,554,11.4804,1030
576,11.50041,544,11.50041,1028
577,11.5204,590,11.5204,942
578,11.54041,581,11.54041,952
579,11.5604,611,11.5604,1012
580,11.58041,600,11.58041,1025
581,11.6004,578,11.6004,947
582,11.62041,588,11.62041,1008
583,11.6404,594,11.6404,940
584,11.66041,561,11.66041,973
585,11.6804,594,11.6804,953
586,11.70041,644,11.70041,964
587,11.7204,614,11.7204,993
588,11.74041,642,11.74041,973
589,11.7604,711,11.7604,980
590,11.78041,606,11.78041,903
591,11.8004,673,11.8004,922
592,11.82041,675,11.82041,962
593,11.8404,650,11.8404,915
594,11.8604,664,11.8604,934
595,11.8804,664,11.8804,896
596,11.9004,724,11.9004,881
597,11.9204,690,11.9204,854
598,11.9404,635,11.9404,932
599,11.96041,678,11.96041,901
600,11.9804,667,11.9804,923
601,12.00041,699,12.00041,872
602,12.0204,629,12.0204,905
603,12.04041,686,12.04041,883
604,12.0604,657,12.0604,873
605,12.08041,668,12.08041,813
606,12.1004,675,12.1004,789
607,12.12041,728,12.12041,801
608,12.1404,706,12.1404,849
609,12.16041,746,12.16041,864
610,12.1804,670,12.1804,829
611,12.20041,743,12.20041,811
612,12.2204,794,12.2204,788
613,12.24041,707,12.24041,868
614,12.2604,698,12.2604,838
615,12.28041,748,12.28041,834
616,12.3004,757,12.3004,728
617,12.32041,730,12.32041,773
618,12.3404,810,12.3404,784
619,12.3604,769,12.3604,789
620,12.3804,776,12.3804,744
621,12.4004,800,12.4004,755
622,12.4204,824,12.4204,733
623,12.4404,805,12.4404,804
624,12.46041,802,12.46041,768
625,12.4804,794,12.4804,740
626,12.50041,869,12.50041,741
627,12.5204,876,12.5204,701
628,12.54041,887,12.54041,718
629,12.5604,914,12.5604,736
630,12.58041,973,12.58041,752
631,12.6004,863,12.6004,650
632,12.62041,991,12.62041,719
633,12.6404,999,12.6404,762
634,12.66041,1007,12.66041,746
635,12.6804,956,12.6804,804
636,12.70041,981,12.70041,822
637,12.7204,935,12.7204,826
638,12.74041,963,12.74041,838
639,12.7604,969,12.7604,982
640,12.78041,1037,12.78041,1014
641,12.8004,1026,12.8004,998
642,12.82041,1068,12.82041,957
643,12.8404,1114,12.8404,958
644,12.8604,1061,12.8604,849
645,12.8804,1103,12.8804,833
646,12.9004,1075,12.9004,836
647,12.9204,1050,12.9204,739
648,12.9404,1088,12.9404,709
649,12.96041,1126,12.96041,618
650,12.9804,1097,12.9804,628
651,13.00041,1001,13.00041,625
652,13.0204,1056,13.0204,569
653,13.04041,1081,13.04041,581
654,13.0604,1072,13.0604,590
655,13.08041,1031,13.08041,532
656,13.1004,1022,13.1004,535
657,13.12041,1044,13.12041,539
658,13.1404,1065,13.1404,509
659,13.16041,1165,13.16041,521
660,13.1804,1248,13.1804,512
661,13.20041,1398,13.20041,512
662,13.2204,1515,13.2204,486
663,13.24041,1770,13.24041,502
664,13.2604,2024,13.2604,525
665,13.28041,2281,13.28041,457
666,13.3004,2533,13.3004,489
667,13.32041,2922,13.32041,510
668,13.3404,3035,13.3404,536
669,13.3604,3106,13.3604,533
670,13.3804,3145,13.3804,532
671,13.4004,3001,13.4004,514
672,13.4204,2719,13.4204,556
673,13.4404,2438,13.4404,536
674,13.46041,2221,13.46041,515
675,13.4804,1960,13.4804,517
676,13.50041,1636,13.50041,524
677,13.5204,1606,13.5204,449
678,13.54041,1366,13.54041,450
679,13.5604,1276,13.5604,454
680,13.58041,1250,13.58041,455
681,13.6004,1146,13.6004,422
682,13.62041,1161,13.62041,415
683,13.6404,1169,13.6404,385
684,13.66041,1149,13.66041,385
685,13.6804,1225,13.6804,360
686,13.70041,1199,13.70041,369
687,13.7204,1196,13.7204,357
688,13.74041,1175,13.74041,354
689,13.7604,1227,13.7604,316
690,13.78041,1197,13.78041,339
691,13.8004,1216,13.8004,317
692,13.82041,1234,13.82041,317
693,13.8404,1266,13.8404,338
694,13.8604,1203,13.8604,285
695,13.8804,1343,13.8804,254
696,13.9004,1251,13.9004,271
697,13.9204,1444,13.9204,261
698,13.9404,1531,13.9404,286
699,13.96041,1685,13.96041,279
700,13.9804,1830,13.9804,233
701,14.00041,2125,14.00041,255
702,14.0204,2385,14.0204,264
703,14.04041,2880,14.04041,231
704,14.0604,3165,14.0604,227
705,14.08041,3316,14.08041,240
706,14.1004,3611,14.1004,205
707,14.12041,3703,14.12041,218
708,14.1404,3682,14.1404,214
709,14.16041,3537,14.16041,197
710,14.1804,3371,14.1804,214
711,14.20041,3203,14.20041,165
712,14.2204,2850,14.2204,169
713,14.24041,2416,14.24041,169
714,14.2604,2198,14.2604,156
715,14.28041,1901,14.28041,164
716,14.3004,1749,14.3004,135
717,14.32041,1613,14.32041,121
718,14.3404,1487,14.3404,147
719,14.3604,1427,14.3604,114
720,14.3804,1374,14.3804,124
721,14.4004,1374,14.4004,101
722,14.4204,1365,14.4204,125
723,14.4404,1371,14.4404,130
724,14.46041,1402,14.46041,104
725,14.4804,1408,14.4804,107
726,14.50041,1346,14.50041,100
727,14.5204,1409,14.5204,85
728,14.54041,1378,14.54041,93
729,14.5604,1397,14.5604,96
730,14.58041,1401,14.58041,80
731,14.6004,1390,14.6004,79
732,14.62041,1452,14.62041,76
733,14.6404,1350,14.6404,69
734,14.66041,1371,14.66041,63
735,14.6804,1475,14.6804,52
736,14.70041,1495,14.70041,64
737,14.7204,1525,14.7204,51
738,14.74041,1616,14.74041,40
739,14.7604,1602,14.7604,45
740,14.78041,1619,14.78041,42
741,14.8004,1762,14.8004,38
742,14.82041,1799,14.82041,36
743,14.8404,1930,14.8404,38
744,14.8604,2044,14.8604,35
745,14.8804,2108,14.8804,26
746,14.9004,2254,14.9004,33
747,14.9204,2247,14.9204,29
748,14.9404,2255,14.9404,17
749,14.96041,2292,14.96041,13
750,14.9804,2154,14.9804,22
751,15.00041,2148,15.00041,22
752,15.0204,2013,15.0204,24
753,15.04041,1923,15.04041,25
754,15.0604,1807,15.0604,14
755,15.08041,1680,15.08041,15
756,15.1004,1670,15.1004,14
757,15.12041,1679,15.12041,16
758,15.1404,1644,15.1404,14
759,15.16041,1631,15.16041,21
760,15.1804,1621,15.1804,8
761,15.20041,1629,15.20041,9
762,15.2204,1656,15.2204,12
763,15.24041,1575,15.24041,10
764,15.2604,1606,15.2604,11
765,15.28041,1563,15.28041,11
766,15.3004,1581,15.3004,11
767,15.32041,1591,15.32041,18
768,15.3404,1524,15.3404,13
769,15.3604,1564,15.3604,13
770,15.3804,1513,15.3804,20
771,15.4004,1589,15.4004,16
772,15.4204,1569,15.4204,12
773,15.4404,1615,15.4404,19
774,15.46041,1678,15.46041,19
775,15.4804,1753,15.4804,12
776,15.50041,1842,15.50041,23
777,15.5204,1919,15.5204,9
778,15.54041,2115,15.54041,14
779,15.5604,2264,15.5604,13
780,15.58041,2743,15.58041,19
781,15.6004,3121,15.6004,15
782,15.62041,3480,15.62041,17
783,15.6404,3921,15.6404,14
784,15.66041,4383,15.66041,14
785,15.6804,4740,15.6804,13
786,15.70041,4981,15.70041,15
787,15.7204,5355,15.7204,18
788,15.74041,5329,15.74041,28
789,15.7604,5354,15.7604,14
790,15.78041,5347,15.78041,11
791,15.8004,4771,15.8004,9
792,15.82041,4313,15.82041,15
793,15.8404,3961,15.8404,13
794,15.8604,3529,15.8604,15
795,15.8804,3039,15.8804,16
796,15.9004,2644,15.9004,10
797,15.9204,2353,15.9204,15
798,15.9404,2157,15.9404,12
799,15.96041,1963,15.96041,19
800,15.9804,1850,15.9804,16
801,16.0004,1871,16.0004,16
802,16.0204,1739,16.0204,18
803,16.04041,1715,16.04041,10
804,16.06041,1744,16.06041,11
805,16.0804,1764,16.0804,11
806,16.1004,1666,16.1004,14
807,16.12041,1814,16.12041,15
808,16.14041,1721,16.14041,17
809,16.1604,1780,16.1604,20
810,16.1804,1789,16.1804,17
811,16.20041,1739,16.20041,16
812,16.22041,1744,16.22041,18
813,16.2404,1731,16.2404,17
814,16.2604,1751,16.2604,11
815,16.28041,1751,16.28041,8
816,16.30041,1769,16.30041,12
817,16.3204,1690,16.3204,10
818,16.3404,1718,16.3404,11
819,16.3604,1755,16.3604,13
820,16.38041,1749,16.38041,9
821,16.4004,1785,16.4004,8
822,16.4204,1866,16.4204,13
823,16.4404,1912,16.4404,13
824,16.46041,1824,16.46041,9
825,16.48041,1794,16.48041,18
826,16.5004,1930,16.5004,11
827,16.5204,1866,16.5204,12
828,16.54041,1998,16.54041,9
829,16.56041,1949,16.56041,13
830,16.5804,1946,16.5804,15
831,16.6004,1967,16.6004,14
832,16.62041,1883,16.62041,6
833,16.64041,1959,16.64041,14
834,16.6604,2022,16.6604,10
835,16.6804,1942,16.6804,19
836,16.70041,1948,16.70041,12
837,16.72041,1936,16.72041,16
838,16.7404,1886,16.7404,11
839,16.7604,1963,16.7604,8
840,16.78041,1903,16.78041,9
841,16.80041,1846,16.80041,16
842,16.8204,1842,16.8204,7
843,16.8404,1815,16.8404,16
844,16.8604,1769,16.8604,12
845,16.88041,1816,16.88041,9
846,16.9004,1830,16.9004,5
847,16.9204,1828,16.9204,10
848,16.9404,1849,16.9404,15
849,16.96041,1715,16.96041,6
850,16.98041,1841,16.98041,12
851,17.0004,1866,17.0004,10
852,17.0204,1853,17.0204,10
853,17.04041,1710,17.04041,8
854,17.06041,1784,17.06041,7
855,17.0804,1884,17.0804,13
856,17.1004,1800,17.1004,21
857,17.12041,1869,17.12041,5
858,17.14041,1786,17.14041,16
859,17.1604,1887,17.1604,9
860,17.1804,1826,17.1804,9
861,17.20041,1856,17.20041,14
862,17.22041,1841,17.22041,9
863,17.2404,1854,17.2404,9
864,17.2604,1868,17.2604,16
865,17.28041,1854,17.28041,8
866,17.30041,1957,17.30041,10
867,17.3204,1908,17.3204,8
868,17.3404,1901,17.3404,10
869,17.3604,1906,17.3604,11
870,17.38041,2011,17.38041,13
871,17.4004,1945,17.4004,12
872,17.4204,2042,17.4204,10
873,17.4404,2102,17.4404,16
874,17.46041,2069,17.46041,14
875,17.48041,2073,17.48041,8
876,17.5004,2165,17.5004,9
877,17.5204,2248,17.5204,16
878,17.54041,2215,17.54041,5
879,17.56041,2512,17.56041,8
880,17.5804,2483,17.5804,10
881,17.6004,2382,17.6004,12
882,17.62041,2503,17.62041,10
883,17.64041,2513,17.64041,7
884,17.6604,2598,17.6604,12
885,17.6804,2644,17.6804,8
886,17.70041,2578,17.70041,5
887,17.72041,2513,17.72041,4
888,17.7404,2412,17.7404,6
889,17.7604,2416,17.7604,6
890,17.78041,2369,17.78041,9
891,17.80041,2212,17.80041,13
892,17.8204,2225,17.8204,10
893,17.8404,2290,17.8404,8
894,17.8604,2216,17.8604,11
895,17.88041,2294,17.88041,11
896,17.9004,2315,17.9004,8
897,17.9204,2290,17.9204,5
898,17.9404,2278,17.9404,6
899,17.96041,2269,17.96041,6
900,17.98041,2374,17.98041,8
901,18.0004,2387,18.0004,8
902,18.0204,2334,18.0204,8
903,18.04041,2357,18.04041,16
904,18.06041,2366,18.06041,4
905,18.0804,2326,18.0804,10
906,18.1004,2415,18.1004,8
907,18.12041,2347,18.12041,8
908,18.14041,2472,18.14041,5
909,18.1604,2584,18.1604,6
910,18.1804,2488,18.1804,3
911,18.20041,2558,18.20041,10
912,18.22041,2528,18.22041,5
913,18.2404,2533,18.2404,5
914,18.2604,2635,18.2604,7
915,18.28041,2715,18.28041,9
916,18.30041,2801,18.30041,10
917,18.3204,2809,18.3204,4
918,18.3404,2788,18.3404,10
919,18.3604,2879,18.3604,16
920,18.38041,2979,18.38041,7
921,18.4004,3013,18.4004,9
922,18.4204,3089,18.4204,7
923,18.4404,3101,18.4404,3
924,18.46041,3230,18.46041,6
925,18.48041,3316,18.48041,8
926,18.5004,3319,18.5004,5
927,18.5204,3511,18.5204,7
928,18.54041,3775,18.54041,10
929,18.56041,3851,18.56041,8
930,18.5804,3968,18.5804,7
931,18.6004,4084,18.6004,3
932,18.62041,4373,18.62041,11
933,18.64041,4402,18.64041,3
934,18.6604,4640,18.6604,5
935,18.6804,4929,18.6804,6
936,18.70041,5077,18.70041,11
937,18.72041,5256,18.72041,7
938,18.7404,5437,18.7404,7
939,18.7604,5564,18.7604,9
940,18.78041,5951,18.78041,12
941,18.80041,6254,18.80041,8
942,18.8204,6520,18.8204,3
943,18.8404,6831,18.8404,6
944,18.8604,6981,18.8604,5
945,18.88041,7085,18.88041,5
946,18.9004,7341,18.9004,9
947,18.9204,7438,18.9204,6
948,18.9404,7463,18.9404,11
949,18.96041,7689,18.96041,8
950,18.98041,7740,18.98041,5
951,19.0004,7844,19.0004,8
952,19.0204,7935,19.0204,12
953,19.04041,7891,19.04041,5
954,19.06041,7979,19.06041,7
955,19.0804,7851,19.0804,5
956,19.1004,7812,19.1004,8
957,19.12041,7600,19.12041,2
958,19.14041,7602,19.14041,5
959,19.1604,7391,19.1604,9
960,19.1804,7304,19.1804,2
961,19.20041,7230,19.20041,4
962,19.22041,7013,19.22041,7
963,19.2404,6581,19.2404,11
964,19.2604,6541,19.2604,2
965,19.28041,6309,19.28041,6
966,19.30041,6024,19.30041,2
967,19.3204,5785,19.3204,4
968,19.3404,5550,19.3404,5
969,19.3604,5212,19.3604,2
970,19.38041,5068,19.38041,0
971,19.4004,4854,19.4004,6
972,19.4204,4533,19.4204,8
973,19.4404,4532,19.4404,3
974,19.46041,4217,19.46041,7
975,19.48041,4155,19.48041,4
976,19.5004,3930,19.5004,6
977,19.5204,3583,19.5204,4
978,19.54041,3628,19.54041,3
979,19.56041,3451,19.56041,5
980,19.5804,3302,19.5804,1
981,19.6004,3282,19.6004,4
982,19.62041,3049,19.62041,3
983,19.64041,3046,19.64041,7
984,19.6604,2897,19.6604,5
985,19.6804,2766,19.6804,8
986,19.70041,2684,19.70041,5
987,19.72041,2711,19.72041,3
988,19.7404,2690,19.7404,6
989,19.7604,2554,19.7604,5
990,19.78041,2514,19.78041,9
991,19.80041,2627,19.80041,3
992,19.8204,2563,19.8204,3
993,19.8404,2549,19.8404,1
994,19.8604,2590,19.8604,1
995,19.88041,2686,19.88041,2
996,19.9004,2885,19.9004,2
997,19.9204,3100,19.9204,6
998,19.9404,3407,19.9404,3
999,19.96041,3578,19.96041,3
1000,19.98041,3966,19.98041,2
1001,20.0004,4115,20.0004,5
1002,20.0204,4575,20.0204,5
1003,20.04041,5016,20.04041,2
1004,20.06041,5402,20.06041,2
1005,20.0804,5547,20.0804,3
1006,20.1004,5849,20.1004,2
1007,20.12041,6243,20.12041,1
1008,20.14041,6177,20.14041,0
1009,20.1604,6252,20.1604,4
1010,20.1804,6212,20.1804,6
1011,20.20041,6022,20.20041,2
1012,20.22041,5887,20.22041,3
1013,20.2404,5352,20.2404,6
1014,20.2604,5053,20.2604,3
1015,20.28041,4430,20.28041,4
1016,20.30041,3895,20.30041,2
1017,20.3204,3531,20.3204,3
1018,20.3404,3111,20.3404,2
1019,20.3604,2830,20.3604,2
1020,20.38041,2596,20.38041,2
1021,20.4004,2245,20.4004,2
1022,20.4204,2125,20.4204,2
1023,20.4404,2084,20.4404,4
1024,20.46041,2110,20.46041,2
1025,20.48041,2025,20.48041,2
1026,20.5004,1982,20.5004,4
1027,20.5204,1947,20.5204,2
1028,20.54041,1953,20.54041,2
1029,20.56041,1975,20.56041,3
1030,20.5804,2002,20.5804,1
1031,20.6004,2046,20.6004,1
1032,20.62041,2017,20.62041,3
1033,20.64041,2073,20.64041,0
1034,20.6604,2056,20.6604,1
1035,20.6804,2097,20.6804,3
1036,20.70041,2092,20.70041,4
1037,20.72041,1996,20.72041,1
1038,20.7404,2099,20.7404,1
1039,20.7604,2139,20.7604,3
1040,20.78041,2348,20.78041,2
1041,20.80041,2249,20.80041,2
1042,20.8204,2222,20.8204,1
1043,20.8404,2280,20.8404,3
1044,20.8604,2251,20.8604,3
1045,20.88041,2305,20.88041,4
1046,20.9004,2363,20.9004,2
1047,20.9204,2390,20.9204,1
1048,20.9404,2460,20.9404,4
1049,20.96041,2510,20.96041,3
1050,20.98041,2407,20.98041,3
1051,21.0004,2514,21.0004,1
1052,21.0204,2539,21.0204,0
1053,21.04041,2554,21.04041,1
1054,21.06041,2596,21.06041,0
1055,21.0804,2549,21.0804,1
1056,21.1004,2667,21.1004,2
1057,21.12041,2731,21.12041,1
1058,21.14041,2771,21.14041,0
1059,21.1604,2810,21.1604,3
1060,21.1804,2833,21.1804,0
1061,21.20041,2851,21.20041,4
1062,21.22041,2822,21.22041,4
1063,21.2404,2851,21.2404,0
1064,21.2604,2879,21.2604,1
1065,21.28041,2914,21.28041,0
1066,21.30041,2874,21.30041,0
1067,21.3204,2880,21.3204,0
1068,21.3404,2890,21.3404,0
1069,21.3604,2850,21.3604,1
1070,21.38041,2783,21.38041,1
1071,21.4004,2874,21.4004,0
1072,21.4204,2755,21.4204,1
1073,21.4404,2809,21.4404,0
1074,21.46041,2864,21.46041,1
1075,21.48041,2761,21.48041,0
1076,21.5004,2641,21.5004,1
1077,21.5204,2634,21.5204,1
1078,21.54041,2636,21.54041,0
1079,21.56041,2570,21.56041,0
1080,21.5804,2481,21.5804,4
1081,21.6004,2487,21.6004,1
1082,21.62041,2456,21.62041,0
1083,21.64041,2408,21.64041,2
1084,21.6604,2415,21.6604,2
1085,21.6804,2316,21.6804,1
1086,21.70041,2416,21.70041,1
1087,21.72041,2262,21.72041,2
1088,21.7404,2281,21.7404,1
1089,21.7604,2217,21.7604,0
1090,21.78041,2178,21.78041,2
1091,21.80041,2129,21.80041,1
1092,21.8204,2102,21.8204,1
1093,21.8404,2086,21.8404,1
1094,21.8604,2031,21.8604,0
1095,21.88041,2022,21.88041,1
1096,21.9004,2061,21.9004,0
1097,21.9204,2011,21.9204,1
1098,21.9404,2000,21.9404,0
1099,21.96041,1949,21.96041,1
1100,21.98041,1892,21.98041,0
1101,22.0004,1863,22.0004,0
1102,22.0204,1866,22.0204,1
1103,22.04041,1900,22.04041,0
1104,22.06041,1920,22.06041,0
1105,22.0804,1896,22.0804,0
1106,22.1004,1830,22.1004,0
1107,22.12041,1841,22.12041,0
1108,22.14041,1798,22.14041,0
1109,22.1604,1760,22.1604,0
1110,22.1804,1758,22.1804,1
1111,22.20041,1788,22.20041,0
1112,22.22041,1780,22.22041,1
1113,22.2404,1698,22.2404,1
1114,22.2604,1748,22.2604,1
1115,22.28041,1627,22.28041,0
1116,22.30041,1658,22.30041,2
1117,22.3204,1686,22.3204,2
1118,22.3404,1643,22.3404,0
1119,22.3604,1643,22.3604,0
1120,22.38041,1595,22.38041,0
1121,22.4004,1636,22.4004,1
1122,22.4204,1651,22.4204,0
1123,22.4404,1706,22.4404,4
1124,22.46041,1684,22.46041,0
1125,22.48041,1704,22.48041,0
1126,22.5004,1731,22.5004,1
1127,22.5204,1758,22.5204,2
1128,22.54041,1816,22.54041,2
1129,22.56041,1906,22.56041,0
1130,22.5804,1986,22.5804,1
1131,22.6004,2065,22.6004,0
1132,22.62041,2160,22.62041,0
1133,22.64041,2281,22.64041,0
1134,22.6604,2278,22.6604,0
1135,22.6804,2295,22.6804,0
1136,22.70041,2327,22.70041,1
1137,22.72041,2284,22.72041,0
1138,22.7404,2267,22.7404,0
1139,22.7604,2075,22.7604,0
1140,22.78041,2089,22.78041,0
1141,22.80041,1994,22.80041,1
1142,22.8204,1923,22.8204,1
1143,22.8404,1810,22.8404,0
1144,22.8604,1750,22.8604,0
1145,22.88041,1719,22.88041,0
1146,22.9004,1685,22.9004,0
1147,22.9204,1560,22.9204,0
1148,22.9404,1583,22.9404,0
1149,22.96041,1552,22.96041,0
1150,22.98041,1487,22.98041,0
1151,23.0004,1515,23.0004,0
1152,23.0204,1641,23.0204,0
1153,23.04041,1498,23.04041,1
1154,23.06041,1634,23.06041,0
1155,23.0804,1593,23.0804,0
1156,23.1004,1586,23.1004,0
1157,23.12041,1619,23.12041,1
1158,23.14041,1548,23.14041,1
1159,23.1604,1663,23.1604,0
1160,23.1804,1590,23.1804,0
1161,23.20041,1589,23.20041,2
1162,23.22041,1536,23.22041,0
1163,23.2404,1544,23.2404,0
1164,23.2604,1579,23.2604,0
1165,23.28041,1581,23.28041,0
1166,23.30041,1560,23.30041,0
1167,23.3204,1486,23.3204,0
1168,23.3404,1532,23.3404,1
1169,23.3604,1500,23.3604,0
1170,23.38041,1539,23.38041,0
1171,23.4004,1452,23.4004,2
1172,23.4204,1443,23.4204,0
1173,23.4404,1417,23.4404,0
1174,23.46041,1434,23.46041,0
1175,23.48041,1422,23.48041,0
1176,23.5004,1429,23.5004,3
1177,23.5204,1419,23.5204,0
1178,23.54041,1557,23.54041,0
1179,23.56041,1436,23.56041,0
1180,23.5804,1421,23.5804,0
1181,23.6004,1464,23.6004,0
1182,23.62041,1455,23.62041,1
1183,23.64041,1461,23.64041,0
1184,23.6604,1395,23.6604,1
1185,23.6804,1462,23.6804,0
1186,23.70041,1505,23.70041,0
1187,23.72041,1406,23.72041,0
1188,23.7404,1375,23.7404,1
1189,23.7604,1424,23.7604,0
1190,23.78041,1405,23.78041,0
1191,23.80041,1372,23.80041,0
1192,23.8204,1402,23.8204,0
1193,23.8404,1424,23.8404,0
1194,23.8604,1371,23.8604,0
1195,23.88041,1401,23.88041,0
1196,23.9004,1357,23.9004,0
1197,23.9204,1387,23.9204,0
1198,23.9404,1433,23.9404,1
1199,23.96041,1352,23.96041,0
1200,23.98041,1375,23.98041,0
1201,24.0004,1420,24.0004,0
1202,24.0204,1509,24.0204,0
1203,24.04041,1367,24.04041,0
1204,24.06041,1405,24.06041,0
1205,24.0804,1327,24.0804,0
1206,24.1004,1370,24.1004,0
1207,24.12041,1392,24.12041,1
1208,24.14041,1396,24.14041,0
1209,24.1604,1409,24.1604,0
1210,24.1804,1347,24.1804,1
1211,24.20041,1359,24.20041,0
1212,24.22041,1444,24.22041,1
1213,24.2404,1384,24.2404,0
1214,24.2604,1360,24.2604,0
1215,24.28041,1397,24.28041,1
1216,24.30041,1304,24.30041,1
1217,24.3204,1377,24.3204,0
1218,24.3404,1341,24.3404,1
1219,24.3604,1359,24.3604,0
1220,24.38041,1314,24.38041,1
1221,24.4004,1370,24.4004,0
1222,24.4204,1348,24.4204,1
1223,24.4404,1435,24.4404,1
1224,24.46041,1349,24.46041,2
1225,24.48041,1411,24.48041,1
1226,24.5004,1335,24.5004,0
1227,24.5204,1295,24.5204,0
1228,24.54041,1361,24.54041,0
1229,24.56041,1372,24.56041,0
1230,24.5804,1403,24.5804,0
1231,24.6004,1312,24.6004,0
1232,24.62041,1331,24.62041,0
1233,24.64041,1298,24.64041,1
1234,24.6604,1322,24.6604,0
1235,24.6804,1336,24.6804,0
1236,24.70041,1360,24.70041,0
1237,24.72041,1335,24.72041,0
1238,24.7404,1307,24.7404,0
1239,24.7604,1321,24.7604,0
1240,24.78041,1379,24.78041,0
1241,24.80041,1235,24.80041,1
1242,24.8204,1366,24.8204,0
1243,24.8404,1341,24.8404,0
1244,24.8604,1336,24.8604,0
1245,24.88041,1314,24.88041,0
1246,24.9004,1366,24.9004,0
1247,24.9204,1330,24.9204,0
1248,24.9404,1374,24.9404,0
1249,24.96041,1382,24.96041,0
1250,24.98041,1346,24.98041,1
1251,25.0004,1371,25.0004,0
1252,25.0204,1352,25.0204,0
1253,25.04041,1356,25.04041,0
1254,25.06041,1390,25.06041,0
1255,25.0804,1324,25.0804,0
1256,25.1004,1328,25.1004,0
1257,25.12041,1342,25.12041,0
1258,25.14041,1281,25.14041,1
1259,25.1604,1422,25.1604,0
1260,25.1804,1367,25.1804,0
1261,25.20041,1392,25.20041,1
1262,25.22041,1376,25.22041,2
1263,25.2404,1378,25.2404,0
1264,25.2604,1408,25.2604,1
1265,25.28041,1316,25.28041,0
1266,25.30041,1382,25.30041,0
1267,25.3204,1314,25.3204,0
1268,25.3404,1326,25.3404,0
1269,25.3604,1352,25.3604,0
1270,25.38041,1288,25.38041,0
1271,25.4004,1299,25.4004,0
1272,25.4204,1277,25.4204,0
1273,25.4404,1272,25.4404,0
1274,25.46041,1294,25.46041,0
1275,25.48041,1278,25.48041,0
1276,25.5004,1223,25.5004,0
1277,25.5204,1255,25.5204,0
1278,25.54041,1237,25.54041,0
1279,25.56041,1290,25.56041,0
1280,25.5804,1297,25.5804,1
1281,25.6004,1255,25.6004,0
1282,25.62041,1229,25.62041,0
1283,25.64041,1237,25.64041,0
1284,25.6604,1243,25.6604,0
1285,25.6804,1174,25.6804,0
1286,25.70041,1235,25.70041,0
1287,25.72041,1249,25.72041,0
1288,25.7404,1200,25.7404,0
1289,25.7604,1212,25.7604,0
1290,25.78041,1154,25.78041,0
1291,25.80041,1225,25.80041,0
1292,25.8204,1159,25.8204,0
1293,25.8404,1204,25.8404,0
1294,25.8604,1258,25.8604,0
1295,25.88041,1232,25.88041,0
1296,25.9004,1179,25.9004,0
1297,25.9204,1230,25.9204,0
1298,25.9404,1205,25.9404,0
1299,25.96041,1188,25.96041,0
1300,25.98041,1206,25.98041,0
1301,26.0004,1189,26.0004,0
1302,26.0204,1194,26.0204,0
1303,26.04041,1190,26.04041,0
1304,26.06041,1194,26.06041,0
1305,26.0804,1224,26.0804,0
1306,26.1004,1223,26.1004,0
1307,26.12041,1174,26.12041,0
1308,26.14041,1214,26.14041,0
1309,26.1604,1192,26.1604,0
1310,26.1804,1188,26.1804,0
1311,26.20041,1188,26.20041,0
1312,26.22041,1208,26.22041,0
1313,26.2404,1175,26.2404,0
1314,26.2604,1193,26.2604,0
1315,26.28041,1144,26.28041,1
1316,26.30041,1141,26.30041,0
1317,26.3204,1199,26.3204,0
1318,26.3404,1158,26.3404,0
1319,26.3604,1118,26.3604,0
1320,26.38041,1130,26.38041,0
1321,26.4004,1120,26.4004,0
1322,26.4204,1155,26.4204,0
1323,26.4404,1146,26.4404,0
1324,26.46041,1187,26.46041,0
1325,26.48041,1169,26.48041,0
1326,26.5004,1175,26.5004,0
1327,26.5204,1112,26.5204,0
1328,26.54041,1119,26.54041,0
1329,26.56041,1165,26.56041,0
1330,26.5804,1127,26.5804,0
1331,26.6004,1152,26.6004,0
1332,26.62041,1090,26.62041,0
1333,26.64041,1096,26.64041,0
1334,26.6604,1113,26.6604,1
1335,26.6804,1132,26.6804,0
1336,26.70041,1117,26.70041,0
1337,26.72041,1120,26.72041,0
1338,26.7404,1081,26.7404,0
1339,26.7604,1097,26.7604,0
1340,26.78041,1079,26.78041,0
1341,26.80041,1098,26.80041,0
1342,26.8204,1090,26.8204,0
1343,26.8404,1117,26.8404,0
1344,26.8604,1050,26.8604,0
1345,26.88041,1095,26.88041,0
1346,26.9004,1114,26.9004,0
1347,26.9204,1173,26.9204,0
1348,26.9404,1075,26.9404,0
1349,26.96041,1131,26.96041,0
1350,26.98041,1067,26.98041,0
1351,27.0004,1089,27.0004,0
1352,27.0204,1058,27.0204,0
1353,27.04041,1059,27.04041,0
1354,27.06041,1023,27.06041,0
1355,27.0804,1083,27.0804,0
1356,27.1004,985,27.1004,0
1357,27.12041,1087,27.12041,0
1358,27.14041,1034,27.14041,0
1359,27.1604,1069,27.1604,0
1360,27.1804,977,27.1804,0
1361,27.20041,1054,27.20041,0
1362,27.22041,1025,27.22041,0
1363,27.2404,1041,27.2404,0
1364,27.2604,1074,27.2604,0
1365,27.28041,1118,27.28041,0
1366,27.30041,1036,27.30041,0
1367,27.3204,1015,27.3204,1
1368,27.3404,998,27.3404,0
1369,27.3604,1077,27.3604,0
1370,27.38041,1086,27.38041,0
1371,27.4004,988,27.4004,0
1372,27.4204,985,27.4204,0
1373,27.4404,1020,27.4404,0
1374,27.46041,1023,27.46041,0
1375,27.48041,1044,27.48041,0
1376,27.5004,992,27.5004,0
1377,27.5204,1001,27.5204,0
1378,27.54041,1001,27.54041,0
1379,27.56041,1041,27.56041,0
1380,27.5804,1020,27.5804,0
1381,27.6004,1020,27.6004,0
1382,27.62041,994,27.62041,0
1383,27.64041,953,27.64041,0
1384,27.6604,1014,27.6604,0
1385,27.6804,968,27.6804,0
1386,27.70041,1000,27.70041,0
1387,27.72041,958,27.72041,0
1388,27.7404,972,27.7404,0
1389,27.7604,1015,27.7604,0
1390,27.78041,1009,27.78041,0
1391,27.80041,994,27.80041,0
1392,27.8204,978,27.8204,0
1393,27.8404,958,27.8404,0
1394,27.8604,984,27.8604,1
1395,27.88041,1018,27.88041,0
1396,27.9004,1012,27.9004,0
1397,27.9204,1004,27.9204,0
1398,27.9404,979,27.9404,0
1399,27.96041,1005,27.96041,0
1400,27.98041,968,27.98041,0
1401,28.0004,964,28.0004,0
1402,28.0204,955,28.0204,0
1403,28.04041,968,28.04041,0
1404,28.06041,1008,28.06041,0
1405,28.0804,939,28.0804,0
1406,28.1004,934,28.1004,0
1407,28.12041,894,28.12041,0
1408,28.14041,932,28.14041,0
1409,28.1604,947,28.1604,0
1410,28.1804,960,28.1804,0
1411,28.20041,960,28.20041,0
1412,28.22041,954,28.22041,0
1413,28.2404,910,28.2404,0
1414,28.2604,917,28.2604,0
1415,28.28041,895,28.28041,0
1416,28.30041,945,28.30041,0
1417,28.3204,916,28.3204,0
1418,28.3404,1004,28.3404,0
1419,28.3604,928,28.3604,0
1420,28.38041,934,28.38041,0
1421,28.4004,907,28.4004,0
1422,28.4204,1008,28.4204,0
1423,28.4404,913,28.4404,0
1424,28.46041,953,28.46041,0
1425,28.48041,957,28.48041,0
1426,28.5004,940,28.5004,0
1427,28.5204,901,28.5204,0
1428,28.54041,880,28.54041,0
1429,28.56041,888,28.56041,0
1430,28.5804,883,28.5804,0
1431,28.6004,926,28.6004,0
1432,28.62041,897,28.62041,0
1433,28.64041,901,28.64041,0
1434,28.6604,885,28.6604,0
1435,28.6804,849,28.6804,0
1436,28.70041,894,28.70041,0
1437,28.72041,851,28.72041,0
1438,28.7404,936,28.7404,0
1439,28.7604,853,28.7604,0
1440,28.78041,882,28.78041,0
1441,28.80041,812,28.80041,0
1442,28.8204,868,28.8204,0
1443,28.8404,854,28.8404,0
1444,28.8604,898,28.8604,0
1445,28.88041,868,28.88041,0
1446,28.9004,826,28.9004,0
1447,28.9204,810,28.9204,0
1448,28.9404,846,28.9404,1
1449,28.96041,798,28.96041,0
1450,28.98041,867,28.98041,0
1451,29.0004,806,29.0004,0
1452,29.0204,843,29.0204,0
1453,29.04041,836,29.04041,0
1454,29.06041,848,29.06041,0
1455,29.0804,824,29.0804,0
1456,29.1004,845,29.1004,0
1457,29.12041,838,29.12041,0
1458,29.14041,807,29.14041,0
1459,29.1604,839,29.1604,0
1460,29.1804,816,29.1804,0
1461,29.20041,842,29.20041,0
1462,29.22041,823,29.22041,0
1463,29.2404,806,29.2404,0
1464,29.2604,864,29.2604,0
1465,29.28041,816,29.28041,0
1466,29.30041,808,29.30041,0
1467,29.3204,853,29.3204,0
1468,29.3404,845,29.3404,0
1469,29.3604,784,29.3604,0
1470,29.38041,763,29.38041,0
1471,29.4004,887,29.4004,0
1472,29.4204,812,29.4204,0
1473,29.4404,800,29.4404,0
1474,29.46041,823,29.46041,0
1475,29.48041,826,29.48041,0
1476,29.5004,748,29.5004,0
1477,29.5204,805,29.5204,0
1478,29.54041,746,29.54041,0
1479,29.56041,728,29.56041,0
1480,29.5804,739,29.5804,0
1481,29.6004,777,29.6004,0
1482,29.62041,770,29.62041,0
1483,29.64041,803,29.64041,0
1484,29.6604,836,29.6604,0
1485,29.6804,722,29.6804,0
1486,29.70041,781,29.70041,0
1487,29.72041,792,29.72041,0
1488,29.7404,714,29.7404,0
1489,29.7604,759,29.7604,0
1490,29.78041,769,29.78041,0
1491,29.80041,706,29.80041,0
1492,29.8204,740,29.8204,0
1493,29.8404,733,29.8404,0
1494,29.8604,773,29.8604,0
1495,29.88041,757,29.88041,0
1496,29.9004,758,29.9004,0
1497,29.9204,727,29.9204,0
1498,29.9404,756,29.9404,0
1499,29.96041,753,29.96041,0
1500,29.98041,703,29.98041,0
1501,30.0004,732,30.0004,0
1502,30.0204,722,30.0204,0
1503,30.04041,716,30.04041,0
1504,30.06041,753,30.06041,0
1505,30.0804,746,30.0804,0
1506,30.1004,737,30.1004,0
1507,30.12041,706,30.12041,0
1508,30.14041,745,30.14041,0
1509,30.1604,651,30.1604,0
1510,30.1804,689,30.1804,0
1511,30.20041,714,30.20041,0
1512,30.22041,749,30.22041,0
1513,30.2404,733,30.2404,0
1514,30.2604,686,30.2604,0
1515,30.28041,726,30.28041,0
1516,30.30041,700,30.30041,0
1517,30.3204,716,30.3204,0
1518,30.3404,703,30.3404,0
1519,30.3604,724,30.3604,0
1520,30.38041,697,30.38041,0
1521,30.4004,658,30.4004,0
1522,30.4204,659,30.4204,0
1523,30.4404,649,30.4404,0
1524,30.46041,687,30.46041,0
1525,30.48041,709,30.48041,0
1526,30.5004,669,30.5004,0
1527,30.5204,680,30.5204,0
1528,30.54041,655,30.54041,0
1529,30.56041,668,30.56041,0
1530,30.5804,704,30.5804,0
1531,30.6004,655,30.6004,0
1532,30.62041,667,30.62041,0
1533,30.64041,648,30.64041,0
1534,30.6604,640,30.6604,0
1535,30.6804,652,30.6804,0
1536,30.70041,671,30.70041,0
1537,30.72041,644,30.72041,0
1538,30.7404,668,30.7404,0
1539,30.7604,645,30.7604,0
1540,30.78041,683,30.78041,0
1541,30.80041,649,30.80041,0
1542,30.8204,676,30.8204,0
1543,30.8404,583,30.8404,0
1544,30.8604,641,30.8604,0
1545,30.88041,595,30.88041,0
1546,30.9004,656,30.9004,0
1547,30.9204,653,30.9204,0
1548,30.9404,650,30.9404,0
1549,30.96041,628,30.96041,0
1550,30.98041,626,30.98041,0
1551,31.0004,599,31.0004,0
1552,31.0204,626,31.0204,0
1553,31.04041,575,31.04041,0
1554,31.06041,634,31.06041,0
1555,31.0804,584,31.0804,0
1556,31.1004,602,31.1004,0
1557,31.12041,629,31.12041,0
1558,31.14041,607,31.14041,0
1559,31.1604,605,31.1604,0
1560,31.1804,591,31.1804,0
1561,31.20041,592,31.20041,0
1562,31.22041,559,31.22041,0
1563,31.2404,573,31.2404,0
1564,31.2604,574,31.2604,0
1565,31.28041,581,31.28041,0
1566,31.30041,561,31.30041,0
1567,31.3204,592,31.3204,0
1568,31.3404,579,31.3404,0
1569,31.3604,596,31.3604,0
1570,31.38041,557,31.38041,0
1571,31.4004,561,31.4004,0
1572,31.4204,577,31.4204,0
1573,31.4404,567,31.4404,0
1574,31.46041,558,31.46041,0
1575,31.48041,542,31.48041,0
1576,31.5004,601,31.5004,0
1577,31.5204,547,31.5204,0
1578,31.54041,554,31.54041,0
1579,31.56041,581,31.56041,0
1580,31.5804,530,31.5804,0
1581,31.6004,561,31.6004,0
1582,31.62041,564,31.62041,0
1583,31.64041,591,31.64041,0
1584,31.6604,513,31.6604,0
1585,31.6804,542,31.6804,0
1586,31.70041,563,31.70041,0
1587,31.72041,584,31.72041,0
1588,31.7404,576,31.7404,0
1589,31.7604,546,31.7604,0
1590,31.78041,573,31.78041,0
1591,31.80041,526,31.80041,0
1592,31.8204,573,31.8204,0
1593,31.8404,547,31.8404,0
1594,31.8604,522,31.8604,0
1595,31.88041,544,31.88041,0
1596,31.9004,524,31.9004,0
1597,31.9204,542,31.9204,0
1598,31.9404,521,31.9404,0
1599,31.96041,551,31.96041,0
1600,31.98041,515,31.98041,0
1601,32.0004,521,32.0004,0
1602,32.0204,471,32.0204,0
1603,32.04041,522,32.04041,0
1604,32.06041,557,32.06041,0
1605,32.08041,527,32.08041,0
1606,32.10041,558,32.10041,0
1607,32.1204,524,32.1204,0
1608,32.1404,497,32.1404,0
1609,32.1604,548,32.1604,0
1610,32.1804,499,32.1804,0
1611,32.20041,513,32.20041,0
1612,32.22041,499,32.22041,0
1613,32.24041,495,32.24041,0
1614,32.26041,478,32.26041,0
1615,32.2804,524,32.2804,0
1616,32.3004,479,32.3004,0
1617,32.3204,468,32.3204,0
1618,32.3404,438,32.3404,0
1619,32.3604,455,32.3604,0
1620,32.38041,469,32.38041,0
1621,32.40041,476,32.40041,0
1622,32.42041,435,32.42041,0
1623,32.44041,446,32.44041,0
1624,32.4604,434,32.4604,0
1625,32.4804,414,32.4804,0
1626,32.5004,421,32.5004,0
1627,32.5204,432,32.5204,0
1628,32.54041,415,32.54041,0
1629,32.56041,452,32.56041,0
1630,32.58041,386,32.58041,0
1631,32.60041,388,32.60041,0
1632,32.6204,419,32.6204,0
1633,32.6404,436,32.6404,0
1634,32.6604,446,32.6604,0
1635,32.6804,395,32.6804,0
1636,32.70041,443,32.70041,0
1637,32.72041,398,32.72041,0
1638,32.74041,393,32.74041,0
1639,32.76041,392,32.76041,0
1640,32.7804,422,32.7804,0
1641,32.8004,397,32.8004,0
1642,32.8204,407,32.8204,0
1643,32.8404,417,32.8404,0
1644,32.8604,404,32.8604,0
1645,32.88041,404,32.88041,0
1646,32.90041,379,32.90041,0
1647,32.92041,396,32.92041,0
1648,32.94041,413,32.94041,0
1649,32.9604,399,32.9604,0
1650,32.9804,405,32.9804,0
1651,33.0004,395,33.0004,0
1652,33.0204,352,33.0204,0
1653,33.04041,361,33.04041,0
1654,33.06041,359,33.06041,0
1655,33.08041,346,33.08041,0
1656,33.10041,381,33.10041,0
1657,33.1204,362,33.1204,0
1658,33.1404,326,33.1404,0
1659,33.1604,356,33.1604,0
1660,33.1804,342,33.1804,0
1661,33.20041,380,33.20041,0
1662,33.22041,365,33.22041,0
1663,33.24041,340,33.24041,0
1664,33.26041,363,33.26041,0
1665,33.2804,330,33.2804,0
1666,33.3004,323,33.3004,0
1667,33.3204,364,33.3204,0
1668,33.3404,343,33.3404,0
1669,33.3604,346,33.3604,0
1670,33.38041,331,33.38041,0
1671,33.40041,339,33.40041,0
1672,33.42041,333,33.42041,0
1673,33.44041,292,33.44041,0
1674,33.4604,334,33.4604,0
1675,33.4804,285,33.4804,0
1676,33.5004,304,33.5004,0
1677,33.5204,333,33.5204,0
1678,33.54041,305,33.54041,0
1679,33.56041,280,33.56041,0
1680,33.58041,312,33.58041,0
1681,33.60041,321,33.60041,0
1682,33.6204,328,33.6204,0
1683,33.6404,322,33.6404,0
1684,33.6604,278,33.6604,0
1685,33.6804,260,33.6804,0
1686,33.70041,257,33.70041,0
1687,33.72041,290,33.72041,0
1688,33.74041,291,33.74041,0
1689,33.76041,286,33.76041,0
1690,33.7804,275,33.7804,0
1691,33.8004,245,33.8004,0
1692,33.8204,252,33.8204,0
1693,33.8404,285,33.8404,0
1694,33.8604,258,33.8604,0
1695,33.88041,272,33.88041,0
1696,33.90041,262,33.90041,0
1697,33.92041,253,33.92041,0
1698,33.94041,268,33.94041,0
1699,33.9604,225,33.9604,0
1700,33.9804,263,33.9804,0
1701,34.0004,235,34.0004,0
1702,34.0204,245,34.0204,0
1703,34.04041,246,34.04041,0
1704,34.06041,237,34.06041,0
1705,34.08041,230,34.08041,0
1706,34.10041,232,34.10041,0
1707,34.1204,237,34.1204,0
1708,34.1404,235,34.1404,0
1709,34.1604,236,34.1604,0
1710,34.1804,234,34.1804,0
1711,34.20041,207,34.20041,0
1712,34.22041,218,34.22041,0
1713,34.24041,218,34.24041,0
1714,34.26041,211,34.26041,0
1715,34.2804,190,34.2804,0
1716,34.3004,204,34.3004,0
1717,34.3204,195,34.3204,0
1718,34.3404,214,34.3404,0
1719,34.3604,217,34.3604,0
1720,34.38041,185,34.38041,0
1721,34.40041,194,34.40041,0
1722,34.42041,194,34.42041,0
1723,34.44041,180,34.44041,0
1724,34.4604,184,34.4604,0
1725,34.4804,184,34.4804,0
1726,34.5004,214,34.5004,0
1727,34.5204,171,34.5204,0
1728,34.54041,152,34.54041,0
1729,34.56041,171,34.56041,0
1730,34.58041,178,34.58041,0
1731,34.60041,167,34.60041,0
1732,34.6204,156,34.6204,0
1733,34.6404,181,34.6404,0
1734,34.6604,142,34.6604,0
1735,34.6804,167,34.6804,0
1736,34.70041,146,34.70041,0
1737,34.72041,149,34.72041,0
1738,34.74041,147,34.74041,0
1739,34.76041,182,34.76041,0
1740,34.7804,172,34.7804,0
1741,34.8004,161,34.8004,0
1742,34.8204,145,34.8204,0
1743,34.8404,142,34.8404,0
1744,34.8604,130,34.8604,0
1745,34.88041,138,34.88041,0
1746,34.90041,136,34.90041,0
1747,34.92041,145,34.92041,0
1748,34.94041,124,34.94041,0
1749,34.9604,117,34.9604,0
1750,34.9804,115,34.9804,0
1751,35.0004,97,35.0004,0
1752,35.0204,119,35.0204,0
1753,35.04041,134,35.04041,0
1754,35.06041,129,35.06041,0
1755,35.08041,103,35.08041,0
1756,35.10041,110,35.10041,0
1757,35.1204,129,35.1204,0
1758,35.1404,119,35.1404,0
1759,35.1604,110,35.1604,0
1760,35.1804,106,35.1804,0
1761,35.20041,99,35.20041,0
1762,35.22041,109,35.22041,0
1763,35.24041,97,35.24041,0
1764,35.26041,84,35.26041,0
1765,35.2804,89,35.2804,0
1766,35.3004,106,35.3004,0
1767,35.3204,97,35.3204,0
1768,35.3404,100,35.3404,0
1769,35.3604,92,35.3604,0
1770,35.38041,84,35.38041,0
1771,35.40041,90,35.40041,0
1772,35.42041,83,35.42041,0
1773,35.44041,73,35.44041,0
1774,35.4604,76,35.4604,0
1775,35.4804,82,35.4804,0
1776,35.5004,80,35.5004,0
1777,35.5204,68,35.5204,0
1778,35.54041,87,35.54041,0
1779,35.56041,95,35.56041,0
1780,35.58041,71,35.58041,0
1781,35.60041,87,35.60041,0
1782,35.6204,71,35.6204,0
1783,35.6404,68,35.6404,0
1784,35.6604,72,35.6604,0
1785,35.6804,66,35.6804,0
1786,35.70041,61,35.70041,0
1787,35.72041,73,35.72041,0
1788,35.74041,64,35.74041,0
1789,35.76041,74,35.76041,0
1790,35.7804,46,35.7804,0
1791,35.8004,66,35.8004,0
1792,35.8204,48,35.8204,0
1793,35.8404,67,35.8404,0
1794,35.8604,54,35.8604,0
1795,35.88041,50,35.88041,0
1796,35.90041,51,35.90041,0
1797,35.92041,52,35.92041,0
1798,35.94041,52,35.94041,0
1799,35.9604,55,35.9604,0
1800,35.9804,55,35.9804,0
1801,36.0004,45,36.0004,0
1802,36.0204,44,36.0204,0
1803,36.04041,65,36.04041,0
1804,36.06041,48,36.06041,0
1805,36.08041,47,36.08041,0
1806,36.10041,59,36.10041,0
1807,36.1204,37,36.1204,0
1808,36.1404,65,36.1404,0
1809,36.1604,40,36.1604,0
1810,36.1804,51,36.1804,0
1811,36.20041,46,36.20041,0
1812,36.22041,41,36.22041,0
1813,36.24041,42,36.24041,0
1814,36.26041,52,36.26041,0
1815,36.2804,47,36.2804,0
1816,36.3004,49,36.3004,0
1817,36.3204,52,36.3204,0
1818,36.3404,52,36.3404,0
1819,36.3604,44,36.3604,0
1820,36.38041,45,36.38041,0
1821,36.40041,48,36.40041,0
1822,36.42041,43,36.42041,0
1823,36.44041,38,36.44041,0
1824,36.4604,49,36.4604,0
1825,36.4804,38,36.4804,0
1826,36.5004,47,36.5004,0
1827,36.5204,42,36.5204,0
1828,36.54041,44,36.54041,0
1829,36.56041,37,36.56041,0
1830,36.58041,39,36.58041,0
1831,36.60041,34,36.60041,0
1832,36.6204,42,36.6204,0
1833,36.6404,38,36.6404,0
1834,36.6604,36,36.6604,0
1835,36.6804,21,36.6804,0
1836,36.70041,26,36.70041,0
1837,36.72041,28,36.72041,0
1838,36.74041,24,36.74041,0
1839,36.76041,43,36.76041,0
1840,36.7804,32,36.7804,0
1841,36.8004,25,36.8004,0
1842,36.8204,26,36.8204,0
1843,36.8404,31,36.8404,0
1844,36.8604,20,36.8604,0
1845,36.88041,28,36.88041,0
1846,36.90041,22,36.90041,0
1847,36.92041,26,36.92041,0
1848,36.94041,20,36.94041,0
1849,36.9604,25,36.9604,0
1850,36.9804,31,36.9804,0
1851,37.0004,33,37.0004,0
1852,37.0204,27,37.0204,0
1853,37.04041,26,37.04041,0
1854,37.06041,29,37.06041,0
1855,37.08041,31,37.08041,0
1856,37.10041,19,37.10041,0
1857,37.1204,29,37.1204,0
1858,37.1404,19,37.1404,0
1859,37.1604,36,37.1604,0
1860,37.1804,34,37.1804,0
1861,37.20041,40,37.20041,0
1862,37.22041,37,37.22041,0
1863,37.24041,23,37.24041,0
1864,37.26041,27,37.26041,0
1865,37.2804,15,37.2804,0
1866,37.3004,27,37.3004,0
1867,37.3204,35,37.3204,0
1868,37.3404,28,37.3404,0
1869,37.3604,25,37.3604,0
1870,37.38041,21,37.38041,0
1871,37.40041,16,37.40041,0
1872,37.42041,26,37.42041,0
1873,37.44041,23,37.44041,0
1874,37.4604,18,37.4604,0
1875,37.4804,25,37.4804,0
1876,37.5004,17,37.5004,0
1877,37.5204,25,37.5204,0
1878,37.54041,22,37.54041,0
1879,37.56041,21,37.56041,0
1880,37.58041,24,37.58041,0
1881,37.60041,18,37.60041,0
1882,37.6204,22,37.6204,0
1883,37.6404,23,37.6404,0
1884,37.6604,25,37.6604,0
1885,37.6804,29,37.6804,0
1886,37.70041,24,37.70041,0
1887,37.72041,10,37.72041,0
1888,37.74041,23,37.74041,0
1889,37.76041,24,37.76041,0
1890,37.7804,21,37.7804,0
1891,37.8004,24,37.8004,0
1892,37.8204,18,37.8204,0
1893,37.8404,22,37.8404,0
1894,37.8604,17,37.8604,0
1895,37.88041,26,37.88041,0
1896,37.90041,23,37.90041,0
1897,37.92041,25,37.92041,0
1898,37.94041,28,37.94041,0
1899,37.9604,24,37.9604,0
1900,37.9804,30,37.9804,0
1901,38.0004,18,38.0004,0
1902,38.0204,25,38.0204,0
1903,38.04041,15,38.04041,0
1904,38.06041,20,38.06041,0
1905,38.08041,17,38.08041,0
1906,38.10041,13,38.10041,0
1907,38.1204,20,38.1204,0
1908,38.1404,18,38.1404,0
1909,38.1604,12,38.1604,0
1910,38.1804,14,38.1804,0
1911,38.20041,18,38.20041,0
1912,38.22041,16,38.22041,0
1913,38.24041,13,38.24041,0
1914,38.26041,14,38.26041,0
1915,38.2804,11,38.2804,0
1916,38.3004,15,38.3004,0
1917,38.3204,14,38.3204,0
1918,38.3404,18,38.3404,0
1919,38.3604,15,38.3604,0
1920,38.38041,18,38.38041,0
1921,38.40041,18,38.40041,0
1922,38.42041,15,38.42041,0
1923,38.44041,9,38.44041,0
1924,38.4604,15,38.4604,0
1925,38.4804,13,38.4804,0
1926,38.5004,18,38.5004,0
1927,38.5204,9,38.5204,0
1928,38.54041,20,38.54041,0
1929,38.56041,10,38.56041,0
1930,38.58041,12,38.58041,0
1931,38.60041,13,38.60041,0
1932,38.6204,6,38.6204,0
1933,38.6404,21,38.6404,0
1934,38.6604,13,38.6604,0
1935,38.6804,18,38.6804,0
1936,38.70041,14,38.70041,0
1937,38.72041,15,38.72041,0
1938,38.74041,8,38.74041,0
1939,38.76041,10,38.76041,0
1940,38.7804,11,38.7804,0
1941,38.8004,15,38.8004,0
1942,38.8204,16,38.8204,0
1943,38.8404,16,38.8404,0
1944,38.8604,12,38.8604,0
1945,38.88041,19,38.88041,0
1946,38.90041,15,38.90041,0
1947,38.92041,21,38.92041,0
1948,38.94041,7,38.94041,0
1949,38.9604,15,38.9604,0
1950,38.9804,21,38.9804,0
1951,39.0004,10,39.0004,0
1952,39.0204,12,39.0204,0
1953,39.04041,15,39.04041,0
1954,39.06041,23,39.06041,0
1955,39.08041,18,39.08041,0
1956,39.10041,4,39.10041,0
1957,39.1204,13,39.1204,0
1958,39.1404,10,39.1404,0
1959,39.1604,17,39.1604,0
1960,39.1804,12,39.1804,0
1961,39.20041,11,39.20041,0
1962,39.22041,17,39.22041,0
1963,39.24041,14,39.24041,0
1964,39.26041,11,39.26041,0
1965,39.2804,12,39.2804,0
1966,39.3004,11,39.3004,0
1967,39.3204,15,39.3204,0
1968,39.3404,14,39.3404,0
1969,39.3604,6,39.3604,0
1970,39.38041,11,39.38041,0
1971,39.40041,3,39.40041,0
1972,39.42041,12,39.42041,0
1973,39.44041,12,39.44041,0
1974,39.4604,10,39.4604,0
1975,39.4804,13,39.4804,0
1976,39.5004,11,39.5004,0
1977,39.5204,8,39.5204,0
1978,39.54041,10,39.54041,0
1979,39.56041,7,39.56041,0
1980,39.58041,12,39.58041,0
1981,39.60041,9,39.60041,0
1982,39.6204,6,39.6204,0
1983,39.6404,16,39.6404,0
1984,39.6604,11,39.6604,0
1985,39.6804,9,39.6804,0
1986,39.70041,16,39.70041,0
1987,39.72041,9,39.72041,0
1988,39.74041,8,39.74041,0
1989,39.76041,10,39.76041,0
1990,39.7804,8,39.7804,0
1991,39.8004,13,39.8004,0
1992,39.8204,9,39.8204,0
1993,39.8404,10,39.8404,0
1994,39.8604,11,39.8604,0
1995,39.88041,12,39.88041,0
1996,39.90041,4,39.90041,0
1997,39.92041,6,39.92041,0
1998,39.94041,11,39.94041,0
1999,39.9604,6,39.9604,0
2000,39.9804,12,39.9804,0
2001,40.0004,9,40.0004,0
2002,40.0204,8,40.0204,0
2003,40.04041,13,40.04041,0
2004,40.06041,8,40.06041,0
2005,40.08041,7,40.08041,0
2006,40.10041,10,40.10041,0
2007,40.1204,5,40.1204,0
2008,40.1404,5,40.1404,0
2009,40.1604,11,40.1604,0
2010,40.1804,9,40.1804,0
2011,40.20041,4,40.20041,0
2012,40.22041,7,40.22041,0
2013,40.24041,4,40.24041,0
2014,40.26041,6,40.26041,0
2015,40.2804,9,40.2804,0
2016,40.3004,4,40.3004,0
2017,40.3204,10,40.3204,0
2018,40.3404,12,40.3404,0
2019,40.3604,8,40.3604,0
2020,40.38041,9,40.38041,0
2021,40.40041,9,40.40041,0
2022,40.42041,9,40.42041,0
2023,40.44041,13,40.44041,0
2024,40.4604,8,40.4604,0
2025,40.4804,11,40.4804,0
2026,40.5004,7,40.5004,0
2027,40.5204,5,40.5204,0
2028,40.54041,10,40.54041,0
2029,40.56041,3,40.56041,0
2030,40.58041,7,40.58041,0
2031,40.60041,5,40.60041,0
2032,40.6204,7,40.6204,0
2033,40.6404,10,40.6404,0
2034,40.6604,5,40.6604,0
2035,40.6804,9,40.6804,0
2036,40.70041,5,40.70041,0
2037,40.72041,5,40.72041,0
2038,40.74041,8,40.74041,0
2039,40.76041,8,40.76041,0
2040,40.7804,8,40.7804,0
2041,40.8004,8,40.8004,0
2042,40.8204,5,40.8204,0
2043,40.8404,3,40.8404,0
2044,40.8604,6,40.8604,0
2045,40.88041,10,40.88041,0
2046,40.90041,6,40.90041,0
2047,40.92041,7,40.92041,0
2048,40.94041,9,40.94041,0
