Bruker AXS HMP Instrument Tools Complete CSV
FileName,C:\MeinZeugs\Uni\Publikationen\2025\MeIn pXRF\DAQ\Device_monitoring_sample_element_precision_Schauer\data_raw\Example_LOD\02777-Mudrock Dual.pdz
SerialString,SG2-6390
TubeTargetElement,45
NumberOfSpectra,2
SampleID,
AcquisitionDateTime,2/26/2025 7:43:43 PM
TotalElapsedTimeInSeconds,120
AnodeTakeOffAngle,45
SampleIncidenceAngle,45
BeThicknessInMicroMeters,125
SampleTakeOffAngle,65
SpotSizeUsed,8
NumberOfUserCustomFields,5
UserCustomFieldHeader,FieldName,FieldValue
UserCustomField,Operator,Supervisor
UserCustomField,Material,Keramik
UserCustomField,ID,
UserCustomField,Probe,P_08ei
UserCustomField,Projekt,Loesungsexperimente
AnalysisMode,32
AnalysisType,1
UsedAutoCalSelect,False
ResultUnits,PPM
ErrorMultiplier,2
CalFileName,MudrockDual
CalPackageName,
CalPackagePartNumber,
TypeStandardizationSetName,
NumberOfElementsInCalculatedResults,27
CalculatedResults:AtomicNum,ElementSymbol,Units,Value,TypeStandardizedValue,Error,RangeMin,RangeMax,Tramp,Nominal
12,Mg,PPM,0.8568638,0.8568638,0.06034194,0,0,False,False
13,Al,PPM,6.986035,6.986035,0.03758879,0,0,False,False
14,Si,PPM,24.26778,24.26778,0.0440734,0,0,False,False
15,P,PPM,0.1066816,0.1066816,0.003767448,0,0,False,False
16,S,PPM,0.1235846,0.1235846,0.002700973,0,0,False,False
19,K,PPM,1.464306,1.464306,0.004618823,0,0,False,False
20,Ca,PPM,2.048246,2.048246,0.003978279,0,0,False,False
22,Ti,PPM,0.377779,0.377779,0.001593808,0,0,False,False
23,V,PPM,0.01142919,0.01142919,0.0006737403,0,0,False,False
24,Cr,PPM,0.009510913,0.009510913,0.0003733418,0,0,False,False
25,Mn,PPM,0.06927823,0.06927823,0.0005739183,0,0,False,False
26,Fe,PPM,3.513416,3.513416,0.003819671,0,0,False,False
27,Co,PPM,0,0,9.070359E-05,0,0,False,False
28,Ni,PPM,0.005089329,0.005089329,0.0001659596,0,0,False,False
29,Cu,PPM,0.01355717,0.01355717,0.0002150293,0,0,False,False
30,Zn,PPM,0.007537117,0.007537117,0.000156587,0,0,False,False
33,As,PPM,0.00124839,0.00124839,0.0001014994,0,0,False,False
37,Rb,PPM,0.0101119,0.0101119,0.0001106343,0,0,False,False
38,Sr,PPM,0.01272137,0.01272137,0.0001156438,0,0,False,False
39,Y,PPM,0.002729355,0.002729355,0.0001070497,0,0,False,False
40,Zr,PPM,0.01441752,0.01441752,0.0001208547,0,0,False,False
41,Nb,PPM,0.0008888047,0.0008888047,0.0001008899,0,0,False,False
42,Mo,PPM,0.00074984,0.00074984,0.0001104428,0,0,False,False
56,Ba,PPM,0.08554965,0.08554965,0.008586347,0,0,False,False
82,Pb,PPM,0.001551359,0.001551359,0.0001504184,0,0,False,False
90,Th,PPM,0.0008799605,0.0008799605,2.46682E-05,0,0,False,False
92,U,PPM,0.0005519242,0.0005519242,0.0002512285,0,0,False,False
MatchSpreadThreshold,0.05
IsTrampEnabled,False
IsNominalEnabled,False
NumberOfGradeIDMatchResults,3
GradeIDMatchResultsHeader,GradeID,MatchConfidence
GradeIDMatchResult,,0
GradeIDMatchResult,,0
GradeIDMatchResult,,0
ParametersForEachSpectrum,Spectrum 1,,Spectrum 2,
XrayVoltageInkV,40,,15,
XrayFilamentCurrentInMicroAmps,38.8,,27.85,
RawCounts,3595262,,4253869,
ValidCounts,2986410,,3605686,
eVPerChannel,20,,20,
StartingKeV,0.0004817717,,0.0004817717,
ZeroOffsetInKeV,-0.0004817717,,-0.0004817717,
StartingChannel,0.02408858,,0.02408858,
NumberOfChannels,2048,,2048,
CountsPerSecond,72439.94,,78946.48,
XilinxFirmwareVersion,,,,
IlluminationID,MudRock Trace40,,MudRock Maj15,
Filter1ElementAtomicNum,22,,0,
Filter1Thickness,25,,0,
Filter2ElementAtomicNum,13,,0,
Filter2Thickness,300,,0,
Filter3ElementAtomicNum,0,,0,
Filter3Thickness,0,,0,
AcquisitionDateTime,2/26/2025 7:43:43 PM,,2/26/2025 7:43:43 PM,
LiveTimeInSeconds,41.34495,,44.47694,
DeadTimeInSeconds,8.285985,,9.405985,
ResetTimeInSeconds,6.600989,,2.458995,
DetectorTempInC,-27,,-27,
AmbientTempInF,124.4,,124.4,
NosePressureInMilliBars,992.9853,,992.9853,
NoseTemperatureInC,46,,46,
ActiveTimeInSeconds,49.63094,,53.88294,
PacketTimeInSeconds,56.23193,,56.34194,
CommunicationTimeInSeconds,,,,
ElapsedClockTimeInSeconds,60,,60,
Spectrum:ChannelNumber,ChannelStartInKeV,ChannelCount,ChannelStartInKeV,ChannelCount
1,0.0004817717,0,0.0004817717,0
2,0.02048177,0,0.02048177,0
3,0.04048177,0,0.04048177,0
4,0.06048177,0,0.06048177,0
5,0.08048178,0,0.08048178,0
6,0.1004818,0,0.1004818,0
7,0.1204818,0,0.1204818,0
8,0.1404818,0,0.1404818,0
9,0.1604818,0,0.1604818,0
10,0.1804818,0,0.1804818,0
11,0.2004818,0,0.2004818,0
12,0.2204818,0,0.2204818,0
13,0.2404818,0,0.2404818,0
14,0.2604818,3,0.2604818,1
15,0.2804818,12,0.2804818,8
16,0.3004818,92,0.3004818,82
17,0.3204818,590,0.3204818,584
18,0.3404818,2519,0.3404818,2549
19,0.3604818,6669,0.3604818,7045
20,0.3804818,10741,0.3804818,11915
21,0.4004818,10656,0.4004818,11605
22,0.4204818,6339,0.4204818,6961
23,0.4404818,2435,0.4404818,2391
24,0.4604818,608,0.4604818,529
25,0.4804818,96,0.4804818,63
26,0.5004818,16,0.5004818,10
27,0.5204818,7,0.5204818,4
28,0.5404817,4,0.5404817,0
29,0.5604818,4,0.5604818,0
30,0.5804818,5,0.5804818,1
31,0.6004817,1,0.6004817,0
32,0.6204818,2,0.6204818,1
33,0.6404818,0,0.6404818,1
34,0.6604818,1,0.6604818,0
35,0.6804818,710,0.6804818,91
36,0.7004818,658,0.7004818,88
37,0.7204818,714,0.7204818,87
38,0.7404818,722,0.7404818,67
39,0.7604818,692,0.7604818,81
40,0.7804818,656,0.7804818,88
41,0.8004818,708,0.8004818,76
42,0.8204818,668,0.8204818,84
43,0.8404818,676,0.8404818,93
44,0.8604818,649,0.8604818,107
45,0.8804818,676,0.8804818,107
46,0.9004818,635,0.9004818,167
47,0.9204818,656,0.9204818,245
48,0.9404818,621,0.9404818,284
49,0.9604818,622,0.9604818,214
50,0.9804817,646,0.9804817,219
51,1.000482,612,1.000482,151
52,1.020482,584,1.020482,156
53,1.040482,646,1.040482,146
54,1.060482,609,1.060482,155
55,1.080482,617,1.080482,193
56,1.100482,641,1.100482,166
57,1.120482,603,1.120482,158
58,1.140482,577,1.140482,166
59,1.160482,606,1.160482,160
60,1.180482,533,1.180482,233
61,1.200482,555,1.200482,293
62,1.220482,595,1.220482,355
63,1.240482,575,1.240482,385
64,1.260482,548,1.260482,314
65,1.280482,598,1.280482,256
66,1.300482,570,1.300482,208
67,1.320482,555,1.320482,164
68,1.340482,542,1.340482,177
69,1.360482,545,1.360482,233
70,1.380482,573,1.380482,437
71,1.400482,527,1.400482,1258
72,1.420482,601,1.420482,2953
73,1.440482,633,1.440482,5809
74,1.460482,710,1.460482,8611
75,1.480482,721,1.480482,9748
76,1.500482,709,1.500482,8940
77,1.520482,616,1.520482,6355
78,1.540482,594,1.540482,3740
79,1.560482,553,1.560482,2057
80,1.580482,500,1.580482,1353
81,1.600482,494,1.600482,1110
82,1.620482,493,1.620482,1900
83,1.640482,520,1.640482,5537
84,1.660482,653,1.660482,15422
85,1.680482,858,1.680482,34869
86,1.700482,1229,1.700482,60892
87,1.720482,1497,1.720482,84111
88,1.740482,1585,1.740482,87302
89,1.760482,1400,1.760482,71778
90,1.780482,1024,1.780482,46557
91,1.800482,740,1.800482,24678
92,1.820482,567,1.820482,12262
93,1.840482,513,1.840482,6223
94,1.860482,503,1.860482,3521
95,1.880482,479,1.880482,2041
96,1.900482,490,1.900482,1309
97,1.920482,461,1.920482,951
98,1.940482,474,1.940482,1033
99,1.960482,479,1.960482,965
100,1.980482,433,1.980482,1060
101,2.000482,425,2.000482,1031
102,2.020482,433,2.020482,979
103,2.040482,433,2.040482,807
104,2.060482,393,2.060482,542
105,2.080482,391,2.080482,368
106,2.100482,396,2.100482,288
107,2.120482,369,2.120482,276
108,2.140482,382,2.140482,306
109,2.160482,390,2.160482,295
110,2.180482,352,2.180482,330
111,2.200482,372,2.200482,370
112,2.220482,378,2.220482,483
113,2.240482,352,2.240482,652
114,2.260482,387,2.260482,967
115,2.280482,418,2.280482,1301
116,2.300482,383,2.300482,1449
117,2.320482,365,2.320482,1491
118,2.340482,379,2.340482,1347
119,2.360482,384,2.360482,1128
120,2.380482,332,2.380482,913
121,2.400482,349,2.400482,711
122,2.420482,328,2.420482,656
123,2.440482,354,2.440482,648
124,2.460482,323,2.460482,652
125,2.480482,350,2.480482,598
126,2.500482,320,2.500482,632
127,2.520482,347,2.520482,683
128,2.540482,303,2.540482,822
129,2.560482,304,2.560482,1096
130,2.580482,334,2.580482,1677
131,2.600482,297,2.600482,2654
132,2.620482,305,2.620482,4380
133,2.640482,308,2.640482,6845
134,2.660482,316,2.660482,9620
135,2.680482,324,2.680482,11598
136,2.700482,287,2.700482,11963
137,2.720482,313,2.720482,10570
138,2.740482,310,2.740482,8217
139,2.760482,327,2.760482,6144
140,2.780482,305,2.780482,5582
141,2.800482,286,2.800482,6282
142,2.820482,271,2.820482,6889
143,2.840482,279,2.840482,6878
144,2.860482,290,2.860482,6714
145,2.880482,365,2.880482,6602
146,2.900482,358,2.900482,6765
147,2.920482,464,2.920482,7639
148,2.940482,517,2.940482,8355
149,2.960482,531,2.960482,8323
150,2.980482,459,2.980482,7256
151,3.000482,415,3.000482,5485
152,3.020482,362,3.020482,3791
153,3.040482,288,3.040482,2408
154,3.060482,251,3.060482,1676
155,3.080482,254,3.080482,1224
156,3.100482,228,3.100482,1103
157,3.120482,243,3.120482,1177
158,3.140482,256,3.140482,1445
159,3.160482,270,3.160482,1659
160,3.180482,353,3.180482,2090
161,3.200482,382,3.200482,3014
162,3.220482,581,3.220482,5513
163,3.240482,892,3.240482,9609
164,3.260482,1465,3.260482,15797
165,3.280482,1906,3.280482,22703
166,3.300482,2320,3.300482,27211
167,3.320482,2379,3.320482,27432
168,3.340482,2032,3.340482,23759
169,3.360482,1461,3.360482,17049
170,3.380482,978,3.380482,10294
171,3.400482,561,3.400482,5507
172,3.420482,357,3.420482,2768
173,3.440482,278,3.440482,1512
174,3.460482,228,3.460482,1218
175,3.480482,224,3.480482,1147
176,3.500482,260,3.500482,1632
177,3.520482,302,3.520482,2411
178,3.540482,449,3.540482,3547
179,3.560482,576,3.560482,5376
180,3.580482,899,3.580482,8263
181,3.600482,1371,3.600482,13108
182,3.620482,2206,3.620482,20497
183,3.640482,3171,3.640482,30576
184,3.660482,4225,3.660482,40847
185,3.680482,4719,3.680482,46789
186,3.700482,4603,3.700482,45673
187,3.720482,3873,3.720482,37922
188,3.740482,2789,3.740482,27150
189,3.760482,1722,3.760482,16507
190,3.780482,916,3.780482,8691
191,3.800482,483,3.800482,4242
192,3.820482,267,3.820482,2047
193,3.840482,185,3.840482,1265
194,3.860482,181,3.860482,1086
195,3.880482,174,3.880482,1198
196,3.900482,202,3.900482,1503
197,3.920482,290,3.920482,2193
198,3.940482,407,3.940482,3384
199,3.960482,550,3.960482,4816
200,3.980482,679,3.980482,6142
201,4.000482,772,4.000482,7229
202,4.020482,791,4.020482,7274
203,4.040482,705,4.040482,6355
204,4.060482,559,4.060482,5021
205,4.080482,363,4.080482,3470
206,4.100482,253,4.100482,2265
207,4.120482,176,4.120482,1507
208,4.140482,141,4.140482,1142
209,4.160482,105,4.160482,961
210,4.180482,93,4.180482,869
211,4.200482,81,4.200482,900
212,4.220482,88,4.220482,874
213,4.240482,83,4.240482,879
214,4.260482,89,4.260482,896
215,4.280482,97,4.280482,885
216,4.300482,100,4.300482,900
217,4.320482,98,4.320482,1000
218,4.340482,102,4.340482,1077
219,4.360482,182,4.360482,1387
220,4.380482,276,4.380482,1960
221,4.400482,455,4.400482,3089
222,4.420482,823,4.420482,4949
223,4.440482,1181,4.440482,7479
224,4.460482,1770,4.460482,10445
225,4.480482,2201,4.480482,12990
226,4.500482,2414,4.500482,14479
227,4.520482,2391,4.520482,13973
228,4.540482,1988,4.540482,11855
229,4.560482,1513,4.560482,8767
230,4.580482,1025,4.580482,6284
231,4.600482,780,4.600482,4216
232,4.620482,646,4.620482,3066
233,4.640482,573,4.640482,2421
234,4.660482,480,4.660482,2080
235,4.680482,366,4.680482,1878
236,4.700482,304,4.700482,1799
237,4.720482,268,4.720482,1658
238,4.740482,217,4.740482,1659
239,4.760482,216,4.760482,1712
240,4.780482,220,4.780482,1787
241,4.800482,252,4.800482,2022
242,4.820482,326,4.820482,2266
243,4.840482,370,4.840482,2608
244,4.860482,447,4.860482,2984
245,4.880482,512,4.880482,3253
246,4.900482,539,4.900482,3617
247,4.920482,556,4.920482,3811
248,4.940482,532,4.940482,3862
249,4.960482,477,4.960482,3633
250,4.980482,375,4.980482,3076
251,5.000482,309,5.000482,2683
252,5.020482,179,5.020482,2140
253,5.040482,152,5.040482,1964
254,5.060482,112,5.060482,1831
255,5.080482,115,5.080482,1787
256,5.100482,104,5.100482,1715
257,5.120482,109,5.120482,1888
258,5.140482,113,5.140482,1820
259,5.160482,124,5.160482,1867
260,5.180482,113,5.180482,1878
261,5.200482,118,5.200482,1834
262,5.220482,150,5.220482,1827
263,5.240482,152,5.240482,1868
264,5.260482,134,5.260482,1843
265,5.280482,168,5.280482,1791
266,5.300482,163,5.300482,2021
267,5.320482,171,5.320482,2031
268,5.340482,192,5.340482,2138
269,5.360482,215,5.360482,2310
270,5.380482,234,5.380482,2325
271,5.400482,268,5.400482,2437
272,5.420482,237,5.420482,2450
273,5.440482,224,5.440482,2452
274,5.460482,212,5.460482,2236
275,5.480482,171,5.480482,2190
276,5.500482,155,5.500482,2114
277,5.520482,123,5.520482,2066
278,5.540482,161,5.540482,1886
279,5.560482,136,5.560482,1866
280,5.580482,109,5.580482,1846
281,5.600482,103,5.600482,1854
282,5.620482,97,5.620482,1780
283,5.640482,100,5.640482,1740
284,5.660482,86,5.660482,1756
285,5.680482,73,5.680482,1856
286,5.700482,98,5.700482,1727
287,5.720482,102,5.720482,1904
288,5.740482,164,5.740482,1888
289,5.760482,209,5.760482,2152
290,5.780482,320,5.780482,2426
291,5.800482,489,5.800482,2714
292,5.820482,702,5.820482,3383
293,5.840482,955,5.840482,4140
294,5.860482,1269,5.860482,4690
295,5.880482,1404,5.880482,5109
296,5.900482,1345,5.900482,5200
297,5.920482,1252,5.920482,4714
298,5.940482,1045,5.940482,4139
299,5.960482,754,5.960482,3587
300,5.980482,566,5.980482,2929
301,6.000482,400,6.000482,2518
302,6.020482,303,6.020482,2233
303,6.040482,222,6.040482,2071
304,6.060482,199,6.060482,2032
305,6.080482,197,6.080482,2033
306,6.100482,203,6.100482,1950
307,6.120482,228,6.120482,2087
308,6.140482,282,6.140482,2064
309,6.160482,386,6.160482,2220
310,6.180482,499,6.180482,2496
311,6.200482,915,6.200482,3022
312,6.220482,1699,6.220482,4691
313,6.240482,3698,6.240482,8239
314,6.260482,7922,6.260482,15649
315,6.280482,15330,6.280482,29122
316,6.300482,26687,6.300482,51040
317,6.320482,42575,6.320482,80900
318,6.340482,61060,6.340482,116006
319,6.360482,78565,6.360482,149749
320,6.380482,90148,6.380482,172732
321,6.400482,92514,6.400482,178334
322,6.420482,85255,6.420482,163461
323,6.440482,70170,6.440482,135099
324,6.460482,51864,6.460482,100088
325,6.480482,34271,6.480482,67084
326,6.500482,20653,6.500482,40541
327,6.520482,11229,6.520482,22784
328,6.540482,5603,6.540482,11951
329,6.560482,2548,6.560482,6173
330,6.580482,1297,6.580482,3609
331,6.600482,618,6.600482,2645
332,6.620482,413,6.620482,2158
333,6.640482,292,6.640482,2072
334,6.660482,245,6.660482,1923
335,6.680482,232,6.680482,1899
336,6.700482,236,6.700482,1938
337,6.720482,248,6.720482,1826
338,6.740482,234,6.740482,1955
339,6.760482,271,6.760482,1993
340,6.780482,272,6.780482,2006
341,6.800482,322,6.800482,2032
342,6.820482,358,6.820482,2188
343,6.840482,454,6.840482,2237
344,6.860482,614,6.860482,2587
345,6.880482,901,6.880482,3032
346,6.900482,1422,6.900482,3976
347,6.920482,2271,6.920482,5406
348,6.940482,3739,6.940482,7978
349,6.960482,5642,6.960482,11374
350,6.980482,8230,6.980482,16084
351,7.000482,10733,7.000482,20627
352,7.020482,13241,7.020482,25096
353,7.040482,14680,7.040482,27313
354,7.060482,14479,7.060482,27239
355,7.080482,13173,7.080482,24900
356,7.100482,10660,7.100482,20353
357,7.120482,7844,7.120482,15516
358,7.140482,5386,7.140482,11008
359,7.160482,3390,7.160482,7397
360,7.180482,1859,7.180482,4619
361,7.200482,1078,7.200482,3162
362,7.220482,518,7.220482,2313
363,7.240482,275,7.240482,1856
364,7.260482,156,7.260482,1675
365,7.280482,106,7.280482,1647
366,7.300482,97,7.300482,1663
367,7.320482,99,7.320482,1655
368,7.340482,94,7.340482,1784
369,7.360482,118,7.360482,1888
370,7.380482,153,7.380482,2036
371,7.400482,217,7.400482,2281
372,7.420482,235,7.420482,2441
373,7.440482,308,7.440482,2671
374,7.460482,311,7.460482,2662
375,7.480482,332,7.480482,2615
376,7.500482,236,7.500482,2538
377,7.520482,218,7.520482,2249
378,7.540482,190,7.540482,2041
379,7.560482,144,7.560482,1755
380,7.580482,114,7.580482,1641
381,7.600482,79,7.600482,1528
382,7.620482,62,7.620482,1475
383,7.640482,53,7.640482,1464
384,7.660482,49,7.660482,1370
385,7.680482,57,7.680482,1378
386,7.700482,48,7.700482,1364
387,7.720482,66,7.720482,1408
388,7.740482,48,7.740482,1362
389,7.760482,62,7.760482,1335
390,7.780482,66,7.780482,1320
391,7.800482,94,7.800482,1377
392,7.820482,78,7.820482,1391
393,7.840482,94,7.840482,1444
394,7.860482,98,7.860482,1411
395,7.880482,140,7.880482,1427
396,7.900482,185,7.900482,1482
397,7.920482,255,7.920482,1495
398,7.940482,375,7.940482,1627
399,7.960482,543,7.960482,1715
400,7.980482,672,7.980482,1799
401,8.000482,747,8.000482,1925
402,8.020482,858,8.020482,2084
403,8.040482,883,8.040482,2154
404,8.060482,817,8.060482,2210
405,8.080482,715,8.080482,2183
406,8.100482,583,8.100482,2187
407,8.120481,437,8.120481,2062
408,8.140482,309,8.140482,2066
409,8.160481,249,8.160481,2041
410,8.180482,153,8.180482,1866
411,8.200481,159,8.200481,1879
412,8.220482,128,8.220482,1803
413,8.240481,125,8.240481,1793
414,8.260482,103,8.260482,1595
415,8.280481,100,8.280481,1619
416,8.300482,121,8.300482,1610
417,8.320481,103,8.320481,1507
418,8.340482,101,8.340482,1442
419,8.360482,89,8.360482,1373
420,8.380482,86,8.380482,1376
421,8.400482,99,8.400482,1394
422,8.420482,96,8.420482,1359
423,8.440482,102,8.440482,1415
424,8.460482,124,8.460482,1397
425,8.480482,186,8.480482,1438
426,8.500482,228,8.500482,1405
427,8.520482,312,8.520482,1490
428,8.540482,426,8.540482,1577
429,8.560482,513,8.560482,1537
430,8.580482,711,8.580482,1752
431,8.600482,785,8.600482,1755
432,8.620481,848,8.620481,1761
433,8.640482,782,8.640482,1793
434,8.660481,721,8.660481,1720
435,8.680482,618,8.680482,1700
436,8.700481,504,8.700481,1609
437,8.720482,391,8.720482,1672
438,8.740481,301,8.740481,1603
439,8.760482,223,8.760482,1627
440,8.780481,195,8.780481,1543
441,8.800482,167,8.800482,1612
442,8.820481,151,8.820481,1513
443,8.840482,199,8.840482,1471
444,8.860482,211,8.860482,1574
445,8.880482,223,8.880482,1540
446,8.900482,231,8.900482,1514
447,8.920482,240,8.920482,1516
448,8.940482,229,8.940482,1498
449,8.960482,193,8.960482,1499
450,8.980482,168,8.980482,1401
451,9.000482,143,9.000482,1479
452,9.020482,164,9.020482,1441
453,9.040482,117,9.040482,1446
454,9.060482,126,9.060482,1437
455,9.080482,102,9.080482,1499
456,9.100482,133,9.100482,1485
457,9.120481,166,9.120481,1505
458,9.140482,174,9.140482,1554
459,9.160481,213,9.160481,1458
460,9.180482,251,9.180482,1480
461,9.200481,243,9.200481,1531
462,9.220482,289,9.220482,1590
463,9.240481,286,9.240481,1556
464,9.260482,256,9.260482,1550
465,9.280481,272,9.280481,1526
466,9.300482,240,9.300482,1563
467,9.320481,247,9.320481,1476
468,9.340482,212,9.340482,1500
469,9.360482,175,9.360482,1446
470,9.380482,145,9.380482,1423
471,9.400482,151,9.400482,1448
472,9.420482,163,9.420482,1375
473,9.440482,180,9.440482,1393
474,9.460482,208,9.460482,1568
475,9.480482,207,9.480482,1464
476,9.500482,209,9.500482,1512
477,9.520482,232,9.520482,1507
478,9.540482,266,9.540482,1455
479,9.560482,266,9.560482,1476
480,9.580482,281,9.580482,1421
481,9.600482,258,9.600482,1403
482,9.620481,224,9.620481,1554
483,9.640482,233,9.640482,1558
484,9.660481,233,9.660481,1565
485,9.680482,226,9.680482,1574
486,9.700481,223,9.700481,1530
487,9.720482,199,9.720482,1515
488,9.740481,216,9.740481,1562
489,9.760482,191,9.760482,1539
490,9.780481,212,9.780481,1546
491,9.800482,202,9.800482,1442
492,9.820481,226,9.820481,1427
493,9.840482,233,9.840482,1396
494,9.860482,215,9.860482,1375
495,9.880482,235,9.880482,1396
496,9.900482,226,9.900482,1367
497,9.920482,206,9.920482,1392
498,9.940482,243,9.940482,1374
499,9.960482,232,9.960482,1361
500,9.980482,218,9.980482,1502
501,10.00048,228,10.00048,1496
502,10.02048,217,10.02048,1552
503,10.04048,236,10.04048,1576
504,10.06048,225,10.06048,1576
505,10.08048,235,10.08048,1584
506,10.10048,261,10.10048,1639
507,10.12048,259,10.12048,1560
508,10.14048,258,10.14048,1576
509,10.16048,253,10.16048,1497
510,10.18048,289,10.18048,1382
511,10.20048,296,10.20048,1433
512,10.22048,268,10.22048,1349
513,10.24048,276,10.24048,1357
514,10.26048,289,10.26048,1373
515,10.28048,266,10.28048,1372
516,10.30048,276,10.30048,1348
517,10.32048,302,10.32048,1289
518,10.34048,305,10.34048,1369
519,10.36048,314,10.36048,1315
520,10.38048,343,10.38048,1319
521,10.40048,368,10.40048,1305
522,10.42048,402,10.42048,1332
523,10.44048,445,10.44048,1307
524,10.46048,530,10.46048,1366
525,10.48048,570,10.48048,1389
526,10.50048,602,10.50048,1271
527,10.52048,642,10.52048,1271
528,10.54048,612,10.54048,1274
529,10.56048,589,10.56048,1229
530,10.58048,574,10.58048,1240
531,10.60048,549,10.60048,1260
532,10.62048,519,10.62048,1278
533,10.64048,440,10.64048,1227
534,10.66048,471,10.66048,1256
535,10.68048,431,10.68048,1253
536,10.70048,351,10.70048,1205
537,10.72048,386,10.72048,1209
538,10.74048,376,10.74048,1198
539,10.76048,372,10.76048,1286
540,10.78048,374,10.78048,1253
541,10.80048,400,10.80048,1272
542,10.82048,367,10.82048,1199
543,10.84048,382,10.84048,1162
544,10.86048,424,10.86048,1285
545,10.88048,380,10.88048,1252
546,10.90048,360,10.90048,1180
547,10.92048,401,10.92048,1212
548,10.94048,438,10.94048,1230
549,10.96048,454,10.96048,1183
550,10.98048,442,10.98048,1126
551,11.00048,459,11.00048,1185
552,11.02048,434,11.02048,1232
553,11.04048,434,11.04048,1110
554,11.06048,448,11.06048,1154
555,11.08048,447,11.08048,1169
556,11.10048,432,11.10048,1107
557,11.12048,481,11.12048,1132
558,11.14048,410,11.14048,1108
559,11.16048,498,11.16048,1126
560,11.18048,438,11.18048,1111
561,11.20048,468,11.20048,1087
562,11.22048,490,11.22048,1041
563,11.24048,518,11.24048,1108
564,11.26048,498,11.26048,1093
565,11.28048,509,11.28048,1100
566,11.30048,499,11.30048,1079
567,11.32048,475,11.32048,1026
568,11.34048,477,11.34048,1005
569,11.36048,542,11.36048,1096
570,11.38048,578,11.38048,1060
571,11.40048,536,11.40048,1073
572,11.42048,537,11.42048,992
573,11.44048,525,11.44048,1051
574,11.46048,557,11.46048,1061
575,11.48048,549,11.48048,1028
576,11.50048,576,11.50048,1038
577,11.52048,552,11.52048,1003
578,11.54048,554,11.54048,972
579,11.56048,581,11.56048,1008
580,11.58048,592,11.58048,970
581,11.60048,566,11.60048,981
582,11.62048,638,11.62048,960
583,11.64048,612,11.64048,989
584,11.66048,629,11.66048,1006
585,11.68048,610,11.68048,935
586,11.70048,588,11.70048,973
587,11.72048,631,11.72048,1004
588,11.74048,652,11.74048,966
589,11.76048,632,11.76048,923
590,11.78048,694,11.78048,912
591,11.80048,663,11.80048,980
592,11.82048,711,11.82048,958
593,11.84048,696,11.84048,942
594,11.86048,749,11.86048,942
595,11.88048,704,11.88048,956
596,11.90048,750,11.90048,975
597,11.92048,731,11.92048,893
598,11.94048,771,11.94048,946
599,11.96048,726,11.96048,869
600,11.98048,718,11.98048,864
601,12.00048,688,12.00048,882
602,12.02048,743,12.02048,865
603,12.04048,747,12.04048,870
604,12.06048,798,12.06048,907
605,12.08048,736,12.08048,837
606,12.10048,729,12.10048,868
607,12.12048,699,12.12048,831
608,12.14048,723,12.14048,820
609,12.16048,685,12.16048,816
610,12.18048,791,12.18048,843
611,12.20048,767,12.20048,810
612,12.22048,713,12.22048,801
613,12.24048,773,12.24048,837
614,12.26048,713,12.26048,804
615,12.28048,773,12.28048,794
616,12.30048,790,12.30048,766
617,12.32048,734,12.32048,806
618,12.34048,773,12.34048,773
619,12.36048,795,12.36048,742
620,12.38048,765,12.38048,750
621,12.40048,788,12.40048,801
622,12.42048,794,12.42048,785
623,12.44048,808,12.44048,767
624,12.46048,818,12.46048,769
625,12.48048,877,12.48048,778
626,12.50048,854,12.50048,741
627,12.52048,922,12.52048,771
628,12.54048,891,12.54048,734
629,12.56048,974,12.56048,725
630,12.58048,984,12.58048,775
631,12.60048,993,12.60048,662
632,12.62048,994,12.62048,677
633,12.64048,1023,12.64048,780
634,12.66048,985,12.66048,701
635,12.68048,991,12.68048,830
636,12.70048,1002,12.70048,966
637,12.72048,1062,12.72048,949
638,12.74048,965,12.74048,968
639,12.76048,1069,12.76048,1028
640,12.78048,1082,12.78048,1096
641,12.80048,1099,12.80048,1080
642,12.82048,1101,12.82048,1073
643,12.84048,1065,12.84048,1109
644,12.86048,1143,12.86048,987
645,12.88048,1117,12.88048,928
646,12.90048,1032,12.90048,824
647,12.92048,1079,12.92048,721
648,12.94048,1060,12.94048,706
649,12.96048,1014,12.96048,664
650,12.98048,1052,12.98048,559
651,13.00048,1140,13.00048,636
652,13.02048,1063,13.02048,624
653,13.04048,1008,13.04048,603
654,13.06048,1038,13.06048,572
655,13.08048,1074,13.08048,517
656,13.10048,1014,13.10048,555
657,13.12048,1061,13.12048,492
658,13.14048,1129,13.14048,547
659,13.16048,1148,13.16048,528
660,13.18048,1208,13.18048,502
661,13.20048,1392,13.20048,518
662,13.22048,1681,13.22048,534
663,13.24048,1826,13.24048,482
664,13.26048,2110,13.26048,459
665,13.28048,2472,13.28048,483
666,13.30048,2767,13.30048,509
667,13.32048,3009,13.32048,528
668,13.34048,3141,13.34048,486
669,13.36048,3171,13.36048,513
670,13.38048,3123,13.38048,563
671,13.40048,3062,13.40048,546
672,13.42048,2794,13.42048,567
673,13.44048,2589,13.44048,602
674,13.46048,2207,13.46048,573
675,13.48048,2053,13.48048,577
676,13.50048,1886,13.50048,516
677,13.52048,1524,13.52048,484
678,13.54048,1394,13.54048,465
679,13.56048,1321,13.56048,458
680,13.58048,1225,13.58048,445
681,13.60048,1272,13.60048,410
682,13.62048,1171,13.62048,415
683,13.64048,1142,13.64048,395
684,13.66048,1209,13.66048,371
685,13.68048,1217,13.68048,342
686,13.70048,1185,13.70048,366
687,13.72048,1208,13.72048,316
688,13.74048,1226,13.74048,344
689,13.76048,1181,13.76048,343
690,13.78048,1173,13.78048,348
691,13.80048,1219,13.80048,349
692,13.82048,1202,13.82048,294
693,13.84048,1180,13.84048,308
694,13.86048,1283,13.86048,305
695,13.88048,1328,13.88048,299
696,13.90048,1329,13.90048,284
697,13.92048,1412,13.92048,282
698,13.94048,1596,13.94048,284
699,13.96048,1713,13.96048,293
700,13.98048,1992,13.98048,260
701,14.00048,2253,14.00048,258
702,14.02048,2621,14.02048,241
703,14.04048,3012,14.04048,231
704,14.06048,3393,14.06048,232
705,14.08048,3759,14.08048,225
706,14.10048,3948,14.10048,203
707,14.12048,4101,14.12048,229
708,14.14048,4117,14.14048,198
709,14.16048,3919,14.16048,187
710,14.18048,3722,14.18048,185
711,14.20048,3550,14.20048,196
712,14.22048,3029,14.22048,151
713,14.24048,2695,14.24048,156
714,14.26048,2267,14.26048,173
715,14.28048,1994,14.28048,153
716,14.30048,1769,14.30048,140
717,14.32048,1546,14.32048,125
718,14.34048,1527,14.34048,111
719,14.36048,1478,14.36048,118
720,14.38048,1486,14.38048,119
721,14.40048,1322,14.40048,129
722,14.42048,1385,14.42048,119
723,14.44048,1315,14.44048,112
724,14.46048,1373,14.46048,120
725,14.48048,1393,14.48048,85
726,14.50048,1430,14.50048,110
727,14.52048,1398,14.52048,104
728,14.54048,1348,14.54048,95
729,14.56048,1414,14.56048,70
730,14.58048,1387,14.58048,97
731,14.60048,1434,14.60048,96
732,14.62048,1425,14.62048,69
733,14.64048,1495,14.64048,68
734,14.66048,1462,14.66048,69
735,14.68048,1500,14.68048,51
736,14.70048,1468,14.70048,60
737,14.72048,1524,14.72048,74
738,14.74048,1585,14.74048,61
739,14.76048,1697,14.76048,44
740,14.78048,1677,14.78048,41
741,14.80048,1763,14.80048,46
742,14.82048,1952,14.82048,49
743,14.84048,1982,14.84048,38
744,14.86048,2042,14.86048,34
745,14.88048,2179,14.88048,36
746,14.90048,2306,14.90048,35
747,14.92048,2289,14.92048,31
748,14.94048,2310,14.94048,32
749,14.96048,2400,14.96048,23
750,14.98048,2195,14.98048,29
751,15.00048,2150,15.00048,26
752,15.02048,2014,15.02048,20
753,15.04048,2003,15.04048,26
754,15.06048,1758,15.06048,30
755,15.08048,1746,15.08048,21
756,15.10048,1647,15.10048,27
757,15.12048,1681,15.12048,28
758,15.14048,1658,15.14048,16
759,15.16048,1591,15.16048,26
760,15.18048,1551,15.18048,21
761,15.20048,1629,15.20048,17
762,15.22048,1556,15.22048,26
763,15.24048,1555,15.24048,18
764,15.26048,1587,15.26048,21
765,15.28048,1572,15.28048,16
766,15.30048,1505,15.30048,28
767,15.32048,1523,15.32048,21
768,15.34048,1581,15.34048,21
769,15.36048,1531,15.36048,19
770,15.38048,1512,15.38048,16
771,15.40048,1566,15.40048,14
772,15.42048,1512,15.42048,21
773,15.44048,1651,15.44048,19
774,15.46048,1710,15.46048,18
775,15.48048,1700,15.48048,16
776,15.50048,1819,15.50048,23
777,15.52048,1972,15.52048,17
778,15.54048,2202,15.54048,22
779,15.56048,2473,15.56048,17
780,15.58048,2711,15.58048,15
781,15.60048,3174,15.60048,17
782,15.62048,3617,15.62048,15
783,15.64048,4110,15.64048,18
784,15.66048,4504,15.66048,21
785,15.68048,5038,15.68048,23
786,15.70048,5245,15.70048,23
787,15.72048,5546,15.72048,18
788,15.74048,5696,15.74048,27
789,15.76048,5618,15.76048,15
790,15.78048,5378,15.78048,15
791,15.80048,5125,15.80048,27
792,15.82048,4583,15.82048,18
793,15.84048,4067,15.84048,8
794,15.86048,3556,15.86048,15
795,15.88048,3083,15.88048,10
796,15.90048,2711,15.90048,14
797,15.92048,2444,15.92048,15
798,15.94048,2170,15.94048,13
799,15.96048,2013,15.96048,25
800,15.98048,1908,15.98048,16
801,16.00048,1817,16.00048,17
802,16.02048,1785,16.02048,19
803,16.04048,1825,16.04048,19
804,16.06048,1754,16.06048,11
805,16.08048,1731,16.08048,13
806,16.10048,1856,16.10048,15
807,16.12048,1750,16.12048,14
808,16.14048,1775,16.14048,13
809,16.16048,1736,16.16048,13
810,16.18048,1715,16.18048,18
811,16.20048,1778,16.20048,14
812,16.22048,1689,16.22048,13
813,16.24048,1689,16.24048,16
814,16.26048,1753,16.26048,10
815,16.28048,1770,16.28048,19
816,16.30048,1774,16.30048,18
817,16.32048,1774,16.32048,12
818,16.34048,1758,16.34048,17
819,16.36048,1721,16.36048,15
820,16.38048,1719,16.38048,17
821,16.40048,1733,16.40048,14
822,16.42048,1794,16.42048,14
823,16.44048,1818,16.44048,15
824,16.46048,1781,16.46048,15
825,16.48048,1839,16.48048,14
826,16.50048,2028,16.50048,22
827,16.52048,1911,16.52048,11
828,16.54048,1970,16.54048,14
829,16.56048,1960,16.56048,16
830,16.58048,1996,16.58048,17
831,16.60048,1971,16.60048,11
832,16.62048,1980,16.62048,14
833,16.64048,1965,16.64048,12
834,16.66048,1923,16.66048,17
835,16.68048,1952,16.68048,10
836,16.70048,1874,16.70048,19
837,16.72048,1924,16.72048,19
838,16.74048,1915,16.74048,18
839,16.76048,1939,16.76048,14
840,16.78048,1884,16.78048,10
841,16.80048,1837,16.80048,9
842,16.82048,1780,16.82048,14
843,16.84048,1755,16.84048,12
844,16.86048,1817,16.86048,18
845,16.88048,1856,16.88048,15
846,16.90048,1816,16.90048,12
847,16.92048,1816,16.92048,4
848,16.94048,1811,16.94048,16
849,16.96048,1736,16.96048,11
850,16.98048,1884,16.98048,13
851,17.00048,1807,17.00048,22
852,17.02048,1837,17.02048,8
853,17.04048,1859,17.04048,15
854,17.06048,1849,17.06048,15
855,17.08048,1829,17.08048,7
856,17.10048,1816,17.10048,14
857,17.12048,1907,17.12048,16
858,17.14048,1836,17.14048,14
859,17.16048,1882,17.16048,12
860,17.18048,1827,17.18048,17
861,17.20048,1875,17.20048,13
862,17.22048,1920,17.22048,13
863,17.24048,1926,17.24048,9
864,17.26048,1878,17.26048,6
865,17.28048,1907,17.28048,12
866,17.30048,1903,17.30048,13
867,17.32048,1917,17.32048,17
868,17.34048,1937,17.34048,13
869,17.36048,1984,17.36048,12
870,17.38048,1898,17.38048,11
871,17.40048,1990,17.40048,16
872,17.42048,1947,17.42048,10
873,17.44048,2046,17.44048,11
874,17.46048,2113,17.46048,13
875,17.48048,2072,17.48048,15
876,17.50048,2161,17.50048,7
877,17.52048,2223,17.52048,10
878,17.54048,2272,17.54048,12
879,17.56048,2345,17.56048,7
880,17.58048,2391,17.58048,14
881,17.60048,2607,17.60048,6
882,17.62048,2542,17.62048,11
883,17.64048,2568,17.64048,12
884,17.66048,2672,17.66048,9
885,17.68048,2672,17.68048,8
886,17.70048,2414,17.70048,9
887,17.72048,2476,17.72048,8
888,17.74048,2430,17.74048,13
889,17.76048,2281,17.76048,10
890,17.78048,2287,17.78048,12
891,17.80048,2345,17.80048,13
892,17.82048,2226,17.82048,12
893,17.84048,2236,17.84048,16
894,17.86048,2272,17.86048,8
895,17.88048,2252,17.88048,10
896,17.90048,2260,17.90048,6
897,17.92048,2317,17.92048,8
898,17.94048,2230,17.94048,9
899,17.96048,2380,17.96048,11
900,17.98048,2293,17.98048,10
901,18.00048,2368,18.00048,8
902,18.02048,2418,18.02048,10
903,18.04048,2400,18.04048,18
904,18.06048,2455,18.06048,8
905,18.08048,2379,18.08048,7
906,18.10048,2422,18.10048,11
907,18.12048,2460,18.12048,11
908,18.14048,2424,18.14048,9
909,18.16048,2439,18.16048,6
910,18.18048,2422,18.18048,11
911,18.20048,2557,18.20048,3
912,18.22048,2623,18.22048,13
913,18.24048,2547,18.24048,11
914,18.26048,2645,18.26048,12
915,18.28048,2661,18.28048,15
916,18.30048,2666,18.30048,4
917,18.32048,2761,18.32048,18
918,18.34048,2857,18.34048,9
919,18.36048,2780,18.36048,6
920,18.38048,2983,18.38048,8
921,18.40048,3036,18.40048,8
922,18.42048,3122,18.42048,6
923,18.44048,3207,18.44048,10
924,18.46048,3252,18.46048,6
925,18.48048,3398,18.48048,6
926,18.50048,3427,18.50048,7
927,18.52048,3546,18.52048,10
928,18.54048,3684,18.54048,6
929,18.56048,3898,18.56048,9
930,18.58048,4117,18.58048,12
931,18.60048,4107,18.60048,7
932,18.62048,4360,18.62048,11
933,18.64048,4530,18.64048,6
934,18.66048,4641,18.66048,2
935,18.68048,4938,18.68048,7
936,18.70048,5157,18.70048,8
937,18.72048,5273,18.72048,4
938,18.74048,5542,18.74048,6
939,18.76048,5705,18.76048,11
940,18.78048,6045,18.78048,4
941,18.80048,6175,18.80048,4
942,18.82048,6582,18.82048,1
943,18.84048,6641,18.84048,12
944,18.86048,6831,18.86048,7
945,18.88048,7137,18.88048,10
946,18.90048,7226,18.90048,3
947,18.92048,7447,18.92048,5
948,18.94048,7376,18.94048,10
949,18.96048,7733,18.96048,4
950,18.98048,7761,18.98048,6
951,19.00048,7881,19.00048,4
952,19.02048,8045,19.02048,10
953,19.04048,7935,19.04048,9
954,19.06048,8008,19.06048,7
955,19.08048,7940,19.08048,7
956,19.10048,7627,19.10048,4
957,19.12048,7699,19.12048,10
958,19.14048,7637,19.14048,8
959,19.16048,7375,19.16048,9
960,19.18048,7238,19.18048,2
961,19.20048,7153,19.20048,12
962,19.22048,6919,19.22048,8
963,19.24048,6607,19.24048,7
964,19.26048,6517,19.26048,5
965,19.28048,6358,19.28048,10
966,19.30048,5914,19.30048,9
967,19.32048,5898,19.32048,4
968,19.34048,5410,19.34048,3
969,19.36048,5179,19.36048,5
970,19.38048,4998,19.38048,8
971,19.40048,4747,19.40048,4
972,19.42048,4602,19.42048,9
973,19.44048,4457,19.44048,7
974,19.46048,4273,19.46048,9
975,19.48048,4097,19.48048,9
976,19.50048,3898,19.50048,6
977,19.52048,3774,19.52048,3
978,19.54048,3560,19.54048,4
979,19.56048,3442,19.56048,4
980,19.58048,3235,19.58048,1
981,19.60048,3273,19.60048,5
982,19.62048,3107,19.62048,7
983,19.64048,3051,19.64048,4
984,19.66048,2819,19.66048,6
985,19.68048,2944,19.68048,5
986,19.70048,2760,19.70048,2
987,19.72048,2661,19.72048,3
988,19.74048,2612,19.74048,5
989,19.76048,2571,19.76048,7
990,19.78048,2507,19.78048,4
991,19.80048,2457,19.80048,2
992,19.82048,2455,19.82048,3
993,19.84048,2545,19.84048,5
994,19.86048,2561,19.86048,5
995,19.88048,2722,19.88048,5
996,19.90048,2803,19.90048,2
997,19.92048,3002,19.92048,2
998,19.94048,3268,19.94048,3
999,19.96048,3551,19.96048,10
1000,19.98048,3813,19.98048,1
1001,20.00048,4281,20.00048,2
1002,20.02048,4420,20.02048,7
1003,20.04048,4992,20.04048,6
1004,20.06048,5349,20.06048,5
1005,20.08048,5698,20.08048,7
1006,20.10048,5855,20.10048,8
1007,20.12048,6112,20.12048,4
1008,20.14048,6185,20.14048,2
1009,20.16048,6271,20.16048,4
1010,20.18048,6231,20.18048,1
1011,20.20048,5981,20.20048,6
1012,20.22048,5843,20.22048,2
1013,20.24048,5477,20.24048,1
1014,20.26048,5021,20.26048,4
1015,20.28048,4396,20.28048,2
1016,20.30048,4028,20.30048,2
1017,20.32048,3356,20.32048,3
1018,20.34048,3067,20.34048,2
1019,20.36048,2725,20.36048,2
1020,20.38048,2500,20.38048,2
1021,20.40048,2357,20.40048,2
1022,20.42048,2127,20.42048,2
1023,20.44048,2082,20.44048,5
1024,20.46048,2091,20.46048,1
1025,20.48048,1974,20.48048,2
1026,20.50048,2046,20.50048,5
1027,20.52048,2029,20.52048,4
1028,20.54048,2009,20.54048,4
1029,20.56048,2048,20.56048,3
1030,20.58048,2029,20.58048,0
1031,20.60048,1963,20.60048,1
1032,20.62048,1935,20.62048,2
1033,20.64048,2033,20.64048,1
1034,20.66048,1997,20.66048,2
1035,20.68048,2083,20.68048,0
1036,20.70048,2147,20.70048,5
1037,20.72048,2051,20.72048,2
1038,20.74048,2077,20.74048,5
1039,20.76048,2125,20.76048,2
1040,20.78048,2135,20.78048,1
1041,20.80048,2113,20.80048,1
1042,20.82048,2214,20.82048,1
1043,20.84048,2252,20.84048,2
1044,20.86048,2199,20.86048,1
1045,20.88048,2281,20.88048,0
1046,20.90048,2442,20.90048,2
1047,20.92048,2399,20.92048,2
1048,20.94048,2428,20.94048,1
1049,20.96048,2449,20.96048,1
1050,20.98048,2389,20.98048,2
1051,21.00048,2452,21.00048,2
1052,21.02048,2588,21.02048,0
1053,21.04048,2483,21.04048,3
1054,21.06048,2619,21.06048,2
1055,21.08048,2653,21.08048,0
1056,21.10048,2710,21.10048,0
1057,21.12048,2701,21.12048,1
1058,21.14048,2733,21.14048,3
1059,21.16048,2830,21.16048,2
1060,21.18048,2804,21.18048,0
1061,21.20048,2722,21.20048,0
1062,21.22048,2877,21.22048,0
1063,21.24048,2801,21.24048,1
1064,21.26048,2802,21.26048,1
1065,21.28048,2819,21.28048,0
1066,21.30048,2821,21.30048,0
1067,21.32048,2886,21.32048,1
1068,21.34048,2851,21.34048,0
1069,21.36048,2890,21.36048,2
1070,21.38048,2780,21.38048,2
1071,21.40048,2777,21.40048,1
1072,21.42048,2769,21.42048,1
1073,21.44048,2792,21.44048,0
1074,21.46048,2888,21.46048,2
1075,21.48048,2685,21.48048,1
1076,21.50048,2649,21.50048,1
1077,21.52048,2642,21.52048,0
1078,21.54048,2490,21.54048,1
1079,21.56048,2552,21.56048,3
1080,21.58048,2568,21.58048,1
1081,21.60048,2489,21.60048,0
1082,21.62048,2467,21.62048,1
1083,21.64048,2375,21.64048,2
1084,21.66048,2467,21.66048,1
1085,21.68048,2367,21.68048,0
1086,21.70048,2322,21.70048,1
1087,21.72048,2225,21.72048,1
1088,21.74048,2214,21.74048,1
1089,21.76048,2144,21.76048,3
1090,21.78048,2225,21.78048,2
1091,21.80048,2190,21.80048,2
1092,21.82048,2130,21.82048,0
1093,21.84048,2093,21.84048,1
1094,21.86048,2107,21.86048,1
1095,21.88048,1990,21.88048,1
1096,21.90048,2042,21.90048,1
1097,21.92048,2001,21.92048,0
1098,21.94048,2031,21.94048,1
1099,21.96048,1914,21.96048,4
1100,21.98048,1955,21.98048,1
1101,22.00048,1962,22.00048,0
1102,22.02048,1839,22.02048,1
1103,22.04048,1852,22.04048,0
1104,22.06048,1831,22.06048,0
1105,22.08048,1794,22.08048,2
1106,22.10048,1803,22.10048,3
1107,22.12048,1802,22.12048,2
1108,22.14048,1841,22.14048,1
1109,22.16048,1764,22.16048,1
1110,22.18048,1764,22.18048,0
1111,22.20048,1843,22.20048,0
1112,22.22048,1745,22.22048,1
1113,22.24048,1734,22.24048,0
1114,22.26048,1769,22.26048,0
1115,22.28048,1720,22.28048,0
1116,22.30048,1605,22.30048,1
1117,22.32048,1647,22.32048,0
1118,22.34048,1665,22.34048,0
1119,22.36048,1638,22.36048,0
1120,22.38048,1680,22.38048,0
1121,22.40048,1636,22.40048,1
1122,22.42048,1657,22.42048,1
1123,22.44048,1679,22.44048,0
1124,22.46048,1667,22.46048,0
1125,22.48048,1713,22.48048,0
1126,22.50048,1752,22.50048,0
1127,22.52048,1809,22.52048,0
1128,22.54048,1884,22.54048,1
1129,22.56048,2011,22.56048,0
1130,22.58048,1959,22.58048,0
1131,22.60048,2133,22.60048,0
1132,22.62048,2121,22.62048,2
1133,22.64048,2180,22.64048,1
1134,22.66048,2315,22.66048,0
1135,22.68048,2384,22.68048,0
1136,22.70048,2329,22.70048,2
1137,22.72048,2280,22.72048,1
1138,22.74048,2194,22.74048,0
1139,22.76048,2099,22.76048,0
1140,22.78048,2066,22.78048,0
1141,22.80048,1959,22.80048,0
1142,22.82048,1909,22.82048,1
1143,22.84048,1840,22.84048,1
1144,22.86048,1696,22.86048,2
1145,22.88048,1637,22.88048,0
1146,22.90048,1632,22.90048,0
1147,22.92048,1571,22.92048,0
1148,22.94048,1571,22.94048,1
1149,22.96048,1577,22.96048,0
1150,22.98048,1572,22.98048,0
1151,23.00048,1609,23.00048,0
1152,23.02048,1570,23.02048,0
1153,23.04048,1576,23.04048,0
1154,23.06048,1546,23.06048,0
1155,23.08048,1623,23.08048,1
1156,23.10048,1646,23.10048,0
1157,23.12048,1716,23.12048,0
1158,23.14048,1626,23.14048,0
1159,23.16048,1638,23.16048,1
1160,23.18048,1634,23.18048,1
1161,23.20048,1599,23.20048,1
1162,23.22048,1559,23.22048,1
1163,23.24048,1605,23.24048,0
1164,23.26048,1465,23.26048,0
1165,23.28048,1493,23.28048,0
1166,23.30048,1482,23.30048,0
1167,23.32048,1534,23.32048,0
1168,23.34048,1449,23.34048,1
1169,23.36048,1504,23.36048,0
1170,23.38048,1555,23.38048,0
1171,23.40048,1460,23.40048,0
1172,23.42048,1440,23.42048,1
1173,23.44048,1404,23.44048,1
1174,23.46048,1471,23.46048,0
1175,23.48048,1448,23.48048,1
1176,23.50048,1481,23.50048,0
1177,23.52048,1425,23.52048,0
1178,23.54048,1431,23.54048,0
1179,23.56048,1425,23.56048,0
1180,23.58048,1436,23.58048,1
1181,23.60048,1427,23.60048,1
1182,23.62048,1468,23.62048,0
1183,23.64048,1440,23.64048,0
1184,23.66048,1445,23.66048,0
1185,23.68048,1392,23.68048,0
1186,23.70048,1456,23.70048,0
1187,23.72048,1464,23.72048,0
1188,23.74048,1421,23.74048,0
1189,23.76048,1372,23.76048,0
1190,23.78048,1360,23.78048,0
1191,23.80048,1432,23.80048,1
1192,23.82048,1468,23.82048,0
1193,23.84048,1415,23.84048,0
1194,23.86048,1448,23.86048,0
1195,23.88048,1439,23.88048,0
1196,23.90048,1378,23.90048,0
1197,23.92048,1423,23.92048,1
1198,23.94048,1482,23.94048,0
1199,23.96048,1356,23.96048,0
1200,23.98048,1359,23.98048,1
1201,24.00048,1480,24.00048,0
1202,24.02048,1377,24.02048,0
1203,24.04048,1406,24.04048,0
1204,24.06048,1371,24.06048,0
1205,24.08048,1368,24.08048,3
1206,24.10048,1350,24.10048,0
1207,24.12048,1350,24.12048,0
1208,24.14048,1408,24.14048,1
1209,24.16048,1405,24.16048,1
1210,24.18048,1345,24.18048,0
1211,24.20048,1427,24.20048,0
1212,24.22048,1317,24.22048,1
1213,24.24048,1362,24.24048,1
1214,24.26048,1312,24.26048,0
1215,24.28048,1289,24.28048,0
1216,24.30048,1343,24.30048,0
1217,24.32048,1403,24.32048,0
1218,24.34048,1326,24.34048,0
1219,24.36048,1381,24.36048,1
1220,24.38048,1327,24.38048,0
1221,24.40048,1398,24.40048,0
1222,24.42048,1320,24.42048,1
1223,24.44048,1358,24.44048,0
1224,24.46048,1327,24.46048,0
1225,24.48048,1300,24.48048,0
1226,24.50048,1353,24.50048,1
1227,24.52048,1281,24.52048,0
1228,24.54048,1354,24.54048,0
1229,24.56048,1293,24.56048,1
1230,24.58048,1306,24.58048,1
1231,24.60048,1280,24.60048,1
1232,24.62048,1329,24.62048,0
1233,24.64048,1364,24.64048,0
1234,24.66048,1306,24.66048,0
1235,24.68048,1344,24.68048,1
1236,24.70048,1378,24.70048,0
1237,24.72048,1350,24.72048,0
1238,24.74048,1296,24.74048,1
1239,24.76048,1332,24.76048,0
1240,24.78048,1357,24.78048,0
1241,24.80048,1330,24.80048,0
1242,24.82048,1319,24.82048,0
1243,24.84048,1363,24.84048,0
1244,24.86048,1337,24.86048,0
1245,24.88048,1310,24.88048,0
1246,24.90048,1303,24.90048,0
1247,24.92048,1306,24.92048,0
1248,24.94048,1312,24.94048,0
1249,24.96048,1288,24.96048,0
1250,24.98048,1411,24.98048,0
1251,25.00048,1281,25.00048,0
1252,25.02048,1406,25.02048,1
1253,25.04048,1352,25.04048,0
1254,25.06048,1471,25.06048,0
1255,25.08048,1368,25.08048,0
1256,25.10048,1389,25.10048,0
1257,25.12048,1323,25.12048,0
1258,25.14048,1463,25.14048,0
1259,25.16048,1349,25.16048,0
1260,25.18048,1368,25.18048,0
1261,25.20048,1383,25.20048,0
1262,25.22048,1367,25.22048,0
1263,25.24048,1365,25.24048,0
1264,25.26048,1390,25.26048,0
1265,25.28048,1345,25.28048,0
1266,25.30048,1351,25.30048,0
1267,25.32048,1370,25.32048,0
1268,25.34048,1315,25.34048,1
1269,25.36048,1342,25.36048,0
1270,25.38048,1353,25.38048,0
1271,25.40048,1213,25.40048,0
1272,25.42048,1241,25.42048,0
1273,25.44048,1301,25.44048,0
1274,25.46048,1228,25.46048,0
1275,25.48048,1250,25.48048,0
1276,25.50048,1282,25.50048,0
1277,25.52048,1325,25.52048,0
1278,25.54048,1235,25.54048,0
1279,25.56048,1183,25.56048,0
1280,25.58048,1312,25.58048,0
1281,25.60048,1302,25.60048,0
1282,25.62048,1291,25.62048,0
1283,25.64048,1257,25.64048,0
1284,25.66048,1260,25.66048,0
1285,25.68048,1197,25.68048,0
1286,25.70048,1190,25.70048,0
1287,25.72048,1165,25.72048,0
1288,25.74048,1263,25.74048,0
1289,25.76048,1201,25.76048,0
1290,25.78048,1193,25.78048,0
1291,25.80048,1311,25.80048,1
1292,25.82048,1210,25.82048,0
1293,25.84048,1248,25.84048,0
1294,25.86048,1161,25.86048,0
1295,25.88048,1163,25.88048,0
1296,25.90048,1221,25.90048,0
1297,25.92048,1209,25.92048,0
1298,25.94048,1259,25.94048,0
1299,25.96048,1242,25.96048,0
1300,25.98048,1177,25.98048,0
1301,26.00048,1174,26.00048,0
1302,26.02048,1215,26.02048,0
1303,26.04048,1210,26.04048,1
1304,26.06048,1188,26.06048,0
1305,26.08048,1145,26.08048,0
1306,26.10048,1163,26.10048,1
1307,26.12048,1153,26.12048,0
1308,26.14048,1206,26.14048,0
1309,26.16048,1266,26.16048,0
1310,26.18048,1120,26.18048,0
1311,26.20048,1209,26.20048,1
1312,26.22048,1193,26.22048,0
1313,26.24048,1171,26.24048,0
1314,26.26048,1137,26.26048,0
1315,26.28048,1166,26.28048,0
1316,26.30048,1197,26.30048,0
1317,26.32048,1213,26.32048,0
1318,26.34048,1146,26.34048,0
1319,26.36048,1112,26.36048,0
1320,26.38048,1166,26.38048,0
1321,26.40048,1139,26.40048,0
1322,26.42048,1157,26.42048,0
1323,26.44048,1089,26.44048,1
1324,26.46048,1168,26.46048,0
1325,26.48048,1145,26.48048,0
1326,26.50048,1153,26.50048,0
1327,26.52048,1104,26.52048,0
1328,26.54048,1110,26.54048,0
1329,26.56048,1102,26.56048,0
1330,26.58048,1096,26.58048,0
1331,26.60048,1224,26.60048,0
1332,26.62048,1110,26.62048,0
1333,26.64048,1146,26.64048,0
1334,26.66048,1129,26.66048,0
1335,26.68048,1129,26.68048,0
1336,26.70048,1137,26.70048,0
1337,26.72048,1085,26.72048,0
1338,26.74048,1129,26.74048,0
1339,26.76048,1124,26.76048,0
1340,26.78048,1100,26.78048,0
1341,26.80048,1177,26.80048,0
1342,26.82048,1092,26.82048,0
1343,26.84048,1215,26.84048,1
1344,26.86048,1078,26.86048,0
1345,26.88048,1078,26.88048,0
1346,26.90048,1120,26.90048,0
1347,26.92048,1048,26.92048,0
1348,26.94048,1087,26.94048,0
1349,26.96048,1066,26.96048,0
1350,26.98048,1083,26.98048,0
1351,27.00048,1118,27.00048,0
1352,27.02048,1086,27.02048,1
1353,27.04048,1086,27.04048,0
1354,27.06048,1091,27.06048,0
1355,27.08048,1064,27.08048,0
1356,27.10048,1006,27.10048,0
1357,27.12048,1102,27.12048,0
1358,27.14048,1097,27.14048,0
1359,27.16048,1081,27.16048,0
1360,27.18048,1047,27.18048,0
1361,27.20048,1033,27.20048,0
1362,27.22048,1013,27.22048,0
1363,27.24048,1098,27.24048,0
1364,27.26048,1105,27.26048,0
1365,27.28048,1000,27.28048,0
1366,27.30048,1074,27.30048,0
1367,27.32048,1080,27.32048,0
1368,27.34048,1049,27.34048,0
1369,27.36048,1011,27.36048,0
1370,27.38048,1026,27.38048,0
1371,27.40048,1080,27.40048,0
1372,27.42048,970,27.42048,0
1373,27.44048,1027,27.44048,0
1374,27.46048,1009,27.46048,0
1375,27.48048,1022,27.48048,0
1376,27.50048,1072,27.50048,0
1377,27.52048,1032,27.52048,0
1378,27.54048,1060,27.54048,0
1379,27.56048,1028,27.56048,0
1380,27.58048,960,27.58048,0
1381,27.60048,1058,27.60048,0
1382,27.62048,997,27.62048,0
1383,27.64048,982,27.64048,0
1384,27.66048,962,27.66048,0
1385,27.68048,994,27.68048,0
1386,27.70048,977,27.70048,0
1387,27.72048,957,27.72048,0
1388,27.74048,998,27.74048,0
1389,27.76048,1052,27.76048,0
1390,27.78048,972,27.78048,0
1391,27.80048,1025,27.80048,0
1392,27.82048,1005,27.82048,0
1393,27.84048,963,27.84048,0
1394,27.86048,997,27.86048,0
1395,27.88048,958,27.88048,0
1396,27.90048,975,27.90048,0
1397,27.92048,974,27.92048,0
1398,27.94048,992,27.94048,0
1399,27.96048,930,27.96048,0
1400,27.98048,971,27.98048,0
1401,28.00048,966,28.00048,0
1402,28.02048,1024,28.02048,0
1403,28.04048,994,28.04048,0
1404,28.06048,929,28.06048,0
1405,28.08048,951,28.08048,0
1406,28.10048,974,28.10048,0
1407,28.12048,953,28.12048,0
1408,28.14048,899,28.14048,0
1409,28.16048,940,28.16048,0
1410,28.18048,891,28.18048,0
1411,28.20048,923,28.20048,0
1412,28.22048,898,28.22048,0
1413,28.24048,947,28.24048,0
1414,28.26048,897,28.26048,0
1415,28.28048,951,28.28048,0
1416,28.30048,931,28.30048,0
1417,28.32048,908,28.32048,0
1418,28.34048,940,28.34048,0
1419,28.36048,965,28.36048,0
1420,28.38048,968,28.38048,0
1421,28.40048,926,28.40048,0
1422,28.42048,961,28.42048,0
1423,28.44048,871,28.44048,0
1424,28.46048,916,28.46048,0
1425,28.48048,906,28.48048,0
1426,28.50048,837,28.50048,0
1427,28.52048,927,28.52048,0
1428,28.54048,937,28.54048,0
1429,28.56048,936,28.56048,0
1430,28.58048,910,28.58048,0
1431,28.60048,860,28.60048,0
1432,28.62048,922,28.62048,0
1433,28.64048,832,28.64048,0
1434,28.66048,880,28.66048,0
1435,28.68048,865,28.68048,0
1436,28.70048,867,28.70048,0
1437,28.72048,913,28.72048,0
1438,28.74048,872,28.74048,0
1439,28.76048,911,28.76048,0
1440,28.78048,893,28.78048,0
1441,28.80048,845,28.80048,0
1442,28.82048,872,28.82048,0
1443,28.84048,859,28.84048,0
1444,28.86048,817,28.86048,0
1445,28.88048,841,28.88048,0
1446,28.90048,794,28.90048,0
1447,28.92048,776,28.92048,0
1448,28.94048,894,28.94048,0
1449,28.96048,826,28.96048,0
1450,28.98048,839,28.98048,0
1451,29.00048,826,29.00048,0
1452,29.02048,892,29.02048,0
1453,29.04048,834,29.04048,0
1454,29.06048,860,29.06048,0
1455,29.08048,903,29.08048,0
1456,29.10048,883,29.10048,0
1457,29.12048,868,29.12048,0
1458,29.14048,871,29.14048,0
1459,29.16048,833,29.16048,0
1460,29.18048,888,29.18048,0
1461,29.20048,824,29.20048,0
1462,29.22048,840,29.22048,0
1463,29.24048,829,29.24048,0
1464,29.26048,834,29.26048,0
1465,29.28048,820,29.28048,0
1466,29.30048,841,29.30048,0
1467,29.32048,822,29.32048,0
1468,29.34048,783,29.34048,0
1469,29.36048,779,29.36048,0
1470,29.38048,824,29.38048,0
1471,29.40048,794,29.40048,0
1472,29.42048,775,29.42048,0
1473,29.44048,763,29.44048,0
1474,29.46048,740,29.46048,0
1475,29.48048,794,29.48048,0
1476,29.50048,724,29.50048,0
1477,29.52048,791,29.52048,0
1478,29.54048,731,29.54048,0
1479,29.56048,782,29.56048,0
1480,29.58048,811,29.58048,0
1481,29.60048,793,29.60048,0
1482,29.62048,825,29.62048,0
1483,29.64048,763,29.64048,0
1484,29.66048,747,29.66048,0
1485,29.68048,729,29.68048,0
1486,29.70048,777,29.70048,0
1487,29.72048,708,29.72048,0
1488,29.74048,793,29.74048,0
1489,29.76048,710,29.76048,0
1490,29.78048,762,29.78048,0
1491,29.80048,799,29.80048,0
1492,29.82048,735,29.82048,0
1493,29.84048,733,29.84048,0
1494,29.86048,718,29.86048,0
1495,29.88048,761,29.88048,0
1496,29.90048,743,29.90048,0
1497,29.92048,747,29.92048,0
1498,29.94048,710,29.94048,0
1499,29.96048,680,29.96048,0
1500,29.98048,706,29.98048,0
1501,30.00048,727,30.00048,0
1502,30.02048,709,30.02048,0
1503,30.04048,729,30.04048,0
1504,30.06048,697,30.06048,0
1505,30.08048,734,30.08048,0
1506,30.10048,721,30.10048,0
1507,30.12048,688,30.12048,0
1508,30.14048,717,30.14048,0
1509,30.16048,697,30.16048,0
1510,30.18048,750,30.18048,0
1511,30.20048,682,30.20048,0
1512,30.22048,679,30.22048,0
1513,30.24048,698,30.24048,0
1514,30.26048,672,30.26048,0
1515,30.28048,632,30.28048,0
1516,30.30048,730,30.30048,0
1517,30.32048,705,30.32048,0
1518,30.34048,686,30.34048,0
1519,30.36048,679,30.36048,0
1520,30.38048,673,30.38048,0
1521,30.40048,726,30.40048,0
1522,30.42048,664,30.42048,0
1523,30.44048,682,30.44048,0
1524,30.46048,696,30.46048,0
1525,30.48048,691,30.48048,0
1526,30.50048,666,30.50048,0
1527,30.52048,669,30.52048,0
1528,30.54048,670,30.54048,0
1529,30.56048,689,30.56048,0
1530,30.58048,643,30.58048,0
1531,30.60048,648,30.60048,0
1532,30.62048,642,30.62048,0
1533,30.64048,671,30.64048,0
1534,30.66048,692,30.66048,0
1535,30.68048,640,30.68048,0
1536,30.70048,637,30.70048,0
1537,30.72048,646,30.72048,0
1538,30.74048,665,30.74048,0
1539,30.76048,639,30.76048,0
1540,30.78048,619,30.78048,0
1541,30.80048,638,30.80048,0
1542,30.82048,609,30.82048,0
1543,30.84048,618,30.84048,0
1544,30.86048,619,30.86048,0
1545,30.88048,605,30.88048,0
1546,30.90048,591,30.90048,0
1547,30.92048,616,30.92048,0
1548,30.94048,567,30.94048,0
1549,30.96048,575,30.96048,0
1550,30.98048,638,30.98048,0
1551,31.00048,628,31.00048,0
1552,31.02048,630,31.02048,0
1553,31.04048,607,31.04048,0
1554,31.06048,606,31.06048,0
1555,31.08048,611,31.08048,0
1556,31.10048,585,31.10048,0
1557,31.12048,625,31.12048,0
1558,31.14048,600,31.14048,0
1559,31.16048,589,31.16048,0
1560,31.18048,581,31.18048,0
1561,31.20048,574,31.20048,0
1562,31.22048,628,31.22048,0
1563,31.24048,574,31.24048,0
1564,31.26048,642,31.26048,0
1565,31.28048,595,31.28048,0
1566,31.30048,590,31.30048,0
1567,31.32048,582,31.32048,0
1568,31.34048,548,31.34048,0
1569,31.36048,566,31.36048,0
1570,31.38048,552,31.38048,0
1571,31.40048,619,31.40048,0
1572,31.42048,600,31.42048,0
1573,31.44048,590,31.44048,0
1574,31.46048,562,31.46048,0
1575,31.48048,560,31.48048,0
1576,31.50048,590,31.50048,0
1577,31.52048,540,31.52048,0
1578,31.54048,569,31.54048,0
1579,31.56048,553,31.56048,0
1580,31.58048,543,31.58048,0
1581,31.60048,555,31.60048,0
1582,31.62048,527,31.62048,0
1583,31.64048,594,31.64048,0
1584,31.66048,568,31.66048,0
1585,31.68048,565,31.68048,0
1586,31.70048,567,31.70048,0
1587,31.72048,548,31.72048,0
1588,31.74048,592,31.74048,0
1589,31.76048,558,31.76048,0
1590,31.78048,518,31.78048,0
1591,31.80048,559,31.80048,0
1592,31.82048,524,31.82048,0
1593,31.84048,526,31.84048,0
1594,31.86048,504,31.86048,0
1595,31.88048,500,31.88048,0
1596,31.90048,519,31.90048,0
1597,31.92048,536,31.92048,0
1598,31.94048,535,31.94048,0
1599,31.96048,579,31.96048,0
1600,31.98048,522,31.98048,0
1601,32.00048,506,32.00048,0
1602,32.02048,505,32.02048,0
1603,32.04048,540,32.04048,0
1604,32.06048,546,32.06048,0
1605,32.08048,510,32.08048,0
1606,32.10048,513,32.10048,0
1607,32.12048,551,32.12048,0
1608,32.14048,508,32.14048,0
1609,32.16048,547,32.16048,0
1610,32.18048,520,32.18048,0
1611,32.20048,519,32.20048,0
1612,32.22048,515,32.22048,0
1613,32.24048,531,32.24048,0
1614,32.26048,454,32.26048,0
1615,32.28048,507,32.28048,0
1616,32.30048,483,32.30048,0
1617,32.32048,490,32.32048,0
1618,32.34048,487,32.34048,0
1619,32.36048,496,32.36048,0
1620,32.38048,413,32.38048,0
1621,32.40048,477,32.40048,0
1622,32.42048,500,32.42048,0
1623,32.44048,425,32.44048,0
1624,32.46048,455,32.46048,0
1625,32.48048,427,32.48048,0
1626,32.50048,427,32.50048,0
1627,32.52048,435,32.52048,0
1628,32.54048,424,32.54048,0
1629,32.56048,410,32.56048,0
1630,32.58048,411,32.58048,0
1631,32.60048,431,32.60048,0
1632,32.62048,436,32.62048,0
1633,32.64048,396,32.64048,0
1634,32.66048,398,32.66048,0
1635,32.68048,419,32.68048,0
1636,32.70048,444,32.70048,0
1637,32.72048,411,32.72048,0
1638,32.74048,404,32.74048,0
1639,32.76048,400,32.76048,0
1640,32.78048,384,32.78048,0
1641,32.80048,419,32.80048,0
1642,32.82048,424,32.82048,0
1643,32.84048,419,32.84048,0
1644,32.86048,380,32.86048,0
1645,32.88048,434,32.88048,0
1646,32.90048,365,32.90048,0
1647,32.92048,412,32.92048,0
1648,32.94048,359,32.94048,0
1649,32.96048,395,32.96048,0
1650,32.98048,379,32.98048,0
1651,33.00048,375,33.00048,0
1652,33.02048,385,33.02048,0
1653,33.04048,340,33.04048,0
1654,33.06048,391,33.06048,0
1655,33.08048,375,33.08048,0
1656,33.10048,358,33.10048,0
1657,33.12048,380,33.12048,0
1658,33.14048,364,33.14048,0
1659,33.16048,353,33.16048,0
1660,33.18048,367,33.18048,0
1661,33.20048,344,33.20048,0
1662,33.22048,335,33.22048,0
1663,33.24048,327,33.24048,0
1664,33.26048,357,33.26048,0
1665,33.28048,338,33.28048,0
1666,33.30048,350,33.30048,0
1667,33.32048,347,33.32048,0
1668,33.34048,318,33.34048,0
1669,33.36048,325,33.36048,0
1670,33.38048,349,33.38048,0
1671,33.40048,343,33.40048,0
1672,33.42048,314,33.42048,0
1673,33.44048,305,33.44048,0
1674,33.46048,350,33.46048,0
1675,33.48048,323,33.48048,0
1676,33.50048,320,33.50048,0
1677,33.52048,303,33.52048,0
1678,33.54048,316,33.54048,0
1679,33.56048,315,33.56048,0
1680,33.58048,293,33.58048,0
1681,33.60048,294,33.60048,0
1682,33.62048,298,33.62048,0
1683,33.64048,296,33.64048,0
1684,33.66048,277,33.66048,0
1685,33.68048,289,33.68048,0
1686,33.70048,269,33.70048,0
1687,33.72048,271,33.72048,0
1688,33.74048,282,33.74048,0
1689,33.76048,277,33.76048,0
1690,33.78048,272,33.78048,0
1691,33.80048,297,33.80048,0
1692,33.82048,270,33.82048,0
1693,33.84048,264,33.84048,0
1694,33.86048,299,33.86048,0
1695,33.88048,275,33.88048,0
1696,33.90048,260,33.90048,0
1697,33.92048,254,33.92048,0
1698,33.94048,246,33.94048,0
1699,33.96048,270,33.96048,0
1700,33.98048,237,33.98048,0
1701,34.00048,217,34.00048,0
1702,34.02048,222,34.02048,0
1703,34.04048,220,34.04048,0
1704,34.06048,232,34.06048,0
1705,34.08048,255,34.08048,0
1706,34.10048,258,34.10048,0
1707,34.12048,220,34.12048,0
1708,34.14048,232,34.14048,0
1709,34.16048,224,34.16048,0
1710,34.18048,230,34.18048,0
1711,34.20048,230,34.20048,0
1712,34.22048,250,34.22048,0
1713,34.24048,208,34.24048,0
1714,34.26048,186,34.26048,0
1715,34.28048,193,34.28048,0
1716,34.30048,219,34.30048,0
1717,34.32048,209,34.32048,0
1718,34.34048,202,34.34048,0
1719,34.36048,184,34.36048,0
1720,34.38048,203,34.38048,0
1721,34.40048,194,34.40048,0
1722,34.42048,185,34.42048,0
1723,34.44048,171,34.44048,0
1724,34.46048,190,34.46048,0
1725,34.48048,172,34.48048,0
1726,34.50048,178,34.50048,0
1727,34.52048,160,34.52048,0
1728,34.54048,183,34.54048,0
1729,34.56048,199,34.56048,0
1730,34.58048,174,34.58048,0
1731,34.60048,146,34.60048,0
1732,34.62048,170,34.62048,0
1733,34.64048,193,34.64048,0
1734,34.66048,150,34.66048,0
1735,34.68048,166,34.68048,0
1736,34.70048,130,34.70048,0
1737,34.72048,152,34.72048,0
1738,34.74048,140,34.74048,0
1739,34.76048,160,34.76048,0
1740,34.78048,128,34.78048,0
1741,34.80048,164,34.80048,0
1742,34.82048,155,34.82048,0
1743,34.84048,158,34.84048,0
1744,34.86048,131,34.86048,0
1745,34.88048,141,34.88048,0
1746,34.90048,124,34.90048,0
1747,34.92048,158,34.92048,0
1748,34.94048,126,34.94048,0
1749,34.96048,118,34.96048,0
1750,34.98048,136,34.98048,0
1751,35.00048,115,35.00048,0
1752,35.02048,106,35.02048,0
1753,35.04048,136,35.04048,0
1754,35.06048,130,35.06048,0
1755,35.08048,112,35.08048,0
1756,35.10048,123,35.10048,0
1757,35.12048,112,35.12048,0
1758,35.14048,105,35.14048,0
1759,35.16048,106,35.16048,0
1760,35.18048,97,35.18048,0
1761,35.20048,100,35.20048,0
1762,35.22048,100,35.22048,0
1763,35.24048,100,35.24048,0
1764,35.26048,111,35.26048,0
1765,35.28048,90,35.28048,0
1766,35.30048,107,35.30048,0
1767,35.32048,101,35.32048,0
1768,35.34048,79,35.34048,0
1769,35.36048,88,35.36048,0
1770,35.38048,105,35.38048,0
1771,35.40048,92,35.40048,0
1772,35.42048,84,35.42048,0
1773,35.44048,74,35.44048,0
1774,35.46048,69,35.46048,0
1775,35.48048,75,35.48048,0
1776,35.50048,79,35.50048,0
1777,35.52048,86,35.52048,0
1778,35.54048,65,35.54048,0
1779,35.56048,67,35.56048,0
1780,35.58048,70,35.58048,0
1781,35.60048,68,35.60048,0
1782,35.62048,69,35.62048,0
1783,35.64048,72,35.64048,0
1784,35.66048,59,35.66048,0
1785,35.68048,68,35.68048,0
1786,35.70048,64,35.70048,0
1787,35.72048,67,35.72048,0
1788,35.74048,72,35.74048,0
1789,35.76048,56,35.76048,0
1790,35.78048,59,35.78048,0
1791,35.80048,57,35.80048,0
1792,35.82048,49,35.82048,0
1793,35.84048,55,35.84048,0
1794,35.86048,51,35.86048,0
1795,35.88048,63,35.88048,0
1796,35.90048,47,35.90048,0
1797,35.92048,54,35.92048,0
1798,35.94048,54,35.94048,0
1799,35.96048,49,35.96048,0
1800,35.98048,54,35.98048,0
1801,36.00048,63,36.00048,0
1802,36.02048,33,36.02048,0
1803,36.04048,54,36.04048,0
1804,36.06048,55,36.06048,0
1805,36.08048,44,36.08048,0
1806,36.10048,36,36.10048,0
1807,36.12048,54,36.12048,0
1808,36.14048,57,36.14048,0
1809,36.16048,58,36.16048,0
1810,36.18048,47,36.18048,0
1811,36.20048,44,36.20048,0
1812,36.22048,58,36.22048,0
1813,36.24048,54,36.24048,0
1814,36.26048,52,36.26048,0
1815,36.28048,44,36.28048,0
1816,36.30048,43,36.30048,0
1817,36.32048,58,36.32048,0
1818,36.34048,52,36.34048,0
1819,36.36048,39,36.36048,0
1820,36.38048,53,36.38048,0
1821,36.40048,38,36.40048,0
1822,36.42048,50,36.42048,0
1823,36.44048,35,36.44048,0
1824,36.46048,40,36.46048,0
1825,36.48048,40,36.48048,0
1826,36.50048,32,36.50048,0
1827,36.52048,30,36.52048,0
1828,36.54048,27,36.54048,0
1829,36.56048,45,36.56048,0
1830,36.58048,40,36.58048,0
1831,36.60048,36,36.60048,0
1832,36.62048,30,36.62048,0
1833,36.64048,33,36.64048,0
1834,36.66048,35,36.66048,0
1835,36.68048,40,36.68048,0
1836,36.70048,26,36.70048,0
1837,36.72048,29,36.72048,0
1838,36.74048,17,36.74048,0
1839,36.76048,42,36.76048,0
1840,36.78048,23,36.78048,0
1841,36.80048,32,36.80048,0
1842,36.82048,25,36.82048,0
1843,36.84048,36,36.84048,0
1844,36.86048,26,36.86048,0
1845,36.88048,35,36.88048,0
1846,36.90048,25,36.90048,0
1847,36.92048,34,36.92048,0
1848,36.94048,35,36.94048,0
1849,36.96048,22,36.96048,0
1850,36.98048,29,36.98048,0
1851,37.00048,23,37.00048,0
1852,37.02048,23,37.02048,0
1853,37.04048,24,37.04048,0
1854,37.06048,23,37.06048,0
1855,37.08048,25,37.08048,0
1856,37.10048,27,37.10048,0
1857,37.12048,26,37.12048,0
1858,37.14048,28,37.14048,0
1859,37.16048,22,37.16048,0
1860,37.18048,27,37.18048,0
1861,37.20048,25,37.20048,0
1862,37.22048,31,37.22048,0
1863,37.24048,31,37.24048,0
1864,37.26048,33,37.26048,0
1865,37.28048,32,37.28048,0
1866,37.30048,27,37.30048,0
1867,37.32048,22,37.32048,0
1868,37.34048,20,37.34048,0
1869,37.36048,27,37.36048,0
1870,37.38048,17,37.38048,0
1871,37.40048,27,37.40048,0
1872,37.42048,20,37.42048,0
1873,37.44048,26,37.44048,0
1874,37.46048,24,37.46048,0
1875,37.48048,29,37.48048,0
1876,37.50048,31,37.50048,0
1877,37.52048,20,37.52048,0
1878,37.54048,22,37.54048,0
1879,37.56048,22,37.56048,0
1880,37.58048,21,37.58048,0
1881,37.60048,25,37.60048,0
1882,37.62048,16,37.62048,0
1883,37.64048,24,37.64048,0
1884,37.66048,18,37.66048,0
1885,37.68048,18,37.68048,0
1886,37.70048,22,37.70048,0
1887,37.72048,22,37.72048,0
1888,37.74048,16,37.74048,0
1889,37.76048,22,37.76048,0
1890,37.78048,18,37.78048,0
1891,37.80048,13,37.80048,0
1892,37.82048,21,37.82048,0
1893,37.84048,19,37.84048,0
1894,37.86048,23,37.86048,0
1895,37.88048,24,37.88048,0
1896,37.90048,17,37.90048,0
1897,37.92048,14,37.92048,0
1898,37.94048,22,37.94048,0
1899,37.96048,21,37.96048,0
1900,37.98048,20,37.98048,0
1901,38.00048,22,38.00048,0
1902,38.02048,21,38.02048,0
1903,38.04048,16,38.04048,0
1904,38.06048,15,38.06048,0
1905,38.08048,15,38.08048,0
1906,38.10048,18,38.10048,0
1907,38.12048,18,38.12048,0
1908,38.14048,17,38.14048,0
1909,38.16048,17,38.16048,0
1910,38.18048,12,38.18048,0
1911,38.20048,10,38.20048,0
1912,38.22048,15,38.22048,0
1913,38.24048,24,38.24048,0
1914,38.26048,30,38.26048,0
1915,38.28048,16,38.28048,0
1916,38.30048,20,38.30048,0
1917,38.32048,22,38.32048,0
1918,38.34048,18,38.34048,0
1919,38.36048,19,38.36048,0
1920,38.38048,14,38.38048,0
1921,38.40048,14,38.40048,0
1922,38.42048,19,38.42048,0
1923,38.44048,10,38.44048,0
1924,38.46048,15,38.46048,0
1925,38.48048,13,38.48048,0
1926,38.50048,17,38.50048,0
1927,38.52048,17,38.52048,0
1928,38.54048,15,38.54048,0
1929,38.56048,16,38.56048,0
1930,38.58048,21,38.58048,0
1931,38.60048,15,38.60048,0
1932,38.62048,7,38.62048,0
1933,38.64048,15,38.64048,0
1934,38.66048,20,38.66048,0
1935,38.68048,18,38.68048,0
1936,38.70048,19,38.70048,0
1937,38.72048,14,38.72048,0
1938,38.74048,14,38.74048,0
1939,38.76048,14,38.76048,0
1940,38.78048,14,38.78048,0
1941,38.80048,22,38.80048,0
1942,38.82048,15,38.82048,0
1943,38.84048,14,38.84048,0
1944,38.86048,20,38.86048,0
1945,38.88048,20,38.88048,0
1946,38.90048,10,38.90048,0
1947,38.92048,11,38.92048,0
1948,38.94048,10,38.94048,0
1949,38.96048,9,38.96048,0
1950,38.98048,15,38.98048,0
1951,39.00048,17,39.00048,0
1952,39.02048,18,39.02048,0
1953,39.04048,18,39.04048,0
1954,39.06048,7,39.06048,0
1955,39.08048,15,39.08048,0
1956,39.10048,15,39.10048,0
1957,39.12048,12,39.12048,0
1958,39.14048,12,39.14048,0
1959,39.16048,16,39.16048,0
1960,39.18048,20,39.18048,0
1961,39.20048,10,39.20048,0
1962,39.22048,12,39.22048,0
1963,39.24048,13,39.24048,0
1964,39.26048,6,39.26048,0
1965,39.28048,11,39.28048,0
1966,39.30048,14,39.30048,0
1967,39.32048,13,39.32048,0
1968,39.34048,14,39.34048,0
1969,39.36048,9,39.36048,0
1970,39.38048,11,39.38048,0
1971,39.40048,9,39.40048,0
1972,39.42048,5,39.42048,0
1973,39.44048,5,39.44048,0
1974,39.46048,7,39.46048,0
1975,39.48048,5,39.48048,0
1976,39.50048,9,39.50048,0
1977,39.52048,13,39.52048,0
1978,39.54048,11,39.54048,0
1979,39.56048,10,39.56048,0
1980,39.58048,9,39.58048,0
1981,39.60048,11,39.60048,0
1982,39.62048,11,39.62048,0
1983,39.64048,9,39.64048,0
1984,39.66048,8,39.66048,0
1985,39.68048,9,39.68048,0
1986,39.70048,12,39.70048,0
1987,39.72048,10,39.72048,0
1988,39.74048,7,39.74048,0
1989,39.76048,11,39.76048,0
1990,39.78048,7,39.78048,0
1991,39.80048,14,39.80048,0
1992,39.82048,9,39.82048,0
1993,39.84048,13,39.84048,0
1994,39.86048,12,39.86048,0
1995,39.88048,7,39.88048,0
1996,39.90048,7,39.90048,0
1997,39.92048,12,39.92048,0
1998,39.94048,9,39.94048,0
1999,39.96048,10,39.96048,0
2000,39.98048,12,39.98048,0
2001,40.00048,8,40.00048,0
2002,40.02048,8,40.02048,0
2003,40.04048,10,40.04048,0
2004,40.06048,11,40.06048,0
2005,40.08048,11,40.08048,0
2006,40.10048,10,40.10048,0
2007,40.12048,10,40.12048,0
2008,40.14048,9,40.14048,0
2009,40.16048,9,40.16048,0
2010,40.18048,9,40.18048,0
2011,40.20048,8,40.20048,0
2012,40.22048,7,40.22048,0
2013,40.24048,6,40.24048,0
2014,40.26048,13,40.26048,0
2015,40.28048,11,40.28048,0
2016,40.30048,10,40.30048,0
2017,40.32048,6,40.32048,0
2018,40.34048,16,40.34048,0
2019,40.36048,10,40.36048,0
2020,40.38048,5,40.38048,0
2021,40.40048,14,40.40048,0
2022,40.42048,8,40.42048,0
2023,40.44048,8,40.44048,0
2024,40.46048,9,40.46048,0
2025,40.48048,12,40.48048,0
2026,40.50048,9,40.50048,0
2027,40.52048,8,40.52048,0
2028,40.54048,14,40.54048,0
2029,40.56048,10,40.56048,0
2030,40.58048,4,40.58048,0
2031,40.60048,6,40.60048,0
2032,40.62048,10,40.62048,0
2033,40.64048,12,40.64048,0
2034,40.66048,7,40.66048,0
2035,40.68048,11,40.68048,0
2036,40.70048,6,40.70048,0
2037,40.72048,8,40.72048,0
2038,40.74048,7,40.74048,0
2039,40.76048,4,40.76048,0
2040,40.78048,9,40.78048,0
2041,40.80048,9,40.80048,0
2042,40.82048,9,40.82048,0
2043,40.84048,9,40.84048,0
2044,40.86048,5,40.86048,0
2045,40.88048,12,40.88048,0
2046,40.90048,9,40.90048,0
2047,40.92048,8,40.92048,0
2048,40.94048,7,40.94048,0
