Bruker AXS HMP Instrument Tools Complete CSV
FileName,C:\MeinZeugs\Uni\Publikationen\2025\MeIn pXRF\DAQ\Device_monitoring_sample_element_precision_Schauer\data_raw\Example_LOD\02780-Mudrock Dual.pdz
SerialString,SG2-6390
TubeTargetElement,45
NumberOfSpectra,2
SampleID,
AcquisitionDateTime,2/26/2025 7:51:54 PM
TotalElapsedTimeInSeconds,120
AnodeTakeOffAngle,45
SampleIncidenceAngle,45
BeThicknessInMicroMeters,125
SampleTakeOffAngle,65
SpotSizeUsed,8
NumberOfUserCustomFields,5
UserCustomFieldHeader,FieldName,FieldValue
UserCustomField,Operator,Supervisor
UserCustomField,Material,Keramik
UserCustomField,ID,
UserCustomField,Probe,P_08g
UserCustomField,Projekt,Loesungsexperimente
AnalysisMode,32
AnalysisType,1
UsedAutoCalSelect,False
ResultUnits,PPM
ErrorMultiplier,2
CalFileName,MudrockDual
CalPackageName,
CalPackagePartNumber,
TypeStandardizationSetName,
NumberOfElementsInCalculatedResults,27
CalculatedResults:AtomicNum,ElementSymbol,Units,Value,TypeStandardizedValue,Error,RangeMin,RangeMax,Tramp,Nominal
12,Mg,PPM,0.6250835,0.6250835,0.05093415,0,0,False,False
13,Al,PPM,4.401978,4.401978,0.0301509,0,0,False,False
14,Si,PPM,17.29335,17.29335,0.03623443,0,0,False,False
15,P,PPM,0.02714968,0.02714968,0.002894498,0,0,False,False
16,S,PPM,0.0213952,0.0213952,0.00192087,0,0,False,False
19,K,PPM,0.7614059,0.7614059,0.003338163,0,0,False,False
20,Ca,PPM,1.611612,1.611612,0.003363305,0,0,False,False
22,Ti,PPM,0.2628859,0.2628859,0.001318353,0,0,False,False
23,V,PPM,0.00674969,0.00674969,0.0005726008,0,0,False,False
24,Cr,PPM,0.003004868,0.003004868,0.0003170313,0,0,False,False
25,Mn,PPM,0.07646229,0.07646229,0.0005539241,0,0,False,False
26,Fe,PPM,3.205882,3.205882,0.00367101,0,0,False,False
27,Co,PPM,0,0,9.199839E-05,0,0,False,False
28,Ni,PPM,0.004123894,0.004123894,0.000162008,0,0,False,False
29,Cu,PPM,0.002976613,0.002976613,0.0001414259,0,0,False,False
30,Zn,PPM,0.006036992,0.006036992,0.0001471051,0,0,False,False
33,As,PPM,0.001727859,0.001727859,0.0001001726,0,0,False,False
37,Rb,PPM,0.009947845,0.009947845,0.000114598,0,0,False,False
38,Sr,PPM,0.01156162,0.01156162,0.000113956,0,0,False,False
39,Y,PPM,0.002992904,0.002992904,0.0001082909,0,0,False,False
40,Zr,PPM,0.01474826,0.01474826,0.0001201313,0,0,False,False
41,Nb,PPM,0.001043261,0.001043261,9.924667E-05,0,0,False,False
42,Mo,PPM,0.0007569916,0.0007569916,0.0001080478,0,0,False,False
56,Ba,PPM,0.06873776,0.06873776,0.007781117,0,0,False,False
82,Pb,PPM,0.001225312,0.001225312,0.000150038,0,0,False,False
90,Th,PPM,0.0007930867,0.0007930867,2.464074E-05,0,0,False,False
92,U,PPM,0.0004079612,0.0004079612,0.0002658106,0,0,False,False
MatchSpreadThreshold,0.05
IsTrampEnabled,False
IsNominalEnabled,False
NumberOfGradeIDMatchResults,3
GradeIDMatchResultsHeader,GradeID,MatchConfidence
GradeIDMatchResult,,0
GradeIDMatchResult,,0
GradeIDMatchResult,,0
ParametersForEachSpectrum,Spectrum 1,,Spectrum 2,
XrayVoltageInkV,40,,15,
XrayFilamentCurrentInMicroAmps,38.8,,27.85,
RawCounts,3540174,,3441886,
ValidCounts,2948231,,3015020,
eVPerChannel,20,,20,
StartingKeV,0.0003736051,,0.0003736051,
ZeroOffsetInKeV,-0.0003736051,,-0.0003736051,
StartingChannel,0.01868025,,0.01868025,
NumberOfChannels,2048,,2048,
CountsPerSecond,71149.35,,63399.4,
XilinxFirmwareVersion,,,,
IlluminationID,MudRock Trace40,,MudRock Maj15,
Filter1ElementAtomicNum,22,,0,
Filter1Thickness,25,,0,
Filter2ElementAtomicNum,13,,0,
Filter2Thickness,300,,0,
Filter3ElementAtomicNum,0,,0,
Filter3Thickness,0,,0,
AcquisitionDateTime,2/26/2025 7:51:54 PM,,2/26/2025 7:51:54 PM,
LiveTimeInSeconds,41.58394,,46.59093,
DeadTimeInSeconds,8.172987,,7.697989,
ResetTimeInSeconds,6.534991,,2.011998,
DetectorTempInC,-27,,-27,
AmbientTempInF,124.6,,124.6,
NosePressureInMilliBars,992.9893,,992.9893,
NoseTemperatureInC,46,,46,
ActiveTimeInSeconds,49.75694,,54.28894,
PacketTimeInSeconds,56.29193,,56.30093,
CommunicationTimeInSeconds,,,,
ElapsedClockTimeInSeconds,60,,60,
Spectrum:ChannelNumber,ChannelStartInKeV,ChannelCount,ChannelStartInKeV,ChannelCount
1,0.0003736051,0,0.0003736051,0
2,0.02037361,0,0.02037361,0
3,0.0403736,0,0.0403736,0
4,0.0603736,0,0.0603736,0
5,0.08037361,0,0.08037361,0
6,0.1003736,0,0.1003736,0
7,0.1203736,0,0.1203736,0
8,0.1403736,0,0.1403736,0
9,0.1603736,0,0.1603736,0
10,0.1803736,0,0.1803736,0
11,0.2003736,0,0.2003736,0
12,0.2203736,0,0.2203736,0
13,0.2403736,0,0.2403736,0
14,0.2603736,1,0.2603736,2
15,0.2803736,11,0.2803736,11
16,0.3003736,100,0.3003736,68
17,0.3203736,616,0.3203736,580
18,0.3403736,2613,0.3403736,2646
19,0.3603736,6590,0.3603736,7433
20,0.3803736,10793,0.3803736,12567
21,0.4003736,10632,0.4003736,12267
22,0.4203736,6506,0.4203736,7260
23,0.4403736,2419,0.4403736,2591
24,0.4603736,588,0.4603736,580
25,0.4803736,98,0.4803736,85
26,0.5003736,23,0.5003736,10
27,0.5203736,1,0.5203736,2
28,0.5403736,3,0.5403736,1
29,0.5603736,4,0.5603736,3
30,0.5803736,5,0.5803736,0
31,0.6003736,1,0.6003736,0
32,0.6203736,2,0.6203736,0
33,0.6403736,3,0.6403736,0
34,0.6603736,2,0.6603736,1
35,0.6803736,686,0.6803736,65
36,0.7003736,709,0.7003736,49
37,0.7203736,672,0.7203736,64
38,0.7403736,703,0.7403736,59
39,0.7603736,638,0.7603736,62
40,0.7803736,664,0.7803736,63
41,0.8003736,664,0.8003736,69
42,0.8203736,641,0.8203736,67
43,0.8403736,642,0.8403736,66
44,0.8603736,676,0.8603736,82
45,0.8803736,672,0.8803736,104
46,0.9003736,648,0.9003736,145
47,0.9203736,562,0.9203736,198
48,0.9403736,654,0.9403736,221
49,0.9603736,646,0.9603736,220
50,0.9803736,604,0.9803736,174
51,1.000374,605,1.000374,123
52,1.020374,635,1.020374,140
53,1.040374,606,1.040374,122
54,1.060374,599,1.060374,152
55,1.080374,606,1.080374,171
56,1.100374,621,1.100374,149
57,1.120374,604,1.120374,138
58,1.140374,608,1.140374,133
59,1.160374,556,1.160374,143
60,1.180374,571,1.180374,180
61,1.200374,561,1.200374,244
62,1.220374,514,1.220374,300
63,1.240374,600,1.240374,288
64,1.260374,581,1.260374,233
65,1.280374,539,1.280374,205
66,1.300374,540,1.300374,163
67,1.320374,592,1.320374,132
68,1.340374,540,1.340374,119
69,1.360374,566,1.360374,181
70,1.380374,561,1.380374,316
71,1.400374,561,1.400374,827
72,1.420374,587,1.420374,2128
73,1.440374,616,1.440374,4074
74,1.460374,716,1.460374,6091
75,1.480374,756,1.480374,7036
76,1.500374,727,1.500374,6182
77,1.520374,595,1.520374,4397
78,1.540374,556,1.540374,2540
79,1.560374,524,1.560374,1542
80,1.580374,497,1.580374,974
81,1.600374,489,1.600374,810
82,1.620374,493,1.620374,1438
83,1.640374,516,1.640374,4256
84,1.660374,688,1.660374,12167
85,1.680374,983,1.680374,27517
86,1.700374,1334,1.700374,48840
87,1.720374,1756,1.720374,66646
88,1.740374,1692,1.740374,69618
89,1.760374,1524,1.760374,57186
90,1.780374,1081,1.780374,36927
91,1.800374,843,1.800374,19826
92,1.820374,670,1.820374,9817
93,1.840374,575,1.840374,5037
94,1.860374,517,1.860374,2782
95,1.880374,465,1.880374,1667
96,1.900374,487,1.900374,1051
97,1.920374,467,1.920374,843
98,1.940374,499,1.940374,799
99,1.960374,526,1.960374,762
100,1.980374,465,1.980374,785
101,2.000374,397,2.000374,646
102,2.020374,421,2.020374,590
103,2.040374,420,2.040374,490
104,2.060374,430,2.060374,357
105,2.080374,390,2.080374,263
106,2.100374,414,2.100374,238
107,2.120373,395,2.120373,223
108,2.140374,397,2.140374,229
109,2.160374,412,2.160374,220
110,2.180374,399,2.180374,239
111,2.200374,382,2.200374,250
112,2.220374,392,2.220374,304
113,2.240374,363,2.240374,374
114,2.260374,352,2.260374,465
115,2.280374,373,2.280374,496
116,2.300374,383,2.300374,589
117,2.320374,371,2.320374,564
118,2.340374,323,2.340374,628
119,2.360373,366,2.360373,672
120,2.380374,383,2.380374,617
121,2.400374,356,2.400374,542
122,2.420374,344,2.420374,537
123,2.440374,355,2.440374,523
124,2.460374,324,2.460374,497
125,2.480374,344,2.480374,517
126,2.500374,335,2.500374,499
127,2.520374,325,2.520374,558
128,2.540374,315,2.540374,637
129,2.560374,324,2.560374,799
130,2.580374,337,2.580374,1245
131,2.600374,334,2.600374,2022
132,2.620373,319,2.620373,3627
133,2.640374,318,2.640374,6026
134,2.660374,294,2.660374,8729
135,2.680374,278,2.680374,10634
136,2.700374,302,2.700374,11086
137,2.720374,292,2.720374,9632
138,2.740374,270,2.740374,7569
139,2.760374,297,2.760374,5738
140,2.780374,306,2.780374,5078
141,2.800374,265,2.800374,5454
142,2.820374,298,2.820374,6007
143,2.840374,281,2.840374,6303
144,2.860373,281,2.860373,6028
145,2.880374,325,2.880374,5940
146,2.900374,410,2.900374,6453
147,2.920374,464,2.920374,7237
148,2.940374,496,2.940374,8131
149,2.960374,478,2.960374,7891
150,2.980374,463,2.980374,6818
151,3.000374,369,3.000374,5286
152,3.020374,326,3.020374,3783
153,3.040374,282,3.040374,2334
154,3.060374,279,3.060374,1499
155,3.080374,270,3.080374,1139
156,3.100374,227,3.100374,985
157,3.120373,219,3.120373,1170
158,3.140374,249,3.140374,1263
159,3.160374,260,3.160374,1475
160,3.180374,325,3.180374,1801
161,3.200374,353,3.200374,2381
162,3.220374,553,3.220374,3884
163,3.240374,872,3.240374,6634
164,3.260374,1290,3.260374,10714
165,3.280374,1711,3.280374,14982
166,3.300374,1982,3.300374,18157
167,3.320374,1964,3.320374,18504
168,3.340374,1749,3.340374,15524
169,3.360373,1267,3.360373,11196
170,3.380374,863,3.380374,6975
171,3.400374,556,3.400374,3722
172,3.420374,367,3.420374,1896
173,3.440374,245,3.440374,1120
174,3.460374,199,3.460374,900
175,3.480374,233,3.480374,923
176,3.500374,250,3.500374,1234
177,3.520374,287,3.520374,1714
178,3.540374,388,3.540374,2495
179,3.560374,557,3.560374,3888
180,3.580374,961,3.580374,6331
181,3.600374,1561,3.600374,10534
182,3.620373,2465,3.620373,17246
183,3.640374,3670,3.640374,26278
184,3.660374,4728,3.660374,35144
185,3.680374,5636,3.680374,40491
186,3.700374,5344,3.700374,39568
187,3.720374,4453,3.720374,33449
188,3.740374,3291,3.740374,23494
189,3.760374,1954,3.760374,14124
190,3.780374,1160,3.780374,7535
191,3.800374,548,3.800374,3664
192,3.820374,309,3.820374,1814
193,3.840374,197,3.840374,1024
194,3.860373,164,3.860373,894
195,3.880374,180,3.880374,1014
196,3.900374,246,3.900374,1267
197,3.920374,309,3.920374,1860
198,3.940374,459,3.940374,2740
199,3.960374,594,3.960374,4022
200,3.980374,772,3.980374,5251
201,4.000374,854,4.000374,6205
202,4.020374,923,4.020374,6085
203,4.040374,810,4.040374,5426
204,4.060374,606,4.060374,4373
205,4.080374,427,4.080374,2972
206,4.100374,294,4.100374,1947
207,4.120374,187,4.120374,1286
208,4.140374,156,4.140374,946
209,4.160374,129,4.160374,815
210,4.180374,99,4.180374,774
211,4.200374,99,4.200374,702
212,4.220374,108,4.220374,735
213,4.240374,91,4.240374,658
214,4.260374,88,4.260374,695
215,4.280374,77,4.280374,779
216,4.300374,100,4.300374,765
217,4.320374,100,4.320374,848
218,4.340374,114,4.340374,891
219,4.360373,158,4.360373,1093
220,4.380373,258,4.380373,1558
221,4.400373,442,4.400373,2332
222,4.420373,735,4.420373,3759
223,4.440373,1045,4.440373,5649
224,4.460373,1617,4.460373,7871
225,4.480373,2025,4.480373,9891
226,4.500374,2239,4.500374,10703
227,4.520374,2185,4.520374,10519
228,4.540374,1868,4.540374,8974
229,4.560374,1427,4.560374,6772
230,4.580374,1061,4.580374,4614
231,4.600374,745,4.600374,3212
232,4.620374,611,4.620374,2330
233,4.640374,505,4.640374,1973
234,4.660374,457,4.660374,1701
235,4.680374,397,4.680374,1533
236,4.700374,315,4.700374,1398
237,4.720374,259,4.720374,1400
238,4.740374,208,4.740374,1314
239,4.760374,227,4.760374,1384
240,4.780374,216,4.780374,1488
241,4.800374,233,4.800374,1611
242,4.820374,265,4.820374,1807
243,4.840374,330,4.840374,1961
244,4.860373,401,4.860373,2259
245,4.880373,436,4.880373,2642
246,4.900373,471,4.900373,2757
247,4.920373,583,4.920373,3037
248,4.940373,534,4.940373,2924
249,4.960373,453,4.960373,2680
250,4.980373,389,4.980373,2435
251,5.000374,273,5.000374,2037
252,5.020374,216,5.020374,1705
253,5.040374,151,5.040374,1448
254,5.060374,133,5.060374,1418
255,5.080374,88,5.080374,1388
256,5.100374,117,5.100374,1379
257,5.120374,105,5.120374,1422
258,5.140374,123,5.140374,1343
259,5.160374,132,5.160374,1433
260,5.180374,109,5.180374,1486
261,5.200374,149,5.200374,1425
262,5.220374,157,5.220374,1434
263,5.240374,149,5.240374,1457
264,5.260374,171,5.260374,1464
265,5.280374,171,5.280374,1400
266,5.300374,157,5.300374,1556
267,5.320374,166,5.320374,1602
268,5.340374,181,5.340374,1531
269,5.360373,199,5.360373,1691
270,5.380373,205,5.380373,1796
271,5.400373,220,5.400373,1852
272,5.420373,196,5.420373,1852
273,5.440373,207,5.440373,1795
274,5.460373,185,5.460373,1783
275,5.480373,166,5.480373,1719
276,5.500374,135,5.500374,1625
277,5.520374,117,5.520374,1620
278,5.540374,120,5.540374,1484
279,5.560374,103,5.560374,1589
280,5.580374,103,5.580374,1569
281,5.600374,114,5.600374,1436
282,5.620374,78,5.620374,1516
283,5.640374,85,5.640374,1492
284,5.660374,106,5.660374,1519
285,5.680374,85,5.680374,1566
286,5.700374,110,5.700374,1575
287,5.720374,128,5.720374,1623
288,5.740374,162,5.740374,1702
289,5.760374,260,5.760374,1796
290,5.780374,438,5.780374,2228
291,5.800374,639,5.800374,2803
292,5.820374,989,5.820374,3507
293,5.840374,1315,5.840374,4434
294,5.860373,1664,5.860373,5165
295,5.880373,1889,5.880373,5651
296,5.900373,1870,5.900373,5704
297,5.920373,1809,5.920373,5297
298,5.940373,1410,5.940373,4529
299,5.960373,1006,5.960373,3599
300,5.980373,743,5.980373,2972
301,6.000374,494,6.000374,2395
302,6.020374,329,6.020374,2005
303,6.040374,241,6.040374,1801
304,6.060374,199,6.060374,1756
305,6.080374,205,6.080374,1673
306,6.100374,219,6.100374,1712
307,6.120374,261,6.120374,1812
308,6.140374,272,6.140374,1791
309,6.160374,346,6.160374,1978
310,6.180374,493,6.180374,2274
311,6.200374,844,6.200374,2754
312,6.220374,1790,6.220374,4062
313,6.240374,3702,6.240374,7018
314,6.260374,7595,6.260374,13178
315,6.280374,14808,6.280374,24632
316,6.300374,25913,6.300374,42304
317,6.320374,41623,6.320374,68348
318,6.340374,59473,6.340374,97306
319,6.360373,76481,6.360373,125720
320,6.380373,87902,6.380373,145070
321,6.400373,90406,6.400373,149725
322,6.420373,83830,6.420373,139083
323,6.440373,68991,6.440373,114119
324,6.460373,50680,6.460373,84783
325,6.480373,33918,6.480373,57014
326,6.500374,20591,6.500374,34479
327,6.520374,10965,6.520374,19275
328,6.540374,5591,6.540374,10335
329,6.560374,2584,6.560374,5461
330,6.580374,1158,6.580374,3131
331,6.600374,626,6.600374,2270
332,6.620374,406,6.620374,1836
333,6.640374,285,6.640374,1769
334,6.660374,323,6.660374,1706
335,6.680374,276,6.680374,1616
336,6.700374,256,6.700374,1680
337,6.720374,236,6.720374,1656
338,6.740374,268,6.740374,1728
339,6.760374,263,6.760374,1617
340,6.780374,282,6.780374,1756
341,6.800374,334,6.800374,1844
342,6.820374,361,6.820374,1871
343,6.840374,528,6.840374,2042
344,6.860373,633,6.860373,2275
345,6.880373,895,6.880373,2664
346,6.900373,1383,6.900373,3337
347,6.920373,2202,6.920373,4629
348,6.940373,3706,6.940373,6656
349,6.960373,5535,6.960373,9461
350,6.980373,8034,6.980373,13433
351,7.000374,10576,7.000374,17384
352,7.020374,12877,7.020374,20801
353,7.040374,14256,7.040374,23195
354,7.060374,14207,7.060374,23339
355,7.080374,12873,7.080374,20826
356,7.100374,10696,7.100374,17460
357,7.120374,7833,7.120374,13187
358,7.140374,5311,7.140374,9405
359,7.160374,3182,7.160374,6238
360,7.180374,1853,7.180374,4034
361,7.200374,1023,7.200374,2629
362,7.220374,520,7.220374,1871
363,7.240374,276,7.240374,1686
364,7.260374,167,7.260374,1502
365,7.280374,112,7.280374,1455
366,7.300374,86,7.300374,1467
367,7.320374,80,7.320374,1484
368,7.340374,101,7.340374,1567
369,7.360373,123,7.360373,1609
370,7.380373,147,7.380373,1779
371,7.400373,183,7.400373,1951
372,7.420373,202,7.420373,2184
373,7.440373,242,7.440373,2254
374,7.460373,269,7.460373,2315
375,7.480373,259,7.480373,2246
376,7.500374,248,7.500374,2132
377,7.520374,200,7.520374,1993
378,7.540374,164,7.540374,1784
379,7.560374,119,7.560374,1592
380,7.580374,96,7.580374,1495
381,7.600374,62,7.600374,1334
382,7.620374,65,7.620374,1327
383,7.640374,69,7.640374,1219
384,7.660374,63,7.660374,1237
385,7.680374,53,7.680374,1292
386,7.700374,52,7.700374,1279
387,7.720374,44,7.720374,1261
388,7.740374,73,7.740374,1311
389,7.760374,57,7.760374,1259
390,7.780374,57,7.780374,1238
391,7.800374,71,7.800374,1297
392,7.820374,71,7.820374,1320
393,7.840374,80,7.840374,1304
394,7.860373,63,7.860373,1311
395,7.880373,89,7.880373,1288
396,7.900373,87,7.900373,1307
397,7.920373,132,7.920373,1300
398,7.940373,166,7.940373,1284
399,7.960373,170,7.960373,1353
400,7.980373,246,7.980373,1331
401,8.000374,284,8.000374,1362
402,8.020373,265,8.020373,1449
403,8.040374,277,8.040374,1418
404,8.060373,277,8.060373,1468
405,8.080374,228,8.080374,1557
406,8.100373,188,8.100373,1597
407,8.120374,176,8.120374,1674
408,8.140373,133,8.140373,1570
409,8.160374,114,8.160374,1680
410,8.180373,118,8.180373,1655
411,8.200374,93,8.200374,1523
412,8.220373,95,8.220373,1566
413,8.240374,115,8.240374,1537
414,8.260374,120,8.260374,1470
415,8.280374,106,8.280374,1442
416,8.300374,100,8.300374,1426
417,8.320374,112,8.320374,1361
418,8.340374,98,8.340374,1364
419,8.360373,85,8.360373,1333
420,8.380374,94,8.380374,1293
421,8.400373,86,8.400373,1289
422,8.420374,90,8.420374,1273
423,8.440373,99,8.440373,1265
424,8.460374,103,8.460374,1244
425,8.480373,153,8.480373,1253
426,8.500374,172,8.500374,1296
427,8.520373,254,8.520373,1345
428,8.540374,379,8.540374,1343
429,8.560373,480,8.560373,1369
430,8.580374,597,8.580374,1464
431,8.600373,625,8.600373,1476
432,8.620374,640,8.620374,1422
433,8.640373,668,8.640373,1517
434,8.660374,618,8.660374,1473
435,8.680373,546,8.680373,1470
436,8.700374,447,8.700374,1474
437,8.720373,311,8.720373,1364
438,8.740374,218,8.740374,1323
439,8.760374,178,8.760374,1322
440,8.780374,115,8.780374,1264
441,8.800374,118,8.800374,1299
442,8.820374,95,8.820374,1306
443,8.840374,121,8.840374,1300
444,8.860373,122,8.860373,1297
445,8.880374,120,8.880374,1296
446,8.900373,132,8.900373,1267
447,8.920374,127,8.920374,1331
448,8.940373,111,8.940373,1232
449,8.960374,93,8.960374,1274
450,8.980373,130,8.980373,1273
451,9.000374,112,9.000374,1278
452,9.020373,117,9.020373,1335
453,9.040374,112,9.040374,1226
454,9.060373,81,9.060373,1317
455,9.080374,112,9.080374,1355
456,9.100373,112,9.100373,1381
457,9.120374,136,9.120374,1287
458,9.140373,179,9.140373,1377
459,9.160374,212,9.160374,1365
460,9.180373,241,9.180373,1360
461,9.200374,256,9.200374,1375
462,9.220373,268,9.220373,1354
463,9.240374,272,9.240374,1337
464,9.260374,264,9.260374,1319
465,9.280374,241,9.280374,1367
466,9.300374,227,9.300374,1400
467,9.320374,194,9.320374,1346
468,9.340374,194,9.340374,1344
469,9.360373,175,9.360373,1357
470,9.380374,165,9.380374,1332
471,9.400373,150,9.400373,1365
472,9.420374,141,9.420374,1379
473,9.440373,183,9.440373,1299
474,9.460374,177,9.460374,1381
475,9.480373,192,9.480373,1344
476,9.500374,198,9.500374,1371
477,9.520373,176,9.520373,1324
478,9.540374,233,9.540374,1430
479,9.560373,242,9.560373,1350
480,9.580374,252,9.580374,1450
481,9.600373,248,9.600373,1364
482,9.620374,216,9.620374,1413
483,9.640373,240,9.640373,1349
484,9.660374,193,9.660374,1382
485,9.680373,194,9.680373,1376
486,9.700374,178,9.700374,1436
487,9.720373,171,9.720373,1396
488,9.740374,182,9.740374,1411
489,9.760374,189,9.760374,1363
490,9.780374,206,9.780374,1406
491,9.800374,181,9.800374,1262
492,9.820374,208,9.820374,1330
493,9.840374,190,9.840374,1348
494,9.860373,183,9.860373,1369
495,9.880374,199,9.880374,1346
496,9.900373,199,9.900373,1291
497,9.920374,207,9.920374,1385
498,9.940373,199,9.940373,1326
499,9.960374,188,9.960374,1325
500,9.980373,204,9.980373,1334
501,10.00037,195,10.00037,1375
502,10.02037,202,10.02037,1305
503,10.04037,208,10.04037,1349
504,10.06037,183,10.06037,1389
505,10.08037,235,10.08037,1378
506,10.10037,212,10.10037,1445
507,10.12037,246,10.12037,1466
508,10.14037,259,10.14037,1349
509,10.16037,261,10.16037,1382
510,10.18037,251,10.18037,1363
511,10.20037,271,10.20037,1318
512,10.22037,256,10.22037,1276
513,10.24037,253,10.24037,1310
514,10.26037,273,10.26037,1236
515,10.28037,259,10.28037,1252
516,10.30037,272,10.30037,1332
517,10.32037,247,10.32037,1283
518,10.34037,279,10.34037,1304
519,10.36037,293,10.36037,1246
520,10.38037,366,10.38037,1236
521,10.40037,353,10.40037,1284
522,10.42037,403,10.42037,1234
523,10.44037,448,10.44037,1283
524,10.46037,539,10.46037,1168
525,10.48037,542,10.48037,1289
526,10.50037,616,10.50037,1196
527,10.52037,628,10.52037,1220
528,10.54037,678,10.54037,1199
529,10.56037,621,10.56037,1235
530,10.58037,613,10.58037,1254
531,10.60037,552,10.60037,1214
532,10.62037,476,10.62037,1185
533,10.64037,432,10.64037,1147
534,10.66037,359,10.66037,1211
535,10.68037,377,10.68037,1176
536,10.70037,346,10.70037,1188
537,10.72037,359,10.72037,1222
538,10.74037,329,10.74037,1173
539,10.76037,327,10.76037,1119
540,10.78037,326,10.78037,1188
541,10.80037,340,10.80037,1236
542,10.82037,370,10.82037,1202
543,10.84037,349,10.84037,1168
544,10.86037,360,10.86037,1119
545,10.88037,360,10.88037,1208
546,10.90037,388,10.90037,1122
547,10.92037,365,10.92037,1137
548,10.94037,386,10.94037,1157
549,10.96037,426,10.96037,1146
550,10.98037,380,10.98037,1101
551,11.00037,406,11.00037,1131
552,11.02037,389,11.02037,1104
553,11.04037,385,11.04037,1081
554,11.06037,402,11.06037,1109
555,11.08037,413,11.08037,1111
556,11.10037,418,11.10037,1115
557,11.12037,429,11.12037,1047
558,11.14037,439,11.14037,1075
559,11.16037,420,11.16037,1003
560,11.18037,420,11.18037,1068
561,11.20037,473,11.20037,1087
562,11.22037,497,11.22037,1066
563,11.24037,465,11.24037,1042
564,11.26037,459,11.26037,1068
565,11.28037,454,11.28037,1041
566,11.30037,483,11.30037,1021
567,11.32037,488,11.32037,1021
568,11.34037,491,11.34037,1049
569,11.36037,482,11.36037,1008
570,11.38037,525,11.38037,944
571,11.40037,482,11.40037,955
572,11.42037,519,11.42037,999
573,11.44037,529,11.44037,1004
574,11.46037,546,11.46037,1047
575,11.48037,510,11.48037,977
576,11.50037,530,11.50037,980
577,11.52037,564,11.52037,1047
578,11.54037,578,11.54037,1013
579,11.56037,582,11.56037,975
580,11.58037,541,11.58037,928
581,11.60037,563,11.60037,945
582,11.62037,543,11.62037,907
583,11.64037,591,11.64037,991
584,11.66037,592,11.66037,914
585,11.68037,566,11.68037,974
586,11.70037,622,11.70037,929
587,11.72037,560,11.72037,942
588,11.74037,596,11.74037,912
589,11.76037,576,11.76037,908
590,11.78037,650,11.78037,930
591,11.80037,620,11.80037,885
592,11.82037,646,11.82037,966
593,11.84037,627,11.84037,912
594,11.86037,692,11.86037,886
595,11.88037,619,11.88037,879
596,11.90037,641,11.90037,904
597,11.92037,632,11.92037,873
598,11.94037,657,11.94037,838
599,11.96037,667,11.96037,861
600,11.98037,677,11.98037,858
601,12.00037,637,12.00037,882
602,12.02037,699,12.02037,826
603,12.04037,621,12.04037,811
604,12.06037,631,12.06037,851
605,12.08037,649,12.08037,759
606,12.10037,647,12.10037,821
607,12.12037,683,12.12037,808
608,12.14037,747,12.14037,785
609,12.16037,694,12.16037,854
610,12.18037,680,12.18037,812
611,12.20037,677,12.20037,833
612,12.22037,719,12.22037,780
613,12.24037,696,12.24037,825
614,12.26037,720,12.26037,786
615,12.28037,700,12.28037,794
616,12.30037,789,12.30037,806
617,12.32037,725,12.32037,800
618,12.34037,772,12.34037,772
619,12.36037,733,12.36037,764
620,12.38037,762,12.38037,734
621,12.40037,757,12.40037,756
622,12.42037,764,12.42037,736
623,12.44037,789,12.44037,752
624,12.46037,771,12.46037,702
625,12.48037,817,12.48037,717
626,12.50037,829,12.50037,715
627,12.52037,840,12.52037,726
628,12.54037,841,12.54037,705
629,12.56037,912,12.56037,638
630,12.58037,916,12.58037,658
631,12.60037,908,12.60037,686
632,12.62037,938,12.62037,696
633,12.64037,961,12.64037,700
634,12.66037,1009,12.66037,707
635,12.68037,923,12.68037,712
636,12.70037,992,12.70037,773
637,12.72037,968,12.72037,831
638,12.74037,996,12.74037,830
639,12.76037,1031,12.76037,892
640,12.78037,1013,12.78037,919
641,12.80037,988,12.80037,871
642,12.82037,1001,12.82037,945
643,12.84037,1029,12.84037,876
644,12.86037,1067,12.86037,782
645,12.88037,1040,12.88037,771
646,12.90037,1018,12.90037,763
647,12.92037,1011,12.92037,714
648,12.94037,1013,12.94037,665
649,12.96037,1003,12.96037,630
650,12.98037,1063,12.98037,581
651,13.00037,995,13.00037,595
652,13.02037,942,13.02037,527
653,13.04037,989,13.04037,522
654,13.06037,967,13.06037,547
655,13.08037,973,13.08037,543
656,13.10037,981,13.10037,543
657,13.12037,1030,13.12037,488
658,13.14037,1023,13.14037,558
659,13.16037,1104,13.16037,488
660,13.18037,1185,13.18037,484
661,13.20037,1287,13.20037,460
662,13.22037,1505,13.22037,534
663,13.24037,1762,13.24037,487
664,13.26037,2040,13.26037,514
665,13.28037,2306,13.28037,495
666,13.30037,2537,13.30037,522
667,13.32037,2821,13.32037,519
668,13.34037,2955,13.34037,531
669,13.36037,3052,13.36037,543
670,13.38037,2991,13.38037,513
671,13.40037,2875,13.40037,499
672,13.42037,2742,13.42037,509
673,13.44037,2449,13.44037,504
674,13.46037,2266,13.46037,545
675,13.48037,1916,13.48037,541
676,13.50037,1550,13.50037,509
677,13.52037,1432,13.52037,462
678,13.54037,1363,13.54037,452
679,13.56037,1261,13.56037,437
680,13.58037,1188,13.58037,425
681,13.60037,1214,13.60037,397
682,13.62037,1157,13.62037,351
683,13.64037,1132,13.64037,382
684,13.66037,1129,13.66037,343
685,13.68037,1132,13.68037,370
686,13.70037,1101,13.70037,323
687,13.72037,1167,13.72037,331
688,13.74037,1159,13.74037,322
689,13.76037,1160,13.76037,295
690,13.78037,1102,13.78037,301
691,13.80037,1183,13.80037,313
692,13.82037,1233,13.82037,281
693,13.84037,1256,13.84037,306
694,13.86037,1146,13.86037,283
695,13.88037,1241,13.88037,301
696,13.90037,1233,13.90037,268
697,13.92037,1317,13.92037,288
698,13.94037,1487,13.94037,254
699,13.96037,1602,13.96037,224
700,13.98037,1926,13.98037,250
701,14.00037,2109,14.00037,235
702,14.02037,2381,14.02037,245
703,14.04037,2789,14.04037,222
704,14.06037,3095,14.06037,235
705,14.08037,3327,14.08037,223
706,14.10037,3634,14.10037,187
707,14.12037,3645,14.12037,192
708,14.14037,3821,14.14037,200
709,14.16037,3685,14.16037,205
710,14.18037,3297,14.18037,171
711,14.20037,3043,14.20037,168
712,14.22037,2860,14.22037,154
713,14.24037,2440,14.24037,178
714,14.26037,2200,14.26037,153
715,14.28037,1959,14.28037,136
716,14.30037,1701,14.30037,135
717,14.32037,1568,14.32037,115
718,14.34037,1404,14.34037,139
719,14.36037,1344,14.36037,110
720,14.38037,1225,14.38037,106
721,14.40037,1325,14.40037,109
722,14.42037,1253,14.42037,98
723,14.44037,1319,14.44037,103
724,14.46037,1301,14.46037,107
725,14.48037,1314,14.48037,104
726,14.50037,1314,14.50037,107
727,14.52037,1299,14.52037,86
728,14.54037,1345,14.54037,77
729,14.56037,1302,14.56037,69
730,14.58037,1359,14.58037,77
731,14.60037,1358,14.60037,89
732,14.62037,1402,14.62037,60
733,14.64037,1328,14.64037,62
734,14.66037,1381,14.66037,79
735,14.68037,1443,14.68037,47
736,14.70037,1482,14.70037,40
737,14.72037,1410,14.72037,62
738,14.74037,1494,14.74037,57
739,14.76037,1584,14.76037,50
740,14.78037,1645,14.78037,27
741,14.80037,1723,14.80037,32
742,14.82037,1859,14.82037,38
743,14.84037,2006,14.84037,22
744,14.86037,2072,14.86037,29
745,14.88037,2247,14.88037,28
746,14.90037,2198,14.90037,25
747,14.92037,2286,14.92037,36
748,14.94037,2290,14.94037,24
749,14.96037,2285,14.96037,28
750,14.98037,2218,14.98037,20
751,15.00037,2091,15.00037,20
752,15.02037,2000,15.02037,15
753,15.04037,1863,15.04037,21
754,15.06037,1771,15.06037,20
755,15.08037,1753,15.08037,13
756,15.10037,1673,15.10037,16
757,15.12037,1718,15.12037,13
758,15.14037,1586,15.14037,8
759,15.16037,1539,15.16037,12
760,15.18037,1497,15.18037,7
761,15.20037,1543,15.20037,18
762,15.22037,1527,15.22037,14
763,15.24037,1494,15.24037,11
764,15.26037,1545,15.26037,15
765,15.28037,1435,15.28037,10
766,15.30037,1554,15.30037,12
767,15.32037,1567,15.32037,20
768,15.34037,1486,15.34037,18
769,15.36037,1474,15.36037,7
770,15.38037,1501,15.38037,19
771,15.40037,1576,15.40037,9
772,15.42037,1538,15.42037,24
773,15.44037,1530,15.44037,11
774,15.46037,1706,15.46037,9
775,15.48037,1613,15.48037,10
776,15.50037,1748,15.50037,7
777,15.52037,1945,15.52037,12
778,15.54037,2186,15.54037,20
779,15.56037,2443,15.56037,16
780,15.58037,2656,15.58037,16
781,15.60037,3114,15.60037,10
782,15.62037,3609,15.62037,11
783,15.64037,4072,15.64037,19
784,15.66037,4647,15.66037,13
785,15.68037,5057,15.68037,14
786,15.70037,5319,15.70037,11
787,15.72037,5647,15.72037,10
788,15.74037,5788,15.74037,13
789,15.76037,5731,15.76037,15
790,15.78037,5370,15.78037,15
791,15.80037,5212,15.80037,12
792,15.82037,4561,15.82037,18
793,15.84037,4155,15.84037,21
794,15.86037,3580,15.86037,17
795,15.88037,3097,15.88037,13
796,15.90037,2737,15.90037,14
797,15.92037,2373,15.92037,8
798,15.94037,2193,15.94037,15
799,15.96037,1914,15.96037,18
800,15.98037,1828,15.98037,17
801,16.00037,1776,16.00037,5
802,16.02037,1802,16.02037,14
803,16.04037,1746,16.04037,12
804,16.06037,1675,16.06037,11
805,16.08037,1739,16.08037,19
806,16.10037,1661,16.10037,11
807,16.12037,1624,16.12037,9
808,16.14037,1706,16.14037,17
809,16.16037,1728,16.16037,8
810,16.18037,1649,16.18037,8
811,16.20037,1621,16.20037,13
812,16.22037,1765,16.22037,11
813,16.24037,1682,16.24037,9
814,16.26037,1642,16.26037,16
815,16.28037,1684,16.28037,9
816,16.30037,1657,16.30037,9
817,16.32037,1773,16.32037,10
818,16.34037,1703,16.34037,9
819,16.36037,1592,16.36037,18
820,16.38037,1687,16.38037,10
821,16.40037,1692,16.40037,17
822,16.42037,1801,16.42037,13
823,16.44037,1823,16.44037,9
824,16.46037,1792,16.46037,20
825,16.48037,1875,16.48037,13
826,16.50037,1811,16.50037,6
827,16.52037,1923,16.52037,8
828,16.54037,1939,16.54037,7
829,16.56037,1981,16.56037,9
830,16.58037,1990,16.58037,11
831,16.60037,1912,16.60037,14
832,16.62037,1951,16.62037,11
833,16.64037,1889,16.64037,16
834,16.66037,1949,16.66037,11
835,16.68037,1837,16.68037,8
836,16.70037,1884,16.70037,8
837,16.72037,1890,16.72037,9
838,16.74037,1899,16.74037,6
839,16.76037,1883,16.76037,8
840,16.78037,1914,16.78037,8
841,16.80037,1762,16.80037,11
842,16.82037,1717,16.82037,12
843,16.84037,1786,16.84037,11
844,16.86037,1833,16.86037,4
845,16.88037,1822,16.88037,11
846,16.90037,1766,16.90037,9
847,16.92037,1819,16.92037,5
848,16.94037,1799,16.94037,5
849,16.96037,1781,16.96037,14
850,16.98037,1746,16.98037,12
851,17.00037,1805,17.00037,8
852,17.02037,1736,17.02037,13
853,17.04037,1783,17.04037,8
854,17.06037,1823,17.06037,11
855,17.08037,1860,17.08037,10
856,17.10037,1763,17.10037,13
857,17.12037,1777,17.12037,8
858,17.14037,1795,17.14037,14
859,17.16037,1778,17.16037,9
860,17.18037,1881,17.18037,5
861,17.20037,1887,17.20037,7
862,17.22037,1884,17.22037,9
863,17.24037,1888,17.24037,8
864,17.26037,1840,17.26037,9
865,17.28037,1906,17.28037,9
866,17.30037,1905,17.30037,12
867,17.32037,1830,17.32037,15
868,17.34037,1870,17.34037,15
869,17.36037,1857,17.36037,8
870,17.38037,1818,17.38037,7
871,17.40037,1864,17.40037,7
872,17.42037,1887,17.42037,6
873,17.44037,2025,17.44037,13
874,17.46037,1982,17.46037,9
875,17.48037,1994,17.48037,8
876,17.50037,2075,17.50037,11
877,17.52037,2186,17.52037,8
878,17.54037,2390,17.54037,11
879,17.56037,2273,17.56037,7
880,17.58037,2402,17.58037,10
881,17.60037,2536,17.60037,14
882,17.62037,2430,17.62037,9
883,17.64037,2570,17.64037,10
884,17.66037,2508,17.66037,5
885,17.68037,2555,17.68037,2
886,17.70037,2512,17.70037,10
887,17.72037,2478,17.72037,13
888,17.74037,2401,17.74037,5
889,17.76037,2209,17.76037,5
890,17.78037,2262,17.78037,5
891,17.80037,2195,17.80037,5
892,17.82037,2165,17.82037,3
893,17.84037,2233,17.84037,6
894,17.86037,2260,17.86037,5
895,17.88037,2241,17.88037,9
896,17.90037,2248,17.90037,8
897,17.92037,2189,17.92037,11
898,17.94037,2314,17.94037,8
899,17.96037,2316,17.96037,6
900,17.98037,2248,17.98037,7
901,18.00037,2328,18.00037,8
902,18.02037,2337,18.02037,7
903,18.04037,2336,18.04037,10
904,18.06037,2358,18.06037,9
905,18.08037,2294,18.08037,8
906,18.10037,2265,18.10037,10
907,18.12037,2403,18.12037,6
908,18.14037,2410,18.14037,5
909,18.16037,2388,18.16037,7
910,18.18037,2468,18.18037,4
911,18.20037,2413,18.20037,5
912,18.22037,2511,18.22037,7
913,18.24037,2496,18.24037,8
914,18.26037,2539,18.26037,6
915,18.28037,2559,18.28037,15
916,18.30037,2718,18.30037,11
917,18.32037,2627,18.32037,3
918,18.34037,2712,18.34037,10
919,18.36037,2805,18.36037,11
920,18.38037,2855,18.38037,5
921,18.40037,2878,18.40037,9
922,18.42037,2985,18.42037,8
923,18.44037,3044,18.44037,4
924,18.46037,3099,18.46037,6
925,18.48037,3224,18.48037,7
926,18.50037,3336,18.50037,4
927,18.52037,3427,18.52037,5
928,18.54037,3572,18.54037,7
929,18.56037,3745,18.56037,5
930,18.58037,3715,18.58037,6
931,18.60037,4020,18.60037,7
932,18.62037,4043,18.62037,7
933,18.64037,4192,18.64037,4
934,18.66037,4417,18.66037,6
935,18.68037,4721,18.68037,6
936,18.70037,4700,18.70037,8
937,18.72037,5122,18.72037,5
938,18.74037,5300,18.74037,7
939,18.76037,5510,18.76037,5
940,18.78037,5563,18.78037,7
941,18.80037,5817,18.80037,4
942,18.82037,6085,18.82037,3
943,18.84037,6309,18.84037,5
944,18.86037,6521,18.86037,4
945,18.88037,6756,18.88037,4
946,18.90037,6832,18.90037,2
947,18.92037,7016,18.92037,2
948,18.94037,7175,18.94037,6
949,18.96037,7288,18.96037,4
950,18.98037,7414,18.98037,6
951,19.00037,7630,19.00037,8
952,19.02037,7578,19.02037,4
953,19.04037,7529,19.04037,1
954,19.06037,7442,19.06037,6
955,19.08037,7731,19.08037,4
956,19.10037,7694,19.10037,4
957,19.12037,7596,19.12037,2
958,19.14037,7532,19.14037,4
959,19.16037,7318,19.16037,8
960,19.18037,7186,19.18037,8
961,19.20037,7034,19.20037,4
962,19.22037,7061,19.22037,1
963,19.24037,6781,19.24037,5
964,19.26037,6548,19.26037,9
965,19.28037,6362,19.28037,5
966,19.30037,6130,19.30037,2
967,19.32037,5979,19.32037,3
968,19.34037,5660,19.34037,4
969,19.36037,5489,19.36037,3
970,19.38037,5189,19.38037,6
971,19.40037,5005,19.40037,5
972,19.42037,4833,19.42037,7
973,19.44037,4551,19.44037,4
974,19.46037,4451,19.46037,6
975,19.48037,4184,19.48037,3
976,19.50037,4143,19.50037,4
977,19.52037,3998,19.52037,3
978,19.54037,3710,19.54037,6
979,19.56037,3519,19.56037,5
980,19.58037,3478,19.58037,2
981,19.60037,3324,19.60037,4
982,19.62037,3142,19.62037,3
983,19.64037,2919,19.64037,4
984,19.66037,2958,19.66037,4
985,19.68037,2948,19.68037,6
986,19.70037,2801,19.70037,5
987,19.72037,2686,19.72037,3
988,19.74037,2573,19.74037,6
989,19.76037,2496,19.76037,2
990,19.78037,2568,19.78037,3
991,19.80037,2506,19.80037,2
992,19.82037,2508,19.82037,5
993,19.84037,2541,19.84037,1
994,19.86037,2612,19.86037,3
995,19.88037,2672,19.88037,3
996,19.90037,2881,19.90037,3
997,19.92037,3096,19.92037,2
998,19.94037,3333,19.94037,12
999,19.96037,3614,19.96037,0
1000,19.98037,3899,19.98037,5
1001,20.00037,4216,20.00037,3
1002,20.02037,4587,20.02037,3
1003,20.04037,4984,20.04037,0
1004,20.06037,5225,20.06037,2
1005,20.08037,5568,20.08037,3
1006,20.10037,5926,20.10037,4
1007,20.12037,6034,20.12037,5
1008,20.14037,6340,20.14037,4
1009,20.16037,6405,20.16037,0
1010,20.18037,6458,20.18037,3
1011,20.20037,5945,20.20037,4
1012,20.22037,5775,20.22037,2
1013,20.24037,5324,20.24037,5
1014,20.26037,4865,20.26037,3
1015,20.28037,4478,20.28037,3
1016,20.30037,3967,20.30037,4
1017,20.32037,3531,20.32037,6
1018,20.34037,3089,20.34037,3
1019,20.36037,2773,20.36037,2
1020,20.38037,2580,20.38037,1
1021,20.40037,2337,20.40037,2
1022,20.42037,2201,20.42037,2
1023,20.44037,2060,20.44037,2
1024,20.46037,1984,20.46037,2
1025,20.48037,1993,20.48037,4
1026,20.50037,1973,20.50037,3
1027,20.52037,1964,20.52037,1
1028,20.54037,1932,20.54037,1
1029,20.56037,1951,20.56037,3
1030,20.58037,2040,20.58037,3
1031,20.60037,2009,20.60037,0
1032,20.62037,2028,20.62037,0
1033,20.64037,2068,20.64037,1
1034,20.66037,2026,20.66037,2
1035,20.68037,2011,20.68037,2
1036,20.70037,2009,20.70037,1
1037,20.72037,2068,20.72037,2
1038,20.74037,2083,20.74037,1
1039,20.76037,2056,20.76037,1
1040,20.78037,2169,20.78037,1
1041,20.80037,2214,20.80037,2
1042,20.82037,2117,20.82037,1
1043,20.84037,2219,20.84037,2
1044,20.86037,2264,20.86037,1
1045,20.88037,2208,20.88037,1
1046,20.90037,2230,20.90037,2
1047,20.92037,2342,20.92037,0
1048,20.94037,2364,20.94037,4
1049,20.96037,2397,20.96037,2
1050,20.98037,2403,20.98037,0
1051,21.00037,2522,21.00037,3
1052,21.02037,2509,21.02037,2
1053,21.04037,2544,21.04037,1
1054,21.06037,2555,21.06037,1
1055,21.08037,2620,21.08037,1
1056,21.10037,2612,21.10037,0
1057,21.12037,2667,21.12037,0
1058,21.14037,2614,21.14037,1
1059,21.16037,2815,21.16037,2
1060,21.18037,2698,21.18037,0
1061,21.20037,2693,21.20037,2
1062,21.22037,2768,21.22037,2
1063,21.24037,2766,21.24037,1
1064,21.26037,2730,21.26037,2
1065,21.28037,2807,21.28037,1
1066,21.30037,2800,21.30037,0
1067,21.32037,2822,21.32037,3
1068,21.34037,2914,21.34037,0
1069,21.36037,2770,21.36037,1
1070,21.38037,2828,21.38037,0
1071,21.40037,2831,21.40037,1
1072,21.42037,2776,21.42037,4
1073,21.44037,2749,21.44037,0
1074,21.46037,2694,21.46037,1
1075,21.48037,2795,21.48037,1
1076,21.50037,2659,21.50037,1
1077,21.52037,2679,21.52037,3
1078,21.54037,2618,21.54037,0
1079,21.56037,2620,21.56037,1
1080,21.58037,2634,21.58037,1
1081,21.60037,2577,21.60037,0
1082,21.62037,2498,21.62037,1
1083,21.64037,2478,21.64037,1
1084,21.66037,2495,21.66037,0
1085,21.68037,2423,21.68037,2
1086,21.70037,2337,21.70037,0
1087,21.72037,2381,21.72037,0
1088,21.74037,2386,21.74037,0
1089,21.76037,2360,21.76037,1
1090,21.78037,2241,21.78037,0
1091,21.80037,2231,21.80037,0
1092,21.82037,2199,21.82037,0
1093,21.84037,2108,21.84037,0
1094,21.86037,2075,21.86037,0
1095,21.88037,2124,21.88037,1
1096,21.90037,2010,21.90037,1
1097,21.92037,2089,21.92037,1
1098,21.94037,1999,21.94037,0
1099,21.96037,2020,21.96037,0
1100,21.98037,1915,21.98037,1
1101,22.00037,1988,22.00037,1
1102,22.02037,1960,22.02037,0
1103,22.04037,1910,22.04037,0
1104,22.06037,1913,22.06037,1
1105,22.08037,1758,22.08037,0
1106,22.10037,1890,22.10037,2
1107,22.12037,1802,22.12037,2
1108,22.14037,1807,22.14037,1
1109,22.16037,1841,22.16037,1
1110,22.18037,1825,22.18037,1
1111,22.20037,1787,22.20037,1
1112,22.22037,1759,22.22037,0
1113,22.24037,1723,22.24037,1
1114,22.26037,1753,22.26037,0
1115,22.28037,1782,22.28037,0
1116,22.30037,1644,22.30037,0
1117,22.32037,1675,22.32037,1
1118,22.34037,1678,22.34037,2
1119,22.36037,1712,22.36037,0
1120,22.38037,1640,22.38037,1
1121,22.40037,1692,22.40037,1
1122,22.42037,1672,22.42037,0
1123,22.44037,1694,22.44037,0
1124,22.46037,1715,22.46037,1
1125,22.48037,1730,22.48037,1
1126,22.50037,1769,22.50037,2
1127,22.52037,1828,22.52037,1
1128,22.54037,1881,22.54037,2
1129,22.56037,1885,22.56037,0
1130,22.58037,1991,22.58037,1
1131,22.60037,2106,22.60037,1
1132,22.62037,2214,22.62037,0
1133,22.64037,2286,22.64037,1
1134,22.66037,2270,22.66037,0
1135,22.68037,2397,22.68037,0
1136,22.70037,2306,22.70037,0
1137,22.72037,2232,22.72037,0
1138,22.74037,2169,22.74037,2
1139,22.76037,2233,22.76037,0
1140,22.78037,2089,22.78037,0
1141,22.80037,1975,22.80037,0
1142,22.82037,1919,22.82037,0
1143,22.84037,1783,22.84037,1
1144,22.86037,1733,22.86037,0
1145,22.88037,1661,22.88037,0
1146,22.90037,1681,22.90037,0
1147,22.92037,1600,22.92037,0
1148,22.94037,1581,22.94037,0
1149,22.96037,1616,22.96037,1
1150,22.98037,1628,22.98037,0
1151,23.00037,1613,23.00037,0
1152,23.02037,1555,23.02037,1
1153,23.04037,1615,23.04037,0
1154,23.06037,1661,23.06037,0
1155,23.08037,1500,23.08037,1
1156,23.10037,1575,23.10037,0
1157,23.12037,1639,23.12037,0
1158,23.14037,1616,23.14037,0
1159,23.16037,1592,23.16037,1
1160,23.18037,1587,23.18037,0
1161,23.20037,1655,23.20037,0
1162,23.22037,1547,23.22037,0
1163,23.24037,1519,23.24037,0
1164,23.26037,1593,23.26037,0
1165,23.28037,1524,23.28037,0
1166,23.30037,1466,23.30037,0
1167,23.32037,1510,23.32037,0
1168,23.34037,1489,23.34037,0
1169,23.36037,1450,23.36037,0
1170,23.38037,1455,23.38037,0
1171,23.40037,1445,23.40037,0
1172,23.42037,1457,23.42037,0
1173,23.44037,1458,23.44037,1
1174,23.46037,1476,23.46037,0
1175,23.48037,1445,23.48037,1
1176,23.50037,1471,23.50037,0
1177,23.52037,1453,23.52037,1
1178,23.54037,1449,23.54037,0
1179,23.56037,1462,23.56037,0
1180,23.58037,1432,23.58037,0
1181,23.60037,1452,23.60037,1
1182,23.62037,1455,23.62037,0
1183,23.64037,1441,23.64037,0
1184,23.66037,1410,23.66037,1
1185,23.68037,1459,23.68037,0
1186,23.70037,1337,23.70037,1
1187,23.72037,1452,23.72037,0
1188,23.74037,1434,23.74037,0
1189,23.76037,1450,23.76037,0
1190,23.78037,1425,23.78037,0
1191,23.80037,1386,23.80037,2
1192,23.82037,1395,23.82037,0
1193,23.84037,1454,23.84037,1
1194,23.86037,1470,23.86037,0
1195,23.88037,1370,23.88037,0
1196,23.90037,1425,23.90037,0
1197,23.92037,1367,23.92037,0
1198,23.94037,1356,23.94037,0
1199,23.96037,1431,23.96037,1
1200,23.98037,1392,23.98037,0
1201,24.00037,1411,24.00037,0
1202,24.02037,1390,24.02037,1
1203,24.04037,1406,24.04037,0
1204,24.06037,1425,24.06037,0
1205,24.08037,1381,24.08037,0
1206,24.10037,1427,24.10037,0
1207,24.12037,1400,24.12037,0
1208,24.14037,1397,24.14037,0
1209,24.16037,1420,24.16037,0
1210,24.18037,1321,24.18037,0
1211,24.20037,1313,24.20037,0
1212,24.22037,1464,24.22037,1
1213,24.24037,1399,24.24037,0
1214,24.26037,1412,24.26037,0
1215,24.28037,1342,24.28037,0
1216,24.30037,1413,24.30037,0
1217,24.32037,1368,24.32037,0
1218,24.34037,1355,24.34037,1
1219,24.36037,1328,24.36037,0
1220,24.38037,1369,24.38037,0
1221,24.40037,1275,24.40037,0
1222,24.42037,1363,24.42037,0
1223,24.44037,1376,24.44037,0
1224,24.46037,1351,24.46037,0
1225,24.48037,1394,24.48037,0
1226,24.50037,1361,24.50037,0
1227,24.52037,1289,24.52037,0
1228,24.54037,1359,24.54037,0
1229,24.56037,1360,24.56037,1
1230,24.58037,1380,24.58037,0
1231,24.60037,1309,24.60037,0
1232,24.62037,1367,24.62037,1
1233,24.64037,1376,24.64037,0
1234,24.66037,1368,24.66037,0
1235,24.68037,1297,24.68037,0
1236,24.70037,1290,24.70037,0
1237,24.72037,1351,24.72037,0
1238,24.74037,1251,24.74037,0
1239,24.76037,1306,24.76037,0
1240,24.78037,1292,24.78037,0
1241,24.80037,1280,24.80037,1
1242,24.82037,1251,24.82037,0
1243,24.84037,1343,24.84037,0
1244,24.86037,1285,24.86037,0
1245,24.88037,1358,24.88037,0
1246,24.90037,1323,24.90037,0
1247,24.92037,1358,24.92037,0
1248,24.94037,1324,24.94037,0
1249,24.96037,1349,24.96037,0
1250,24.98037,1386,24.98037,1
1251,25.00037,1422,25.00037,0
1252,25.02037,1404,25.02037,1
1253,25.04037,1343,25.04037,0
1254,25.06037,1400,25.06037,0
1255,25.08037,1428,25.08037,1
1256,25.10037,1360,25.10037,0
1257,25.12037,1367,25.12037,0
1258,25.14037,1397,25.14037,0
1259,25.16037,1396,25.16037,1
1260,25.18037,1367,25.18037,0
1261,25.20037,1397,25.20037,1
1262,25.22037,1411,25.22037,0
1263,25.24037,1434,25.24037,0
1264,25.26037,1410,25.26037,0
1265,25.28037,1327,25.28037,0
1266,25.30037,1351,25.30037,0
1267,25.32037,1378,25.32037,0
1268,25.34037,1358,25.34037,0
1269,25.36037,1379,25.36037,0
1270,25.38037,1313,25.38037,0
1271,25.40037,1334,25.40037,0
1272,25.42037,1340,25.42037,0
1273,25.44037,1323,25.44037,0
1274,25.46037,1335,25.46037,0
1275,25.48037,1243,25.48037,0
1276,25.50037,1298,25.50037,0
1277,25.52037,1308,25.52037,0
1278,25.54037,1248,25.54037,0
1279,25.56037,1323,25.56037,0
1280,25.58037,1179,25.58037,0
1281,25.60037,1280,25.60037,0
1282,25.62037,1195,25.62037,0
1283,25.64037,1231,25.64037,0
1284,25.66037,1244,25.66037,0
1285,25.68037,1314,25.68037,0
1286,25.70037,1289,25.70037,0
1287,25.72037,1251,25.72037,0
1288,25.74037,1307,25.74037,0
1289,25.76037,1195,25.76037,0
1290,25.78037,1265,25.78037,0
1291,25.80037,1233,25.80037,0
1292,25.82037,1202,25.82037,1
1293,25.84037,1221,25.84037,0
1294,25.86037,1281,25.86037,0
1295,25.88037,1193,25.88037,0
1296,25.90037,1170,25.90037,0
1297,25.92037,1201,25.92037,0
1298,25.94037,1193,25.94037,0
1299,25.96037,1159,25.96037,0
1300,25.98037,1185,25.98037,0
1301,26.00037,1158,26.00037,0
1302,26.02037,1262,26.02037,0
1303,26.04037,1148,26.04037,0
1304,26.06037,1301,26.06037,0
1305,26.08037,1147,26.08037,0
1306,26.10037,1193,26.10037,0
1307,26.12037,1210,26.12037,1
1308,26.14037,1195,26.14037,0
1309,26.16037,1294,26.16037,0
1310,26.18037,1187,26.18037,0
1311,26.20037,1146,26.20037,1
1312,26.22037,1117,26.22037,0
1313,26.24037,1154,26.24037,0
1314,26.26037,1208,26.26037,0
1315,26.28037,1250,26.28037,0
1316,26.30037,1222,26.30037,0
1317,26.32037,1183,26.32037,0
1318,26.34037,1138,26.34037,0
1319,26.36037,1111,26.36037,1
1320,26.38037,1155,26.38037,0
1321,26.40037,1154,26.40037,0
1322,26.42037,1150,26.42037,0
1323,26.44037,1097,26.44037,0
1324,26.46037,1175,26.46037,0
1325,26.48037,1080,26.48037,0
1326,26.50037,1160,26.50037,0
1327,26.52037,1110,26.52037,0
1328,26.54037,1140,26.54037,0
1329,26.56037,1168,26.56037,0
1330,26.58037,1119,26.58037,0
1331,26.60037,1140,26.60037,0
1332,26.62037,1192,26.62037,0
1333,26.64037,1147,26.64037,0
1334,26.66037,1129,26.66037,0
1335,26.68037,1151,26.68037,0
1336,26.70037,1187,26.70037,0
1337,26.72037,1103,26.72037,0
1338,26.74037,1046,26.74037,0
1339,26.76037,1117,26.76037,0
1340,26.78037,1124,26.78037,0
1341,26.80037,1128,26.80037,0
1342,26.82037,1076,26.82037,0
1343,26.84037,1111,26.84037,0
1344,26.86037,1074,26.86037,0
1345,26.88037,1102,26.88037,0
1346,26.90037,1130,26.90037,1
1347,26.92037,1124,26.92037,0
1348,26.94037,1126,26.94037,0
1349,26.96037,1085,26.96037,0
1350,26.98037,1076,26.98037,0
1351,27.00037,1136,27.00037,0
1352,27.02037,1072,27.02037,0
1353,27.04037,1112,27.04037,0
1354,27.06037,1075,27.06037,0
1355,27.08037,1094,27.08037,0
1356,27.10037,1094,27.10037,0
1357,27.12037,1061,27.12037,0
1358,27.14037,1117,27.14037,0
1359,27.16037,1046,27.16037,0
1360,27.18037,1100,27.18037,0
1361,27.20037,1053,27.20037,0
1362,27.22037,1073,27.22037,0
1363,27.24037,1060,27.24037,0
1364,27.26037,1031,27.26037,0
1365,27.28037,1060,27.28037,0
1366,27.30037,1038,27.30037,0
1367,27.32037,1029,27.32037,0
1368,27.34037,1056,27.34037,0
1369,27.36037,1056,27.36037,0
1370,27.38037,1044,27.38037,0
1371,27.40037,1035,27.40037,1
1372,27.42037,1052,27.42037,0
1373,27.44037,1072,27.44037,0
1374,27.46037,1001,27.46037,0
1375,27.48037,1019,27.48037,0
1376,27.50037,1037,27.50037,0
1377,27.52037,1087,27.52037,0
1378,27.54037,1061,27.54037,0
1379,27.56037,1002,27.56037,0
1380,27.58037,1034,27.58037,0
1381,27.60037,1080,27.60037,0
1382,27.62037,1012,27.62037,0
1383,27.64037,1047,27.64037,0
1384,27.66037,1027,27.66037,0
1385,27.68037,1006,27.68037,0
1386,27.70037,1055,27.70037,0
1387,27.72037,1003,27.72037,0
1388,27.74037,1020,27.74037,0
1389,27.76037,957,27.76037,0
1390,27.78037,1017,27.78037,0
1391,27.80037,994,27.80037,0
1392,27.82037,1016,27.82037,0
1393,27.84037,1023,27.84037,0
1394,27.86037,1025,27.86037,0
1395,27.88037,980,27.88037,0
1396,27.90037,990,27.90037,0
1397,27.92037,940,27.92037,0
1398,27.94037,1016,27.94037,0
1399,27.96037,1032,27.96037,0
1400,27.98037,914,27.98037,0
1401,28.00037,996,28.00037,0
1402,28.02037,1020,28.02037,0
1403,28.04037,979,28.04037,0
1404,28.06037,945,28.06037,0
1405,28.08037,961,28.08037,0
1406,28.10037,916,28.10037,0
1407,28.12037,873,28.12037,0
1408,28.14037,988,28.14037,0
1409,28.16037,979,28.16037,0
1410,28.18037,918,28.18037,0
1411,28.20037,973,28.20037,0
1412,28.22037,929,28.22037,0
1413,28.24037,963,28.24037,0
1414,28.26037,965,28.26037,0
1415,28.28037,981,28.28037,0
1416,28.30037,994,28.30037,0
1417,28.32037,975,28.32037,0
1418,28.34037,967,28.34037,0
1419,28.36037,931,28.36037,0
1420,28.38037,931,28.38037,0
1421,28.40037,993,28.40037,0
1422,28.42037,964,28.42037,0
1423,28.44037,966,28.44037,0
1424,28.46037,938,28.46037,0
1425,28.48037,964,28.48037,0
1426,28.50037,944,28.50037,0
1427,28.52037,960,28.52037,0
1428,28.54037,966,28.54037,0
1429,28.56037,916,28.56037,0
1430,28.58037,944,28.58037,0
1431,28.60037,925,28.60037,0
1432,28.62037,880,28.62037,0
1433,28.64037,909,28.64037,0
1434,28.66037,883,28.66037,0
1435,28.68037,888,28.68037,0
1436,28.70037,912,28.70037,0
1437,28.72037,921,28.72037,0
1438,28.74037,828,28.74037,0
1439,28.76037,897,28.76037,0
1440,28.78037,900,28.78037,0
1441,28.80037,903,28.80037,0
1442,28.82037,898,28.82037,0
1443,28.84037,888,28.84037,0
1444,28.86037,887,28.86037,0
1445,28.88037,857,28.88037,0
1446,28.90037,874,28.90037,0
1447,28.92037,859,28.92037,0
1448,28.94037,879,28.94037,0
1449,28.96037,825,28.96037,0
1450,28.98037,850,28.98037,0
1451,29.00037,883,29.00037,0
1452,29.02037,865,29.02037,0
1453,29.04037,892,29.04037,0
1454,29.06037,886,29.06037,0
1455,29.08037,862,29.08037,0
1456,29.10037,880,29.10037,0
1457,29.12037,854,29.12037,0
1458,29.14037,856,29.14037,0
1459,29.16037,819,29.16037,0
1460,29.18037,830,29.18037,0
1461,29.20037,840,29.20037,0
1462,29.22037,863,29.22037,0
1463,29.24037,901,29.24037,0
1464,29.26037,809,29.26037,0
1465,29.28037,816,29.28037,0
1466,29.30037,846,29.30037,0
1467,29.32037,838,29.32037,0
1468,29.34037,813,29.34037,0
1469,29.36037,791,29.36037,0
1470,29.38037,865,29.38037,0
1471,29.40037,829,29.40037,0
1472,29.42037,778,29.42037,0
1473,29.44037,774,29.44037,0
1474,29.46037,820,29.46037,0
1475,29.48037,758,29.48037,0
1476,29.50037,838,29.50037,0
1477,29.52037,811,29.52037,0
1478,29.54037,782,29.54037,0
1479,29.56037,805,29.56037,0
1480,29.58037,798,29.58037,0
1481,29.60037,813,29.60037,0
1482,29.62037,755,29.62037,0
1483,29.64037,769,29.64037,0
1484,29.66037,741,29.66037,0
1485,29.68037,787,29.68037,0
1486,29.70037,806,29.70037,0
1487,29.72037,772,29.72037,0
1488,29.74037,806,29.74037,0
1489,29.76037,748,29.76037,0
1490,29.78037,787,29.78037,0
1491,29.80037,822,29.80037,0
1492,29.82037,727,29.82037,0
1493,29.84037,751,29.84037,0
1494,29.86037,758,29.86037,0
1495,29.88037,742,29.88037,0
1496,29.90037,741,29.90037,0
1497,29.92037,743,29.92037,0
1498,29.94037,783,29.94037,0
1499,29.96037,754,29.96037,0
1500,29.98037,780,29.98037,0
1501,30.00037,720,30.00037,0
1502,30.02037,743,30.02037,0
1503,30.04037,698,30.04037,0
1504,30.06037,736,30.06037,0
1505,30.08037,729,30.08037,0
1506,30.10037,759,30.10037,0
1507,30.12037,723,30.12037,0
1508,30.14037,772,30.14037,0
1509,30.16037,709,30.16037,0
1510,30.18037,753,30.18037,0
1511,30.20037,681,30.20037,0
1512,30.22037,713,30.22037,0
1513,30.24037,733,30.24037,0
1514,30.26037,702,30.26037,0
1515,30.28037,754,30.28037,0
1516,30.30037,761,30.30037,0
1517,30.32037,681,30.32037,0
1518,30.34037,733,30.34037,0
1519,30.36037,710,30.36037,0
1520,30.38037,716,30.38037,0
1521,30.40037,681,30.40037,0
1522,30.42037,668,30.42037,0
1523,30.44037,674,30.44037,0
1524,30.46037,750,30.46037,0
1525,30.48037,701,30.48037,0
1526,30.50037,696,30.50037,0
1527,30.52037,702,30.52037,0
1528,30.54037,683,30.54037,0
1529,30.56037,654,30.56037,0
1530,30.58037,722,30.58037,0
1531,30.60037,710,30.60037,0
1532,30.62037,660,30.62037,0
1533,30.64037,653,30.64037,0
1534,30.66037,697,30.66037,0
1535,30.68037,636,30.68037,0
1536,30.70037,690,30.70037,0
1537,30.72037,706,30.72037,0
1538,30.74037,632,30.74037,0
1539,30.76037,654,30.76037,0
1540,30.78037,632,30.78037,0
1541,30.80037,671,30.80037,0
1542,30.82037,689,30.82037,0
1543,30.84037,616,30.84037,0
1544,30.86037,635,30.86037,0
1545,30.88037,679,30.88037,0
1546,30.90037,632,30.90037,0
1547,30.92037,696,30.92037,0
1548,30.94037,644,30.94037,0
1549,30.96037,657,30.96037,0
1550,30.98037,634,30.98037,0
1551,31.00037,615,31.00037,0
1552,31.02037,609,31.02037,0
1553,31.04037,609,31.04037,0
1554,31.06037,664,31.06037,0
1555,31.08037,634,31.08037,0
1556,31.10037,594,31.10037,0
1557,31.12037,638,31.12037,0
1558,31.14037,636,31.14037,0
1559,31.16037,622,31.16037,0
1560,31.18037,622,31.18037,0
1561,31.20037,641,31.20037,0
1562,31.22037,635,31.22037,0
1563,31.24037,621,31.24037,0
1564,31.26037,585,31.26037,0
1565,31.28037,596,31.28037,0
1566,31.30037,561,31.30037,0
1567,31.32037,633,31.32037,0
1568,31.34037,573,31.34037,1
1569,31.36037,597,31.36037,0
1570,31.38037,593,31.38037,0
1571,31.40037,634,31.40037,0
1572,31.42037,608,31.42037,0
1573,31.44037,562,31.44037,0
1574,31.46037,617,31.46037,0
1575,31.48037,596,31.48037,0
1576,31.50037,567,31.50037,0
1577,31.52037,539,31.52037,0
1578,31.54037,546,31.54037,0
1579,31.56037,568,31.56037,0
1580,31.58037,551,31.58037,0
1581,31.60037,611,31.60037,0
1582,31.62037,571,31.62037,0
1583,31.64037,539,31.64037,0
1584,31.66037,571,31.66037,0
1585,31.68037,582,31.68037,0
1586,31.70037,563,31.70037,0
1587,31.72037,545,31.72037,0
1588,31.74037,628,31.74037,0
1589,31.76037,586,31.76037,0
1590,31.78037,533,31.78037,0
1591,31.80037,592,31.80037,0
1592,31.82037,542,31.82037,0
1593,31.84037,538,31.84037,0
1594,31.86037,565,31.86037,0
1595,31.88037,583,31.88037,0
1596,31.90037,538,31.90037,0
1597,31.92037,502,31.92037,0
1598,31.94037,545,31.94037,0
1599,31.96037,522,31.96037,0
1600,31.98037,535,31.98037,0
1601,32.00037,526,32.00037,0
1602,32.02037,529,32.02037,0
1603,32.04037,526,32.04037,0
1604,32.06038,528,32.06038,0
1605,32.08037,533,32.08037,0
1606,32.10037,563,32.10037,0
1607,32.12037,553,32.12037,0
1608,32.14037,549,32.14037,0
1609,32.16037,521,32.16037,0
1610,32.18037,535,32.18037,0
1611,32.20037,529,32.20037,0
1612,32.22038,512,32.22038,0
1613,32.24037,517,32.24037,0
1614,32.26037,530,32.26037,0
1615,32.28037,505,32.28037,0
1616,32.30037,474,32.30037,0
1617,32.32037,499,32.32037,0
1618,32.34037,511,32.34037,0
1619,32.36037,485,32.36037,0
1620,32.38037,486,32.38037,0
1621,32.40038,497,32.40038,0
1622,32.42037,450,32.42037,0
1623,32.44037,459,32.44037,0
1624,32.46037,473,32.46037,0
1625,32.48037,497,32.48037,0
1626,32.50037,442,32.50037,0
1627,32.52037,402,32.52037,0
1628,32.54037,430,32.54037,0
1629,32.56038,404,32.56038,0
1630,32.58037,422,32.58037,0
1631,32.60037,404,32.60037,0
1632,32.62037,440,32.62037,0
1633,32.64037,454,32.64037,0
1634,32.66037,440,32.66037,0
1635,32.68037,433,32.68037,0
1636,32.70037,466,32.70037,0
1637,32.72038,438,32.72038,0
1638,32.74037,426,32.74037,0
1639,32.76037,421,32.76037,0
1640,32.78037,409,32.78037,0
1641,32.80037,398,32.80037,0
1642,32.82037,399,32.82037,0
1643,32.84037,404,32.84037,0
1644,32.86037,447,32.86037,0
1645,32.88037,396,32.88037,0
1646,32.90038,381,32.90038,0
1647,32.92037,430,32.92037,0
1648,32.94037,423,32.94037,0
1649,32.96037,384,32.96037,0
1650,32.98037,406,32.98037,0
1651,33.00037,369,33.00037,0
1652,33.02037,370,33.02037,0
1653,33.04037,400,33.04037,0
1654,33.06038,381,33.06038,0
1655,33.08037,355,33.08037,0
1656,33.10037,400,33.10037,0
1657,33.12037,365,33.12037,0
1658,33.14037,370,33.14037,0
1659,33.16037,374,33.16037,0
1660,33.18037,395,33.18037,0
1661,33.20037,365,33.20037,0
1662,33.22038,389,33.22038,0
1663,33.24037,396,33.24037,0
1664,33.26037,339,33.26037,0
1665,33.28037,361,33.28037,0
1666,33.30037,378,33.30037,0
1667,33.32037,358,33.32037,0
1668,33.34037,337,33.34037,0
1669,33.36037,315,33.36037,0
1670,33.38037,318,33.38037,0
1671,33.40038,381,33.40038,0
1672,33.42037,343,33.42037,0
1673,33.44037,360,33.44037,0
1674,33.46037,344,33.46037,0
1675,33.48037,323,33.48037,0
1676,33.50037,331,33.50037,0
1677,33.52037,310,33.52037,0
1678,33.54037,311,33.54037,0
1679,33.56038,358,33.56038,0
1680,33.58037,286,33.58037,0
1681,33.60037,313,33.60037,0
1682,33.62037,308,33.62037,0
1683,33.64037,289,33.64037,0
1684,33.66037,256,33.66037,0
1685,33.68037,311,33.68037,0
1686,33.70037,338,33.70037,0
1687,33.72038,264,33.72038,0
1688,33.74037,271,33.74037,0
1689,33.76037,306,33.76037,0
1690,33.78037,302,33.78037,0
1691,33.80037,262,33.80037,0
1692,33.82037,280,33.82037,0
1693,33.84037,302,33.84037,0
1694,33.86037,272,33.86037,0
1695,33.88037,255,33.88037,0
1696,33.90038,250,33.90038,0
1697,33.92037,287,33.92037,0
1698,33.94037,280,33.94037,0
1699,33.96037,257,33.96037,0
1700,33.98037,266,33.98037,0
1701,34.00037,262,34.00037,0
1702,34.02037,270,34.02037,0
1703,34.04037,229,34.04037,0
1704,34.06038,253,34.06038,0
1705,34.08037,251,34.08037,0
1706,34.10037,269,34.10037,0
1707,34.12037,273,34.12037,0
1708,34.14037,263,34.14037,0
1709,34.16037,250,34.16037,0
1710,34.18037,240,34.18037,0
1711,34.20037,223,34.20037,0
1712,34.22038,243,34.22038,0
1713,34.24037,229,34.24037,0
1714,34.26037,217,34.26037,0
1715,34.28037,217,34.28037,0
1716,34.30037,218,34.30037,0
1717,34.32037,210,34.32037,0
1718,34.34037,231,34.34037,0
1719,34.36037,212,34.36037,0
1720,34.38037,200,34.38037,0
1721,34.40038,213,34.40038,0
1722,34.42037,215,34.42037,0
1723,34.44037,212,34.44037,0
1724,34.46037,216,34.46037,0
1725,34.48037,189,34.48037,0
1726,34.50037,208,34.50037,0
1727,34.52037,199,34.52037,0
1728,34.54037,189,34.54037,0
1729,34.56038,188,34.56038,0
1730,34.58037,185,34.58037,0
1731,34.60037,181,34.60037,0
1732,34.62037,172,34.62037,0
1733,34.64037,177,34.64037,0
1734,34.66037,159,34.66037,0
1735,34.68037,171,34.68037,0
1736,34.70037,179,34.70037,0
1737,34.72038,172,34.72038,0
1738,34.74037,159,34.74037,0
1739,34.76037,167,34.76037,0
1740,34.78037,147,34.78037,0
1741,34.80037,169,34.80037,0
1742,34.82037,156,34.82037,0
1743,34.84037,143,34.84037,0
1744,34.86037,148,34.86037,0
1745,34.88037,148,34.88037,0
1746,34.90038,166,34.90038,0
1747,34.92037,153,34.92037,0
1748,34.94037,174,34.94037,0
1749,34.96037,151,34.96037,0
1750,34.98037,120,34.98037,0
1751,35.00037,139,35.00037,0
1752,35.02037,130,35.02037,0
1753,35.04037,124,35.04037,0
1754,35.06038,152,35.06038,0
1755,35.08037,147,35.08037,0
1756,35.10037,113,35.10037,0
1757,35.12037,124,35.12037,0
1758,35.14037,125,35.14037,0
1759,35.16037,117,35.16037,0
1760,35.18037,126,35.18037,0
1761,35.20037,117,35.20037,0
1762,35.22038,105,35.22038,0
1763,35.24037,114,35.24037,0
1764,35.26037,93,35.26037,0
1765,35.28037,109,35.28037,0
1766,35.30037,109,35.30037,0
1767,35.32037,95,35.32037,0
1768,35.34037,119,35.34037,0
1769,35.36037,87,35.36037,0
1770,35.38037,79,35.38037,0
1771,35.40038,89,35.40038,0
1772,35.42037,95,35.42037,0
1773,35.44037,78,35.44037,0
1774,35.46037,93,35.46037,0
1775,35.48037,83,35.48037,0
1776,35.50037,99,35.50037,0
1777,35.52037,82,35.52037,0
1778,35.54037,94,35.54037,0
1779,35.56038,71,35.56038,0
1780,35.58037,82,35.58037,0
1781,35.60037,49,35.60037,0
1782,35.62037,85,35.62037,0
1783,35.64037,84,35.64037,0
1784,35.66037,71,35.66037,0
1785,35.68037,58,35.68037,0
1786,35.70037,63,35.70037,0
1787,35.72038,69,35.72038,0
1788,35.74037,82,35.74037,0
1789,35.76037,68,35.76037,0
1790,35.78037,55,35.78037,0
1791,35.80037,69,35.80037,0
1792,35.82037,74,35.82037,0
1793,35.84037,56,35.84037,0
1794,35.86037,52,35.86037,0
1795,35.88037,61,35.88037,0
1796,35.90038,62,35.90038,0
1797,35.92037,71,35.92037,0
1798,35.94037,48,35.94037,0
1799,35.96037,53,35.96037,0
1800,35.98037,52,35.98037,0
1801,36.00037,55,36.00037,0
1802,36.02037,50,36.02037,0
1803,36.04037,44,36.04037,0
1804,36.06038,45,36.06038,0
1805,36.08037,83,36.08037,0
1806,36.10037,51,36.10037,0
1807,36.12037,51,36.12037,0
1808,36.14037,53,36.14037,0
1809,36.16037,63,36.16037,0
1810,36.18037,50,36.18037,0
1811,36.20037,40,36.20037,0
1812,36.22038,46,36.22038,0
1813,36.24037,51,36.24037,0
1814,36.26037,64,36.26037,0
1815,36.28037,57,36.28037,0
1816,36.30037,59,36.30037,0
1817,36.32037,47,36.32037,0
1818,36.34037,66,36.34037,0
1819,36.36037,53,36.36037,0
1820,36.38037,44,36.38037,0
1821,36.40038,53,36.40038,0
1822,36.42037,49,36.42037,0
1823,36.44037,57,36.44037,0
1824,36.46037,43,36.46037,0
1825,36.48037,53,36.48037,0
1826,36.50037,41,36.50037,0
1827,36.52037,44,36.52037,0
1828,36.54037,50,36.54037,0
1829,36.56038,48,36.56038,0
1830,36.58037,42,36.58037,0
1831,36.60037,28,36.60037,0
1832,36.62037,35,36.62037,0
1833,36.64037,31,36.64037,0
1834,36.66037,29,36.66037,0
1835,36.68037,37,36.68037,0
1836,36.70037,32,36.70037,0
1837,36.72038,32,36.72038,0
1838,36.74037,33,36.74037,0
1839,36.76037,39,36.76037,0
1840,36.78037,38,36.78037,0
1841,36.80037,25,36.80037,0
1842,36.82037,30,36.82037,0
1843,36.84037,40,36.84037,0
1844,36.86037,28,36.86037,0
1845,36.88037,24,36.88037,0
1846,36.90038,28,36.90038,0
1847,36.92037,28,36.92037,0
1848,36.94037,35,36.94037,0
1849,36.96037,30,36.96037,0
1850,36.98037,36,36.98037,0
1851,37.00037,27,37.00037,0
1852,37.02037,20,37.02037,0
1853,37.04037,24,37.04037,0
1854,37.06038,36,37.06038,0
1855,37.08037,24,37.08037,0
1856,37.10037,27,37.10037,0
1857,37.12037,18,37.12037,0
1858,37.14037,29,37.14037,0
1859,37.16037,30,37.16037,0
1860,37.18037,26,37.18037,0
1861,37.20037,32,37.20037,0
1862,37.22038,23,37.22038,0
1863,37.24037,26,37.24037,0
1864,37.26037,30,37.26037,0
1865,37.28037,27,37.28037,0
1866,37.30037,24,37.30037,0
1867,37.32037,18,37.32037,0
1868,37.34037,30,37.34037,0
1869,37.36037,18,37.36037,0
1870,37.38037,23,37.38037,0
1871,37.40038,23,37.40038,0
1872,37.42037,20,37.42037,0
1873,37.44037,33,37.44037,0
1874,37.46037,20,37.46037,0
1875,37.48037,20,37.48037,0
1876,37.50037,24,37.50037,0
1877,37.52037,23,37.52037,0
1878,37.54037,20,37.54037,0
1879,37.56038,18,37.56038,0
1880,37.58037,30,37.58037,0
1881,37.60037,22,37.60037,0
1882,37.62037,25,37.62037,0
1883,37.64037,15,37.64037,0
1884,37.66037,23,37.66037,0
1885,37.68037,25,37.68037,0
1886,37.70037,18,37.70037,0
1887,37.72038,30,37.72038,0
1888,37.74037,14,37.74037,0
1889,37.76037,17,37.76037,0
1890,37.78037,27,37.78037,0
1891,37.80037,21,37.80037,0
1892,37.82037,19,37.82037,0
1893,37.84037,19,37.84037,0
1894,37.86037,24,37.86037,0
1895,37.88037,20,37.88037,0
1896,37.90038,16,37.90038,0
1897,37.92037,14,37.92037,0
1898,37.94037,20,37.94037,0
1899,37.96037,19,37.96037,0
1900,37.98037,26,37.98037,0
1901,38.00037,12,38.00037,0
1902,38.02037,21,38.02037,0
1903,38.04037,19,38.04037,0
1904,38.06038,12,38.06038,0
1905,38.08037,13,38.08037,0
1906,38.10037,17,38.10037,0
1907,38.12037,17,38.12037,0
1908,38.14037,26,38.14037,0
1909,38.16037,22,38.16037,0
1910,38.18037,18,38.18037,0
1911,38.20037,27,38.20037,0
1912,38.22038,18,38.22038,0
1913,38.24037,26,38.24037,0
1914,38.26037,14,38.26037,0
1915,38.28037,20,38.28037,0
1916,38.30037,10,38.30037,0
1917,38.32037,15,38.32037,0
1918,38.34037,16,38.34037,0
1919,38.36037,19,38.36037,0
1920,38.38037,15,38.38037,0
1921,38.40038,20,38.40038,0
1922,38.42037,11,38.42037,0
1923,38.44037,20,38.44037,0
1924,38.46037,19,38.46037,0
1925,38.48037,26,38.48037,0
1926,38.50037,28,38.50037,0
1927,38.52037,13,38.52037,0
1928,38.54037,17,38.54037,0
1929,38.56038,14,38.56038,0
1930,38.58037,14,38.58037,0
1931,38.60037,23,38.60037,0
1932,38.62037,9,38.62037,0
1933,38.64037,20,38.64037,0
1934,38.66037,16,38.66037,0
1935,38.68037,17,38.68037,0
1936,38.70037,13,38.70037,0
1937,38.72038,19,38.72038,0
1938,38.74037,9,38.74037,0
1939,38.76037,21,38.76037,0
1940,38.78037,13,38.78037,0
1941,38.80037,15,38.80037,0
1942,38.82037,7,38.82037,0
1943,38.84037,23,38.84037,0
1944,38.86037,11,38.86037,0
1945,38.88037,14,38.88037,0
1946,38.90038,15,38.90038,0
1947,38.92037,11,38.92037,0
1948,38.94037,21,38.94037,0
1949,38.96037,16,38.96037,0
1950,38.98037,11,38.98037,0
1951,39.00037,16,39.00037,0
1952,39.02037,13,39.02037,0
1953,39.04037,12,39.04037,0
1954,39.06038,13,39.06038,0
1955,39.08037,14,39.08037,0
1956,39.10037,12,39.10037,0
1957,39.12037,10,39.12037,0
1958,39.14037,19,39.14037,0
1959,39.16037,17,39.16037,0
1960,39.18037,5,39.18037,0
1961,39.20037,13,39.20037,0
1962,39.22038,10,39.22038,0
1963,39.24037,14,39.24037,0
1964,39.26037,19,39.26037,0
1965,39.28037,14,39.28037,0
1966,39.30037,8,39.30037,0
1967,39.32037,9,39.32037,0
1968,39.34037,6,39.34037,0
1969,39.36037,14,39.36037,0
1970,39.38037,18,39.38037,0
1971,39.40038,10,39.40038,0
1972,39.42037,9,39.42037,0
1973,39.44037,10,39.44037,0
1974,39.46037,10,39.46037,0
1975,39.48037,10,39.48037,0
1976,39.50037,11,39.50037,0
1977,39.52037,5,39.52037,0
1978,39.54037,11,39.54037,0
1979,39.56038,14,39.56038,0
1980,39.58037,12,39.58037,0
1981,39.60037,12,39.60037,0
1982,39.62037,6,39.62037,0
1983,39.64037,5,39.64037,0
1984,39.66037,11,39.66037,0
1985,39.68037,11,39.68037,0
1986,39.70037,9,39.70037,0
1987,39.72038,10,39.72038,0
1988,39.74037,15,39.74037,0
1989,39.76037,11,39.76037,0
1990,39.78037,5,39.78037,0
1991,39.80037,8,39.80037,0
1992,39.82037,9,39.82037,0
1993,39.84037,7,39.84037,0
1994,39.86037,7,39.86037,0
1995,39.88037,5,39.88037,0
1996,39.90038,13,39.90038,0
1997,39.92037,9,39.92037,0
1998,39.94037,10,39.94037,0
1999,39.96037,6,39.96037,0
2000,39.98037,13,39.98037,0
2001,40.00037,2,40.00037,0
2002,40.02037,5,40.02037,0
2003,40.04037,10,40.04037,0
2004,40.06038,7,40.06038,0
2005,40.08037,5,40.08037,0
2006,40.10037,13,40.10037,0
2007,40.12037,5,40.12037,0
2008,40.14037,3,40.14037,0
2009,40.16037,4,40.16037,0
2010,40.18037,9,40.18037,0
2011,40.20037,12,40.20037,0
2012,40.22038,6,40.22038,0
2013,40.24037,12,40.24037,0
2014,40.26037,16,40.26037,0
2015,40.28037,7,40.28037,0
2016,40.30037,6,40.30037,0
2017,40.32037,5,40.32037,0
2018,40.34037,17,40.34037,0
2019,40.36037,5,40.36037,0
2020,40.38037,11,40.38037,0
2021,40.40038,6,40.40038,0
2022,40.42037,3,40.42037,0
2023,40.44037,4,40.44037,0
2024,40.46037,10,40.46037,0
2025,40.48037,6,40.48037,0
2026,40.50037,11,40.50037,0
2027,40.52037,10,40.52037,0
2028,40.54037,10,40.54037,0
2029,40.56038,5,40.56038,0
2030,40.58037,7,40.58037,0
2031,40.60037,5,40.60037,0
2032,40.62037,10,40.62037,0
2033,40.64037,6,40.64037,0
2034,40.66037,12,40.66037,0
2035,40.68037,17,40.68037,0
2036,40.70037,6,40.70037,0
2037,40.72038,5,40.72038,0
2038,40.74037,5,40.74037,0
2039,40.76037,9,40.76037,0
2040,40.78037,4,40.78037,0
2041,40.80037,8,40.80037,0
2042,40.82037,6,40.82037,0
2043,40.84037,8,40.84037,0
2044,40.86037,8,40.86037,0
2045,40.88037,6,40.88037,0
2046,40.90038,10,40.90038,0
2047,40.92037,11,40.92037,0
2048,40.94037,5,40.94037,0
