Bruker AXS HMP Instrument Tools Complete CSV
FileName,C:\MeinZeugs\Uni\Publikationen\2025\MeIn pXRF\DAQ\Device_monitoring_sample_element_precision_Schauer\data_raw\Example_LOD\04519-Mudrock Dual.pdz
SerialString,SG2-6390
TubeTargetElement,45
NumberOfSpectra,2
SampleID,
AcquisitionDateTime,4/28/2025 6:47:14 PM
TotalElapsedTimeInSeconds,120
AnodeTakeOffAngle,45
SampleIncidenceAngle,45
BeThicknessInMicroMeters,125
SampleTakeOffAngle,65
SpotSizeUsed,8
NumberOfUserCustomFields,5
UserCustomFieldHeader,FieldName,FieldValue
UserCustomField,Operator,Supervisor
UserCustomField,Material,Standard
UserCustomField,ID,
UserCustomField,Probe,SiO2
UserCustomField,Projekt,ESPRIT
AnalysisMode,32
AnalysisType,1
UsedAutoCalSelect,False
ResultUnits,PPM
ErrorMultiplier,2
CalFileName,MudrockDual
CalPackageName,
CalPackagePartNumber,
TypeStandardizationSetName,
NumberOfElementsInCalculatedResults,27
CalculatedResults:AtomicNum,ElementSymbol,Units,Value,TypeStandardizedValue,Error,RangeMin,RangeMax,Tramp,Nominal
12,Mg,PPM,0.2476723,0.2476723,0.03799388,0,0,False,False
13,Al,PPM,0,0,0.009766317,0,0,False,False
14,Si,PPM,27.48179,27.48179,0.04028489,0,0,False,False
15,P,PPM,0.009126062,0.009126062,0.002182525,0,0,False,False
16,S,PPM,0.05951339,0.05951339,0.001776531,0,0,False,False
19,K,PPM,0,0,0.0009073972,0,0,False,False
20,Ca,PPM,0,0,0.0006539704,0,0,False,False
22,Ti,PPM,0.005342764,0.005342764,0.0005552147,0,0,False,False
23,V,PPM,0.001722131,0.001722131,0.0004208352,0,0,False,False
24,Cr,PPM,0.003742751,0.003742751,0.0003038119,0,0,False,False
25,Mn,PPM,0.006176971,0.006176971,0.0003808762,0,0,False,False
26,Fe,PPM,0.01498134,0.01498134,0.0005761713,0,0,False,False
27,Co,PPM,0,0,1.026767E-05,0,0,False,False
28,Ni,PPM,0.0002983583,0.0002983583,7.556795E-05,0,0,False,False
29,Cu,PPM,0.001280086,0.001280086,8.757139E-05,0,0,False,False
30,Zn,PPM,0,0,7.010746E-05,0,0,False,False
33,As,PPM,0,0,7.187684E-05,0,0,False,False
37,Rb,PPM,8.785126E-05,8.785126E-05,8.617755E-05,0,0,False,False
38,Sr,PPM,0,0,7.97044E-05,0,0,False,False
39,Y,PPM,0.000133721,0.000133721,8.773783E-05,0,0,False,False
40,Zr,PPM,0,0,9.184069E-05,0,0,False,False
41,Nb,PPM,0,0,0.0001015097,0,0,False,False
42,Mo,PPM,9.874942E-05,9.874942E-05,0.0001132287,0,0,False,False
56,Ba,PPM,0.00819853,0.00819853,0.005845763,0,0,False,False
82,Pb,PPM,0,0,0.0001627126,0,0,False,False
90,Th,PPM,0,0,2.133364E-05,0,0,False,False
92,U,PPM,0.0002482886,0.0002482886,0.0002512635,0,0,False,False
MatchSpreadThreshold,0.05
IsTrampEnabled,False
IsNominalEnabled,False
NumberOfGradeIDMatchResults,3
GradeIDMatchResultsHeader,GradeID,MatchConfidence
GradeIDMatchResult,,0
GradeIDMatchResult,,0
GradeIDMatchResult,,0
ParametersForEachSpectrum,Spectrum 1,,Spectrum 2,
XrayVoltageInkV,40,,15,
XrayFilamentCurrentInMicroAmps,38.85,,27.9,
RawCounts,2737987,,1886381,
ValidCounts,2226783,,1610189,
eVPerChannel,20,,20,
StartingKeV,0.0002285075,,0.0002285075,
ZeroOffsetInKeV,-0.0002285075,,-0.0002285075,
StartingChannel,0.01142538,,0.01142538,
NumberOfChannels,2048,,2048,
CountsPerSecond,54335.91,,34051.43,
XilinxFirmwareVersion,,,,
IlluminationID,MudRock Trace40,,MudRock Maj15,
Filter1ElementAtomicNum,22,,0,
Filter1Thickness,25,,0,
Filter2ElementAtomicNum,13,,0,
Filter2Thickness,300,,0,
Filter3ElementAtomicNum,0,,0,
Filter3Thickness,0,,0,
AcquisitionDateTime,4/28/2025 6:47:14 PM,,4/28/2025 6:47:14 PM,
LiveTimeInSeconds,44.15199,,51.38501,
DeadTimeInSeconds,6.238003,,4.013,
ResetTimeInSeconds,5.937999,,0.9069994,
DetectorTempInC,-27,,-27,
AmbientTempInF,129.1,,129.1,
NosePressureInMilliBars,1001,,1001,
NoseTemperatureInC,47,,47,
ActiveTimeInSeconds,50.39001,,55.39801,
PacketTimeInSeconds,56.32801,,56.305,
CommunicationTimeInSeconds,,,,
ElapsedClockTimeInSeconds,60,,60,
Spectrum:ChannelNumber,ChannelStartInKeV,ChannelCount,ChannelStartInKeV,ChannelCount
1,0.0002285075,0,0.0002285075,0
2,0.02022851,0,0.02022851,0
3,0.04022851,0,0.04022851,0
4,0.06022851,0,0.06022851,0
5,0.08022851,0,0.08022851,0
6,0.1002285,0,0.1002285,0
7,0.1202285,0,0.1202285,0
8,0.1402285,0,0.1402285,0
9,0.1602285,0,0.1602285,0
10,0.1802285,0,0.1802285,0
11,0.2002285,0,0.2002285,0
12,0.2202285,0,0.2202285,0
13,0.2402285,0,0.2402285,0
14,0.2602285,0,0.2602285,0
15,0.2802285,10,0.2802285,6
16,0.3002285,112,0.3002285,94
17,0.3202285,750,0.3202285,638
18,0.3402285,2776,0.3402285,3023
19,0.3602285,7101,0.3602285,8159
20,0.3802285,11269,0.3802285,13809
21,0.4002285,11297,0.4002285,13803
22,0.4202285,6958,0.4202285,8045
23,0.4402285,2697,0.4402285,2798
24,0.4602285,647,0.4602285,619
25,0.4802285,108,0.4802285,94
26,0.5002285,12,0.5002285,8
27,0.5202285,3,0.5202285,0
28,0.5402285,2,0.5402285,3
29,0.5602285,2,0.5602285,0
30,0.5802285,6,0.5802285,1
31,0.6002285,1,0.6002285,2
32,0.6202285,3,0.6202285,2
33,0.6402285,2,0.6402285,1
34,0.6602285,2,0.6602285,0
35,0.6802285,749,0.6802285,62
36,0.7002285,698,0.7002285,53
37,0.7202285,736,0.7202285,60
38,0.7402285,772,0.7402285,53
39,0.7602285,743,0.7602285,76
40,0.7802285,711,0.7802285,52
41,0.8002285,729,0.8002285,67
42,0.8202285,676,0.8202285,61
43,0.8402285,705,0.8402285,57
44,0.8602285,710,0.8602285,74
45,0.8802285,668,0.8802285,117
46,0.9002285,715,0.9002285,125
47,0.9202285,706,0.9202285,210
48,0.9402285,666,0.9402285,229
49,0.9602285,701,0.9602285,218
50,0.9802285,708,0.9802285,179
51,1.000229,692,1.000229,133
52,1.020229,710,1.020229,131
53,1.040228,692,1.040228,116
54,1.060228,683,1.060228,155
55,1.080229,665,1.080229,123
56,1.100229,637,1.100229,147
57,1.120229,680,1.120229,134
58,1.140229,644,1.140229,133
59,1.160228,607,1.160228,144
60,1.180228,663,1.180228,203
61,1.200228,657,1.200228,207
62,1.220229,640,1.220229,175
63,1.240229,640,1.240229,181
64,1.260229,601,1.260229,132
65,1.280228,617,1.280228,104
66,1.300228,602,1.300228,118
67,1.320228,589,1.320228,85
68,1.340229,599,1.340229,101
69,1.360229,547,1.360229,106
70,1.380229,573,1.380229,138
71,1.400229,579,1.400229,182
72,1.420228,581,1.420228,265
73,1.440228,585,1.440228,323
74,1.460229,628,1.460229,449
75,1.480229,618,1.480229,509
76,1.500229,615,1.500229,531
77,1.520229,522,1.520229,531
78,1.540228,549,1.540228,539
79,1.560228,536,1.560228,525
80,1.580229,516,1.580229,510
81,1.600229,533,1.600229,851
82,1.620229,563,1.620229,2255
83,1.640229,669,1.640229,7464
84,1.660228,839,1.660228,21503
85,1.680228,1374,1.680228,49079
86,1.700228,1955,1.700228,87032
87,1.720229,2456,1.720229,119669
88,1.740229,2586,1.740229,126863
89,1.760229,2263,1.760229,103954
90,1.780228,1684,1.780228,67694
91,1.800228,1080,1.800228,35739
92,1.820228,812,1.820228,17532
93,1.840229,659,1.840229,8722
94,1.860229,556,1.860229,4750
95,1.880229,479,1.880229,2560
96,1.900229,443,1.900229,1117
97,1.920228,474,1.920228,510
98,1.940228,448,1.940228,255
99,1.960229,425,1.960229,180
100,1.980229,404,1.980229,153
101,2.000228,464,2.000228,142
102,2.020229,450,2.020229,144
103,2.040229,434,2.040229,140
104,2.060229,395,2.060229,181
105,2.080229,377,2.080229,156
106,2.100229,409,2.100229,162
107,2.120229,399,2.120229,189
108,2.140229,418,2.140229,244
109,2.160228,428,2.160228,218
110,2.180228,383,2.180228,259
111,2.200228,359,2.200228,239
112,2.220228,377,2.220228,311
113,2.240228,431,2.240228,333
114,2.260228,387,2.260228,402
115,2.280229,381,2.280229,437
116,2.300229,347,2.300229,474
117,2.320229,383,2.320229,471
118,2.340229,342,2.340229,615
119,2.360229,340,2.360229,662
120,2.380229,351,2.380229,657
121,2.400229,362,2.400229,677
122,2.420228,337,2.420228,564
123,2.440228,324,2.440228,552
124,2.460228,334,2.460228,465
125,2.480228,332,2.480228,498
126,2.500228,321,2.500228,547
127,2.520229,355,2.520229,520
128,2.540229,333,2.540229,631
129,2.560229,307,2.560229,821
130,2.580229,304,2.580229,1259
131,2.600229,344,2.600229,2166
132,2.620229,307,2.620229,3695
133,2.640229,303,2.640229,5846
134,2.660228,280,2.660228,8292
135,2.680228,296,2.680228,10144
136,2.700228,276,2.700228,10550
137,2.720228,271,2.720228,9313
138,2.740228,270,2.740228,7215
139,2.760228,283,2.760228,5616
140,2.780229,271,2.780229,4998
141,2.800229,279,2.800229,5560
142,2.820229,257,2.820229,6220
143,2.840229,260,2.840229,6625
144,2.860229,268,2.860229,6548
145,2.880229,363,2.880229,6370
146,2.900229,363,2.900229,7042
147,2.920228,466,2.920228,8122
148,2.940228,506,2.940228,9399
149,2.960228,527,2.960228,9445
150,2.980228,502,2.980228,8242
151,3.000228,410,3.000228,6216
152,3.020229,355,3.020229,4259
153,3.040229,265,3.040229,2619
154,3.060229,239,3.060229,1648
155,3.080229,217,3.080229,1157
156,3.100229,208,3.100229,1029
157,3.120229,230,3.120229,1084
158,3.140229,229,3.140229,1227
159,3.160228,221,3.160228,1437
160,3.180228,209,3.180228,1460
161,3.200228,206,3.200228,1304
162,3.220228,209,3.220228,1088
163,3.240228,225,3.240228,911
164,3.260228,171,3.260228,751
165,3.280229,188,3.280229,629
166,3.300229,175,3.300229,643
167,3.320229,175,3.320229,638
168,3.340229,171,3.340229,642
169,3.360229,172,3.360229,620
170,3.380229,155,3.380229,596
171,3.400229,166,3.400229,653
172,3.420228,182,3.420228,610
173,3.440228,148,3.440228,661
174,3.460228,161,3.460228,623
175,3.480228,169,3.480228,659
176,3.500228,150,3.500228,659
177,3.520229,168,3.520229,585
178,3.540229,151,3.540229,583
179,3.560229,134,3.560229,500
180,3.580229,125,3.580229,513
181,3.600229,157,3.600229,492
182,3.620229,166,3.620229,418
183,3.640229,156,3.640229,489
184,3.660228,179,3.660228,523
185,3.680228,188,3.680228,533
186,3.700228,212,3.700228,475
187,3.720228,158,3.720228,501
188,3.740228,143,3.740228,518
189,3.760228,128,3.760228,534
190,3.780229,108,3.780229,554
191,3.800229,114,3.800229,609
192,3.820229,96,3.820229,630
193,3.840229,102,3.840229,633
194,3.860229,91,3.860229,646
195,3.880229,103,3.880229,683
196,3.900229,115,3.900229,705
197,3.920228,96,3.920228,752
198,3.940228,99,3.940228,710
199,3.960228,88,3.960228,805
200,3.980228,94,3.980228,729
201,4.000228,109,4.000228,724
202,4.020228,93,4.020228,714
203,4.040228,100,4.040228,653
204,4.060228,92,4.060228,693
205,4.080228,93,4.080228,668
206,4.100228,80,4.100228,662
207,4.120228,89,4.120228,677
208,4.140228,85,4.140228,660
209,4.160229,67,4.160229,694
210,4.180229,59,4.180229,731
211,4.200229,59,4.200229,720
212,4.220229,66,4.220229,716
213,4.240229,59,4.240229,695
214,4.260229,70,4.260229,746
215,4.280229,69,4.280229,743
216,4.300229,69,4.300229,702
217,4.320229,71,4.320229,793
218,4.340229,75,4.340229,818
219,4.360229,58,4.360229,809
220,4.380229,58,4.380229,884
221,4.400229,61,4.400229,949
222,4.420228,66,4.420228,1001
223,4.440228,62,4.440228,1071
224,4.460228,57,4.460228,1146
225,4.480228,70,4.480228,1165
226,4.500228,80,4.500228,1110
227,4.520228,63,4.520228,1115
228,4.540228,68,4.540228,1054
229,4.560228,70,4.560228,1145
230,4.580228,71,4.580228,992
231,4.600228,61,4.600228,990
232,4.620228,46,4.620228,931
233,4.640228,53,4.640228,937
234,4.660229,43,4.660229,911
235,4.680229,53,4.680229,910
236,4.700229,53,4.700229,1008
237,4.720229,42,4.720229,1033
238,4.740229,39,4.740229,1023
239,4.760229,46,4.760229,1075
240,4.780229,56,4.780229,1142
241,4.800229,51,4.800229,1103
242,4.820229,65,4.820229,1125
243,4.840229,61,4.840229,1093
244,4.860229,54,4.860229,1097
245,4.880229,49,4.880229,1175
246,4.900229,58,4.900229,1187
247,4.920228,54,4.920228,1178
248,4.940228,55,4.940228,1182
249,4.960228,48,4.960228,1279
250,4.980228,47,4.980228,1284
251,5.000228,48,5.000228,1247
252,5.020228,50,5.020228,1284
253,5.040228,38,5.040228,1322
254,5.060228,50,5.060228,1337
255,5.080228,48,5.080228,1316
256,5.100228,38,5.100228,1402
257,5.120228,41,5.120228,1412
258,5.140228,33,5.140228,1340
259,5.160229,44,5.160229,1444
260,5.180229,39,5.180229,1446
261,5.200229,33,5.200229,1457
262,5.220229,28,5.220229,1608
263,5.240229,44,5.240229,1629
264,5.260229,36,5.260229,1635
265,5.280229,50,5.280229,1713
266,5.300229,49,5.300229,1848
267,5.320229,32,5.320229,1938
268,5.340229,46,5.340229,1960
269,5.360229,45,5.360229,1983
270,5.380229,56,5.380229,2000
271,5.400229,50,5.400229,1828
272,5.420228,50,5.420228,1905
273,5.440228,48,5.440228,1980
274,5.460228,56,5.460228,1893
275,5.480228,30,5.480228,1828
276,5.500228,62,5.500228,1807
277,5.520228,35,5.520228,1792
278,5.540228,43,5.540228,1740
279,5.560228,33,5.560228,1829
280,5.580228,38,5.580228,1912
281,5.600228,40,5.600228,1890
282,5.620228,31,5.620228,1958
283,5.640228,44,5.640228,1985
284,5.660229,40,5.660229,2034
285,5.680229,35,5.680229,2044
286,5.700229,49,5.700229,1990
287,5.720229,30,5.720229,1912
288,5.740229,40,5.740229,1950
289,5.760229,40,5.760229,1963
290,5.780229,49,5.780229,1848
291,5.800229,40,5.800229,1885
292,5.820229,33,5.820229,1725
293,5.840229,47,5.840229,1766
294,5.860229,36,5.860229,1745
295,5.880229,56,5.880229,1667
296,5.900229,44,5.900229,1825
297,5.920228,49,5.920228,1768
298,5.940228,47,5.940228,1785
299,5.960228,37,5.960228,1693
300,5.980228,36,5.980228,1658
301,6.000228,47,6.000228,1616
302,6.020228,44,6.020228,1723
303,6.040228,29,6.040228,1688
304,6.060228,35,6.060228,1711
305,6.080228,35,6.080228,1751
306,6.100228,50,6.100228,1771
307,6.120228,37,6.120228,1752
308,6.140228,40,6.140228,1814
309,6.160229,32,6.160229,1769
310,6.180229,29,6.180229,1834
311,6.200229,46,6.200229,1838
312,6.220229,53,6.220229,1885
313,6.240229,30,6.240229,1839
314,6.260229,36,6.260229,1808
315,6.280229,45,6.280229,1964
316,6.300229,44,6.300229,2021
317,6.320229,51,6.320229,1971
318,6.340229,60,6.340229,2105
319,6.360229,69,6.360229,2135
320,6.380229,58,6.380229,2108
321,6.400229,54,6.400229,2212
322,6.420228,60,6.420228,2200
323,6.440228,67,6.440228,2125
324,6.460228,54,6.460228,1962
325,6.480228,51,6.480228,1953
326,6.500228,49,6.500228,1899
327,6.520228,38,6.520228,1983
328,6.540228,28,6.540228,1893
329,6.560228,31,6.560228,1818
330,6.580228,39,6.580228,1860
331,6.600228,41,6.600228,1750
332,6.620228,42,6.620228,1758
333,6.640228,33,6.640228,1693
334,6.660229,46,6.660229,1682
335,6.680229,27,6.680229,1646
336,6.700229,33,6.700229,1732
337,6.720229,36,6.720229,1674
338,6.740229,36,6.740229,1728
339,6.760229,45,6.760229,1700
340,6.780229,31,6.780229,1768
341,6.800229,44,6.800229,1694
342,6.820229,21,6.820229,1781
343,6.840229,38,6.840229,1727
344,6.860229,37,6.860229,1764
345,6.880229,39,6.880229,1790
346,6.900229,31,6.900229,1815
347,6.920228,40,6.920228,1742
348,6.940228,32,6.940228,1766
349,6.960228,36,6.960228,1842
350,6.980228,56,6.980228,1774
351,7.000228,47,7.000228,1796
352,7.020228,38,7.020228,1772
353,7.040228,40,7.040228,1724
354,7.060228,47,7.060228,1684
355,7.080228,34,7.080228,1770
356,7.100228,31,7.100228,1673
357,7.120228,53,7.120228,1731
358,7.140228,36,7.140228,1711
359,7.160229,28,7.160229,1775
360,7.180229,33,7.180229,1734
361,7.200229,34,7.200229,1846
362,7.220229,36,7.220229,1884
363,7.240229,34,7.240229,1946
364,7.260229,34,7.260229,2079
365,7.280229,28,7.280229,1976
366,7.300229,37,7.300229,1992
367,7.320229,49,7.320229,1996
368,7.340229,32,7.340229,2266
369,7.360229,52,7.360229,2257
370,7.380229,54,7.380229,2338
371,7.400229,46,7.400229,2575
372,7.420228,53,7.420228,2775
373,7.440228,60,7.440228,3051
374,7.460228,57,7.460228,2908
375,7.480228,51,7.480228,2981
376,7.500228,46,7.500228,2777
377,7.520228,53,7.520228,2556
378,7.540228,47,7.540228,2339
379,7.560228,45,7.560228,2134
380,7.580228,51,7.580228,1929
381,7.600228,42,7.600228,1796
382,7.620228,47,7.620228,1651
383,7.640228,48,7.640228,1718
384,7.660229,48,7.660229,1717
385,7.680229,42,7.680229,1688
386,7.700229,34,7.700229,1618
387,7.720229,49,7.720229,1642
388,7.740229,39,7.740229,1679
389,7.760229,37,7.760229,1666
390,7.780229,57,7.780229,1679
391,7.800229,56,7.800229,1641
392,7.820229,59,7.820229,1599
393,7.840229,53,7.840229,1653
394,7.860229,61,7.860229,1730
395,7.880229,60,7.880229,1566
396,7.900229,73,7.900229,1663
397,7.920228,76,7.920228,1751
398,7.940228,88,7.940228,1710
399,7.960228,95,7.960228,1739
400,7.980228,110,7.980228,1743
401,8.000229,147,8.000229,1736
402,8.020228,133,8.020228,1736
403,8.040229,159,8.040229,1736
404,8.060228,174,8.060228,1690
405,8.080229,135,8.080229,1789
406,8.100228,127,8.100228,1713
407,8.120229,101,8.120229,1775
408,8.140228,71,8.140228,1720
409,8.160229,70,8.160229,1804
410,8.180228,70,8.180228,1889
411,8.200229,74,8.200229,1841
412,8.220228,66,8.220228,1895
413,8.240229,90,8.240229,1921
414,8.260228,77,8.260228,1956
415,8.280229,53,8.280229,1886
416,8.300228,70,8.300228,1909
417,8.320229,81,8.320229,1804
418,8.340228,56,8.340228,1823
419,8.360229,77,8.360229,1874
420,8.380228,70,8.380228,1725
421,8.400229,73,8.400229,1755
422,8.420229,79,8.420229,1765
423,8.440228,76,8.440228,1711
424,8.460229,73,8.460229,1704
425,8.480228,104,8.480228,1737
426,8.500229,92,8.500229,1766
427,8.520228,93,8.520228,1757
428,8.540229,119,8.540229,1748
429,8.560228,116,8.560228,1759
430,8.580229,131,8.580229,1701
431,8.600228,168,8.600228,1778
432,8.620229,123,8.620229,1800
433,8.640228,136,8.640228,1752
434,8.660229,135,8.660229,1826
435,8.680228,117,8.680228,1782
436,8.700229,118,8.700229,1917
437,8.720228,97,8.720228,1796
438,8.740229,106,8.740229,1762
439,8.760228,86,8.760228,1771
440,8.780229,87,8.780229,1957
441,8.800228,84,8.800228,1915
442,8.820229,102,8.820229,1949
443,8.840228,114,8.840228,1882
444,8.860229,124,8.860229,1883
445,8.880228,113,8.880228,1953
446,8.900229,132,8.900229,1906
447,8.920229,101,8.920229,1866
448,8.940228,109,8.940228,1917
449,8.960229,103,8.960229,1969
450,8.980228,128,8.980228,1946
451,9.000229,116,9.000229,1889
452,9.020228,107,9.020228,1908
453,9.040229,121,9.040229,1883
454,9.060228,107,9.060228,1955
455,9.080229,117,9.080229,1949
456,9.100228,121,9.100228,1881
457,9.120229,130,9.120229,1864
458,9.140228,123,9.140228,1865
459,9.160229,129,9.160229,1865
460,9.180228,114,9.180228,1923
461,9.200229,124,9.200229,1964
462,9.220228,129,9.220228,1975
463,9.240229,133,9.240229,1936
464,9.260228,154,9.260228,1923
465,9.280229,145,9.280229,1995
466,9.300228,160,9.300228,1896
467,9.320229,151,9.320229,1993
468,9.340228,138,9.340228,1928
469,9.360229,167,9.360229,1845
470,9.380228,151,9.380228,1991
471,9.400229,162,9.400229,1856
472,9.420229,154,9.420229,1927
473,9.440228,170,9.440228,1922
474,9.460229,164,9.460229,1877
475,9.480228,157,9.480228,1849
476,9.500229,191,9.500229,1869
477,9.520228,172,9.520228,1865
478,9.540229,198,9.540229,1813
479,9.560228,203,9.560228,1861
480,9.580229,212,9.580229,1903
481,9.600228,183,9.600228,1873
482,9.620229,207,9.620229,1876
483,9.640228,214,9.640228,1862
484,9.660229,214,9.660229,1895
485,9.680228,188,9.680228,1908
486,9.700229,224,9.700229,1883
487,9.720228,203,9.720228,1817
488,9.740229,212,9.740229,1793
489,9.760228,228,9.760228,1886
490,9.780229,239,9.780229,1927
491,9.800228,246,9.800228,1859
492,9.820229,250,9.820229,1869
493,9.840228,257,9.840228,1924
494,9.860229,269,9.860229,1774
495,9.880228,267,9.880228,1811
496,9.900229,261,9.900229,1910
497,9.920229,282,9.920229,1918
498,9.940228,255,9.940228,1818
499,9.960229,259,9.960229,1845
500,9.980228,273,9.980228,1818
501,10.00023,283,10.00023,1861
502,10.02023,273,10.02023,1778
503,10.04023,274,10.04023,1828
504,10.06023,282,10.06023,1837
505,10.08023,283,10.08023,1800
506,10.10023,287,10.10023,1817
507,10.12023,290,10.12023,1774
508,10.14023,291,10.14023,1800
509,10.16023,286,10.16023,1810
510,10.18023,293,10.18023,1829
511,10.20023,324,10.20023,1782
512,10.22023,323,10.22023,1734
513,10.24023,305,10.24023,1736
514,10.26023,308,10.26023,1725
515,10.28023,349,10.28023,1817
516,10.30023,300,10.30023,1755
517,10.32023,322,10.32023,1785
518,10.34023,342,10.34023,1719
519,10.36023,328,10.36023,1701
520,10.38023,335,10.38023,1730
521,10.40023,346,10.40023,1752
522,10.42023,321,10.42023,1697
523,10.44023,388,10.44023,1592
524,10.46023,341,10.46023,1737
525,10.48023,355,10.48023,1636
526,10.50023,378,10.50023,1719
527,10.52023,391,10.52023,1722
528,10.54023,414,10.54023,1709
529,10.56023,402,10.56023,1670
530,10.58023,383,10.58023,1706
531,10.60023,402,10.60023,1703
532,10.62023,414,10.62023,1595
533,10.64023,405,10.64023,1584
534,10.66023,400,10.66023,1647
535,10.68023,434,10.68023,1656
536,10.70023,430,10.70023,1671
537,10.72023,430,10.72023,1642
538,10.74023,447,10.74023,1657
539,10.76023,435,10.76023,1600
540,10.78023,432,10.78023,1592
541,10.80023,489,10.80023,1589
542,10.82023,460,10.82023,1616
543,10.84023,475,10.84023,1615
544,10.86023,491,10.86023,1627
545,10.88023,546,10.88023,1581
546,10.90023,511,10.90023,1590
547,10.92023,490,10.92023,1602
548,10.94023,472,10.94023,1587
549,10.96023,497,10.96023,1550
550,10.98023,507,10.98023,1600
551,11.00023,533,11.00023,1531
552,11.02023,524,11.02023,1492
553,11.04023,510,11.04023,1516
554,11.06023,550,11.06023,1491
555,11.08023,547,11.08023,1487
556,11.10023,547,11.10023,1411
557,11.12023,506,11.12023,1509
558,11.14023,506,11.14023,1443
559,11.16023,566,11.16023,1478
560,11.18023,560,11.18023,1444
561,11.20023,603,11.20023,1433
562,11.22023,567,11.22023,1373
563,11.24023,582,11.24023,1450
564,11.26023,603,11.26023,1416
565,11.28023,620,11.28023,1388
566,11.30023,630,11.30023,1398
567,11.32023,617,11.32023,1446
568,11.34023,626,11.34023,1341
569,11.36023,636,11.36023,1388
570,11.38023,666,11.38023,1408
571,11.40023,648,11.40023,1370
572,11.42023,711,11.42023,1344
573,11.44023,696,11.44023,1291
574,11.46023,658,11.46023,1333
575,11.48023,684,11.48023,1331
576,11.50023,723,11.50023,1343
577,11.52023,682,11.52023,1299
578,11.54023,715,11.54023,1319
579,11.56023,692,11.56023,1363
580,11.58023,699,11.58023,1270
581,11.60023,672,11.60023,1333
582,11.62023,663,11.62023,1261
583,11.64023,692,11.64023,1260
584,11.66023,747,11.66023,1202
585,11.68023,756,11.68023,1214
586,11.70023,783,11.70023,1172
587,11.72023,776,11.72023,1224
588,11.74023,756,11.74023,1272
589,11.76023,753,11.76023,1221
590,11.78023,754,11.78023,1172
591,11.80023,764,11.80023,1244
592,11.82023,723,11.82023,1162
593,11.84023,751,11.84023,1255
594,11.86023,839,11.86023,1166
595,11.88023,845,11.88023,1178
596,11.90023,783,11.90023,1167
597,11.92023,830,11.92023,1200
598,11.94023,802,11.94023,1169
599,11.96023,851,11.96023,1115
600,11.98023,798,11.98023,1210
601,12.00023,819,12.00023,1107
602,12.02023,866,12.02023,1136
603,12.04023,825,12.04023,1134
604,12.06023,843,12.06023,1123
605,12.08023,846,12.08023,1144
606,12.10023,831,12.10023,1052
607,12.12023,892,12.12023,1052
608,12.14023,924,12.14023,1074
609,12.16023,893,12.16023,1113
610,12.18023,847,12.18023,1033
611,12.20023,891,12.20023,1014
612,12.22023,903,12.22023,1105
613,12.24023,881,12.24023,1027
614,12.26023,909,12.26023,1016
615,12.28023,911,12.28023,1058
616,12.30023,962,12.30023,1016
617,12.32023,951,12.32023,1070
618,12.34023,966,12.34023,1005
619,12.36023,949,12.36023,972
620,12.38023,1032,12.38023,1040
621,12.40023,948,12.40023,1012
622,12.42023,975,12.42023,940
623,12.44023,997,12.44023,960
624,12.46023,987,12.46023,941
625,12.48023,949,12.48023,953
626,12.50023,1044,12.50023,977
627,12.52023,1048,12.52023,923
628,12.54023,986,12.54023,917
629,12.56023,1077,12.56023,977
630,12.58023,1007,12.58023,891
631,12.60023,1013,12.60023,948
632,12.62023,1059,12.62023,902
633,12.64023,1047,12.64023,893
634,12.66023,1058,12.66023,902
635,12.68023,1048,12.68023,884
636,12.70023,1070,12.70023,864
637,12.72023,1130,12.72023,800
638,12.74023,1074,12.74023,858
639,12.76023,1132,12.76023,853
640,12.78023,1156,12.78023,839
641,12.80023,1121,12.80023,813
642,12.82023,1106,12.82023,806
643,12.84023,1167,12.84023,803
644,12.86023,1130,12.86023,875
645,12.88023,1214,12.88023,784
646,12.90023,1154,12.90023,755
647,12.92023,1134,12.92023,788
648,12.94023,1178,12.94023,727
649,12.96023,1183,12.96023,717
650,12.98023,1157,12.98023,692
651,13.00023,1210,13.00023,796
652,13.02023,1199,13.02023,717
653,13.04023,1169,13.04023,777
654,13.06023,1226,13.06023,712
655,13.08023,1199,13.08023,689
656,13.10023,1215,13.10023,739
657,13.12023,1177,13.12023,699
658,13.14023,1241,13.14023,693
659,13.16023,1211,13.16023,704
660,13.18023,1283,13.18023,622
661,13.20023,1253,13.20023,659
662,13.22023,1245,13.22023,630
663,13.24023,1249,13.24023,637
664,13.26023,1270,13.26023,590
665,13.28023,1300,13.28023,669
666,13.30023,1338,13.30023,590
667,13.32023,1325,13.32023,580
668,13.34023,1296,13.34023,568
669,13.36023,1338,13.36023,582
670,13.38023,1366,13.38023,632
671,13.40023,1391,13.40023,611
672,13.42023,1409,13.42023,575
673,13.44023,1321,13.44023,539
674,13.46023,1435,13.46023,530
675,13.48023,1330,13.48023,474
676,13.50023,1373,13.50023,505
677,13.52023,1400,13.52023,539
678,13.54023,1335,13.54023,524
679,13.56023,1353,13.56023,524
680,13.58023,1413,13.58023,509
681,13.60023,1435,13.60023,435
682,13.62023,1462,13.62023,453
683,13.64023,1513,13.64023,455
684,13.66023,1498,13.66023,449
685,13.68023,1507,13.68023,434
686,13.70023,1424,13.70023,450
687,13.72023,1436,13.72023,437
688,13.74023,1487,13.74023,449
689,13.76023,1473,13.76023,412
690,13.78023,1440,13.78023,384
691,13.80023,1521,13.80023,383
692,13.82023,1596,13.82023,419
693,13.84023,1494,13.84023,349
694,13.86023,1506,13.86023,363
695,13.88023,1521,13.88023,355
696,13.90023,1566,13.90023,329
697,13.92023,1567,13.92023,308
698,13.94023,1536,13.94023,301
699,13.96023,1502,13.96023,324
700,13.98023,1582,13.98023,300
701,14.00023,1526,14.00023,322
702,14.02023,1585,14.02023,255
703,14.04023,1654,14.04023,264
704,14.06023,1563,14.06023,259
705,14.08023,1554,14.08023,248
706,14.10023,1635,14.10023,267
707,14.12023,1565,14.12023,257
708,14.14023,1628,14.14023,241
709,14.16023,1594,14.16023,242
710,14.18023,1669,14.18023,179
711,14.20023,1617,14.20023,204
712,14.22023,1614,14.22023,223
713,14.24023,1684,14.24023,214
714,14.26023,1602,14.26023,177
715,14.28023,1695,14.28023,186
716,14.30023,1630,14.30023,188
717,14.32023,1638,14.32023,149
718,14.34023,1673,14.34023,166
719,14.36023,1667,14.36023,147
720,14.38023,1711,14.38023,149
721,14.40023,1671,14.40023,139
722,14.42023,1708,14.42023,126
723,14.44023,1736,14.44023,104
724,14.46023,1701,14.46023,96
725,14.48023,1745,14.48023,122
726,14.50023,1681,14.50023,108
727,14.52023,1697,14.52023,88
728,14.54023,1770,14.54023,94
729,14.56023,1738,14.56023,87
730,14.58023,1671,14.58023,82
731,14.60023,1724,14.60023,78
732,14.62023,1801,14.62023,67
733,14.64023,1755,14.64023,78
734,14.66023,1717,14.66023,57
735,14.68023,1722,14.68023,81
736,14.70023,1754,14.70023,62
737,14.72023,1732,14.72023,55
738,14.74023,1795,14.74023,48
739,14.76023,1838,14.76023,49
740,14.78023,1816,14.78023,38
741,14.80023,1841,14.80023,46
742,14.82023,1794,14.82023,39
743,14.84023,1894,14.84023,20
744,14.86023,1794,14.86023,26
745,14.88023,1907,14.88023,19
746,14.90023,1821,14.90023,19
747,14.92023,1833,14.92023,15
748,14.94023,1912,14.94023,27
749,14.96023,1778,14.96023,14
750,14.98023,1873,14.98023,10
751,15.00023,1837,15.00023,3
752,15.02023,1949,15.02023,4
753,15.04023,1887,15.04023,6
754,15.06023,1835,15.06023,3
755,15.08023,1828,15.08023,7
756,15.10023,1955,15.10023,3
757,15.12023,1817,15.12023,5
758,15.14023,1894,15.14023,5
759,15.16023,1819,15.16023,2
760,15.18023,1840,15.18023,3
761,15.20023,1909,15.20023,3
762,15.22023,1840,15.22023,7
763,15.24023,1981,15.24023,7
764,15.26023,1918,15.26023,7
765,15.28023,1844,15.28023,4
766,15.30023,1930,15.30023,7
767,15.32023,1885,15.32023,5
768,15.34023,1862,15.34023,0
769,15.36023,1922,15.36023,2
770,15.38023,1932,15.38023,3
771,15.40023,2043,15.40023,10
772,15.42023,1963,15.42023,7
773,15.44023,2016,15.44023,4
774,15.46023,1911,15.46023,1
775,15.48023,1966,15.48023,5
776,15.50023,1895,15.50023,5
777,15.52023,1922,15.52023,7
778,15.54023,1999,15.54023,7
779,15.56023,2028,15.56023,6
780,15.58023,1949,15.58023,1
781,15.60023,1903,15.60023,2
782,15.62023,2031,15.62023,5
783,15.64023,1912,15.64023,6
784,15.66023,2019,15.66023,2
785,15.68023,1973,15.68023,5
786,15.70023,2005,15.70023,4
787,15.72023,2005,15.72023,3
788,15.74023,2035,15.74023,10
789,15.76023,1987,15.76023,2
790,15.78023,2004,15.78023,3
791,15.80023,2002,15.80023,6
792,15.82023,2045,15.82023,7
793,15.84023,2087,15.84023,6
794,15.86023,2065,15.86023,7
795,15.88023,1928,15.88023,7
796,15.90023,2006,15.90023,5
797,15.92023,2059,15.92023,3
798,15.94023,2036,15.94023,4
799,15.96023,1991,15.96023,1
800,15.98023,2008,15.98023,3
801,16.00023,2103,16.00023,5
802,16.02023,2043,16.02023,1
803,16.04023,2027,16.04023,6
804,16.06023,2024,16.06023,4
805,16.08023,2130,16.08023,2
806,16.10023,2088,16.10023,6
807,16.12023,1971,16.12023,1
808,16.14023,2123,16.14023,2
809,16.16023,2095,16.16023,8
810,16.18023,2048,16.18023,2
811,16.20023,2027,16.20023,3
812,16.22023,2045,16.22023,2
813,16.24023,2054,16.24023,7
814,16.26023,2057,16.26023,1
815,16.28023,2092,16.28023,2
816,16.30023,2143,16.30023,4
817,16.32023,2095,16.32023,3
818,16.34023,2101,16.34023,3
819,16.36023,2130,16.36023,0
820,16.38023,2132,16.38023,3
821,16.40023,2189,16.40023,1
822,16.42023,2083,16.42023,2
823,16.44023,2117,16.44023,4
824,16.46023,2176,16.46023,1
825,16.48023,2061,16.48023,2
826,16.50023,2098,16.50023,4
827,16.52023,2199,16.52023,3
828,16.54023,2080,16.54023,5
829,16.56023,2091,16.56023,2
830,16.58023,2142,16.58023,4
831,16.60023,2198,16.60023,2
832,16.62023,2186,16.62023,2
833,16.64023,2143,16.64023,2
834,16.66023,2132,16.66023,1
835,16.68023,2197,16.68023,3
836,16.70023,2144,16.70023,4
837,16.72023,2200,16.72023,5
838,16.74023,2271,16.74023,2
839,16.76023,2165,16.76023,3
840,16.78023,2144,16.78023,4
841,16.80023,2299,16.80023,1
842,16.82023,2171,16.82023,6
843,16.84023,2239,16.84023,1
844,16.86023,2196,16.86023,2
845,16.88023,2268,16.88023,6
846,16.90023,2156,16.90023,3
847,16.92023,2169,16.92023,4
848,16.94023,2237,16.94023,5
849,16.96023,2251,16.96023,1
850,16.98023,2219,16.98023,3
851,17.00023,2321,17.00023,5
852,17.02023,2221,17.02023,2
853,17.04023,2255,17.04023,1
854,17.06023,2340,17.06023,1
855,17.08023,2264,17.08023,2
856,17.10023,2352,17.10023,2
857,17.12023,2320,17.12023,0
858,17.14023,2325,17.14023,2
859,17.16023,2277,17.16023,2
860,17.18023,2295,17.18023,3
861,17.20023,2331,17.20023,4
862,17.22023,2357,17.22023,1
863,17.24023,2380,17.24023,2
864,17.26023,2332,17.26023,4
865,17.28023,2378,17.28023,2
866,17.30023,2323,17.30023,1
867,17.32023,2381,17.32023,5
868,17.34023,2317,17.34023,3
869,17.36023,2346,17.36023,5
870,17.38023,2399,17.38023,0
871,17.40023,2374,17.40023,5
872,17.42023,2399,17.42023,3
873,17.44023,2518,17.44023,4
874,17.46023,2506,17.46023,2
875,17.48023,2416,17.48023,5
876,17.50023,2422,17.50023,3
877,17.52023,2543,17.52023,0
878,17.54023,2489,17.54023,1
879,17.56023,2461,17.56023,1
880,17.58023,2495,17.58023,4
881,17.60023,2498,17.60023,2
882,17.62023,2427,17.62023,2
883,17.64023,2635,17.64023,3
884,17.66023,2537,17.66023,2
885,17.68023,2546,17.68023,1
886,17.70023,2603,17.70023,0
887,17.72023,2570,17.72023,3
888,17.74023,2582,17.74023,3
889,17.76023,2626,17.76023,1
890,17.78023,2657,17.78023,0
891,17.80023,2689,17.80023,1
892,17.82023,2650,17.82023,3
893,17.84023,2720,17.84023,0
894,17.86023,2672,17.86023,7
895,17.88023,2679,17.88023,4
896,17.90023,2713,17.90023,4
897,17.92023,2854,17.92023,3
898,17.94023,2715,17.94023,4
899,17.96023,2893,17.96023,3
900,17.98023,2799,17.98023,3
901,18.00023,2940,18.00023,0
902,18.02023,2861,18.02023,4
903,18.04023,3031,18.04023,1
904,18.06023,3026,18.06023,3
905,18.08023,3020,18.08023,0
906,18.10023,3018,18.10023,3
907,18.12023,3168,18.12023,1
908,18.14023,3087,18.14023,0
909,18.16023,3268,18.16023,2
910,18.18023,3147,18.18023,4
911,18.20023,3245,18.20023,3
912,18.22023,3277,18.22023,3
913,18.24023,3412,18.24023,5
914,18.26023,3380,18.26023,1
915,18.28023,3490,18.28023,5
916,18.30023,3454,18.30023,1
917,18.32023,3620,18.32023,2
918,18.34023,3640,18.34023,4
919,18.36023,3729,18.36023,4
920,18.38023,3831,18.38023,1
921,18.40023,3796,18.40023,1
922,18.42023,4013,18.42023,1
923,18.44023,4129,18.44023,2
924,18.46023,4175,18.46023,2
925,18.48023,4405,18.48023,1
926,18.50023,4552,18.50023,4
927,18.52023,4675,18.52023,1
928,18.54023,4942,18.54023,2
929,18.56023,5010,18.56023,1
930,18.58023,5134,18.58023,2
931,18.60023,5379,18.60023,2
932,18.62023,5700,18.62023,3
933,18.64023,5745,18.64023,2
934,18.66023,6208,18.66023,2
935,18.68023,6518,18.68023,0
936,18.70023,6757,18.70023,1
937,18.72023,7093,18.72023,1
938,18.74023,7304,18.74023,3
939,18.76023,7520,18.76023,1
940,18.78023,7819,18.78023,1
941,18.80023,8291,18.80023,1
942,18.82023,8286,18.82023,4
943,18.84023,8797,18.84023,1
944,18.86023,8893,18.86023,2
945,18.88023,8820,18.88023,2
946,18.90023,9444,18.90023,1
947,18.92023,9378,18.92023,2
948,18.94023,9648,18.94023,2
949,18.96023,9758,18.96023,2
950,18.98023,9985,18.98023,6
951,19.00023,9762,19.00023,0
952,19.02023,9757,19.02023,0
953,19.04023,9918,19.04023,1
954,19.06023,9747,19.06023,2
955,19.08023,9724,19.08023,0
956,19.10023,9445,19.10023,2
957,19.12023,9176,19.12023,2
958,19.14023,9172,19.14023,1
959,19.16023,8919,19.16023,1
960,19.18023,8755,19.18023,2
961,19.20023,8379,19.20023,1
962,19.22023,8226,19.22023,1
963,19.24023,7765,19.24023,0
964,19.26023,7638,19.26023,2
965,19.28023,7252,19.28023,1
966,19.30023,7035,19.30023,0
967,19.32023,6703,19.32023,2
968,19.34023,6294,19.34023,2
969,19.36023,6143,19.36023,2
970,19.38023,5899,19.38023,2
971,19.40023,5642,19.40023,0
972,19.42023,5334,19.42023,3
973,19.44023,5264,19.44023,2
974,19.46023,5001,19.46023,3
975,19.48023,4639,19.48023,2
976,19.50023,4581,19.50023,1
977,19.52023,4427,19.52023,2
978,19.54023,4190,19.54023,2
979,19.56023,4038,19.56023,0
980,19.58023,3877,19.58023,3
981,19.60023,3695,19.60023,4
982,19.62023,3637,19.62023,0
983,19.64023,3603,19.64023,2
984,19.66023,3497,19.66023,3
985,19.68023,3391,19.68023,4
986,19.70023,3345,19.70023,5
987,19.72023,3165,19.72023,4
988,19.74023,3096,19.74023,1
989,19.76023,3100,19.76023,2
990,19.78023,3058,19.78023,1
991,19.80023,2981,19.80023,3
992,19.82023,3021,19.82023,4
993,19.84023,3009,19.84023,5
994,19.86023,3079,19.86023,1
995,19.88023,3230,19.88023,2
996,19.90023,3290,19.90023,3
997,19.92023,3458,19.92023,0
998,19.94023,3733,19.94023,1
999,19.96023,3946,19.96023,0
1000,19.98023,4236,19.98023,3
1001,20.00023,4705,20.00023,2
1002,20.02023,4931,20.02023,2
1003,20.04023,5303,20.04023,3
1004,20.06023,5675,20.06023,1
1005,20.08023,6028,20.08023,3
1006,20.10023,6361,20.10023,1
1007,20.12023,6582,20.12023,1
1008,20.14023,6500,20.14023,2
1009,20.16023,6790,20.16023,5
1010,20.18023,6652,20.18023,3
1011,20.20023,6552,20.20023,4
1012,20.22023,6196,20.22023,0
1013,20.24023,5863,20.24023,1
1014,20.26023,5331,20.26023,2
1015,20.28023,4860,20.28023,0
1016,20.30023,4428,20.30023,2
1017,20.32023,3871,20.32023,0
1018,20.34023,3404,20.34023,0
1019,20.36023,3256,20.36023,2
1020,20.38023,2986,20.38023,0
1021,20.40023,2792,20.40023,2
1022,20.42023,2638,20.42023,4
1023,20.44023,2555,20.44023,4
1024,20.46023,2502,20.46023,1
1025,20.48023,2435,20.48023,1
1026,20.50023,2487,20.50023,3
1027,20.52023,2343,20.52023,3
1028,20.54023,2442,20.54023,1
1029,20.56023,2336,20.56023,0
1030,20.58023,2434,20.58023,3
1031,20.60023,2423,20.60023,1
1032,20.62023,2474,20.62023,1
1033,20.64023,2447,20.64023,3
1034,20.66023,2527,20.66023,1
1035,20.68023,2459,20.68023,0
1036,20.70023,2549,20.70023,3
1037,20.72023,2509,20.72023,0
1038,20.74023,2568,20.74023,3
1039,20.76023,2643,20.76023,3
1040,20.78023,2634,20.78023,2
1041,20.80023,2707,20.80023,1
1042,20.82023,2770,20.82023,2
1043,20.84023,2688,20.84023,0
1044,20.86023,2777,20.86023,3
1045,20.88023,2839,20.88023,2
1046,20.90023,2857,20.90023,0
1047,20.92023,2955,20.92023,2
1048,20.94023,3022,20.94023,1
1049,20.96023,3040,20.96023,1
1050,20.98023,3068,20.98023,0
1051,21.00023,3143,21.00023,4
1052,21.02023,3153,21.02023,0
1053,21.04023,3152,21.04023,2
1054,21.06023,3294,21.06023,2
1055,21.08023,3274,21.08023,0
1056,21.10023,3307,21.10023,0
1057,21.12023,3333,21.12023,1
1058,21.14023,3397,21.14023,1
1059,21.16023,3432,21.16023,0
1060,21.18023,3356,21.18023,0
1061,21.20023,3329,21.20023,2
1062,21.22023,3295,21.22023,1
1063,21.24023,3411,21.24023,1
1064,21.26023,3392,21.26023,1
1065,21.28023,3365,21.28023,2
1066,21.30023,3403,21.30023,0
1067,21.32023,3325,21.32023,0
1068,21.34023,3431,21.34023,2
1069,21.36023,3489,21.36023,1
1070,21.38023,3248,21.38023,2
1071,21.40023,3298,21.40023,2
1072,21.42023,3242,21.42023,2
1073,21.44023,3260,21.44023,1
1074,21.46023,3151,21.46023,1
1075,21.48023,3202,21.48023,4
1076,21.50023,3119,21.50023,1
1077,21.52023,3144,21.52023,0
1078,21.54023,2976,21.54023,1
1079,21.56023,2977,21.56023,1
1080,21.58023,2877,21.58023,1
1081,21.60023,2885,21.60023,2
1082,21.62023,2834,21.62023,1
1083,21.64023,2841,21.64023,0
1084,21.66023,2749,21.66023,1
1085,21.68023,2762,21.68023,2
1086,21.70023,2621,21.70023,1
1087,21.72023,2635,21.72023,0
1088,21.74023,2511,21.74023,2
1089,21.76023,2534,21.76023,1
1090,21.78023,2496,21.78023,1
1091,21.80023,2482,21.80023,0
1092,21.82023,2452,21.82023,0
1093,21.84023,2425,21.84023,1
1094,21.86023,2450,21.86023,0
1095,21.88023,2325,21.88023,1
1096,21.90023,2392,21.90023,0
1097,21.92023,2301,21.92023,1
1098,21.94023,2304,21.94023,0
1099,21.96023,2278,21.96023,1
1100,21.98023,2179,21.98023,0
1101,22.00023,2219,22.00023,0
1102,22.02023,2143,22.02023,0
1103,22.04023,2201,22.04023,1
1104,22.06023,2169,22.06023,2
1105,22.08023,2219,22.08023,2
1106,22.10023,2063,22.10023,2
1107,22.12023,2102,22.12023,1
1108,22.14023,2040,22.14023,3
1109,22.16023,1998,22.16023,0
1110,22.18023,2047,22.18023,3
1111,22.20023,1998,22.20023,0
1112,22.22023,1961,22.22023,3
1113,22.24023,2015,22.24023,1
1114,22.26023,2062,22.26023,2
1115,22.28023,1925,22.28023,2
1116,22.30023,1949,22.30023,0
1117,22.32023,1879,22.32023,0
1118,22.34023,1887,22.34023,1
1119,22.36023,1939,22.36023,1
1120,22.38023,1925,22.38023,1
1121,22.40023,1878,22.40023,1
1122,22.42023,1951,22.42023,0
1123,22.44023,1805,22.44023,1
1124,22.46023,1902,22.46023,0
1125,22.48023,2009,22.48023,2
1126,22.50023,1963,22.50023,0
1127,22.52023,2066,22.52023,1
1128,22.54023,2099,22.54023,0
1129,22.56023,2171,22.56023,1
1130,22.58023,2219,22.58023,0
1131,22.60023,2228,22.60023,1
1132,22.62023,2392,22.62023,1
1133,22.64023,2443,22.64023,1
1134,22.66023,2503,22.66023,0
1135,22.68023,2522,22.68023,1
1136,22.70023,2591,22.70023,0
1137,22.72023,2521,22.72023,0
1138,22.74023,2529,22.74023,0
1139,22.76023,2375,22.76023,0
1140,22.78023,2360,22.78023,0
1141,22.80023,2188,22.80023,0
1142,22.82023,2123,22.82023,0
1143,22.84023,2009,22.84023,0
1144,22.86023,1963,22.86023,1
1145,22.88023,1841,22.88023,2
1146,22.90023,1844,22.90023,1
1147,22.92023,1795,22.92023,2
1148,22.94023,1819,22.94023,1
1149,22.96023,1804,22.96023,1
1150,22.98023,1764,22.98023,0
1151,23.00023,1861,23.00023,0
1152,23.02023,1795,23.02023,1
1153,23.04023,1814,23.04023,1
1154,23.06023,1866,23.06023,0
1155,23.08023,1801,23.08023,0
1156,23.10023,1850,23.10023,0
1157,23.12023,1955,23.12023,0
1158,23.14023,1850,23.14023,0
1159,23.16023,1812,23.16023,1
1160,23.18023,1838,23.18023,0
1161,23.20023,1760,23.20023,1
1162,23.22023,1832,23.22023,0
1163,23.24023,1772,23.24023,0
1164,23.26023,1841,23.26023,0
1165,23.28023,1704,23.28023,0
1166,23.30023,1702,23.30023,0
1167,23.32023,1676,23.32023,1
1168,23.34023,1646,23.34023,1
1169,23.36023,1721,23.36023,0
1170,23.38023,1667,23.38023,2
1171,23.40023,1665,23.40023,1
1172,23.42023,1695,23.42023,0
1173,23.44023,1682,23.44023,1
1174,23.46023,1650,23.46023,0
1175,23.48023,1657,23.48023,1
1176,23.50023,1644,23.50023,0
1177,23.52023,1587,23.52023,0
1178,23.54023,1624,23.54023,1
1179,23.56023,1642,23.56023,0
1180,23.58023,1681,23.58023,0
1181,23.60023,1589,23.60023,0
1182,23.62023,1664,23.62023,0
1183,23.64023,1663,23.64023,1
1184,23.66023,1636,23.66023,1
1185,23.68023,1616,23.68023,1
1186,23.70023,1717,23.70023,1
1187,23.72023,1640,23.72023,0
1188,23.74023,1528,23.74023,0
1189,23.76023,1610,23.76023,0
1190,23.78023,1647,23.78023,1
1191,23.80023,1630,23.80023,1
1192,23.82023,1538,23.82023,0
1193,23.84023,1609,23.84023,0
1194,23.86023,1618,23.86023,0
1195,23.88023,1563,23.88023,1
1196,23.90023,1590,23.90023,0
1197,23.92023,1572,23.92023,0
1198,23.94023,1549,23.94023,1
1199,23.96023,1560,23.96023,1
1200,23.98023,1588,23.98023,0
1201,24.00023,1496,24.00023,0
1202,24.02023,1520,24.02023,1
1203,24.04023,1547,24.04023,0
1204,24.06023,1598,24.06023,0
1205,24.08023,1482,24.08023,1
1206,24.10023,1562,24.10023,1
1207,24.12023,1552,24.12023,1
1208,24.14023,1533,24.14023,0
1209,24.16023,1523,24.16023,0
1210,24.18023,1565,24.18023,2
1211,24.20023,1539,24.20023,0
1212,24.22023,1594,24.22023,0
1213,24.24023,1555,24.24023,1
1214,24.26023,1565,24.26023,0
1215,24.28023,1633,24.28023,0
1216,24.30023,1506,24.30023,1
1217,24.32023,1498,24.32023,0
1218,24.34023,1527,24.34023,0
1219,24.36023,1463,24.36023,0
1220,24.38023,1552,24.38023,0
1221,24.40023,1533,24.40023,0
1222,24.42023,1531,24.42023,0
1223,24.44023,1553,24.44023,1
1224,24.46023,1543,24.46023,1
1225,24.48023,1485,24.48023,0
1226,24.50023,1534,24.50023,0
1227,24.52023,1461,24.52023,0
1228,24.54023,1491,24.54023,0
1229,24.56023,1460,24.56023,0
1230,24.58023,1499,24.58023,0
1231,24.60023,1485,24.60023,0
1232,24.62023,1459,24.62023,0
1233,24.64023,1419,24.64023,0
1234,24.66023,1486,24.66023,0
1235,24.68023,1474,24.68023,0
1236,24.70023,1495,24.70023,0
1237,24.72023,1470,24.72023,0
1238,24.74023,1478,24.74023,0
1239,24.76023,1552,24.76023,0
1240,24.78023,1447,24.78023,0
1241,24.80023,1481,24.80023,1
1242,24.82023,1480,24.82023,1
1243,24.84023,1370,24.84023,0
1244,24.86023,1411,24.86023,0
1245,24.88023,1453,24.88023,0
1246,24.90023,1459,24.90023,0
1247,24.92023,1415,24.92023,0
1248,24.94023,1514,24.94023,0
1249,24.96023,1450,24.96023,1
1250,24.98023,1479,24.98023,0
1251,25.00023,1491,25.00023,0
1252,25.02023,1469,25.02023,0
1253,25.04023,1438,25.04023,0
1254,25.06023,1525,25.06023,0
1255,25.08023,1510,25.08023,2
1256,25.10023,1472,25.10023,1
1257,25.12023,1501,25.12023,0
1258,25.14023,1381,25.14023,0
1259,25.16023,1506,25.16023,0
1260,25.18023,1436,25.18023,0
1261,25.20023,1427,25.20023,0
1262,25.22023,1449,25.22023,0
1263,25.24023,1533,25.24023,0
1264,25.26023,1494,25.26023,0
1265,25.28023,1475,25.28023,0
1266,25.30023,1462,25.30023,0
1267,25.32023,1501,25.32023,0
1268,25.34023,1407,25.34023,1
1269,25.36023,1479,25.36023,0
1270,25.38023,1420,25.38023,0
1271,25.40023,1305,25.40023,0
1272,25.42023,1387,25.42023,0
1273,25.44023,1386,25.44023,0
1274,25.46023,1401,25.46023,0
1275,25.48023,1322,25.48023,0
1276,25.50023,1402,25.50023,0
1277,25.52023,1366,25.52023,0
1278,25.54023,1389,25.54023,0
1279,25.56023,1409,25.56023,0
1280,25.58023,1359,25.58023,0
1281,25.60023,1417,25.60023,0
1282,25.62023,1339,25.62023,0
1283,25.64023,1238,25.64023,1
1284,25.66023,1378,25.66023,0
1285,25.68023,1343,25.68023,0
1286,25.70023,1357,25.70023,0
1287,25.72023,1311,25.72023,0
1288,25.74023,1265,25.74023,0
1289,25.76023,1354,25.76023,0
1290,25.78023,1328,25.78023,1
1291,25.80023,1245,25.80023,0
1292,25.82023,1248,25.82023,1
1293,25.84023,1362,25.84023,0
1294,25.86023,1259,25.86023,0
1295,25.88023,1351,25.88023,0
1296,25.90023,1314,25.90023,0
1297,25.92023,1238,25.92023,0
1298,25.94023,1313,25.94023,0
1299,25.96023,1280,25.96023,0
1300,25.98023,1282,25.98023,0
1301,26.00023,1331,26.00023,0
1302,26.02023,1349,26.02023,0
1303,26.04023,1284,26.04023,0
1304,26.06023,1275,26.06023,0
1305,26.08023,1245,26.08023,0
1306,26.10023,1243,26.10023,0
1307,26.12023,1318,26.12023,0
1308,26.14023,1253,26.14023,0
1309,26.16023,1258,26.16023,0
1310,26.18023,1286,26.18023,0
1311,26.20023,1199,26.20023,2
1312,26.22023,1256,26.22023,0
1313,26.24023,1206,26.24023,0
1314,26.26023,1216,26.26023,0
1315,26.28023,1312,26.28023,0
1316,26.30023,1295,26.30023,0
1317,26.32023,1245,26.32023,0
1318,26.34023,1209,26.34023,0
1319,26.36023,1233,26.36023,0
1320,26.38023,1233,26.38023,0
1321,26.40023,1222,26.40023,0
1322,26.42023,1218,26.42023,0
1323,26.44023,1218,26.44023,0
1324,26.46023,1215,26.46023,0
1325,26.48023,1203,26.48023,0
1326,26.50023,1133,26.50023,0
1327,26.52023,1232,26.52023,0
1328,26.54023,1227,26.54023,0
1329,26.56023,1188,26.56023,0
1330,26.58023,1201,26.58023,0
1331,26.60023,1150,26.60023,0
1332,26.62023,1209,26.62023,0
1333,26.64023,1242,26.64023,0
1334,26.66023,1213,26.66023,0
1335,26.68023,1134,26.68023,0
1336,26.70023,1189,26.70023,0
1337,26.72023,1226,26.72023,0
1338,26.74023,1120,26.74023,0
1339,26.76023,1186,26.76023,0
1340,26.78023,1191,26.78023,1
1341,26.80023,1112,26.80023,0
1342,26.82023,1151,26.82023,0
1343,26.84023,1198,26.84023,0
1344,26.86023,1175,26.86023,0
1345,26.88023,1152,26.88023,1
1346,26.90023,1178,26.90023,0
1347,26.92023,1120,26.92023,0
1348,26.94023,1107,26.94023,0
1349,26.96023,1141,26.96023,0
1350,26.98023,1188,26.98023,0
1351,27.00023,1159,27.00023,0
1352,27.02023,1196,27.02023,0
1353,27.04023,1114,27.04023,0
1354,27.06023,1099,27.06023,0
1355,27.08023,1069,27.08023,0
1356,27.10023,1122,27.10023,0
1357,27.12023,1150,27.12023,0
1358,27.14023,1098,27.14023,0
1359,27.16023,1106,27.16023,0
1360,27.18023,1093,27.18023,0
1361,27.20023,1127,27.20023,0
1362,27.22023,1184,27.22023,0
1363,27.24023,1077,27.24023,0
1364,27.26023,1063,27.26023,0
1365,27.28023,1098,27.28023,0
1366,27.30023,1123,27.30023,0
1367,27.32023,1128,27.32023,0
1368,27.34023,1077,27.34023,0
1369,27.36023,1109,27.36023,0
1370,27.38023,1081,27.38023,0
1371,27.40023,1078,27.40023,0
1372,27.42023,1107,27.42023,0
1373,27.44023,1118,27.44023,0
1374,27.46023,1094,27.46023,0
1375,27.48023,1073,27.48023,1
1376,27.50023,1116,27.50023,0
1377,27.52023,1069,27.52023,0
1378,27.54023,1110,27.54023,0
1379,27.56023,991,27.56023,0
1380,27.58023,1019,27.58023,0
1381,27.60023,994,27.60023,0
1382,27.62023,1056,27.62023,0
1383,27.64023,984,27.64023,0
1384,27.66023,1058,27.66023,0
1385,27.68023,1008,27.68023,0
1386,27.70023,1064,27.70023,0
1387,27.72023,1085,27.72023,0
1388,27.74023,1065,27.74023,0
1389,27.76023,958,27.76023,0
1390,27.78023,1030,27.78023,0
1391,27.80023,1031,27.80023,0
1392,27.82023,1001,27.82023,0
1393,27.84023,1057,27.84023,0
1394,27.86023,1047,27.86023,0
1395,27.88023,1018,27.88023,0
1396,27.90023,994,27.90023,0
1397,27.92023,1028,27.92023,0
1398,27.94023,1018,27.94023,0
1399,27.96023,1010,27.96023,0
1400,27.98023,973,27.98023,0
1401,28.00023,995,28.00023,0
1402,28.02023,997,28.02023,0
1403,28.04023,983,28.04023,0
1404,28.06023,1022,28.06023,0
1405,28.08023,980,28.08023,0
1406,28.10023,976,28.10023,0
1407,28.12023,976,28.12023,0
1408,28.14023,932,28.14023,0
1409,28.16023,998,28.16023,0
1410,28.18023,999,28.18023,0
1411,28.20023,980,28.20023,0
1412,28.22023,981,28.22023,0
1413,28.24023,896,28.24023,0
1414,28.26023,985,28.26023,0
1415,28.28023,982,28.28023,0
1416,28.30023,993,28.30023,0
1417,28.32023,971,28.32023,0
1418,28.34023,923,28.34023,0
1419,28.36023,954,28.36023,0
1420,28.38023,941,28.38023,0
1421,28.40023,1032,28.40023,0
1422,28.42023,969,28.42023,0
1423,28.44023,953,28.44023,0
1424,28.46023,994,28.46023,0
1425,28.48023,1004,28.48023,0
1426,28.50023,916,28.50023,0
1427,28.52023,882,28.52023,0
1428,28.54023,963,28.54023,0
1429,28.56023,937,28.56023,0
1430,28.58023,968,28.58023,0
1431,28.60023,928,28.60023,0
1432,28.62023,932,28.62023,0
1433,28.64023,910,28.64023,0
1434,28.66023,911,28.66023,0
1435,28.68023,898,28.68023,0
1436,28.70023,916,28.70023,0
1437,28.72023,928,28.72023,0
1438,28.74023,901,28.74023,0
1439,28.76023,899,28.76023,0
1440,28.78023,888,28.78023,0
1441,28.80023,878,28.80023,0
1442,28.82023,889,28.82023,0
1443,28.84023,907,28.84023,0
1444,28.86023,853,28.86023,0
1445,28.88023,929,28.88023,0
1446,28.90023,831,28.90023,0
1447,28.92023,892,28.92023,0
1448,28.94023,891,28.94023,0
1449,28.96023,856,28.96023,0
1450,28.98023,867,28.98023,0
1451,29.00023,883,29.00023,0
1452,29.02023,851,29.02023,0
1453,29.04023,848,29.04023,0
1454,29.06023,879,29.06023,0
1455,29.08023,852,29.08023,0
1456,29.10023,866,29.10023,0
1457,29.12023,926,29.12023,0
1458,29.14023,903,29.14023,0
1459,29.16023,832,29.16023,0
1460,29.18023,908,29.18023,0
1461,29.20023,840,29.20023,0
1462,29.22023,858,29.22023,0
1463,29.24023,829,29.24023,0
1464,29.26023,841,29.26023,0
1465,29.28023,841,29.28023,0
1466,29.30023,881,29.30023,0
1467,29.32023,845,29.32023,0
1468,29.34023,827,29.34023,0
1469,29.36023,807,29.36023,0
1470,29.38023,776,29.38023,0
1471,29.40023,772,29.40023,0
1472,29.42023,799,29.42023,0
1473,29.44023,810,29.44023,0
1474,29.46023,741,29.46023,0
1475,29.48023,822,29.48023,0
1476,29.50023,864,29.50023,0
1477,29.52023,839,29.52023,0
1478,29.54023,839,29.54023,0
1479,29.56023,838,29.56023,0
1480,29.58023,785,29.58023,0
1481,29.60023,803,29.60023,0
1482,29.62023,760,29.62023,0
1483,29.64023,806,29.64023,0
1484,29.66023,746,29.66023,0
1485,29.68023,813,29.68023,0
1486,29.70023,755,29.70023,0
1487,29.72023,745,29.72023,0
1488,29.74023,722,29.74023,0
1489,29.76023,781,29.76023,0
1490,29.78023,770,29.78023,0
1491,29.80023,734,29.80023,0
1492,29.82023,763,29.82023,0
1493,29.84023,729,29.84023,0
1494,29.86023,743,29.86023,0
1495,29.88023,775,29.88023,0
1496,29.90023,733,29.90023,0
1497,29.92023,851,29.92023,0
1498,29.94023,709,29.94023,0
1499,29.96023,741,29.96023,0
1500,29.98023,682,29.98023,0
1501,30.00023,748,30.00023,0
1502,30.02023,704,30.02023,0
1503,30.04023,678,30.04023,0
1504,30.06023,749,30.06023,0
1505,30.08023,750,30.08023,0
1506,30.10023,743,30.10023,0
1507,30.12023,780,30.12023,0
1508,30.14023,773,30.14023,0
1509,30.16023,728,30.16023,0
1510,30.18023,715,30.18023,0
1511,30.20023,708,30.20023,0
1512,30.22023,736,30.22023,0
1513,30.24023,740,30.24023,0
1514,30.26023,695,30.26023,0
1515,30.28023,740,30.28023,0
1516,30.30023,697,30.30023,0
1517,30.32023,682,30.32023,0
1518,30.34023,731,30.34023,0
1519,30.36023,762,30.36023,0
1520,30.38023,687,30.38023,0
1521,30.40023,680,30.40023,0
1522,30.42023,727,30.42023,0
1523,30.44023,699,30.44023,0
1524,30.46023,687,30.46023,0
1525,30.48023,675,30.48023,0
1526,30.50023,648,30.50023,0
1527,30.52023,666,30.52023,0
1528,30.54023,668,30.54023,0
1529,30.56023,698,30.56023,0
1530,30.58023,652,30.58023,0
1531,30.60023,602,30.60023,0
1532,30.62023,651,30.62023,0
1533,30.64023,692,30.64023,0
1534,30.66023,670,30.66023,0
1535,30.68023,643,30.68023,0
1536,30.70023,668,30.70023,0
1537,30.72023,662,30.72023,0
1538,30.74023,625,30.74023,0
1539,30.76023,642,30.76023,0
1540,30.78023,636,30.78023,0
1541,30.80023,670,30.80023,0
1542,30.82023,628,30.82023,0
1543,30.84023,675,30.84023,0
1544,30.86023,590,30.86023,0
1545,30.88023,640,30.88023,0
1546,30.90023,637,30.90023,0
1547,30.92023,629,30.92023,0
1548,30.94023,655,30.94023,0
1549,30.96023,587,30.96023,0
1550,30.98023,582,30.98023,0
1551,31.00023,587,31.00023,0
1552,31.02023,605,31.02023,0
1553,31.04023,639,31.04023,0
1554,31.06023,645,31.06023,0
1555,31.08023,614,31.08023,0
1556,31.10023,607,31.10023,0
1557,31.12023,610,31.12023,0
1558,31.14023,609,31.14023,0
1559,31.16023,604,31.16023,0
1560,31.18023,590,31.18023,0
1561,31.20023,606,31.20023,0
1562,31.22023,595,31.22023,0
1563,31.24023,582,31.24023,0
1564,31.26023,542,31.26023,0
1565,31.28023,587,31.28023,0
1566,31.30023,578,31.30023,0
1567,31.32023,591,31.32023,0
1568,31.34023,556,31.34023,0
1569,31.36023,604,31.36023,0
1570,31.38023,598,31.38023,0
1571,31.40023,555,31.40023,0
1572,31.42023,567,31.42023,0
1573,31.44023,573,31.44023,0
1574,31.46023,519,31.46023,0
1575,31.48023,567,31.48023,0
1576,31.50023,552,31.50023,0
1577,31.52023,544,31.52023,0
1578,31.54023,564,31.54023,0
1579,31.56023,525,31.56023,0
1580,31.58023,538,31.58023,0
1581,31.60023,532,31.60023,0
1582,31.62023,497,31.62023,0
1583,31.64023,556,31.64023,0
1584,31.66023,509,31.66023,0
1585,31.68023,526,31.68023,0
1586,31.70023,535,31.70023,0
1587,31.72023,517,31.72023,0
1588,31.74023,526,31.74023,0
1589,31.76023,562,31.76023,0
1590,31.78023,532,31.78023,0
1591,31.80023,516,31.80023,0
1592,31.82023,548,31.82023,0
1593,31.84023,494,31.84023,0
1594,31.86023,488,31.86023,0
1595,31.88023,532,31.88023,0
1596,31.90023,541,31.90023,0
1597,31.92023,472,31.92023,0
1598,31.94023,487,31.94023,0
1599,31.96023,476,31.96023,0
1600,31.98023,495,31.98023,0
1601,32.00023,474,32.00023,0
1602,32.02023,485,32.02023,0
1603,32.04023,457,32.04023,0
1604,32.06023,447,32.06023,0
1605,32.08023,451,32.08023,0
1606,32.10023,505,32.10023,0
1607,32.12023,463,32.12023,0
1608,32.14023,470,32.14023,0
1609,32.16023,475,32.16023,0
1610,32.18023,451,32.18023,0
1611,32.20023,460,32.20023,0
1612,32.22023,477,32.22023,0
1613,32.24023,445,32.24023,0
1614,32.26023,438,32.26023,0
1615,32.28023,487,32.28023,0
1616,32.30023,427,32.30023,0
1617,32.32023,453,32.32023,0
1618,32.34023,424,32.34023,0
1619,32.36023,459,32.36023,1
1620,32.38023,507,32.38023,0
1621,32.40023,436,32.40023,0
1622,32.42023,418,32.42023,0
1623,32.44023,379,32.44023,0
1624,32.46023,460,32.46023,0
1625,32.48023,422,32.48023,0
1626,32.50023,436,32.50023,0
1627,32.52023,408,32.52023,0
1628,32.54023,446,32.54023,0
1629,32.56023,424,32.56023,0
1630,32.58023,404,32.58023,0
1631,32.60023,415,32.60023,0
1632,32.62023,394,32.62023,0
1633,32.64023,386,32.64023,0
1634,32.66023,397,32.66023,0
1635,32.68023,414,32.68023,0
1636,32.70023,391,32.70023,0
1637,32.72023,374,32.72023,0
1638,32.74023,416,32.74023,0
1639,32.76023,396,32.76023,0
1640,32.78023,404,32.78023,0
1641,32.80023,393,32.80023,0
1642,32.82023,381,32.82023,0
1643,32.84023,363,32.84023,0
1644,32.86023,372,32.86023,0
1645,32.88023,376,32.88023,0
1646,32.90023,403,32.90023,0
1647,32.92023,372,32.92023,0
1648,32.94023,365,32.94023,0
1649,32.96023,372,32.96023,0
1650,32.98023,362,32.98023,0
1651,33.00023,336,33.00023,0
1652,33.02023,324,33.02023,0
1653,33.04023,384,33.04023,0
1654,33.06023,339,33.06023,0
1655,33.08023,323,33.08023,0
1656,33.10023,324,33.10023,0
1657,33.12023,327,33.12023,0
1658,33.14023,325,33.14023,0
1659,33.16023,321,33.16023,0
1660,33.18023,309,33.18023,0
1661,33.20023,360,33.20023,0
1662,33.22023,370,33.22023,0
1663,33.24023,351,33.24023,0
1664,33.26023,322,33.26023,0
1665,33.28023,279,33.28023,0
1666,33.30023,319,33.30023,0
1667,33.32023,341,33.32023,0
1668,33.34023,318,33.34023,0
1669,33.36023,320,33.36023,0
1670,33.38023,305,33.38023,0
1671,33.40023,280,33.40023,0
1672,33.42023,306,33.42023,0
1673,33.44023,294,33.44023,0
1674,33.46023,304,33.46023,0
1675,33.48023,299,33.48023,0
1676,33.50023,269,33.50023,0
1677,33.52023,304,33.52023,0
1678,33.54023,289,33.54023,0
1679,33.56023,310,33.56023,0
1680,33.58023,291,33.58023,0
1681,33.60023,298,33.60023,0
1682,33.62023,293,33.62023,0
1683,33.64023,284,33.64023,0
1684,33.66023,287,33.66023,0
1685,33.68023,249,33.68023,0
1686,33.70023,270,33.70023,0
1687,33.72023,281,33.72023,0
1688,33.74023,280,33.74023,0
1689,33.76023,246,33.76023,0
1690,33.78023,264,33.78023,0
1691,33.80023,261,33.80023,0
1692,33.82023,210,33.82023,0
1693,33.84023,256,33.84023,0
1694,33.86023,233,33.86023,0
1695,33.88023,266,33.88023,0
1696,33.90023,237,33.90023,0
1697,33.92023,228,33.92023,0
1698,33.94023,266,33.94023,0
1699,33.96023,236,33.96023,0
1700,33.98023,185,33.98023,0
1701,34.00023,215,34.00023,0
1702,34.02023,196,34.02023,0
1703,34.04023,228,34.04023,0
1704,34.06023,228,34.06023,0
1705,34.08023,208,34.08023,0
1706,34.10023,209,34.10023,0
1707,34.12023,222,34.12023,0
1708,34.14023,186,34.14023,0
1709,34.16023,232,34.16023,0
1710,34.18023,220,34.18023,0
1711,34.20023,176,34.20023,0
1712,34.22023,219,34.22023,0
1713,34.24023,181,34.24023,0
1714,34.26023,198,34.26023,0
1715,34.28023,167,34.28023,0
1716,34.30023,211,34.30023,0
1717,34.32023,195,34.32023,0
1718,34.34023,175,34.34023,0
1719,34.36023,187,34.36023,0
1720,34.38023,174,34.38023,0
1721,34.40023,169,34.40023,0
1722,34.42023,153,34.42023,0
1723,34.44023,177,34.44023,0
1724,34.46023,147,34.46023,0
1725,34.48023,198,34.48023,0
1726,34.50023,168,34.50023,0
1727,34.52023,155,34.52023,0
1728,34.54023,171,34.54023,0
1729,34.56023,153,34.56023,0
1730,34.58023,172,34.58023,0
1731,34.60023,156,34.60023,0
1732,34.62023,136,34.62023,0
1733,34.64023,136,34.64023,0
1734,34.66023,156,34.66023,0
1735,34.68023,166,34.68023,0
1736,34.70023,168,34.70023,0
1737,34.72023,112,34.72023,0
1738,34.74023,158,34.74023,0
1739,34.76023,139,34.76023,0
1740,34.78023,132,34.78023,0
1741,34.80023,123,34.80023,0
1742,34.82023,128,34.82023,0
1743,34.84023,137,34.84023,0
1744,34.86023,108,34.86023,0
1745,34.88023,111,34.88023,0
1746,34.90023,108,34.90023,0
1747,34.92023,125,34.92023,0
1748,34.94023,135,34.94023,0
1749,34.96023,107,34.96023,0
1750,34.98023,100,34.98023,0
1751,35.00023,112,35.00023,0
1752,35.02023,110,35.02023,0
1753,35.04023,91,35.04023,0
1754,35.06023,101,35.06023,0
1755,35.08023,97,35.08023,0
1756,35.10023,113,35.10023,0
1757,35.12023,103,35.12023,0
1758,35.14023,96,35.14023,0
1759,35.16023,69,35.16023,0
1760,35.18023,108,35.18023,0
1761,35.20023,89,35.20023,0
1762,35.22023,78,35.22023,0
1763,35.24023,77,35.24023,0
1764,35.26023,76,35.26023,0
1765,35.28023,88,35.28023,0
1766,35.30023,94,35.30023,0
1767,35.32023,90,35.32023,0
1768,35.34023,79,35.34023,0
1769,35.36023,82,35.36023,0
1770,35.38023,74,35.38023,0
1771,35.40023,65,35.40023,0
1772,35.42023,63,35.42023,0
1773,35.44023,72,35.44023,0
1774,35.46023,64,35.46023,0
1775,35.48023,59,35.48023,0
1776,35.50023,73,35.50023,0
1777,35.52023,65,35.52023,0
1778,35.54023,66,35.54023,0
1779,35.56023,57,35.56023,0
1780,35.58023,60,35.58023,0
1781,35.60023,72,35.60023,0
1782,35.62023,50,35.62023,0
1783,35.64023,62,35.64023,0
1784,35.66023,59,35.66023,0
1785,35.68023,71,35.68023,0
1786,35.70023,50,35.70023,0
1787,35.72023,50,35.72023,0
1788,35.74023,49,35.74023,0
1789,35.76023,51,35.76023,0
1790,35.78023,49,35.78023,0
1791,35.80023,60,35.80023,0
1792,35.82023,55,35.82023,0
1793,35.84023,61,35.84023,0
1794,35.86023,34,35.86023,0
1795,35.88023,40,35.88023,0
1796,35.90023,35,35.90023,0
1797,35.92023,48,35.92023,0
1798,35.94023,35,35.94023,0
1799,35.96023,45,35.96023,0
1800,35.98023,37,35.98023,0
1801,36.00023,28,36.00023,0
1802,36.02023,44,36.02023,0
1803,36.04023,38,36.04023,0
1804,36.06023,47,36.06023,0
1805,36.08023,45,36.08023,0
1806,36.10023,41,36.10023,0
1807,36.12023,40,36.12023,0
1808,36.14023,32,36.14023,0
1809,36.16023,37,36.16023,0
1810,36.18023,36,36.18023,0
1811,36.20023,37,36.20023,0
1812,36.22023,43,36.22023,0
1813,36.24023,43,36.24023,0
1814,36.26023,32,36.26023,0
1815,36.28023,41,36.28023,0
1816,36.30023,29,36.30023,0
1817,36.32023,30,36.32023,0
1818,36.34023,41,36.34023,0
1819,36.36023,31,36.36023,0
1820,36.38023,25,36.38023,0
1821,36.40023,26,36.40023,0
1822,36.42023,37,36.42023,0
1823,36.44023,31,36.44023,0
1824,36.46023,26,36.46023,0
1825,36.48023,34,36.48023,0
1826,36.50023,32,36.50023,0
1827,36.52023,31,36.52023,0
1828,36.54023,25,36.54023,0
1829,36.56023,33,36.56023,0
1830,36.58023,18,36.58023,0
1831,36.60023,26,36.60023,0
1832,36.62023,22,36.62023,0
1833,36.64023,26,36.64023,0
1834,36.66023,25,36.66023,0
1835,36.68023,28,36.68023,0
1836,36.70023,27,36.70023,0
1837,36.72023,27,36.72023,0
1838,36.74023,32,36.74023,0
1839,36.76023,29,36.76023,0
1840,36.78023,22,36.78023,0
1841,36.80023,36,36.80023,0
1842,36.82023,21,36.82023,0
1843,36.84023,32,36.84023,0
1844,36.86023,22,36.86023,0
1845,36.88023,22,36.88023,0
1846,36.90023,12,36.90023,0
1847,36.92023,30,36.92023,0
1848,36.94023,24,36.94023,0
1849,36.96023,27,36.96023,0
1850,36.98023,26,36.98023,0
1851,37.00023,25,37.00023,0
1852,37.02023,25,37.02023,0
1853,37.04023,22,37.04023,0
1854,37.06023,21,37.06023,0
1855,37.08023,19,37.08023,0
1856,37.10023,22,37.10023,0
1857,37.12023,26,37.12023,0
1858,37.14023,22,37.14023,0
1859,37.16023,21,37.16023,0
1860,37.18023,22,37.18023,0
1861,37.20023,15,37.20023,0
1862,37.22023,20,37.22023,0
1863,37.24023,27,37.24023,0
1864,37.26023,14,37.26023,0
1865,37.28023,25,37.28023,0
1866,37.30023,23,37.30023,0
1867,37.32023,21,37.32023,0
1868,37.34023,24,37.34023,0
1869,37.36023,22,37.36023,0
1870,37.38023,20,37.38023,0
1871,37.40023,18,37.40023,0
1872,37.42023,15,37.42023,0
1873,37.44023,18,37.44023,0
1874,37.46023,20,37.46023,0
1875,37.48023,16,37.48023,0
1876,37.50023,21,37.50023,0
1877,37.52023,19,37.52023,0
1878,37.54023,26,37.54023,0
1879,37.56023,17,37.56023,0
1880,37.58023,18,37.58023,0
1881,37.60023,18,37.60023,0
1882,37.62023,19,37.62023,0
1883,37.64023,24,37.64023,0
1884,37.66023,25,37.66023,0
1885,37.68023,11,37.68023,0
1886,37.70023,15,37.70023,0
1887,37.72023,19,37.72023,0
1888,37.74023,12,37.74023,0
1889,37.76023,22,37.76023,0
1890,37.78023,16,37.78023,0
1891,37.80023,20,37.80023,0
1892,37.82023,16,37.82023,0
1893,37.84023,14,37.84023,0
1894,37.86023,18,37.86023,0
1895,37.88023,16,37.88023,0
1896,37.90023,17,37.90023,0
1897,37.92023,13,37.92023,0
1898,37.94023,20,37.94023,0
1899,37.96023,16,37.96023,0
1900,37.98023,27,37.98023,0
1901,38.00023,16,38.00023,0
1902,38.02023,18,38.02023,0
1903,38.04023,16,38.04023,0
1904,38.06023,10,38.06023,0
1905,38.08023,21,38.08023,0
1906,38.10023,24,38.10023,0
1907,38.12023,19,38.12023,0
1908,38.14023,16,38.14023,0
1909,38.16023,15,38.16023,0
1910,38.18023,16,38.18023,0
1911,38.20023,13,38.20023,0
1912,38.22023,13,38.22023,0
1913,38.24023,8,38.24023,0
1914,38.26023,17,38.26023,0
1915,38.28023,15,38.28023,0
1916,38.30023,17,38.30023,0
1917,38.32023,13,38.32023,0
1918,38.34023,23,38.34023,0
1919,38.36023,15,38.36023,0
1920,38.38023,20,38.38023,0
1921,38.40023,15,38.40023,0
1922,38.42023,19,38.42023,0
1923,38.44023,15,38.44023,0
1924,38.46023,19,38.46023,0
1925,38.48023,14,38.48023,0
1926,38.50023,21,38.50023,0
1927,38.52023,11,38.52023,0
1928,38.54023,10,38.54023,0
1929,38.56023,10,38.56023,0
1930,38.58023,12,38.58023,0
1931,38.60023,14,38.60023,0
1932,38.62023,6,38.62023,0
1933,38.64023,13,38.64023,0
1934,38.66023,12,38.66023,0
1935,38.68023,12,38.68023,0
1936,38.70023,14,38.70023,0
1937,38.72023,16,38.72023,0
1938,38.74023,14,38.74023,0
1939,38.76023,12,38.76023,0
1940,38.78023,14,38.78023,0
1941,38.80023,10,38.80023,0
1942,38.82023,15,38.82023,0
1943,38.84023,10,38.84023,0
1944,38.86023,20,38.86023,0
1945,38.88023,16,38.88023,0
1946,38.90023,16,38.90023,0
1947,38.92023,10,38.92023,0
1948,38.94023,15,38.94023,0
1949,38.96023,5,38.96023,0
1950,38.98023,14,38.98023,0
1951,39.00023,9,39.00023,0
1952,39.02023,16,39.02023,0
1953,39.04023,16,39.04023,0
1954,39.06023,13,39.06023,0
1955,39.08023,15,39.08023,0
1956,39.10023,18,39.10023,0
1957,39.12023,9,39.12023,0
1958,39.14023,18,39.14023,0
1959,39.16023,11,39.16023,0
1960,39.18023,17,39.18023,0
1961,39.20023,11,39.20023,0
1962,39.22023,6,39.22023,0
1963,39.24023,12,39.24023,0
1964,39.26023,17,39.26023,0
1965,39.28023,10,39.28023,0
1966,39.30023,10,39.30023,0
1967,39.32023,12,39.32023,0
1968,39.34023,19,39.34023,0
1969,39.36023,7,39.36023,0
1970,39.38023,12,39.38023,0
1971,39.40023,9,39.40023,0
1972,39.42023,15,39.42023,0
1973,39.44023,13,39.44023,0
1974,39.46023,13,39.46023,0
1975,39.48023,10,39.48023,0
1976,39.50023,8,39.50023,0
1977,39.52023,13,39.52023,0
1978,39.54023,10,39.54023,0
1979,39.56023,8,39.56023,0
1980,39.58023,15,39.58023,0
1981,39.60023,8,39.60023,0
1982,39.62023,10,39.62023,0
1983,39.64023,11,39.64023,0
1984,39.66023,5,39.66023,0
1985,39.68023,11,39.68023,0
1986,39.70023,11,39.70023,0
1987,39.72023,9,39.72023,0
1988,39.74023,9,39.74023,0
1989,39.76023,10,39.76023,0
1990,39.78023,7,39.78023,0
1991,39.80023,8,39.80023,0
1992,39.82023,10,39.82023,0
1993,39.84023,6,39.84023,0
1994,39.86023,2,39.86023,0
1995,39.88023,6,39.88023,0
1996,39.90023,16,39.90023,0
1997,39.92023,15,39.92023,0
1998,39.94023,12,39.94023,0
1999,39.96023,10,39.96023,0
2000,39.98023,9,39.98023,0
2001,40.00023,9,40.00023,0
2002,40.02023,13,40.02023,0
2003,40.04023,10,40.04023,0
2004,40.06023,3,40.06023,0
2005,40.08023,7,40.08023,0
2006,40.10023,7,40.10023,0
2007,40.12023,16,40.12023,0
2008,40.14023,12,40.14023,0
2009,40.16023,5,40.16023,0
2010,40.18023,7,40.18023,0
2011,40.20023,5,40.20023,0
2012,40.22023,9,40.22023,0
2013,40.24023,7,40.24023,0
2014,40.26023,9,40.26023,0
2015,40.28023,14,40.28023,0
2016,40.30023,7,40.30023,0
2017,40.32023,5,40.32023,0
2018,40.34023,11,40.34023,0
2019,40.36023,8,40.36023,0
2020,40.38023,7,40.38023,0
2021,40.40023,5,40.40023,0
2022,40.42023,12,40.42023,0
2023,40.44023,11,40.44023,0
2024,40.46023,6,40.46023,0
2025,40.48023,9,40.48023,0
2026,40.50023,8,40.50023,0
2027,40.52023,6,40.52023,0
2028,40.54023,5,40.54023,0
2029,40.56023,10,40.56023,0
2030,40.58023,14,40.58023,0
2031,40.60023,8,40.60023,0
2032,40.62023,8,40.62023,0
2033,40.64023,11,40.64023,0
2034,40.66023,8,40.66023,0
2035,40.68023,11,40.68023,0
2036,40.70023,9,40.70023,0
2037,40.72023,6,40.72023,0
2038,40.74023,19,40.74023,0
2039,40.76023,3,40.76023,0
2040,40.78023,9,40.78023,0
2041,40.80023,11,40.80023,0
2042,40.82023,8,40.82023,0
2043,40.84023,5,40.84023,0
2044,40.86023,3,40.86023,0
2045,40.88023,8,40.88023,0
2046,40.90023,11,40.90023,0
2047,40.92023,3,40.92023,0
2048,40.94023,10,40.94023,0
