Bruker AXS HMP Instrument Tools Complete CSV
FileName,C:\MeinZeugs\Uni\Publikationen\2025\MeIn pXRF\DAQ\Device_monitoring_sample_element_precision_Schauer\data_raw\Example_LOD\04517-Mudrock Dual.pdz
SerialString,SG2-6390
TubeTargetElement,45
NumberOfSpectra,2
SampleID,
AcquisitionDateTime,4/28/2025 6:42:49 PM
TotalElapsedTimeInSeconds,120
AnodeTakeOffAngle,45
SampleIncidenceAngle,45
BeThicknessInMicroMeters,125
SampleTakeOffAngle,65
SpotSizeUsed,8
NumberOfUserCustomFields,5
UserCustomFieldHeader,FieldName,FieldValue
UserCustomField,Operator,Supervisor
UserCustomField,Material,Standard
UserCustomField,ID,
UserCustomField,Probe,SiO2
UserCustomField,Projekt,ESPRIT
AnalysisMode,32
AnalysisType,1
UsedAutoCalSelect,False
ResultUnits,PPM
ErrorMultiplier,2
CalFileName,MudrockDual
CalPackageName,
CalPackagePartNumber,
TypeStandardizationSetName,
NumberOfElementsInCalculatedResults,27
CalculatedResults:AtomicNum,ElementSymbol,Units,Value,TypeStandardizedValue,Error,RangeMin,RangeMax,Tramp,Nominal
12,Mg,PPM,0.2060405,0.2060405,0.03752129,0,0,False,False
13,Al,PPM,0,0,0.009585337,0,0,False,False
14,Si,PPM,27.39936,27.39936,0.04022192,0,0,False,False
15,P,PPM,0.01055541,0.01055541,0.002156639,0,0,False,False
16,S,PPM,0.06224215,0.06224215,0.001784855,0,0,False,False
19,K,PPM,0,0,0.0009177424,0,0,False,False
20,Ca,PPM,0,0,0.0006645312,0,0,False,False
22,Ti,PPM,0.005631314,0.005631314,0.0005537456,0,0,False,False
23,V,PPM,0.002532878,0.002532878,0.00041495,0,0,False,False
24,Cr,PPM,0.003920913,0.003920913,0.0002968003,0,0,False,False
25,Mn,PPM,0.008375208,0.008375208,0.0003758243,0,0,False,False
26,Fe,PPM,0.0197148,0.0197148,0.0005745232,0,0,False,False
27,Co,PPM,0,0,1.040264E-05,0,0,False,False
28,Ni,PPM,9.752015E-05,9.752015E-05,7.406146E-05,0,0,False,False
29,Cu,PPM,0.001132036,0.001132036,8.72007E-05,0,0,False,False
30,Zn,PPM,0,0,6.935891E-05,0,0,False,False
33,As,PPM,0,0,7.168067E-05,0,0,False,False
37,Rb,PPM,0,0,8.602543E-05,0,0,False,False
38,Sr,PPM,0,0,7.931962E-05,0,0,False,False
39,Y,PPM,0.000118179,0.000118179,8.714608E-05,0,0,False,False
40,Zr,PPM,0,0,9.147906E-05,0,0,False,False
41,Nb,PPM,0,0,0.0001013755,0,0,False,False
42,Mo,PPM,0.0001779702,0.0001779702,0.0001130042,0,0,False,False
56,Ba,PPM,0.0125014,0.0125014,0.005766265,0,0,False,False
82,Pb,PPM,0,0,0.000162346,0,0,False,False
90,Th,PPM,0,0,2.121071E-05,0,0,False,False
92,U,PPM,0,0,0.00025102,0,0,False,False
MatchSpreadThreshold,0.05
IsTrampEnabled,False
IsNominalEnabled,False
NumberOfGradeIDMatchResults,3
GradeIDMatchResultsHeader,GradeID,MatchConfidence
GradeIDMatchResult,,0
GradeIDMatchResult,,0
GradeIDMatchResult,,0
ParametersForEachSpectrum,Spectrum 1,,Spectrum 2,
XrayVoltageInkV,40,,15,
XrayFilamentCurrentInMicroAmps,38.85,,27.9,
RawCounts,2724279,,1872426,
ValidCounts,2222218,,1605707,
eVPerChannel,20,,20,
StartingKeV,0.0007268116,,0.0007268116,
ZeroOffsetInKeV,-0.0007268116,,-0.0007268116,
StartingChannel,0.03634058,,0.03634058,
NumberOfChannels,2048,,2048,
CountsPerSecond,54067.09,,33807.45,
XilinxFirmwareVersion,,,,
IlluminationID,MudRock Trace40,,MudRock Maj15,
Filter1ElementAtomicNum,22,,0,
Filter1Thickness,25,,0,
Filter2ElementAtomicNum,13,,0,
Filter2Thickness,300,,0,
Filter3ElementAtomicNum,0,,0,
Filter3Thickness,0,,0,
AcquisitionDateTime,4/28/2025 6:42:49 PM,,4/28/2025 6:42:49 PM,
LiveTimeInSeconds,44.165,,51.39301,
DeadTimeInSeconds,6.222003,,3.992001,
ResetTimeInSeconds,5.927999,,0.9049995,
DetectorTempInC,-27,,-27,
AmbientTempInF,128,,128,
NosePressureInMilliBars,1001,,1001,
NoseTemperatureInC,47,,47,
ActiveTimeInSeconds,50.38701,,55.38501,
PacketTimeInSeconds,56.31501,,56.29,
CommunicationTimeInSeconds,,,,
ElapsedClockTimeInSeconds,60,,60,
Spectrum:ChannelNumber,ChannelStartInKeV,ChannelCount,ChannelStartInKeV,ChannelCount
1,0.0007268116,0,0.0007268116,0
2,0.02072681,0,0.02072681,0
3,0.04072681,0,0.04072681,0
4,0.06072681,0,0.06072681,0
5,0.08072681,0,0.08072681,0
6,0.1007268,0,0.1007268,0
7,0.1207268,0,0.1207268,0
8,0.1407268,0,0.1407268,0
9,0.1607268,0,0.1607268,0
10,0.1807268,0,0.1807268,0
11,0.2007268,0,0.2007268,0
12,0.2207268,0,0.2207268,0
13,0.2407268,0,0.2407268,0
14,0.2607268,0,0.2607268,1
15,0.2807268,12,0.2807268,3
16,0.3007268,113,0.3007268,85
17,0.3207268,597,0.3207268,597
18,0.3407268,2709,0.3407268,2834
19,0.3607268,7250,0.3607268,8206
20,0.3807268,11727,0.3807268,13939
21,0.4007268,11315,0.4007268,13785
22,0.4207268,6771,0.4207268,8163
23,0.4407268,2602,0.4407268,2851
24,0.4607268,629,0.4607268,590
25,0.4807268,99,0.4807268,88
26,0.5007268,14,0.5007268,4
27,0.5207268,9,0.5207268,3
28,0.5407268,6,0.5407268,4
29,0.5607268,7,0.5607268,1
30,0.5807268,2,0.5807268,0
31,0.6007268,4,0.6007268,1
32,0.6207268,4,0.6207268,0
33,0.6407268,5,0.6407268,3
34,0.6607268,4,0.6607268,2
35,0.6807268,747,0.6807268,74
36,0.7007268,746,0.7007268,58
37,0.7207268,741,0.7207268,57
38,0.7407268,703,0.7407268,62
39,0.7607268,736,0.7607268,71
40,0.7807268,720,0.7807268,63
41,0.8007268,723,0.8007268,59
42,0.8207268,727,0.8207268,72
43,0.8407268,700,0.8407268,62
44,0.8607268,716,0.8607268,85
45,0.8807268,663,0.8807268,98
46,0.9007268,710,0.9007268,152
47,0.9207268,708,0.9207268,193
48,0.9407268,719,0.9407268,226
49,0.9607268,707,0.9607268,217
50,0.9807268,655,0.9807268,165
51,1.000727,685,1.000727,151
52,1.020727,678,1.020727,115
53,1.040727,734,1.040727,118
54,1.060727,653,1.060727,129
55,1.080727,693,1.080727,157
56,1.100727,613,1.100727,152
57,1.120727,666,1.120727,135
58,1.140727,669,1.140727,142
59,1.160727,634,1.160727,137
60,1.180727,670,1.180727,176
61,1.200727,674,1.200727,190
62,1.220727,642,1.220727,197
63,1.240727,631,1.240727,149
64,1.260727,626,1.260727,135
65,1.280727,616,1.280727,102
66,1.300727,639,1.300727,91
67,1.320727,618,1.320727,102
68,1.340727,580,1.340727,105
69,1.360727,584,1.360727,114
70,1.380727,582,1.380727,125
71,1.400727,561,1.400727,170
72,1.420727,578,1.420727,237
73,1.440727,640,1.440727,348
74,1.460727,566,1.460727,439
75,1.480727,633,1.480727,505
76,1.500727,589,1.500727,520
77,1.520727,574,1.520727,504
78,1.540727,548,1.540727,474
79,1.560727,552,1.560727,485
80,1.580727,548,1.580727,563
81,1.600727,502,1.600727,826
82,1.620727,564,1.620727,2171
83,1.640727,622,1.640727,7413
84,1.660727,870,1.660727,21343
85,1.680727,1314,1.680727,48738
86,1.700727,1938,1.700727,86547
87,1.720727,2598,1.720727,119626
88,1.740727,2613,1.740727,126513
89,1.760727,2097,1.760727,103578
90,1.780727,1707,1.780727,67405
91,1.800727,1023,1.800727,35885
92,1.820727,750,1.820727,17384
93,1.840727,619,1.840727,8557
94,1.860727,528,1.860727,4701
95,1.880727,472,1.880727,2414
96,1.900727,471,1.900727,1141
97,1.920727,473,1.920727,522
98,1.940727,420,1.940727,248
99,1.960727,389,1.960727,166
100,1.980727,401,1.980727,139
101,2.000727,440,2.000727,143
102,2.020727,404,2.020727,146
103,2.040727,408,2.040727,124
104,2.060727,448,2.060727,162
105,2.080727,372,2.080727,169
106,2.100727,408,2.100727,167
107,2.120727,382,2.120727,214
108,2.140727,387,2.140727,233
109,2.160727,370,2.160727,213
110,2.180727,369,2.180727,256
111,2.200727,404,2.200727,291
112,2.220727,404,2.220727,296
113,2.240727,341,2.240727,353
114,2.260727,355,2.260727,358
115,2.280727,371,2.280727,459
116,2.300727,376,2.300727,466
117,2.320727,356,2.320727,512
118,2.340727,347,2.340727,645
119,2.360727,367,2.360727,621
120,2.380727,330,2.380727,683
121,2.400727,328,2.400727,669
122,2.420727,333,2.420727,613
123,2.440727,350,2.440727,537
124,2.460727,309,2.460727,518
125,2.480727,341,2.480727,475
126,2.500727,322,2.500727,509
127,2.520727,354,2.520727,545
128,2.540727,305,2.540727,667
129,2.560727,296,2.560727,872
130,2.580727,310,2.580727,1329
131,2.600727,326,2.600727,2130
132,2.620727,311,2.620727,3699
133,2.640727,285,2.640727,5715
134,2.660727,270,2.660727,8380
135,2.680727,287,2.680727,10138
136,2.700727,283,2.700727,10558
137,2.720727,289,2.720727,9241
138,2.740727,269,2.740727,7189
139,2.760727,291,2.760727,5560
140,2.780727,282,2.780727,5073
141,2.800727,261,2.800727,5476
142,2.820727,255,2.820727,6229
143,2.840727,277,2.840727,6540
144,2.860727,313,2.860727,6487
145,2.880727,334,2.880727,6384
146,2.900727,385,2.900727,7099
147,2.920727,472,2.920727,7934
148,2.940727,538,2.940727,9190
149,2.960727,494,2.960727,9357
150,2.980727,475,2.980727,8005
151,3.000727,408,3.000727,6333
152,3.020727,335,3.020727,4269
153,3.040727,252,3.040727,2580
154,3.060727,226,3.060727,1630
155,3.080727,243,3.080727,1193
156,3.100727,216,3.100727,1023
157,3.120727,200,3.120727,1066
158,3.140727,216,3.140727,1202
159,3.160727,198,3.160727,1382
160,3.180727,244,3.180727,1428
161,3.200727,204,3.200727,1334
162,3.220727,224,3.220727,1123
163,3.240727,229,3.240727,929
164,3.260727,183,3.260727,754
165,3.280727,189,3.280727,661
166,3.300727,184,3.300727,634
167,3.320727,160,3.320727,627
168,3.340727,179,3.340727,661
169,3.360727,152,3.360727,669
170,3.380727,160,3.380727,633
171,3.400727,148,3.400727,554
172,3.420727,177,3.420727,571
173,3.440727,165,3.440727,615
174,3.460727,178,3.460727,679
175,3.480727,141,3.480727,656
176,3.500727,164,3.500727,675
177,3.520727,131,3.520727,625
178,3.540727,151,3.540727,567
179,3.560727,126,3.560727,503
180,3.580727,157,3.580727,499
181,3.600727,146,3.600727,497
182,3.620727,147,3.620727,488
183,3.640727,157,3.640727,506
184,3.660727,187,3.660727,518
185,3.680727,189,3.680727,522
186,3.700727,172,3.700727,513
187,3.720727,132,3.720727,525
188,3.740727,150,3.740727,551
189,3.760727,125,3.760727,548
190,3.780727,123,3.780727,542
191,3.800727,117,3.800727,569
192,3.820727,104,3.820727,655
193,3.840727,105,3.840727,605
194,3.860727,89,3.860727,643
195,3.880727,103,3.880727,690
196,3.900727,88,3.900727,729
197,3.920727,98,3.920727,726
198,3.940727,103,3.940727,768
199,3.960727,97,3.960727,803
200,3.980727,101,3.980727,742
201,4.000727,100,4.000727,762
202,4.020727,101,4.020727,720
203,4.040727,76,4.040727,736
204,4.060727,66,4.060727,695
205,4.080727,80,4.080727,723
206,4.100727,93,4.100727,658
207,4.120727,64,4.120727,656
208,4.140727,86,4.140727,689
209,4.160727,69,4.160727,695
210,4.180727,70,4.180727,711
211,4.200727,68,4.200727,726
212,4.220727,61,4.220727,751
213,4.240727,64,4.240727,755
214,4.260727,62,4.260727,720
215,4.280727,75,4.280727,699
216,4.300727,61,4.300727,726
217,4.320727,49,4.320727,758
218,4.340727,61,4.340727,793
219,4.360727,61,4.360727,851
220,4.380727,53,4.380727,911
221,4.400727,59,4.400727,910
222,4.420727,66,4.420727,1038
223,4.440727,55,4.440727,1103
224,4.460727,68,4.460727,1167
225,4.480727,57,4.480727,1249
226,4.500727,61,4.500727,1190
227,4.520727,74,4.520727,1145
228,4.540727,64,4.540727,1083
229,4.560727,77,4.560727,966
230,4.580727,62,4.580727,1066
231,4.600727,58,4.600727,932
232,4.620727,58,4.620727,953
233,4.640727,65,4.640727,984
234,4.660727,51,4.660727,1010
235,4.680727,58,4.680727,938
236,4.700727,63,4.700727,1008
237,4.720727,38,4.720727,1027
238,4.740727,54,4.740727,1094
239,4.760727,44,4.760727,1022
240,4.780727,52,4.780727,1037
241,4.800727,61,4.800727,1135
242,4.820727,48,4.820727,1108
243,4.840727,65,4.840727,1127
244,4.860727,59,4.860727,1140
245,4.880727,49,4.880727,1179
246,4.900727,56,4.900727,1126
247,4.920727,42,4.920727,1149
248,4.940727,55,4.940727,1244
249,4.960727,54,4.960727,1260
250,4.980727,51,4.980727,1217
251,5.000727,33,5.000727,1250
252,5.020727,47,5.020727,1320
253,5.040727,52,5.040727,1330
254,5.060727,49,5.060727,1318
255,5.080727,51,5.080727,1413
256,5.100727,41,5.100727,1393
257,5.120727,55,5.120727,1427
258,5.140727,53,5.140727,1427
259,5.160727,35,5.160727,1482
260,5.180727,46,5.180727,1385
261,5.200727,43,5.200727,1503
262,5.220727,34,5.220727,1527
263,5.240727,38,5.240727,1635
264,5.260727,40,5.260727,1670
265,5.280727,48,5.280727,1723
266,5.300727,56,5.300727,1780
267,5.320727,49,5.320727,1925
268,5.340727,49,5.340727,1870
269,5.360727,46,5.360727,1892
270,5.380727,48,5.380727,1830
271,5.400727,48,5.400727,1955
272,5.420727,54,5.420727,1969
273,5.440727,50,5.440727,1781
274,5.460727,53,5.460727,1739
275,5.480727,50,5.480727,1799
276,5.500727,44,5.500727,1778
277,5.520727,43,5.520727,1695
278,5.540727,34,5.540727,1820
279,5.560727,50,5.560727,1774
280,5.580727,46,5.580727,1958
281,5.600727,46,5.600727,1899
282,5.620727,37,5.620727,1975
283,5.640727,47,5.640727,1977
284,5.660727,32,5.660727,2052
285,5.680727,42,5.680727,1929
286,5.700727,44,5.700727,2025
287,5.720727,41,5.720727,1963
288,5.740727,33,5.740727,1892
289,5.760727,42,5.760727,1889
290,5.780727,38,5.780727,1889
291,5.800727,40,5.800727,1851
292,5.820727,28,5.820727,1783
293,5.840727,45,5.840727,1833
294,5.860727,41,5.860727,1699
295,5.880727,46,5.880727,1776
296,5.900727,41,5.900727,1724
297,5.920727,32,5.920727,1746
298,5.940727,40,5.940727,1741
299,5.960727,51,5.960727,1750
300,5.980727,34,5.980727,1656
301,6.000727,26,6.000727,1730
302,6.020727,42,6.020727,1770
303,6.040727,37,6.040727,1711
304,6.060727,42,6.060727,1713
305,6.080727,35,6.080727,1777
306,6.100727,43,6.100727,1772
307,6.120727,36,6.120727,1853
308,6.140727,40,6.140727,1808
309,6.160727,44,6.160727,1790
310,6.180727,33,6.180727,1868
311,6.200727,41,6.200727,1860
312,6.220727,29,6.220727,1826
313,6.240727,54,6.240727,1821
314,6.260727,41,6.260727,1799
315,6.280727,35,6.280727,1868
316,6.300727,49,6.300727,2030
317,6.320727,40,6.320727,2037
318,6.340727,37,6.340727,2130
319,6.360727,64,6.360727,2152
320,6.380727,62,6.380727,2256
321,6.400727,60,6.400727,2285
322,6.420727,73,6.420727,2240
323,6.440727,61,6.440727,2142
324,6.460727,55,6.460727,2122
325,6.480727,50,6.480727,2008
326,6.500727,38,6.500727,1962
327,6.520727,40,6.520727,1878
328,6.540727,36,6.540727,1923
329,6.560727,49,6.560727,1883
330,6.580727,32,6.580727,1740
331,6.600727,39,6.600727,1859
332,6.620727,27,6.620727,1757
333,6.640727,22,6.640727,1701
334,6.660727,29,6.660727,1682
335,6.680727,40,6.680727,1638
336,6.700727,42,6.700727,1644
337,6.720727,36,6.720727,1673
338,6.740727,35,6.740727,1629
339,6.760727,37,6.760727,1675
340,6.780727,37,6.780727,1646
341,6.800727,29,6.800727,1708
342,6.820727,34,6.820727,1779
343,6.840727,43,6.840727,1709
344,6.860727,42,6.860727,1701
345,6.880727,44,6.880727,1777
346,6.900727,35,6.900727,1838
347,6.920727,50,6.920727,1861
348,6.940727,42,6.940727,1696
349,6.960727,46,6.960727,1776
350,6.980727,33,6.980727,1790
351,7.000727,38,7.000727,1803
352,7.020727,42,7.020727,1804
353,7.040727,37,7.040727,1696
354,7.060727,34,7.060727,1748
355,7.080727,38,7.080727,1689
356,7.100727,33,7.100727,1747
357,7.120727,37,7.120727,1732
358,7.140727,36,7.140727,1664
359,7.160727,37,7.160727,1727
360,7.180727,37,7.180727,1851
361,7.200727,33,7.200727,1765
362,7.220727,38,7.220727,1878
363,7.240727,34,7.240727,2032
364,7.260727,34,7.260727,1910
365,7.280727,43,7.280727,1976
366,7.300727,35,7.300727,2015
367,7.320727,35,7.320727,2173
368,7.340727,40,7.340727,2133
369,7.360727,47,7.360727,2207
370,7.380727,51,7.380727,2410
371,7.400727,40,7.400727,2620
372,7.420727,44,7.420727,2748
373,7.440727,54,7.440727,3064
374,7.460727,45,7.460727,3038
375,7.480727,42,7.480727,2930
376,7.500727,42,7.500727,2828
377,7.520727,40,7.520727,2523
378,7.540727,51,7.540727,2353
379,7.560727,46,7.560727,2123
380,7.580727,51,7.580727,1894
381,7.600727,30,7.600727,1811
382,7.620727,49,7.620727,1700
383,7.640727,40,7.640727,1677
384,7.660727,37,7.660727,1732
385,7.680727,60,7.680727,1696
386,7.700727,59,7.700727,1589
387,7.720727,60,7.720727,1612
388,7.740727,47,7.740727,1616
389,7.760727,49,7.760727,1680
390,7.780727,61,7.780727,1655
391,7.800727,54,7.800727,1568
392,7.820727,38,7.820727,1711
393,7.840727,70,7.840727,1581
394,7.860727,66,7.860727,1620
395,7.880727,62,7.880727,1641
396,7.900727,73,7.900727,1750
397,7.920727,90,7.920727,1693
398,7.940727,92,7.940727,1671
399,7.960727,85,7.960727,1772
400,7.980727,111,7.980727,1672
401,8.000727,140,8.000727,1648
402,8.020727,160,8.020727,1712
403,8.040727,123,8.040727,1757
404,8.060727,162,8.060727,1764
405,8.080727,118,8.080727,1796
406,8.100727,125,8.100727,1692
407,8.120727,88,8.120727,1741
408,8.140727,90,8.140727,1768
409,8.160727,71,8.160727,1786
410,8.180727,73,8.180727,1728
411,8.200727,74,8.200727,1843
412,8.220727,68,8.220727,1841
413,8.240726,79,8.240726,1953
414,8.260727,77,8.260727,1892
415,8.280726,57,8.280726,1908
416,8.300727,69,8.300727,1910
417,8.320726,85,8.320726,1791
418,8.340727,76,8.340727,1891
419,8.360726,73,8.360726,1775
420,8.380727,77,8.380727,1757
421,8.400727,72,8.400727,1727
422,8.420727,72,8.420727,1709
423,8.440727,67,8.440727,1681
424,8.460727,76,8.460727,1756
425,8.480727,83,8.480727,1714
426,8.500727,71,8.500727,1682
427,8.520727,104,8.520727,1708
428,8.540727,109,8.540727,1729
429,8.560727,130,8.560727,1746
430,8.580727,112,8.580727,1744
431,8.600727,150,8.600727,1748
432,8.620727,154,8.620727,1707
433,8.640727,149,8.640727,1771
434,8.660727,114,8.660727,1810
435,8.680727,128,8.680727,1825
436,8.700727,107,8.700727,1859
437,8.720727,110,8.720727,1804
438,8.740726,101,8.740726,1792
439,8.760727,93,8.760727,1906
440,8.780726,80,8.780726,1859
441,8.800727,94,8.800727,1850
442,8.820726,95,8.820726,1933
443,8.840727,82,8.840727,1913
444,8.860726,118,8.860726,1983
445,8.880727,104,8.880727,1904
446,8.900727,110,8.900727,1912
447,8.920727,117,8.920727,1988
448,8.940727,105,8.940727,1918
449,8.960727,99,8.960727,1912
450,8.980727,115,8.980727,1917
451,9.000727,111,9.000727,1909
452,9.020727,102,9.020727,1896
453,9.040727,104,9.040727,1859
454,9.060727,86,9.060727,1893
455,9.080727,114,9.080727,1879
456,9.100727,114,9.100727,1844
457,9.120727,120,9.120727,1910
458,9.140727,138,9.140727,1926
459,9.160727,113,9.160727,1845
460,9.180727,153,9.180727,1939
461,9.200727,104,9.200727,1907
462,9.220727,133,9.220727,1930
463,9.240726,134,9.240726,1966
464,9.260727,166,9.260727,1983
465,9.280726,143,9.280726,1942
466,9.300727,170,9.300727,1932
467,9.320726,161,9.320726,1917
468,9.340727,156,9.340727,1900
469,9.360726,126,9.360726,1941
470,9.380727,160,9.380727,1849
471,9.400727,154,9.400727,1858
472,9.420727,165,9.420727,1929
473,9.440727,160,9.440727,1813
474,9.460727,179,9.460727,1909
475,9.480727,184,9.480727,1865
476,9.500727,191,9.500727,1795
477,9.520727,167,9.520727,1831
478,9.540727,167,9.540727,1880
479,9.560727,190,9.560727,1822
480,9.580727,159,9.580727,1904
481,9.600727,214,9.600727,1809
482,9.620727,201,9.620727,1882
483,9.640727,209,9.640727,1778
484,9.660727,221,9.660727,1754
485,9.680727,210,9.680727,1858
486,9.700727,178,9.700727,1831
487,9.720727,216,9.720727,1865
488,9.740726,219,9.740726,1737
489,9.760727,222,9.760727,1865
490,9.780726,244,9.780726,1957
491,9.800727,225,9.800727,1832
492,9.820726,250,9.820726,1902
493,9.840727,222,9.840727,1883
494,9.860726,265,9.860726,1833
495,9.880727,255,9.880727,1778
496,9.900727,240,9.900727,1877
497,9.920727,236,9.920727,1836
498,9.940727,273,9.940727,1825
499,9.960727,270,9.960727,1853
500,9.980727,260,9.980727,1912
501,10.00073,258,10.00073,1852
502,10.02073,228,10.02073,1858
503,10.04073,259,10.04073,1850
504,10.06073,250,10.06073,1782
505,10.08073,278,10.08073,1787
506,10.10073,290,10.10073,1777
507,10.12073,315,10.12073,1779
508,10.14073,284,10.14073,1775
509,10.16073,287,10.16073,1828
510,10.18073,291,10.18073,1764
511,10.20073,333,10.20073,1821
512,10.22073,320,10.22073,1774
513,10.24073,291,10.24073,1725
514,10.26073,318,10.26073,1751
515,10.28073,339,10.28073,1754
516,10.30073,327,10.30073,1732
517,10.32073,351,10.32073,1747
518,10.34073,334,10.34073,1773
519,10.36073,350,10.36073,1752
520,10.38073,351,10.38073,1722
521,10.40073,311,10.40073,1735
522,10.42073,382,10.42073,1804
523,10.44073,347,10.44073,1763
524,10.46073,348,10.46073,1680
525,10.48073,376,10.48073,1739
526,10.50073,347,10.50073,1733
527,10.52073,396,10.52073,1629
528,10.54073,401,10.54073,1666
529,10.56073,392,10.56073,1600
530,10.58073,364,10.58073,1719
531,10.60073,412,10.60073,1661
532,10.62073,436,10.62073,1677
533,10.64073,419,10.64073,1674
534,10.66073,395,10.66073,1714
535,10.68073,392,10.68073,1611
536,10.70073,452,10.70073,1597
537,10.72073,443,10.72073,1604
538,10.74073,437,10.74073,1656
539,10.76073,468,10.76073,1596
540,10.78073,457,10.78073,1643
541,10.80073,487,10.80073,1641
542,10.82073,468,10.82073,1630
543,10.84073,501,10.84073,1547
544,10.86073,464,10.86073,1542
545,10.88073,512,10.88073,1565
546,10.90073,504,10.90073,1586
547,10.92073,477,10.92073,1558
548,10.94073,507,10.94073,1486
549,10.96073,505,10.96073,1552
550,10.98073,541,10.98073,1452
551,11.00073,552,11.00073,1567
552,11.02073,523,11.02073,1454
553,11.04073,543,11.04073,1515
554,11.06073,564,11.06073,1492
555,11.08073,526,11.08073,1449
556,11.10073,586,11.10073,1461
557,11.12073,559,11.12073,1519
558,11.14073,546,11.14073,1491
559,11.16073,622,11.16073,1456
560,11.18073,585,11.18073,1392
561,11.20073,542,11.20073,1525
562,11.22073,597,11.22073,1406
563,11.24073,589,11.24073,1369
564,11.26073,634,11.26073,1438
565,11.28073,645,11.28073,1371
566,11.30073,639,11.30073,1418
567,11.32073,643,11.32073,1374
568,11.34073,610,11.34073,1427
569,11.36073,624,11.36073,1388
570,11.38073,672,11.38073,1349
571,11.40073,635,11.40073,1345
572,11.42073,652,11.42073,1376
573,11.44073,686,11.44073,1341
574,11.46073,742,11.46073,1363
575,11.48073,712,11.48073,1326
576,11.50073,644,11.50073,1327
577,11.52073,688,11.52073,1292
578,11.54073,721,11.54073,1266
579,11.56073,669,11.56073,1261
580,11.58073,704,11.58073,1349
581,11.60073,684,11.60073,1234
582,11.62073,708,11.62073,1245
583,11.64073,691,11.64073,1263
584,11.66073,689,11.66073,1246
585,11.68073,767,11.68073,1237
586,11.70073,720,11.70073,1180
587,11.72073,718,11.72073,1198
588,11.74073,733,11.74073,1304
589,11.76073,766,11.76073,1243
590,11.78073,754,11.78073,1182
591,11.80073,764,11.80073,1221
592,11.82073,743,11.82073,1221
593,11.84073,763,11.84073,1222
594,11.86073,763,11.86073,1210
595,11.88073,790,11.88073,1153
596,11.90073,786,11.90073,1160
597,11.92073,813,11.92073,1235
598,11.94073,766,11.94073,1098
599,11.96073,868,11.96073,1110
600,11.98073,844,11.98073,1163
601,12.00073,809,12.00073,1156
602,12.02073,866,12.02073,1141
603,12.04073,824,12.04073,1171
604,12.06073,848,12.06073,1100
605,12.08073,841,12.08073,1075
606,12.10073,860,12.10073,1119
607,12.12073,879,12.12073,1058
608,12.14073,885,12.14073,1090
609,12.16073,894,12.16073,1091
610,12.18073,891,12.18073,1033
611,12.20073,904,12.20073,1050
612,12.22073,912,12.22073,1030
613,12.24073,859,12.24073,997
614,12.26073,897,12.26073,1056
615,12.28073,924,12.28073,1030
616,12.30073,943,12.30073,988
617,12.32073,943,12.32073,1058
618,12.34073,935,12.34073,1067
619,12.36073,913,12.36073,990
620,12.38073,952,12.38073,1017
621,12.40073,974,12.40073,973
622,12.42073,937,12.42073,989
623,12.44073,998,12.44073,993
624,12.46073,1010,12.46073,968
625,12.48073,1023,12.48073,957
626,12.50073,1014,12.50073,931
627,12.52073,1045,12.52073,973
628,12.54073,1000,12.54073,952
629,12.56073,1038,12.56073,929
630,12.58073,1100,12.58073,918
631,12.60073,1052,12.60073,859
632,12.62073,1054,12.62073,887
633,12.64073,1016,12.64073,901
634,12.66073,1032,12.66073,887
635,12.68073,1061,12.68073,821
636,12.70073,1080,12.70073,841
637,12.72073,1091,12.72073,824
638,12.74073,1051,12.74073,806
639,12.76073,1111,12.76073,867
640,12.78073,1128,12.78073,797
641,12.80073,1136,12.80073,804
642,12.82073,1089,12.82073,827
643,12.84073,1045,12.84073,841
644,12.86073,1162,12.86073,782
645,12.88073,1155,12.88073,787
646,12.90073,1129,12.90073,788
647,12.92073,1163,12.92073,791
648,12.94073,1183,12.94073,786
649,12.96073,1183,12.96073,768
650,12.98073,1185,12.98073,760
651,13.00073,1213,13.00073,741
652,13.02073,1135,13.02073,664
653,13.04073,1249,13.04073,704
654,13.06073,1187,13.06073,734
655,13.08073,1250,13.08073,679
656,13.10073,1188,13.10073,688
657,13.12073,1235,13.12073,676
658,13.14073,1215,13.14073,700
659,13.16073,1253,13.16073,646
660,13.18073,1242,13.18073,697
661,13.20073,1243,13.20073,601
662,13.22073,1227,13.22073,641
663,13.24073,1187,13.24073,674
664,13.26073,1292,13.26073,658
665,13.28073,1310,13.28073,648
666,13.30073,1335,13.30073,616
667,13.32073,1298,13.32073,604
668,13.34073,1288,13.34073,605
669,13.36073,1303,13.36073,590
670,13.38073,1352,13.38073,581
671,13.40073,1352,13.40073,567
672,13.42073,1372,13.42073,585
673,13.44073,1353,13.44073,558
674,13.46073,1399,13.46073,563
675,13.48073,1357,13.48073,502
676,13.50073,1416,13.50073,520
677,13.52073,1396,13.52073,573
678,13.54073,1376,13.54073,487
679,13.56073,1338,13.56073,498
680,13.58073,1441,13.58073,527
681,13.60073,1438,13.60073,454
682,13.62073,1422,13.62073,496
683,13.64073,1427,13.64073,464
684,13.66073,1473,13.66073,482
685,13.68073,1401,13.68073,431
686,13.70073,1456,13.70073,430
687,13.72073,1485,13.72073,397
688,13.74073,1451,13.74073,455
689,13.76073,1499,13.76073,442
690,13.78073,1518,13.78073,400
691,13.80073,1534,13.80073,384
692,13.82073,1511,13.82073,359
693,13.84073,1542,13.84073,383
694,13.86073,1572,13.86073,336
695,13.88073,1483,13.88073,363
696,13.90073,1540,13.90073,343
697,13.92073,1556,13.92073,347
698,13.94073,1522,13.94073,328
699,13.96073,1551,13.96073,312
700,13.98073,1568,13.98073,344
701,14.00073,1518,14.00073,307
702,14.02073,1558,14.02073,313
703,14.04073,1565,14.04073,238
704,14.06073,1562,14.06073,293
705,14.08073,1553,14.08073,263
706,14.10073,1633,14.10073,270
707,14.12073,1693,14.12073,241
708,14.14073,1629,14.14073,203
709,14.16073,1621,14.16073,218
710,14.18073,1639,14.18073,229
711,14.20073,1644,14.20073,202
712,14.22073,1557,14.22073,196
713,14.24073,1654,14.24073,177
714,14.26073,1588,14.26073,172
715,14.28073,1645,14.28073,183
716,14.30073,1670,14.30073,171
717,14.32073,1649,14.32073,159
718,14.34073,1680,14.34073,160
719,14.36073,1682,14.36073,137
720,14.38073,1730,14.38073,130
721,14.40073,1658,14.40073,149
722,14.42073,1741,14.42073,124
723,14.44073,1645,14.44073,117
724,14.46073,1696,14.46073,109
725,14.48073,1700,14.48073,99
726,14.50073,1724,14.50073,109
727,14.52073,1708,14.52073,90
728,14.54073,1723,14.54073,91
729,14.56073,1789,14.56073,99
730,14.58073,1565,14.58073,79
731,14.60073,1721,14.60073,78
732,14.62073,1726,14.62073,86
733,14.64073,1801,14.64073,73
734,14.66073,1778,14.66073,54
735,14.68073,1764,14.68073,65
736,14.70073,1822,14.70073,59
737,14.72073,1822,14.72073,52
738,14.74073,1814,14.74073,58
739,14.76073,1790,14.76073,50
740,14.78073,1794,14.78073,42
741,14.80073,1781,14.80073,43
742,14.82073,1838,14.82073,35
743,14.84073,1843,14.84073,37
744,14.86073,1850,14.86073,25
745,14.88073,1838,14.88073,24
746,14.90073,1851,14.90073,20
747,14.92073,1874,14.92073,19
748,14.94073,1780,14.94073,10
749,14.96073,1853,14.96073,16
750,14.98073,1825,14.98073,11
751,15.00073,1888,15.00073,6
752,15.02073,1781,15.02073,9
753,15.04073,1894,15.04073,6
754,15.06073,1818,15.06073,9
755,15.08073,1858,15.08073,3
756,15.10073,1869,15.10073,5
757,15.12073,1875,15.12073,4
758,15.14073,1870,15.14073,2
759,15.16073,1922,15.16073,6
760,15.18073,1861,15.18073,5
761,15.20073,1854,15.20073,5
762,15.22073,1862,15.22073,6
763,15.24073,1854,15.24073,6
764,15.26073,1817,15.26073,2
765,15.28073,1949,15.28073,5
766,15.30073,1893,15.30073,5
767,15.32073,2017,15.32073,10
768,15.34073,1847,15.34073,3
769,15.36073,1856,15.36073,4
770,15.38073,1934,15.38073,4
771,15.40073,1868,15.40073,2
772,15.42073,1906,15.42073,1
773,15.44073,1958,15.44073,3
774,15.46073,1892,15.46073,7
775,15.48073,1947,15.48073,3
776,15.50073,1917,15.50073,5
777,15.52073,1954,15.52073,4
778,15.54073,1983,15.54073,3
779,15.56073,1956,15.56073,3
780,15.58073,2030,15.58073,9
781,15.60073,1974,15.60073,1
782,15.62073,1931,15.62073,0
783,15.64073,2000,15.64073,2
784,15.66073,2004,15.66073,0
785,15.68073,2058,15.68073,5
786,15.70073,1972,15.70073,6
787,15.72073,1984,15.72073,6
788,15.74073,1977,15.74073,5
789,15.76073,2090,15.76073,5
790,15.78073,1965,15.78073,5
791,15.80073,1992,15.80073,3
792,15.82073,1970,15.82073,3
793,15.84073,2086,15.84073,4
794,15.86073,1970,15.86073,6
795,15.88073,1998,15.88073,4
796,15.90073,1994,15.90073,4
797,15.92073,1960,15.92073,2
798,15.94073,1945,15.94073,2
799,15.96073,2069,15.96073,0
800,15.98073,2020,15.98073,2
801,16.00073,2032,16.00073,6
802,16.02073,2060,16.02073,4
803,16.04073,1984,16.04073,4
804,16.06073,2030,16.06073,4
805,16.08073,2000,16.08073,2
806,16.10073,1991,16.10073,0
807,16.12073,2045,16.12073,2
808,16.14073,2083,16.14073,2
809,16.16073,2096,16.16073,4
810,16.18073,2052,16.18073,5
811,16.20073,2054,16.20073,3
812,16.22073,2085,16.22073,1
813,16.24073,2102,16.24073,0
814,16.26073,1993,16.26073,6
815,16.28073,2093,16.28073,5
816,16.30073,2193,16.30073,1
817,16.32073,2136,16.32073,6
818,16.34073,2092,16.34073,4
819,16.36073,2084,16.36073,3
820,16.38073,2125,16.38073,2
821,16.40073,2109,16.40073,2
822,16.42073,2044,16.42073,3
823,16.44073,2140,16.44073,4
824,16.46073,2183,16.46073,2
825,16.48073,2064,16.48073,4
826,16.50073,2078,16.50073,2
827,16.52073,2134,16.52073,3
828,16.54073,2130,16.54073,4
829,16.56073,2143,16.56073,4
830,16.58073,2174,16.58073,1
831,16.60073,2079,16.60073,4
832,16.62073,2206,16.62073,3
833,16.64073,2168,16.64073,7
834,16.66073,2153,16.66073,7
835,16.68073,2129,16.68073,6
836,16.70073,2114,16.70073,1
837,16.72073,2137,16.72073,1
838,16.74073,2247,16.74073,3
839,16.76073,2191,16.76073,2
840,16.78073,2197,16.78073,2
841,16.80073,2144,16.80073,6
842,16.82073,2218,16.82073,1
843,16.84073,2267,16.84073,1
844,16.86073,2257,16.86073,6
845,16.88073,2326,16.88073,0
846,16.90073,2218,16.90073,3
847,16.92073,2200,16.92073,3
848,16.94073,2220,16.94073,1
849,16.96073,2194,16.96073,3
850,16.98073,2220,16.98073,4
851,17.00073,2230,17.00073,2
852,17.02073,2269,17.02073,3
853,17.04073,2276,17.04073,1
854,17.06073,2234,17.06073,2
855,17.08073,2380,17.08073,3
856,17.10073,2276,17.10073,0
857,17.12073,2288,17.12073,4
858,17.14073,2255,17.14073,0
859,17.16073,2403,17.16073,7
860,17.18073,2382,17.18073,3
861,17.20073,2351,17.20073,2
862,17.22073,2266,17.22073,1
863,17.24073,2425,17.24073,3
864,17.26073,2305,17.26073,1
865,17.28073,2305,17.28073,3
866,17.30073,2314,17.30073,7
867,17.32073,2294,17.32073,2
868,17.34073,2407,17.34073,3
869,17.36073,2391,17.36073,2
870,17.38073,2303,17.38073,1
871,17.40073,2384,17.40073,4
872,17.42073,2428,17.42073,3
873,17.44073,2451,17.44073,4
874,17.46073,2427,17.46073,2
875,17.48073,2379,17.48073,2
876,17.50073,2553,17.50073,2
877,17.52073,2578,17.52073,2
878,17.54073,2486,17.54073,4
879,17.56073,2475,17.56073,2
880,17.58073,2466,17.58073,1
881,17.60073,2559,17.60073,2
882,17.62073,2484,17.62073,3
883,17.64073,2456,17.64073,5
884,17.66073,2614,17.66073,2
885,17.68073,2523,17.68073,3
886,17.70073,2579,17.70073,3
887,17.72073,2660,17.72073,1
888,17.74073,2641,17.74073,1
889,17.76073,2586,17.76073,1
890,17.78073,2647,17.78073,5
891,17.80073,2733,17.80073,0
892,17.82073,2625,17.82073,4
893,17.84073,2716,17.84073,0
894,17.86073,2699,17.86073,4
895,17.88073,2661,17.88073,3
896,17.90073,2777,17.90073,4
897,17.92073,2803,17.92073,1
898,17.94073,2784,17.94073,4
899,17.96073,2857,17.96073,3
900,17.98073,2830,17.98073,1
901,18.00073,2922,18.00073,3
902,18.02073,2942,18.02073,2
903,18.04073,2951,18.04073,3
904,18.06073,2960,18.06073,3
905,18.08073,3044,18.08073,1
906,18.10073,3022,18.10073,3
907,18.12073,3135,18.12073,3
908,18.14073,3139,18.14073,3
909,18.16073,3187,18.16073,0
910,18.18073,3124,18.18073,4
911,18.20073,3346,18.20073,0
912,18.22073,3266,18.22073,2
913,18.24073,3370,18.24073,3
914,18.26073,3389,18.26073,0
915,18.28073,3431,18.28073,1
916,18.30073,3529,18.30073,1
917,18.32073,3453,18.32073,0
918,18.34073,3694,18.34073,1
919,18.36073,3718,18.36073,3
920,18.38073,3771,18.38073,0
921,18.40073,3809,18.40073,3
922,18.42073,3928,18.42073,5
923,18.44073,4147,18.44073,2
924,18.46073,4260,18.46073,1
925,18.48073,4331,18.48073,1
926,18.50073,4578,18.50073,5
927,18.52073,4742,18.52073,5
928,18.54073,4802,18.54073,2
929,18.56073,4935,18.56073,1
930,18.58073,5290,18.58073,2
931,18.60073,5554,18.60073,1
932,18.62073,5695,18.62073,1
933,18.64073,5908,18.64073,4
934,18.66073,6128,18.66073,5
935,18.68073,6594,18.68073,1
936,18.70073,6672,18.70073,2
937,18.72073,7068,18.72073,3
938,18.74073,7307,18.74073,5
939,18.76073,7552,18.76073,0
940,18.78073,7753,18.78073,2
941,18.80073,8209,18.80073,2
942,18.82073,8529,18.82073,3
943,18.84073,8584,18.84073,2
944,18.86073,8980,18.86073,1
945,18.88073,9215,18.88073,0
946,18.90073,9430,18.90073,2
947,18.92073,9478,18.92073,1
948,18.94073,9668,18.94073,3
949,18.96073,9757,18.96073,3
950,18.98073,9649,18.98073,3
951,19.00073,9880,19.00073,0
952,19.02073,9946,19.02073,0
953,19.04073,9641,19.04073,1
954,19.06073,9709,19.06073,0
955,19.08073,9682,19.08073,0
956,19.10073,9531,19.10073,1
957,19.12073,9416,19.12073,2
958,19.14073,9180,19.14073,1
959,19.16073,8910,19.16073,2
960,19.18073,8464,19.18073,1
961,19.20073,8374,19.20073,4
962,19.22073,8081,19.22073,0
963,19.24073,7939,19.24073,1
964,19.26073,7580,19.26073,0
965,19.28073,7320,19.28073,3
966,19.30073,6864,19.30073,2
967,19.32073,6755,19.32073,1
968,19.34073,6283,19.34073,4
969,19.36073,6146,19.36073,0
970,19.38073,5730,19.38073,2
971,19.40073,5508,19.40073,1
972,19.42073,5382,19.42073,1
973,19.44073,5028,19.44073,3
974,19.46073,4795,19.46073,4
975,19.48073,4755,19.48073,3
976,19.50073,4533,19.50073,2
977,19.52073,4312,19.52073,0
978,19.54073,4195,19.54073,0
979,19.56073,4128,19.56073,3
980,19.58073,3887,19.58073,3
981,19.60073,3747,19.60073,2
982,19.62073,3692,19.62073,0
983,19.64073,3637,19.64073,0
984,19.66073,3469,19.66073,3
985,19.68073,3330,19.68073,2
986,19.70073,3322,19.70073,1
987,19.72073,3210,19.72073,4
988,19.74073,3124,19.74073,1
989,19.76073,3089,19.76073,3
990,19.78073,2942,19.78073,1
991,19.80073,2977,19.80073,1
992,19.82073,3021,19.82073,1
993,19.84073,3001,19.84073,0
994,19.86073,3124,19.86073,2
995,19.88073,3210,19.88073,1
996,19.90073,3401,19.90073,2
997,19.92073,3428,19.92073,2
998,19.94073,3716,19.94073,1
999,19.96073,4114,19.96073,2
1000,19.98073,4400,19.98073,1
1001,20.00073,4693,20.00073,3
1002,20.02073,5062,20.02073,2
1003,20.04073,5327,20.04073,2
1004,20.06073,5779,20.06073,3
1005,20.08073,5976,20.08073,1
1006,20.10073,6267,20.10073,0
1007,20.12073,6473,20.12073,0
1008,20.14073,6749,20.14073,3
1009,20.16073,6768,20.16073,2
1010,20.18073,6632,20.18073,4
1011,20.20073,6453,20.20073,0
1012,20.22073,6142,20.22073,1
1013,20.24073,5780,20.24073,1
1014,20.26073,5398,20.26073,0
1015,20.28073,4888,20.28073,2
1016,20.30073,4354,20.30073,2
1017,20.32073,3940,20.32073,4
1018,20.34073,3510,20.34073,1
1019,20.36073,3143,20.36073,3
1020,20.38073,2881,20.38073,3
1021,20.40073,2833,20.40073,3
1022,20.42073,2629,20.42073,1
1023,20.44073,2556,20.44073,1
1024,20.46073,2442,20.46073,0
1025,20.48073,2433,20.48073,0
1026,20.50073,2422,20.50073,0
1027,20.52073,2344,20.52073,1
1028,20.54073,2330,20.54073,1
1029,20.56073,2460,20.56073,3
1030,20.58073,2466,20.58073,3
1031,20.60073,2415,20.60073,0
1032,20.62073,2307,20.62073,1
1033,20.64073,2439,20.64073,1
1034,20.66073,2455,20.66073,4
1035,20.68073,2543,20.68073,4
1036,20.70073,2579,20.70073,1
1037,20.72073,2527,20.72073,1
1038,20.74073,2550,20.74073,0
1039,20.76073,2588,20.76073,1
1040,20.78073,2636,20.78073,3
1041,20.80073,2629,20.80073,1
1042,20.82073,2666,20.82073,2
1043,20.84073,2734,20.84073,1
1044,20.86073,2766,20.86073,0
1045,20.88073,2877,20.88073,1
1046,20.90073,2802,20.90073,0
1047,20.92073,2973,20.92073,2
1048,20.94073,3018,20.94073,1
1049,20.96073,2993,20.96073,1
1050,20.98073,3101,20.98073,3
1051,21.00073,3051,21.00073,1
1052,21.02073,3181,21.02073,0
1053,21.04073,3099,21.04073,1
1054,21.06073,3234,21.06073,1
1055,21.08073,3274,21.08073,0
1056,21.10073,3395,21.10073,0
1057,21.12073,3306,21.12073,1
1058,21.14073,3295,21.14073,0
1059,21.16073,3412,21.16073,3
1060,21.18073,3461,21.18073,0
1061,21.20073,3307,21.20073,1
1062,21.22073,3430,21.22073,1
1063,21.24073,3359,21.24073,3
1064,21.26073,3312,21.26073,0
1065,21.28073,3384,21.28073,2
1066,21.30073,3430,21.30073,2
1067,21.32073,3383,21.32073,1
1068,21.34073,3391,21.34073,1
1069,21.36073,3339,21.36073,1
1070,21.38073,3341,21.38073,1
1071,21.40073,3237,21.40073,0
1072,21.42073,3256,21.42073,0
1073,21.44073,3300,21.44073,1
1074,21.46073,3240,21.46073,3
1075,21.48073,3055,21.48073,3
1076,21.50073,3107,21.50073,2
1077,21.52073,3090,21.52073,2
1078,21.54073,3052,21.54073,1
1079,21.56073,3004,21.56073,2
1080,21.58073,2982,21.58073,1
1081,21.60073,2831,21.60073,1
1082,21.62073,2828,21.62073,2
1083,21.64073,2728,21.64073,1
1084,21.66073,2772,21.66073,0
1085,21.68073,2698,21.68073,2
1086,21.70073,2775,21.70073,0
1087,21.72073,2697,21.72073,0
1088,21.74073,2506,21.74073,0
1089,21.76073,2517,21.76073,1
1090,21.78073,2455,21.78073,1
1091,21.80073,2519,21.80073,0
1092,21.82073,2372,21.82073,1
1093,21.84073,2411,21.84073,0
1094,21.86073,2332,21.86073,1
1095,21.88073,2266,21.88073,0
1096,21.90073,2262,21.90073,2
1097,21.92073,2198,21.92073,0
1098,21.94073,2337,21.94073,0
1099,21.96073,2244,21.96073,0
1100,21.98073,2195,21.98073,0
1101,22.00073,2201,22.00073,0
1102,22.02073,2276,22.02073,1
1103,22.04073,2233,22.04073,0
1104,22.06073,2205,22.06073,0
1105,22.08073,2114,22.08073,1
1106,22.10073,2131,22.10073,0
1107,22.12073,2041,22.12073,1
1108,22.14073,2080,22.14073,1
1109,22.16073,2051,22.16073,0
1110,22.18073,2010,22.18073,0
1111,22.20073,1995,22.20073,1
1112,22.22073,2049,22.22073,1
1113,22.24073,1945,22.24073,0
1114,22.26073,1980,22.26073,1
1115,22.28073,1954,22.28073,0
1116,22.30073,1942,22.30073,0
1117,22.32073,1850,22.32073,0
1118,22.34073,1865,22.34073,0
1119,22.36073,1900,22.36073,1
1120,22.38073,1917,22.38073,3
1121,22.40073,1929,22.40073,0
1122,22.42073,1949,22.42073,3
1123,22.44073,1923,22.44073,0
1124,22.46073,1922,22.46073,0
1125,22.48073,1990,22.48073,0
1126,22.50073,1935,22.50073,0
1127,22.52073,1996,22.52073,0
1128,22.54073,2136,22.54073,0
1129,22.56073,2211,22.56073,2
1130,22.58073,2288,22.58073,0
1131,22.60073,2392,22.60073,1
1132,22.62073,2406,22.62073,0
1133,22.64073,2343,22.64073,5
1134,22.66073,2491,22.66073,0
1135,22.68073,2539,22.68073,1
1136,22.70073,2525,22.70073,0
1137,22.72073,2511,22.72073,2
1138,22.74073,2428,22.74073,0
1139,22.76073,2385,22.76073,1
1140,22.78073,2236,22.78073,2
1141,22.80073,2150,22.80073,0
1142,22.82073,2098,22.82073,0
1143,22.84073,2060,22.84073,1
1144,22.86073,1839,22.86073,1
1145,22.88073,1994,22.88073,1
1146,22.90073,1805,22.90073,0
1147,22.92073,1858,22.92073,1
1148,22.94073,1811,22.94073,1
1149,22.96073,1743,22.96073,1
1150,22.98073,1702,22.98073,1
1151,23.00073,1810,23.00073,2
1152,23.02073,1846,23.02073,2
1153,23.04073,1802,23.04073,0
1154,23.06073,1850,23.06073,1
1155,23.08073,1837,23.08073,0
1156,23.10073,1836,23.10073,0
1157,23.12073,1797,23.12073,1
1158,23.14073,1775,23.14073,2
1159,23.16073,1802,23.16073,0
1160,23.18073,1776,23.18073,1
1161,23.20073,1806,23.20073,0
1162,23.22073,1776,23.22073,5
1163,23.24073,1794,23.24073,0
1164,23.26073,1697,23.26073,2
1165,23.28073,1701,23.28073,0
1166,23.30073,1665,23.30073,2
1167,23.32073,1641,23.32073,2
1168,23.34073,1710,23.34073,0
1169,23.36073,1646,23.36073,1
1170,23.38073,1680,23.38073,1
1171,23.40073,1592,23.40073,1
1172,23.42073,1631,23.42073,1
1173,23.44073,1649,23.44073,0
1174,23.46073,1691,23.46073,0
1175,23.48073,1618,23.48073,1
1176,23.50073,1590,23.50073,3
1177,23.52073,1647,23.52073,0
1178,23.54073,1642,23.54073,0
1179,23.56073,1656,23.56073,2
1180,23.58073,1556,23.58073,2
1181,23.60073,1573,23.60073,0
1182,23.62073,1612,23.62073,1
1183,23.64073,1632,23.64073,1
1184,23.66073,1635,23.66073,1
1185,23.68073,1544,23.68073,0
1186,23.70073,1579,23.70073,0
1187,23.72073,1583,23.72073,1
1188,23.74073,1586,23.74073,2
1189,23.76073,1595,23.76073,1
1190,23.78073,1588,23.78073,0
1191,23.80073,1581,23.80073,1
1192,23.82073,1595,23.82073,0
1193,23.84073,1611,23.84073,1
1194,23.86073,1607,23.86073,0
1195,23.88073,1572,23.88073,0
1196,23.90073,1543,23.90073,1
1197,23.92073,1555,23.92073,0
1198,23.94073,1673,23.94073,0
1199,23.96073,1508,23.96073,1
1200,23.98073,1561,23.98073,0
1201,24.00073,1629,24.00073,0
1202,24.02073,1468,24.02073,0
1203,24.04073,1534,24.04073,0
1204,24.06073,1559,24.06073,1
1205,24.08073,1507,24.08073,0
1206,24.10073,1645,24.10073,0
1207,24.12073,1561,24.12073,1
1208,24.14073,1524,24.14073,1
1209,24.16073,1570,24.16073,2
1210,24.18073,1583,24.18073,1
1211,24.20073,1529,24.20073,0
1212,24.22073,1576,24.22073,1
1213,24.24073,1536,24.24073,0
1214,24.26073,1513,24.26073,0
1215,24.28073,1501,24.28073,0
1216,24.30073,1474,24.30073,2
1217,24.32073,1608,24.32073,0
1218,24.34073,1431,24.34073,0
1219,24.36073,1534,24.36073,0
1220,24.38073,1558,24.38073,1
1221,24.40073,1528,24.40073,0
1222,24.42073,1550,24.42073,1
1223,24.44073,1587,24.44073,0
1224,24.46073,1526,24.46073,1
1225,24.48073,1595,24.48073,0
1226,24.50073,1531,24.50073,1
1227,24.52073,1402,24.52073,0
1228,24.54073,1539,24.54073,0
1229,24.56073,1454,24.56073,2
1230,24.58073,1555,24.58073,0
1231,24.60073,1436,24.60073,0
1232,24.62073,1431,24.62073,1
1233,24.64073,1374,24.64073,0
1234,24.66073,1425,24.66073,1
1235,24.68073,1504,24.68073,0
1236,24.70073,1458,24.70073,0
1237,24.72073,1501,24.72073,1
1238,24.74073,1388,24.74073,1
1239,24.76073,1437,24.76073,0
1240,24.78073,1442,24.78073,0
1241,24.80073,1419,24.80073,0
1242,24.82073,1556,24.82073,0
1243,24.84073,1478,24.84073,1
1244,24.86073,1472,24.86073,1
1245,24.88073,1448,24.88073,0
1246,24.90073,1478,24.90073,0
1247,24.92073,1508,24.92073,1
1248,24.94073,1453,24.94073,0
1249,24.96073,1482,24.96073,0
1250,24.98073,1485,24.98073,0
1251,25.00073,1511,25.00073,0
1252,25.02073,1497,25.02073,0
1253,25.04073,1488,25.04073,0
1254,25.06073,1498,25.06073,0
1255,25.08073,1490,25.08073,0
1256,25.10073,1525,25.10073,1
1257,25.12073,1438,25.12073,1
1258,25.14073,1475,25.14073,0
1259,25.16073,1551,25.16073,0
1260,25.18073,1561,25.18073,0
1261,25.20073,1496,25.20073,0
1262,25.22073,1475,25.22073,0
1263,25.24073,1498,25.24073,0
1264,25.26073,1397,25.26073,0
1265,25.28073,1498,25.28073,0
1266,25.30073,1479,25.30073,0
1267,25.32073,1363,25.32073,0
1268,25.34073,1401,25.34073,0
1269,25.36073,1443,25.36073,0
1270,25.38073,1470,25.38073,0
1271,25.40073,1394,25.40073,0
1272,25.42073,1335,25.42073,0
1273,25.44073,1445,25.44073,0
1274,25.46073,1349,25.46073,0
1275,25.48073,1401,25.48073,0
1276,25.50073,1340,25.50073,0
1277,25.52073,1328,25.52073,0
1278,25.54073,1309,25.54073,0
1279,25.56073,1359,25.56073,0
1280,25.58073,1428,25.58073,0
1281,25.60073,1317,25.60073,0
1282,25.62073,1340,25.62073,0
1283,25.64073,1315,25.64073,1
1284,25.66073,1290,25.66073,1
1285,25.68073,1342,25.68073,0
1286,25.70073,1249,25.70073,0
1287,25.72073,1349,25.72073,0
1288,25.74073,1323,25.74073,0
1289,25.76073,1271,25.76073,0
1290,25.78073,1299,25.78073,0
1291,25.80073,1292,25.80073,0
1292,25.82073,1321,25.82073,0
1293,25.84073,1247,25.84073,0
1294,25.86073,1298,25.86073,0
1295,25.88073,1303,25.88073,0
1296,25.90073,1260,25.90073,0
1297,25.92073,1310,25.92073,0
1298,25.94073,1266,25.94073,0
1299,25.96073,1307,25.96073,0
1300,25.98073,1253,25.98073,2
1301,26.00073,1285,26.00073,2
1302,26.02073,1221,26.02073,0
1303,26.04073,1191,26.04073,0
1304,26.06073,1291,26.06073,0
1305,26.08073,1287,26.08073,0
1306,26.10073,1321,26.10073,0
1307,26.12073,1257,26.12073,0
1308,26.14073,1268,26.14073,0
1309,26.16073,1202,26.16073,0
1310,26.18073,1303,26.18073,0
1311,26.20073,1277,26.20073,0
1312,26.22073,1224,26.22073,0
1313,26.24073,1299,26.24073,0
1314,26.26073,1237,26.26073,0
1315,26.28073,1281,26.28073,0
1316,26.30073,1293,26.30073,0
1317,26.32073,1287,26.32073,0
1318,26.34073,1184,26.34073,0
1319,26.36073,1272,26.36073,0
1320,26.38073,1238,26.38073,0
1321,26.40073,1208,26.40073,0
1322,26.42073,1214,26.42073,0
1323,26.44073,1227,26.44073,0
1324,26.46073,1280,26.46073,0
1325,26.48073,1243,26.48073,0
1326,26.50073,1154,26.50073,0
1327,26.52073,1172,26.52073,0
1328,26.54073,1143,26.54073,0
1329,26.56073,1265,26.56073,0
1330,26.58073,1222,26.58073,0
1331,26.60073,1261,26.60073,0
1332,26.62073,1266,26.62073,0
1333,26.64073,1208,26.64073,0
1334,26.66073,1201,26.66073,0
1335,26.68073,1204,26.68073,1
1336,26.70073,1224,26.70073,0
1337,26.72073,1170,26.72073,0
1338,26.74073,1172,26.74073,0
1339,26.76073,1169,26.76073,0
1340,26.78073,1172,26.78073,0
1341,26.80073,1192,26.80073,0
1342,26.82073,1188,26.82073,0
1343,26.84073,1178,26.84073,0
1344,26.86073,1153,26.86073,0
1345,26.88073,1129,26.88073,0
1346,26.90073,1187,26.90073,0
1347,26.92073,1134,26.92073,0
1348,26.94073,1115,26.94073,0
1349,26.96073,1177,26.96073,0
1350,26.98073,1076,26.98073,0
1351,27.00073,1172,27.00073,0
1352,27.02073,1211,27.02073,0
1353,27.04073,1163,27.04073,0
1354,27.06073,1130,27.06073,0
1355,27.08073,1140,27.08073,0
1356,27.10073,1157,27.10073,0
1357,27.12073,1155,27.12073,0
1358,27.14073,1144,27.14073,0
1359,27.16073,1115,27.16073,0
1360,27.18073,1121,27.18073,0
1361,27.20073,1158,27.20073,0
1362,27.22073,1126,27.22073,0
1363,27.24073,1110,27.24073,0
1364,27.26073,1099,27.26073,0
1365,27.28073,1061,27.28073,0
1366,27.30073,1108,27.30073,0
1367,27.32073,1121,27.32073,0
1368,27.34073,1134,27.34073,0
1369,27.36073,1119,27.36073,0
1370,27.38073,1076,27.38073,1
1371,27.40073,1098,27.40073,0
1372,27.42073,1089,27.42073,0
1373,27.44073,1061,27.44073,0
1374,27.46073,1121,27.46073,0
1375,27.48073,1065,27.48073,0
1376,27.50073,1097,27.50073,0
1377,27.52073,1086,27.52073,0
1378,27.54073,1114,27.54073,0
1379,27.56073,1056,27.56073,0
1380,27.58073,1047,27.58073,1
1381,27.60073,1060,27.60073,0
1382,27.62073,1092,27.62073,0
1383,27.64073,1029,27.64073,1
1384,27.66073,1057,27.66073,0
1385,27.68073,1064,27.68073,0
1386,27.70073,1047,27.70073,0
1387,27.72073,1052,27.72073,0
1388,27.74073,1068,27.74073,0
1389,27.76073,1066,27.76073,0
1390,27.78073,1032,27.78073,0
1391,27.80073,1085,27.80073,0
1392,27.82073,989,27.82073,0
1393,27.84073,979,27.84073,0
1394,27.86073,973,27.86073,0
1395,27.88073,1025,27.88073,0
1396,27.90073,1027,27.90073,0
1397,27.92073,1015,27.92073,0
1398,27.94073,976,27.94073,0
1399,27.96073,943,27.96073,1
1400,27.98073,1053,27.98073,0
1401,28.00073,979,28.00073,0
1402,28.02073,1033,28.02073,0
1403,28.04073,1016,28.04073,0
1404,28.06073,943,28.06073,0
1405,28.08073,1005,28.08073,0
1406,28.10073,979,28.10073,0
1407,28.12073,963,28.12073,0
1408,28.14073,1013,28.14073,0
1409,28.16073,942,28.16073,0
1410,28.18073,980,28.18073,0
1411,28.20073,1000,28.20073,0
1412,28.22073,946,28.22073,0
1413,28.24073,1002,28.24073,0
1414,28.26073,948,28.26073,0
1415,28.28073,1037,28.28073,0
1416,28.30073,979,28.30073,0
1417,28.32073,940,28.32073,0
1418,28.34073,968,28.34073,0
1419,28.36073,975,28.36073,0
1420,28.38073,980,28.38073,0
1421,28.40073,944,28.40073,0
1422,28.42073,1002,28.42073,0
1423,28.44073,978,28.44073,0
1424,28.46073,968,28.46073,0
1425,28.48073,962,28.48073,0
1426,28.50073,954,28.50073,0
1427,28.52073,931,28.52073,0
1428,28.54073,942,28.54073,0
1429,28.56073,962,28.56073,0
1430,28.58073,981,28.58073,0
1431,28.60073,927,28.60073,0
1432,28.62073,952,28.62073,0
1433,28.64073,919,28.64073,0
1434,28.66073,881,28.66073,0
1435,28.68073,933,28.68073,0
1436,28.70073,909,28.70073,0
1437,28.72073,939,28.72073,0
1438,28.74073,924,28.74073,0
1439,28.76073,852,28.76073,0
1440,28.78073,850,28.78073,0
1441,28.80073,918,28.80073,0
1442,28.82073,910,28.82073,0
1443,28.84073,895,28.84073,0
1444,28.86073,921,28.86073,0
1445,28.88073,867,28.88073,0
1446,28.90073,865,28.90073,0
1447,28.92073,882,28.92073,0
1448,28.94073,873,28.94073,0
1449,28.96073,866,28.96073,0
1450,28.98073,834,28.98073,0
1451,29.00073,841,29.00073,0
1452,29.02073,878,29.02073,0
1453,29.04073,815,29.04073,0
1454,29.06073,853,29.06073,0
1455,29.08073,843,29.08073,0
1456,29.10073,936,29.10073,0
1457,29.12073,854,29.12073,0
1458,29.14073,876,29.14073,0
1459,29.16073,817,29.16073,0
1460,29.18073,857,29.18073,0
1461,29.20073,820,29.20073,0
1462,29.22073,871,29.22073,0
1463,29.24073,829,29.24073,0
1464,29.26073,849,29.26073,0
1465,29.28073,876,29.28073,0
1466,29.30073,803,29.30073,0
1467,29.32073,822,29.32073,0
1468,29.34073,792,29.34073,0
1469,29.36073,818,29.36073,0
1470,29.38073,808,29.38073,0
1471,29.40073,772,29.40073,0
1472,29.42073,868,29.42073,0
1473,29.44073,875,29.44073,0
1474,29.46073,791,29.46073,0
1475,29.48073,826,29.48073,0
1476,29.50073,827,29.50073,0
1477,29.52073,825,29.52073,0
1478,29.54073,822,29.54073,0
1479,29.56073,710,29.56073,0
1480,29.58073,808,29.58073,0
1481,29.60073,803,29.60073,0
1482,29.62073,817,29.62073,0
1483,29.64073,762,29.64073,0
1484,29.66073,823,29.66073,0
1485,29.68073,795,29.68073,0
1486,29.70073,755,29.70073,0
1487,29.72073,711,29.72073,0
1488,29.74073,806,29.74073,0
1489,29.76073,713,29.76073,0
1490,29.78073,822,29.78073,0
1491,29.80073,801,29.80073,0
1492,29.82073,779,29.82073,0
1493,29.84073,781,29.84073,0
1494,29.86073,793,29.86073,0
1495,29.88073,763,29.88073,0
1496,29.90073,747,29.90073,0
1497,29.92073,734,29.92073,0
1498,29.94073,733,29.94073,0
1499,29.96073,748,29.96073,0
1500,29.98073,714,29.98073,0
1501,30.00073,746,30.00073,0
1502,30.02073,714,30.02073,0
1503,30.04073,723,30.04073,0
1504,30.06073,741,30.06073,0
1505,30.08073,698,30.08073,0
1506,30.10073,706,30.10073,0
1507,30.12073,656,30.12073,0
1508,30.14073,783,30.14073,0
1509,30.16073,749,30.16073,0
1510,30.18073,731,30.18073,0
1511,30.20073,711,30.20073,0
1512,30.22073,730,30.22073,0
1513,30.24073,691,30.24073,0
1514,30.26073,699,30.26073,0
1515,30.28073,613,30.28073,0
1516,30.30073,711,30.30073,0
1517,30.32073,727,30.32073,0
1518,30.34073,670,30.34073,0
1519,30.36073,685,30.36073,0
1520,30.38073,671,30.38073,0
1521,30.40073,684,30.40073,0
1522,30.42073,683,30.42073,0
1523,30.44073,672,30.44073,0
1524,30.46073,633,30.46073,0
1525,30.48073,670,30.48073,0
1526,30.50073,645,30.50073,0
1527,30.52073,672,30.52073,0
1528,30.54073,686,30.54073,0
1529,30.56073,625,30.56073,0
1530,30.58073,623,30.58073,0
1531,30.60073,626,30.60073,0
1532,30.62073,645,30.62073,0
1533,30.64073,693,30.64073,0
1534,30.66073,659,30.66073,0
1535,30.68073,631,30.68073,0
1536,30.70073,626,30.70073,0
1537,30.72073,628,30.72073,0
1538,30.74073,652,30.74073,0
1539,30.76073,613,30.76073,0
1540,30.78073,617,30.78073,0
1541,30.80073,661,30.80073,0
1542,30.82073,634,30.82073,0
1543,30.84073,694,30.84073,0
1544,30.86073,599,30.86073,0
1545,30.88073,571,30.88073,0
1546,30.90073,618,30.90073,0
1547,30.92073,624,30.92073,0
1548,30.94073,604,30.94073,0
1549,30.96073,578,30.96073,0
1550,30.98073,653,30.98073,0
1551,31.00073,586,31.00073,0
1552,31.02073,598,31.02073,0
1553,31.04073,632,31.04073,0
1554,31.06073,591,31.06073,0
1555,31.08073,641,31.08073,0
1556,31.10073,601,31.10073,0
1557,31.12073,583,31.12073,0
1558,31.14073,569,31.14073,0
1559,31.16073,604,31.16073,0
1560,31.18073,603,31.18073,0
1561,31.20073,610,31.20073,0
1562,31.22073,573,31.22073,0
1563,31.24073,598,31.24073,0
1564,31.26073,565,31.26073,0
1565,31.28073,609,31.28073,0
1566,31.30073,568,31.30073,0
1567,31.32073,557,31.32073,0
1568,31.34073,568,31.34073,0
1569,31.36073,554,31.36073,0
1570,31.38073,539,31.38073,0
1571,31.40073,524,31.40073,0
1572,31.42073,538,31.42073,0
1573,31.44073,535,31.44073,0
1574,31.46073,612,31.46073,0
1575,31.48073,517,31.48073,0
1576,31.50073,586,31.50073,0
1577,31.52073,551,31.52073,0
1578,31.54073,523,31.54073,0
1579,31.56073,540,31.56073,0
1580,31.58073,534,31.58073,0
1581,31.60073,513,31.60073,0
1582,31.62073,550,31.62073,0
1583,31.64073,525,31.64073,0
1584,31.66073,521,31.66073,0
1585,31.68073,544,31.68073,0
1586,31.70073,554,31.70073,0
1587,31.72073,494,31.72073,0
1588,31.74073,501,31.74073,0
1589,31.76073,513,31.76073,0
1590,31.78073,520,31.78073,0
1591,31.80073,519,31.80073,0
1592,31.82073,529,31.82073,0
1593,31.84073,490,31.84073,0
1594,31.86073,524,31.86073,0
1595,31.88073,499,31.88073,0
1596,31.90073,478,31.90073,0
1597,31.92073,491,31.92073,0
1598,31.94073,509,31.94073,0
1599,31.96073,478,31.96073,0
1600,31.98073,507,31.98073,0
1601,32.00073,473,32.00073,0
1602,32.02073,494,32.02073,0
1603,32.04073,470,32.04073,0
1604,32.06073,487,32.06073,0
1605,32.08073,500,32.08073,0
1606,32.10073,465,32.10073,0
1607,32.12073,439,32.12073,0
1608,32.14073,458,32.14073,0
1609,32.16073,437,32.16073,0
1610,32.18073,455,32.18073,0
1611,32.20073,441,32.20073,0
1612,32.22073,455,32.22073,0
1613,32.24073,435,32.24073,0
1614,32.26073,443,32.26073,0
1615,32.28073,433,32.28073,0
1616,32.30073,480,32.30073,0
1617,32.32073,449,32.32073,0
1618,32.34072,436,32.34072,0
1619,32.36073,422,32.36073,0
1620,32.38073,405,32.38073,0
1621,32.40073,410,32.40073,0
1622,32.42073,425,32.42073,0
1623,32.44073,434,32.44073,0
1624,32.46073,425,32.46073,0
1625,32.48073,410,32.48073,0
1626,32.50073,397,32.50073,0
1627,32.52073,422,32.52073,0
1628,32.54073,391,32.54073,0
1629,32.56073,401,32.56073,0
1630,32.58073,402,32.58073,0
1631,32.60073,387,32.60073,0
1632,32.62073,442,32.62073,0
1633,32.64073,384,32.64073,0
1634,32.66073,404,32.66073,0
1635,32.68073,420,32.68073,0
1636,32.70073,405,32.70073,0
1637,32.72073,415,32.72073,0
1638,32.74073,381,32.74073,0
1639,32.76073,380,32.76073,0
1640,32.78073,388,32.78073,0
1641,32.80073,378,32.80073,0
1642,32.82073,380,32.82073,0
1643,32.84072,393,32.84072,0
1644,32.86073,369,32.86073,0
1645,32.88073,339,32.88073,0
1646,32.90073,333,32.90073,0
1647,32.92073,348,32.92073,0
1648,32.94073,368,32.94073,0
1649,32.96073,384,32.96073,0
1650,32.98073,378,32.98073,0
1651,33.00073,364,33.00073,0
1652,33.02073,369,33.02073,0
1653,33.04073,354,33.04073,0
1654,33.06073,361,33.06073,0
1655,33.08073,328,33.08073,0
1656,33.10073,360,33.10073,0
1657,33.12073,335,33.12073,0
1658,33.14073,310,33.14073,0
1659,33.16073,347,33.16073,0
1660,33.18073,336,33.18073,0
1661,33.20073,338,33.20073,0
1662,33.22073,343,33.22073,0
1663,33.24073,329,33.24073,0
1664,33.26073,327,33.26073,0
1665,33.28073,325,33.28073,0
1666,33.30073,315,33.30073,0
1667,33.32073,316,33.32073,0
1668,33.34072,346,33.34072,0
1669,33.36073,299,33.36073,0
1670,33.38073,319,33.38073,0
1671,33.40073,312,33.40073,0
1672,33.42073,336,33.42073,0
1673,33.44073,324,33.44073,0
1674,33.46073,295,33.46073,0
1675,33.48073,299,33.48073,0
1676,33.50073,331,33.50073,0
1677,33.52073,298,33.52073,0
1678,33.54073,266,33.54073,0
1679,33.56073,265,33.56073,0
1680,33.58073,293,33.58073,0
1681,33.60073,289,33.60073,0
1682,33.62073,284,33.62073,0
1683,33.64073,284,33.64073,0
1684,33.66073,244,33.66073,0
1685,33.68073,292,33.68073,0
1686,33.70073,267,33.70073,0
1687,33.72073,254,33.72073,0
1688,33.74073,270,33.74073,0
1689,33.76073,273,33.76073,0
1690,33.78073,280,33.78073,0
1691,33.80073,263,33.80073,0
1692,33.82073,223,33.82073,0
1693,33.84072,228,33.84072,0
1694,33.86073,245,33.86073,0
1695,33.88073,261,33.88073,0
1696,33.90073,255,33.90073,0
1697,33.92073,227,33.92073,0
1698,33.94073,234,33.94073,0
1699,33.96073,215,33.96073,0
1700,33.98073,221,33.98073,0
1701,34.00073,222,34.00073,0
1702,34.02073,244,34.02073,0
1703,34.04073,225,34.04073,0
1704,34.06073,214,34.06073,0
1705,34.08073,222,34.08073,0
1706,34.10073,213,34.10073,0
1707,34.12073,199,34.12073,0
1708,34.14073,252,34.14073,0
1709,34.16073,202,34.16073,0
1710,34.18073,210,34.18073,0
1711,34.20073,203,34.20073,0
1712,34.22073,192,34.22073,0
1713,34.24073,198,34.24073,0
1714,34.26073,173,34.26073,0
1715,34.28073,195,34.28073,0
1716,34.30073,194,34.30073,0
1717,34.32073,196,34.32073,0
1718,34.34072,177,34.34072,0
1719,34.36073,175,34.36073,0
1720,34.38073,202,34.38073,0
1721,34.40073,171,34.40073,0
1722,34.42073,166,34.42073,0
1723,34.44073,172,34.44073,0
1724,34.46073,194,34.46073,0
1725,34.48073,155,34.48073,0
1726,34.50073,154,34.50073,0
1727,34.52073,169,34.52073,0
1728,34.54073,172,34.54073,0
1729,34.56073,166,34.56073,0
1730,34.58073,150,34.58073,0
1731,34.60073,152,34.60073,0
1732,34.62073,145,34.62073,0
1733,34.64073,157,34.64073,0
1734,34.66073,147,34.66073,0
1735,34.68073,155,34.68073,0
1736,34.70073,148,34.70073,0
1737,34.72073,155,34.72073,0
1738,34.74073,150,34.74073,0
1739,34.76073,145,34.76073,0
1740,34.78073,127,34.78073,0
1741,34.80073,135,34.80073,0
1742,34.82073,124,34.82073,0
1743,34.84072,125,34.84072,0
1744,34.86073,129,34.86073,0
1745,34.88073,129,34.88073,0
1746,34.90073,108,34.90073,0
1747,34.92073,112,34.92073,0
1748,34.94073,123,34.94073,0
1749,34.96073,104,34.96073,0
1750,34.98073,107,34.98073,0
1751,35.00073,114,35.00073,0
1752,35.02073,95,35.02073,0
1753,35.04073,106,35.04073,0
1754,35.06073,86,35.06073,0
1755,35.08073,92,35.08073,0
1756,35.10073,95,35.10073,0
1757,35.12073,104,35.12073,0
1758,35.14073,90,35.14073,0
1759,35.16073,92,35.16073,0
1760,35.18073,114,35.18073,0
1761,35.20073,93,35.20073,0
1762,35.22073,84,35.22073,0
1763,35.24073,80,35.24073,0
1764,35.26073,64,35.26073,0
1765,35.28073,88,35.28073,0
1766,35.30073,69,35.30073,0
1767,35.32073,72,35.32073,0
1768,35.34072,72,35.34072,0
1769,35.36073,77,35.36073,0
1770,35.38073,63,35.38073,0
1771,35.40073,76,35.40073,0
1772,35.42073,78,35.42073,0
1773,35.44073,84,35.44073,0
1774,35.46073,72,35.46073,0
1775,35.48073,69,35.48073,0
1776,35.50073,71,35.50073,0
1777,35.52073,76,35.52073,0
1778,35.54073,65,35.54073,0
1779,35.56073,59,35.56073,0
1780,35.58073,47,35.58073,0
1781,35.60073,67,35.60073,0
1782,35.62073,62,35.62073,0
1783,35.64073,63,35.64073,0
1784,35.66073,67,35.66073,0
1785,35.68073,52,35.68073,0
1786,35.70073,59,35.70073,0
1787,35.72073,70,35.72073,0
1788,35.74073,48,35.74073,0
1789,35.76073,43,35.76073,0
1790,35.78073,44,35.78073,0
1791,35.80073,59,35.80073,0
1792,35.82073,51,35.82073,0
1793,35.84072,49,35.84072,0
1794,35.86073,44,35.86073,0
1795,35.88073,51,35.88073,0
1796,35.90073,43,35.90073,0
1797,35.92073,52,35.92073,0
1798,35.94073,50,35.94073,0
1799,35.96073,40,35.96073,0
1800,35.98073,48,35.98073,0
1801,36.00073,46,36.00073,0
1802,36.02073,34,36.02073,0
1803,36.04073,42,36.04073,0
1804,36.06073,45,36.06073,0
1805,36.08073,27,36.08073,0
1806,36.10073,45,36.10073,0
1807,36.12073,38,36.12073,0
1808,36.14073,36,36.14073,0
1809,36.16073,45,36.16073,0
1810,36.18073,42,36.18073,0
1811,36.20073,39,36.20073,0
1812,36.22073,42,36.22073,0
1813,36.24073,42,36.24073,0
1814,36.26073,33,36.26073,0
1815,36.28073,40,36.28073,0
1816,36.30073,36,36.30073,0
1817,36.32073,34,36.32073,0
1818,36.34072,29,36.34072,0
1819,36.36073,20,36.36073,0
1820,36.38073,35,36.38073,0
1821,36.40073,36,36.40073,0
1822,36.42073,33,36.42073,0
1823,36.44073,36,36.44073,0
1824,36.46073,29,36.46073,0
1825,36.48073,31,36.48073,0
1826,36.50073,27,36.50073,0
1827,36.52073,26,36.52073,0
1828,36.54073,30,36.54073,0
1829,36.56073,26,36.56073,0
1830,36.58073,25,36.58073,0
1831,36.60073,27,36.60073,0
1832,36.62073,27,36.62073,0
1833,36.64073,22,36.64073,0
1834,36.66073,28,36.66073,0
1835,36.68073,27,36.68073,0
1836,36.70073,30,36.70073,0
1837,36.72073,25,36.72073,0
1838,36.74073,23,36.74073,0
1839,36.76073,28,36.76073,0
1840,36.78073,31,36.78073,0
1841,36.80073,19,36.80073,0
1842,36.82073,25,36.82073,0
1843,36.84072,27,36.84072,0
1844,36.86073,34,36.86073,0
1845,36.88073,27,36.88073,0
1846,36.90073,22,36.90073,0
1847,36.92073,26,36.92073,0
1848,36.94073,24,36.94073,0
1849,36.96073,22,36.96073,0
1850,36.98073,26,36.98073,0
1851,37.00073,28,37.00073,0
1852,37.02073,24,37.02073,0
1853,37.04073,21,37.04073,0
1854,37.06073,26,37.06073,0
1855,37.08073,27,37.08073,0
1856,37.10073,23,37.10073,0
1857,37.12073,20,37.12073,0
1858,37.14073,23,37.14073,0
1859,37.16073,30,37.16073,0
1860,37.18073,29,37.18073,0
1861,37.20073,21,37.20073,0
1862,37.22073,19,37.22073,0
1863,37.24073,25,37.24073,0
1864,37.26073,26,37.26073,0
1865,37.28073,15,37.28073,0
1866,37.30073,19,37.30073,0
1867,37.32073,21,37.32073,0
1868,37.34072,27,37.34072,0
1869,37.36073,19,37.36073,0
1870,37.38073,21,37.38073,0
1871,37.40073,24,37.40073,0
1872,37.42073,19,37.42073,0
1873,37.44073,27,37.44073,0
1874,37.46073,24,37.46073,0
1875,37.48073,21,37.48073,0
1876,37.50073,22,37.50073,0
1877,37.52073,20,37.52073,0
1878,37.54073,20,37.54073,0
1879,37.56073,14,37.56073,0
1880,37.58073,18,37.58073,0
1881,37.60073,21,37.60073,0
1882,37.62073,22,37.62073,0
1883,37.64073,29,37.64073,0
1884,37.66073,20,37.66073,0
1885,37.68073,18,37.68073,0
1886,37.70073,18,37.70073,0
1887,37.72073,21,37.72073,0
1888,37.74073,9,37.74073,0
1889,37.76073,20,37.76073,0
1890,37.78073,15,37.78073,0
1891,37.80073,17,37.80073,0
1892,37.82073,17,37.82073,0
1893,37.84072,24,37.84072,0
1894,37.86073,18,37.86073,0
1895,37.88073,22,37.88073,0
1896,37.90073,14,37.90073,0
1897,37.92073,12,37.92073,0
1898,37.94073,12,37.94073,0
1899,37.96073,22,37.96073,0
1900,37.98073,18,37.98073,0
1901,38.00073,18,38.00073,0
1902,38.02073,19,38.02073,0
1903,38.04073,21,38.04073,0
1904,38.06073,16,38.06073,0
1905,38.08073,13,38.08073,0
1906,38.10073,27,38.10073,0
1907,38.12073,19,38.12073,0
1908,38.14073,24,38.14073,0
1909,38.16073,19,38.16073,0
1910,38.18073,30,38.18073,0
1911,38.20073,20,38.20073,0
1912,38.22073,15,38.22073,0
1913,38.24073,15,38.24073,0
1914,38.26073,13,38.26073,0
1915,38.28073,14,38.28073,0
1916,38.30073,9,38.30073,0
1917,38.32073,16,38.32073,0
1918,38.34072,11,38.34072,0
1919,38.36073,13,38.36073,0
1920,38.38073,18,38.38073,0
1921,38.40073,21,38.40073,0
1922,38.42073,18,38.42073,0
1923,38.44073,10,38.44073,0
1924,38.46073,19,38.46073,0
1925,38.48073,12,38.48073,0
1926,38.50073,16,38.50073,0
1927,38.52073,9,38.52073,0
1928,38.54073,20,38.54073,0
1929,38.56073,17,38.56073,0
1930,38.58073,19,38.58073,0
1931,38.60073,13,38.60073,0
1932,38.62073,20,38.62073,0
1933,38.64073,9,38.64073,0
1934,38.66073,9,38.66073,0
1935,38.68073,14,38.68073,0
1936,38.70073,14,38.70073,0
1937,38.72073,13,38.72073,0
1938,38.74073,15,38.74073,0
1939,38.76073,15,38.76073,0
1940,38.78073,10,38.78073,0
1941,38.80073,15,38.80073,0
1942,38.82073,12,38.82073,0
1943,38.84072,6,38.84072,0
1944,38.86073,14,38.86073,0
1945,38.88073,16,38.88073,0
1946,38.90073,14,38.90073,0
1947,38.92073,11,38.92073,0
1948,38.94073,11,38.94073,0
1949,38.96073,11,38.96073,0
1950,38.98073,12,38.98073,0
1951,39.00073,15,39.00073,0
1952,39.02073,13,39.02073,0
1953,39.04073,12,39.04073,0
1954,39.06073,14,39.06073,0
1955,39.08073,10,39.08073,0
1956,39.10073,17,39.10073,0
1957,39.12073,16,39.12073,0
1958,39.14073,14,39.14073,0
1959,39.16073,14,39.16073,0
1960,39.18073,15,39.18073,0
1961,39.20073,11,39.20073,0
1962,39.22073,13,39.22073,0
1963,39.24073,11,39.24073,0
1964,39.26073,10,39.26073,0
1965,39.28073,12,39.28073,0
1966,39.30073,11,39.30073,0
1967,39.32073,11,39.32073,0
1968,39.34072,6,39.34072,0
1969,39.36073,14,39.36073,0
1970,39.38073,17,39.38073,0
1971,39.40073,17,39.40073,0
1972,39.42073,18,39.42073,0
1973,39.44073,9,39.44073,0
1974,39.46073,16,39.46073,0
1975,39.48073,17,39.48073,0
1976,39.50073,11,39.50073,0
1977,39.52073,16,39.52073,0
1978,39.54073,14,39.54073,0
1979,39.56073,5,39.56073,0
1980,39.58073,7,39.58073,0
1981,39.60073,13,39.60073,0
1982,39.62073,9,39.62073,0
1983,39.64073,9,39.64073,0
1984,39.66073,7,39.66073,0
1985,39.68073,10,39.68073,0
1986,39.70073,10,39.70073,0
1987,39.72073,15,39.72073,0
1988,39.74073,6,39.74073,0
1989,39.76073,12,39.76073,0
1990,39.78073,6,39.78073,0
1991,39.80073,14,39.80073,0
1992,39.82073,10,39.82073,0
1993,39.84072,11,39.84072,0
1994,39.86073,4,39.86073,0
1995,39.88073,14,39.88073,0
1996,39.90073,11,39.90073,0
1997,39.92073,9,39.92073,0
1998,39.94073,14,39.94073,0
1999,39.96073,8,39.96073,0
2000,39.98073,7,39.98073,0
2001,40.00073,11,40.00073,0
2002,40.02073,10,40.02073,0
2003,40.04073,10,40.04073,0
2004,40.06073,13,40.06073,0
2005,40.08073,15,40.08073,0
2006,40.10073,9,40.10073,0
2007,40.12073,7,40.12073,0
2008,40.14073,13,40.14073,0
2009,40.16073,6,40.16073,0
2010,40.18073,7,40.18073,0
2011,40.20073,10,40.20073,0
2012,40.22073,5,40.22073,0
2013,40.24073,12,40.24073,0
2014,40.26073,9,40.26073,0
2015,40.28073,9,40.28073,0
2016,40.30073,7,40.30073,0
2017,40.32073,12,40.32073,0
2018,40.34072,13,40.34072,0
2019,40.36073,9,40.36073,0
2020,40.38073,7,40.38073,0
2021,40.40073,16,40.40073,0
2022,40.42073,9,40.42073,0
2023,40.44073,12,40.44073,0
2024,40.46073,8,40.46073,0
2025,40.48073,9,40.48073,0
2026,40.50073,3,40.50073,0
2027,40.52073,3,40.52073,0
2028,40.54073,6,40.54073,0
2029,40.56073,8,40.56073,0
2030,40.58073,7,40.58073,0
2031,40.60073,6,40.60073,0
2032,40.62073,7,40.62073,0
2033,40.64073,8,40.64073,0
2034,40.66073,8,40.66073,0
2035,40.68073,8,40.68073,0
2036,40.70073,4,40.70073,0
2037,40.72073,6,40.72073,0
2038,40.74073,5,40.74073,0
2039,40.76073,10,40.76073,0
2040,40.78073,3,40.78073,0
2041,40.80073,14,40.80073,0
2042,40.82073,9,40.82073,0
2043,40.84072,11,40.84072,0
2044,40.86073,5,40.86073,0
2045,40.88073,9,40.88073,0
2046,40.90073,16,40.90073,0
2047,40.92073,8,40.92073,0
2048,40.94073,13,40.94073,0
