Bruker AXS HMP Instrument Tools Complete CSV
FileName,C:\MeinZeugs\Uni\Publikationen\2025\MeIn pXRF\DAQ\Device_monitoring_sample_element_precision_Schauer\data_raw\Example_LOD\04520-Mudrock Dual.pdz
SerialString,SG2-6390
TubeTargetElement,45
NumberOfSpectra,2
SampleID,
AcquisitionDateTime,4/28/2025 6:49:24 PM
TotalElapsedTimeInSeconds,120
AnodeTakeOffAngle,45
SampleIncidenceAngle,45
BeThicknessInMicroMeters,125
SampleTakeOffAngle,65
SpotSizeUsed,8
NumberOfUserCustomFields,5
UserCustomFieldHeader,FieldName,FieldValue
UserCustomField,Operator,Supervisor
UserCustomField,Material,Standard
UserCustomField,ID,
UserCustomField,Probe,SiO2
UserCustomField,Projekt,ESPRIT
AnalysisMode,32
AnalysisType,1
UsedAutoCalSelect,False
ResultUnits,PPM
ErrorMultiplier,2
CalFileName,MudrockDual
CalPackageName,
CalPackagePartNumber,
TypeStandardizationSetName,
NumberOfElementsInCalculatedResults,27
CalculatedResults:AtomicNum,ElementSymbol,Units,Value,TypeStandardizedValue,Error,RangeMin,RangeMax,Tramp,Nominal
12,Mg,PPM,0.2132426,0.2132426,0.0377406,0,0,False,False
13,Al,PPM,0,0,0.009788393,0,0,False,False
14,Si,PPM,27.4727,27.4727,0.04028497,0,0,False,False
15,P,PPM,0.00698359,0.00698359,0.00215238,0,0,False,False
16,S,PPM,0.05852411,0.05852411,0.001784279,0,0,False,False
19,K,PPM,0,0,0.0009143447,0,0,False,False
20,Ca,PPM,0,0,0.000659886,0,0,False,False
22,Ti,PPM,0.006612711,0.006612711,0.0005566712,0,0,False,False
23,V,PPM,0.0006813896,0.0006813896,0.0004256445,0,0,False,False
24,Cr,PPM,0.002111701,0.002111701,0.0003067243,0,0,False,False
25,Mn,PPM,0.004112467,0.004112467,0.0003860564,0,0,False,False
26,Fe,PPM,0.01436761,0.01436761,0.0005845937,0,0,False,False
27,Co,PPM,0,0,1.000396E-05,0,0,False,False
28,Ni,PPM,5.919331E-05,5.919331E-05,7.111395E-05,0,0,False,False
29,Cu,PPM,0.001273928,0.001273928,8.641881E-05,0,0,False,False
30,Zn,PPM,0,0,6.790928E-05,0,0,False,False
33,As,PPM,0,0,7.10868E-05,0,0,False,False
37,Rb,PPM,0.0001574863,0.0001574863,8.630948E-05,0,0,False,False
38,Sr,PPM,0,0,7.846762E-05,0,0,False,False
39,Y,PPM,5.888055E-05,5.888055E-05,8.627267E-05,0,0,False,False
40,Zr,PPM,0,0,9.143466E-05,0,0,False,False
41,Nb,PPM,7.7857E-05,7.7857E-05,0.0001010931,0,0,False,False
42,Mo,PPM,0.0002165286,0.0002165286,0.0001128475,0,0,False,False
56,Ba,PPM,0,0,0.005879844,0,0,False,False
82,Pb,PPM,0.0001357251,0.0001357251,0.0001621061,0,0,False,False
90,Th,PPM,0,0,2.09368E-05,0,0,False,False
92,U,PPM,0.0001408377,0.0001408377,0.0002510051,0,0,False,False
MatchSpreadThreshold,0.05
IsTrampEnabled,False
IsNominalEnabled,False
NumberOfGradeIDMatchResults,3
GradeIDMatchResultsHeader,GradeID,MatchConfidence
GradeIDMatchResult,,0
GradeIDMatchResult,,0
GradeIDMatchResult,,0
ParametersForEachSpectrum,Spectrum 1,,Spectrum 2,
XrayVoltageInkV,40,,15,
XrayFilamentCurrentInMicroAmps,38.85,,27.9,
RawCounts,2731896,,1891047,
ValidCounts,2224495,,1606579,
eVPerChannel,20,,20,
StartingKeV,0.0006591858,,0.0006591858,
ZeroOffsetInKeV,-0.0006591858,,-0.0006591858,
StartingChannel,0.03295929,,0.03295929,
NumberOfChannels,2048,,2048,
CountsPerSecond,54211.81,,34149.21,
XilinxFirmwareVersion,,,,
IlluminationID,MudRock Trace40,,MudRock Maj15,
Filter1ElementAtomicNum,22,,0,
Filter1Thickness,25,,0,
Filter2ElementAtomicNum,13,,0,
Filter2Thickness,300,,0,
Filter3ElementAtomicNum,0,,0,
Filter3Thickness,0,,0,
AcquisitionDateTime,4/28/2025 6:49:24 PM,,4/28/2025 6:49:24 PM,
LiveTimeInSeconds,44.16,,51.36901,
DeadTimeInSeconds,6.233003,,4.007001,
ResetTimeInSeconds,5.940999,,0.9049994,
DetectorTempInC,-27,,-27,
AmbientTempInF,129.1,,129.1,
NosePressureInMilliBars,1001,,1001,
NoseTemperatureInC,47,,47,
ActiveTimeInSeconds,50.39301,,55.376,
PacketTimeInSeconds,56.334,,56.281,
CommunicationTimeInSeconds,,,,
ElapsedClockTimeInSeconds,60,,60,
Spectrum:ChannelNumber,ChannelStartInKeV,ChannelCount,ChannelStartInKeV,ChannelCount
1,0.0006591858,0,0.0006591858,0
2,0.02065919,0,0.02065919,0
3,0.04065919,0,0.04065919,0
4,0.06065919,0,0.06065919,0
5,0.08065919,0,0.08065919,0
6,0.1006592,0,0.1006592,0
7,0.1206592,0,0.1206592,0
8,0.1406592,0,0.1406592,0
9,0.1606592,0,0.1606592,0
10,0.1806592,0,0.1806592,0
11,0.2006592,0,0.2006592,0
12,0.2206592,0,0.2206592,0
13,0.2406592,0,0.2406592,0
14,0.2606592,0,0.2606592,0
15,0.2806592,10,0.2806592,6
16,0.3006592,103,0.3006592,81
17,0.3206592,663,0.3206592,594
18,0.3406592,2830,0.3406592,2916
19,0.3606592,7255,0.3606592,8192
20,0.3806592,11438,0.3806592,13770
21,0.4006592,11218,0.4006592,13696
22,0.4206592,6812,0.4206592,8138
23,0.4406592,2711,0.4406592,2964
24,0.4606592,627,0.4606592,627
25,0.4806592,95,0.4806592,91
26,0.5006592,9,0.5006592,14
27,0.5206592,1,0.5206592,1
28,0.5406592,8,0.5406592,0
29,0.5606592,7,0.5606592,0
30,0.5806592,3,0.5806592,1
31,0.6006592,0,0.6006592,2
32,0.6206592,5,0.6206592,1
33,0.6406592,4,0.6406592,0
34,0.6606592,2,0.6606592,0
35,0.6806592,779,0.6806592,71
36,0.7006592,742,0.7006592,61
37,0.7206592,784,0.7206592,59
38,0.7406592,741,0.7406592,52
39,0.7606592,740,0.7606592,59
40,0.7806592,688,0.7806592,45
41,0.8006592,731,0.8006592,71
42,0.8206592,706,0.8206592,65
43,0.8406592,735,0.8406592,71
44,0.8606592,729,0.8606592,83
45,0.8806592,697,0.8806592,112
46,0.9006592,724,0.9006592,142
47,0.9206592,694,0.9206592,196
48,0.9406592,687,0.9406592,243
49,0.9606592,689,0.9606592,229
50,0.9806592,705,0.9806592,187
51,1.000659,610,1.000659,129
52,1.020659,686,1.020659,103
53,1.040659,667,1.040659,105
54,1.060659,670,1.060659,123
55,1.080659,697,1.080659,167
56,1.100659,635,1.100659,167
57,1.120659,690,1.120659,144
58,1.140659,634,1.140659,148
59,1.160659,641,1.160659,154
60,1.180659,697,1.180659,168
61,1.200659,621,1.200659,202
62,1.220659,675,1.220659,207
63,1.240659,604,1.240659,161
64,1.260659,609,1.260659,119
65,1.280659,594,1.280659,95
66,1.300659,587,1.300659,115
67,1.320659,620,1.320659,98
68,1.340659,651,1.340659,99
69,1.360659,568,1.360659,112
70,1.380659,596,1.380659,148
71,1.400659,564,1.400659,175
72,1.420659,586,1.420659,217
73,1.440659,620,1.440659,336
74,1.460659,571,1.460659,489
75,1.480659,585,1.480659,541
76,1.500659,593,1.500659,543
77,1.520659,584,1.520659,520
78,1.540659,587,1.540659,538
79,1.560659,544,1.560659,460
80,1.580659,512,1.580659,524
81,1.600659,517,1.600659,841
82,1.620659,504,1.620659,2175
83,1.640659,655,1.640659,7469
84,1.660659,862,1.660659,21635
85,1.680659,1290,1.680659,49023
86,1.700659,1980,1.700659,86399
87,1.720659,2489,1.720659,119321
88,1.740659,2624,1.740659,127125
89,1.760659,2271,1.760659,104050
90,1.780659,1634,1.780659,67034
91,1.800659,998,1.800659,35849
92,1.820659,783,1.820659,17490
93,1.840659,633,1.840659,8838
94,1.860659,537,1.860659,4683
95,1.880659,521,1.880659,2420
96,1.900659,503,1.900659,1147
97,1.920659,466,1.920659,499
98,1.940659,424,1.940659,254
99,1.960659,453,1.960659,144
100,1.980659,441,1.980659,139
101,2.000659,437,2.000659,142
102,2.020659,388,2.020659,159
103,2.040659,438,2.040659,147
104,2.060659,397,2.060659,149
105,2.080659,419,2.080659,164
106,2.100659,363,2.100659,154
107,2.120659,393,2.120659,178
108,2.140659,406,2.140659,208
109,2.160659,380,2.160659,210
110,2.180659,380,2.180659,260
111,2.200659,392,2.200659,278
112,2.220659,352,2.220659,305
113,2.240659,370,2.240659,324
114,2.260659,392,2.260659,378
115,2.280659,388,2.280659,425
116,2.300659,377,2.300659,449
117,2.320659,368,2.320659,539
118,2.340659,348,2.340659,621
119,2.360659,351,2.360659,682
120,2.380659,332,2.380659,663
121,2.400659,358,2.400659,611
122,2.420659,332,2.420659,582
123,2.440659,343,2.440659,520
124,2.460659,316,2.460659,490
125,2.480659,315,2.480659,485
126,2.500659,338,2.500659,506
127,2.520659,317,2.520659,535
128,2.540659,291,2.540659,640
129,2.560659,322,2.560659,848
130,2.580659,290,2.580659,1314
131,2.600659,270,2.600659,2088
132,2.620659,300,2.620659,3719
133,2.640659,316,2.640659,5866
134,2.660659,277,2.660659,8500
135,2.680659,257,2.680659,10241
136,2.700659,286,2.700659,10426
137,2.720659,278,2.720659,9193
138,2.740659,278,2.740659,7148
139,2.760659,299,2.760659,5610
140,2.780659,276,2.780659,5110
141,2.800659,273,2.800659,5434
142,2.820659,264,2.820659,6346
143,2.840659,279,2.840659,6745
144,2.860659,287,2.860659,6500
145,2.880659,310,2.880659,6612
146,2.900659,378,2.900659,7038
147,2.920659,440,2.920659,8422
148,2.940659,492,2.940659,9434
149,2.960659,486,2.960659,9269
150,2.980659,468,2.980659,8158
151,3.000659,405,3.000659,6210
152,3.020659,333,3.020659,4102
153,3.040659,303,3.040659,2652
154,3.060659,238,3.060659,1640
155,3.080659,234,3.080659,1180
156,3.100659,214,3.100659,1044
157,3.120659,226,3.120659,1114
158,3.140659,227,3.140659,1211
159,3.160659,248,3.160659,1422
160,3.180659,241,3.180659,1459
161,3.200659,223,3.200659,1314
162,3.220659,201,3.220659,1144
163,3.240659,202,3.240659,918
164,3.260659,205,3.260659,748
165,3.280659,183,3.280659,663
166,3.300659,185,3.300659,583
167,3.320659,184,3.320659,680
168,3.340659,170,3.340659,636
169,3.360659,174,3.360659,656
170,3.380659,175,3.380659,607
171,3.400659,141,3.400659,582
172,3.420659,148,3.420659,618
173,3.440659,167,3.440659,665
174,3.460659,166,3.460659,619
175,3.480659,135,3.480659,644
176,3.500659,147,3.500659,618
177,3.520659,147,3.520659,623
178,3.540659,154,3.540659,573
179,3.560659,150,3.560659,514
180,3.580659,141,3.580659,461
181,3.600659,142,3.600659,498
182,3.620659,174,3.620659,476
183,3.640659,139,3.640659,485
184,3.660659,200,3.660659,497
185,3.680659,186,3.680659,491
186,3.700659,170,3.700659,564
187,3.720659,162,3.720659,514
188,3.740659,163,3.740659,509
189,3.760659,120,3.760659,548
190,3.780659,124,3.780659,559
191,3.800659,122,3.800659,561
192,3.820659,97,3.820659,575
193,3.840659,103,3.840659,645
194,3.860659,86,3.860659,654
195,3.880659,103,3.880659,685
196,3.900659,101,3.900659,754
197,3.920659,78,3.920659,785
198,3.940659,91,3.940659,708
199,3.960659,97,3.960659,786
200,3.980659,103,3.980659,744
201,4.000659,93,4.000659,743
202,4.020659,92,4.020659,725
203,4.040659,95,4.040659,739
204,4.060659,91,4.060659,683
205,4.080659,82,4.080659,710
206,4.100659,84,4.100659,665
207,4.120659,73,4.120659,698
208,4.140659,80,4.140659,699
209,4.160659,89,4.160659,721
210,4.180659,75,4.180659,745
211,4.200659,64,4.200659,697
212,4.220659,63,4.220659,707
213,4.240659,61,4.240659,755
214,4.260659,62,4.260659,718
215,4.280659,77,4.280659,745
216,4.300659,57,4.300659,708
217,4.320659,63,4.320659,741
218,4.340659,50,4.340659,773
219,4.360659,58,4.360659,834
220,4.380659,64,4.380659,862
221,4.400659,63,4.400659,924
222,4.420659,59,4.420659,989
223,4.440659,69,4.440659,1045
224,4.460659,75,4.460659,1142
225,4.480659,67,4.480659,1153
226,4.500659,77,4.500659,1126
227,4.520659,75,4.520659,1174
228,4.540659,64,4.540659,1073
229,4.560659,61,4.560659,1048
230,4.580659,53,4.580659,1004
231,4.600659,47,4.600659,954
232,4.620659,60,4.620659,963
233,4.640659,57,4.640659,930
234,4.660659,40,4.660659,961
235,4.680659,60,4.680659,951
236,4.700659,50,4.700659,1003
237,4.720659,50,4.720659,1038
238,4.740659,42,4.740659,1010
239,4.760659,46,4.760659,1035
240,4.780659,53,4.780659,1087
241,4.800659,56,4.800659,1175
242,4.820659,47,4.820659,1066
243,4.840659,47,4.840659,1051
244,4.860659,44,4.860659,1093
245,4.880659,43,4.880659,1133
246,4.900659,53,4.900659,1164
247,4.920659,49,4.920659,1167
248,4.940659,45,4.940659,1217
249,4.960659,55,4.960659,1244
250,4.980659,51,4.980659,1241
251,5.000659,39,5.000659,1321
252,5.020659,34,5.020659,1328
253,5.040659,47,5.040659,1288
254,5.060659,57,5.060659,1322
255,5.080659,48,5.080659,1282
256,5.100659,56,5.100659,1285
257,5.120659,49,5.120659,1341
258,5.140659,47,5.140659,1398
259,5.160659,45,5.160659,1419
260,5.180659,36,5.180659,1438
261,5.200659,43,5.200659,1491
262,5.220659,41,5.220659,1579
263,5.240659,49,5.240659,1570
264,5.260659,47,5.260659,1702
265,5.280659,38,5.280659,1674
266,5.300659,46,5.300659,1784
267,5.320659,37,5.320659,1875
268,5.340659,40,5.340659,1898
269,5.360659,52,5.360659,1960
270,5.380659,42,5.380659,1886
271,5.400659,50,5.400659,1988
272,5.420659,45,5.420659,1918
273,5.440659,46,5.440659,1852
274,5.460659,57,5.460659,1871
275,5.480659,41,5.480659,1790
276,5.500659,57,5.500659,1724
277,5.520659,40,5.520659,1744
278,5.540659,35,5.540659,1783
279,5.560659,36,5.560659,1729
280,5.580659,32,5.580659,1893
281,5.600659,43,5.600659,1968
282,5.620659,44,5.620659,1923
283,5.640659,42,5.640659,1923
284,5.660659,43,5.660659,1995
285,5.680659,38,5.680659,1897
286,5.700659,33,5.700659,1995
287,5.720659,46,5.720659,1902
288,5.740659,43,5.740659,1943
289,5.760659,40,5.760659,1834
290,5.780659,50,5.780659,1863
291,5.800659,49,5.800659,1813
292,5.820659,44,5.820659,1763
293,5.840659,37,5.840659,1758
294,5.860659,49,5.860659,1711
295,5.880659,37,5.880659,1741
296,5.900659,57,5.900659,1659
297,5.920659,49,5.920659,1687
298,5.940659,43,5.940659,1682
299,5.960659,40,5.960659,1768
300,5.980659,41,5.980659,1819
301,6.000659,33,6.000659,1734
302,6.020659,35,6.020659,1699
303,6.040659,40,6.040659,1662
304,6.060659,33,6.060659,1789
305,6.080659,43,6.080659,1703
306,6.100659,27,6.100659,1763
307,6.120659,31,6.120659,1741
308,6.140659,40,6.140659,1873
309,6.160659,25,6.160659,1787
310,6.180659,44,6.180659,1846
311,6.200659,40,6.200659,1865
312,6.220659,38,6.220659,1853
313,6.240659,32,6.240659,1928
314,6.260659,42,6.260659,1948
315,6.280659,37,6.280659,1860
316,6.300659,33,6.300659,1940
317,6.320659,44,6.320659,1962
318,6.340659,53,6.340659,2145
319,6.360659,54,6.360659,2265
320,6.380659,56,6.380659,2275
321,6.400659,60,6.400659,2220
322,6.420659,56,6.420659,2189
323,6.440659,60,6.440659,2069
324,6.460659,44,6.460659,2043
325,6.480659,53,6.480659,1997
326,6.500659,52,6.500659,2029
327,6.520659,43,6.520659,1871
328,6.540659,36,6.540659,1936
329,6.560659,27,6.560659,1801
330,6.580659,37,6.580659,1761
331,6.600659,29,6.600659,1691
332,6.620659,39,6.620659,1755
333,6.640659,28,6.640659,1678
334,6.660659,31,6.660659,1599
335,6.680659,45,6.680659,1653
336,6.700659,35,6.700659,1664
337,6.720659,42,6.720659,1649
338,6.740659,39,6.740659,1623
339,6.760659,34,6.760659,1642
340,6.780659,35,6.780659,1679
341,6.800659,48,6.800659,1677
342,6.820659,37,6.820659,1703
343,6.840659,30,6.840659,1750
344,6.860659,34,6.860659,1756
345,6.880659,34,6.880659,1771
346,6.900659,35,6.900659,1833
347,6.920659,38,6.920659,1834
348,6.940659,35,6.940659,1816
349,6.960659,38,6.960659,1817
350,6.980659,43,6.980659,1769
351,7.000659,46,7.000659,1757
352,7.020659,30,7.020659,1731
353,7.040659,33,7.040659,1772
354,7.060659,42,7.060659,1733
355,7.080659,40,7.080659,1726
356,7.100659,35,7.100659,1752
357,7.120659,35,7.120659,1698
358,7.140659,34,7.140659,1701
359,7.160659,30,7.160659,1766
360,7.180659,32,7.180659,1792
361,7.200659,38,7.200659,1833
362,7.220659,33,7.220659,1852
363,7.240659,45,7.240659,1862
364,7.260659,39,7.260659,1957
365,7.280659,38,7.280659,1983
366,7.300659,29,7.300659,1987
367,7.320659,31,7.320659,2149
368,7.340659,30,7.340659,2235
369,7.360659,54,7.360659,2192
370,7.380659,42,7.380659,2443
371,7.400659,41,7.400659,2624
372,7.420659,31,7.420659,2751
373,7.440659,39,7.440659,2859
374,7.460659,54,7.460659,3003
375,7.480659,35,7.480659,2945
376,7.500659,52,7.500659,2785
377,7.520659,53,7.520659,2595
378,7.540659,39,7.540659,2346
379,7.560659,39,7.560659,2129
380,7.580659,36,7.580659,1903
381,7.600659,39,7.600659,1763
382,7.620659,47,7.620659,1763
383,7.640659,48,7.640659,1749
384,7.660659,48,7.660659,1711
385,7.680659,49,7.680659,1622
386,7.700659,48,7.700659,1653
387,7.720659,38,7.720659,1630
388,7.740659,49,7.740659,1581
389,7.760659,47,7.760659,1648
390,7.780659,43,7.780659,1639
391,7.800659,59,7.800659,1631
392,7.820659,59,7.820659,1685
393,7.840659,64,7.840659,1597
394,7.860659,64,7.860659,1626
395,7.880659,82,7.880659,1579
396,7.900659,76,7.900659,1594
397,7.920659,71,7.920659,1672
398,7.940659,101,7.940659,1684
399,7.960659,101,7.960659,1741
400,7.980659,121,7.980659,1716
401,8.000659,155,8.000659,1698
402,8.020659,160,8.020659,1812
403,8.040659,135,8.040659,1785
404,8.060659,127,8.060659,1814
405,8.080659,127,8.080659,1761
406,8.100659,125,8.100659,1762
407,8.120659,99,8.120659,1764
408,8.140659,83,8.140659,1781
409,8.160659,78,8.160659,1821
410,8.180659,80,8.180659,1778
411,8.200659,70,8.200659,1779
412,8.220659,67,8.220659,1944
413,8.240659,67,8.240659,1913
414,8.260659,68,8.260659,1990
415,8.280659,57,8.280659,1847
416,8.300659,62,8.300659,1905
417,8.32066,88,8.32066,1816
418,8.340659,76,8.340659,1800
419,8.36066,58,8.36066,1833
420,8.380659,79,8.380659,1761
421,8.40066,81,8.40066,1749
422,8.420659,86,8.420659,1747
423,8.44066,84,8.44066,1751
424,8.460659,80,8.460659,1773
425,8.480659,88,8.480659,1741
426,8.500659,98,8.500659,1708
427,8.520659,87,8.520659,1764
428,8.540659,102,8.540659,1669
429,8.560659,118,8.560659,1752
430,8.580659,108,8.580659,1702
431,8.600659,130,8.600659,1754
432,8.620659,138,8.620659,1749
433,8.640659,153,8.640659,1801
434,8.660659,134,8.660659,1766
435,8.680659,107,8.680659,1811
436,8.700659,108,8.700659,1885
437,8.720659,103,8.720659,1772
438,8.740659,84,8.740659,1904
439,8.760659,97,8.760659,1750
440,8.780659,86,8.780659,1782
441,8.800659,84,8.800659,1842
442,8.82066,107,8.82066,1958
443,8.840659,109,8.840659,1820
444,8.86066,121,8.86066,1855
445,8.880659,119,8.880659,1957
446,8.90066,117,8.90066,1897
447,8.920659,124,8.920659,1946
448,8.94066,113,8.94066,1876
449,8.960659,113,8.960659,1984
450,8.980659,111,8.980659,1901
451,9.000659,106,9.000659,1907
452,9.020659,123,9.020659,1899
453,9.040659,100,9.040659,1813
454,9.060659,101,9.060659,1896
455,9.080659,102,9.080659,1781
456,9.100659,116,9.100659,1839
457,9.120659,117,9.120659,1796
458,9.140659,109,9.140659,1869
459,9.160659,131,9.160659,1873
460,9.180659,150,9.180659,1811
461,9.200659,143,9.200659,1883
462,9.220659,136,9.220659,1940
463,9.240659,160,9.240659,1979
464,9.260659,141,9.260659,1912
465,9.280659,127,9.280659,1908
466,9.300659,150,9.300659,1928
467,9.32066,161,9.32066,1893
468,9.340659,157,9.340659,2001
469,9.36066,183,9.36066,1978
470,9.380659,166,9.380659,1892
471,9.40066,167,9.40066,1871
472,9.420659,158,9.420659,1824
473,9.44066,159,9.44066,1897
474,9.460659,195,9.460659,1968
475,9.480659,166,9.480659,1943
476,9.500659,167,9.500659,1782
477,9.520659,178,9.520659,1859
478,9.540659,172,9.540659,1868
479,9.560659,170,9.560659,1871
480,9.580659,191,9.580659,1908
481,9.600659,201,9.600659,1842
482,9.620659,206,9.620659,1861
483,9.640659,182,9.640659,1852
484,9.660659,223,9.660659,1807
485,9.680659,217,9.680659,1851
486,9.700659,236,9.700659,1759
487,9.720659,210,9.720659,1832
488,9.740659,206,9.740659,1800
489,9.760659,204,9.760659,1843
490,9.780659,212,9.780659,1838
491,9.800659,223,9.800659,1889
492,9.82066,222,9.82066,1865
493,9.840659,252,9.840659,1815
494,9.86066,250,9.86066,1893
495,9.880659,248,9.880659,1894
496,9.90066,242,9.90066,1884
497,9.920659,261,9.920659,1959
498,9.94066,283,9.94066,1801
499,9.960659,271,9.960659,1805
500,9.980659,292,9.980659,1885
501,10.00066,285,10.00066,1769
502,10.02066,271,10.02066,1810
503,10.04066,270,10.04066,1832
504,10.06066,239,10.06066,1878
505,10.08066,289,10.08066,1826
506,10.10066,268,10.10066,1857
507,10.12066,294,10.12066,1774
508,10.14066,317,10.14066,1811
509,10.16066,285,10.16066,1756
510,10.18066,292,10.18066,1826
511,10.20066,304,10.20066,1776
512,10.22066,324,10.22066,1662
513,10.24066,308,10.24066,1797
514,10.26066,297,10.26066,1733
515,10.28066,326,10.28066,1733
516,10.30066,350,10.30066,1761
517,10.32066,324,10.32066,1731
518,10.34066,346,10.34066,1824
519,10.36066,362,10.36066,1738
520,10.38066,328,10.38066,1752
521,10.40066,336,10.40066,1751
522,10.42066,338,10.42066,1672
523,10.44066,333,10.44066,1703
524,10.46066,392,10.46066,1735
525,10.48066,363,10.48066,1733
526,10.50066,365,10.50066,1687
527,10.52066,423,10.52066,1734
528,10.54066,410,10.54066,1688
529,10.56066,392,10.56066,1692
530,10.58066,388,10.58066,1677
531,10.60066,405,10.60066,1692
532,10.62066,398,10.62066,1788
533,10.64066,422,10.64066,1655
534,10.66066,398,10.66066,1648
535,10.68066,450,10.68066,1606
536,10.70066,408,10.70066,1576
537,10.72066,461,10.72066,1582
538,10.74066,454,10.74066,1635
539,10.76066,499,10.76066,1563
540,10.78066,484,10.78066,1601
541,10.80066,434,10.80066,1630
542,10.82066,493,10.82066,1564
543,10.84066,485,10.84066,1552
544,10.86066,455,10.86066,1566
545,10.88066,501,10.88066,1488
546,10.90066,493,10.90066,1485
547,10.92066,495,10.92066,1532
548,10.94066,521,10.94066,1587
549,10.96066,494,10.96066,1539
550,10.98066,505,10.98066,1621
551,11.00066,543,11.00066,1446
552,11.02066,497,11.02066,1462
553,11.04066,504,11.04066,1549
554,11.06066,579,11.06066,1479
555,11.08066,514,11.08066,1483
556,11.10066,562,11.10066,1532
557,11.12066,578,11.12066,1509
558,11.14066,538,11.14066,1506
559,11.16066,522,11.16066,1446
560,11.18066,566,11.18066,1393
561,11.20066,570,11.20066,1477
562,11.22066,573,11.22066,1483
563,11.24066,574,11.24066,1432
564,11.26066,637,11.26066,1398
565,11.28066,605,11.28066,1390
566,11.30066,627,11.30066,1447
567,11.32066,642,11.32066,1428
568,11.34066,647,11.34066,1437
569,11.36066,686,11.36066,1359
570,11.38066,617,11.38066,1371
571,11.40066,688,11.40066,1433
572,11.42066,700,11.42066,1383
573,11.44066,659,11.44066,1347
574,11.46066,691,11.46066,1310
575,11.48066,713,11.48066,1357
576,11.50066,666,11.50066,1350
577,11.52066,685,11.52066,1339
578,11.54066,670,11.54066,1360
579,11.56066,668,11.56066,1270
580,11.58066,694,11.58066,1280
581,11.60066,781,11.60066,1296
582,11.62066,691,11.62066,1315
583,11.64066,740,11.64066,1273
584,11.66066,735,11.66066,1264
585,11.68066,693,11.68066,1275
586,11.70066,716,11.70066,1261
587,11.72066,772,11.72066,1244
588,11.74066,757,11.74066,1209
589,11.76066,716,11.76066,1240
590,11.78066,755,11.78066,1243
591,11.80066,778,11.80066,1213
592,11.82066,766,11.82066,1254
593,11.84066,804,11.84066,1190
594,11.86066,775,11.86066,1151
595,11.88066,788,11.88066,1229
596,11.90066,814,11.90066,1165
597,11.92066,826,11.92066,1131
598,11.94066,781,11.94066,1167
599,11.96066,847,11.96066,1209
600,11.98066,857,11.98066,1143
601,12.00066,874,12.00066,1121
602,12.02066,848,12.02066,1111
603,12.04066,884,12.04066,1115
604,12.06066,805,12.06066,1081
605,12.08066,827,12.08066,1033
606,12.10066,857,12.10066,1089
607,12.12066,851,12.12066,1045
608,12.14066,834,12.14066,1137
609,12.16066,808,12.16066,1094
610,12.18066,877,12.18066,1083
611,12.20066,872,12.20066,996
612,12.22066,926,12.22066,1021
613,12.24066,872,12.24066,1099
614,12.26066,947,12.26066,1025
615,12.28066,945,12.28066,979
616,12.30066,925,12.30066,1037
617,12.32066,990,12.32066,1023
618,12.34066,934,12.34066,1034
619,12.36066,921,12.36066,981
620,12.38066,954,12.38066,990
621,12.40066,988,12.40066,893
622,12.42066,951,12.42066,1003
623,12.44066,952,12.44066,929
624,12.46066,1005,12.46066,943
625,12.48066,1022,12.48066,944
626,12.50066,984,12.50066,966
627,12.52066,998,12.52066,888
628,12.54066,1023,12.54066,925
629,12.56066,954,12.56066,932
630,12.58066,1055,12.58066,924
631,12.60066,1120,12.60066,929
632,12.62066,1056,12.62066,863
633,12.64066,1103,12.64066,883
634,12.66066,1002,12.66066,852
635,12.68066,1087,12.68066,900
636,12.70066,1086,12.70066,900
637,12.72066,1039,12.72066,872
638,12.74066,1091,12.74066,853
639,12.76066,1138,12.76066,855
640,12.78066,1099,12.78066,782
641,12.80066,1161,12.80066,841
642,12.82066,1086,12.82066,836
643,12.84066,1144,12.84066,752
644,12.86066,1145,12.86066,814
645,12.88066,1195,12.88066,841
646,12.90066,1099,12.90066,804
647,12.92066,1154,12.92066,694
648,12.94066,1174,12.94066,822
649,12.96066,1150,12.96066,787
650,12.98066,1193,12.98066,707
651,13.00066,1238,13.00066,755
652,13.02066,1177,13.02066,717
653,13.04066,1162,13.04066,723
654,13.06066,1139,13.06066,725
655,13.08066,1241,13.08066,743
656,13.10066,1153,13.10066,712
657,13.12066,1242,13.12066,674
658,13.14066,1250,13.14066,665
659,13.16066,1267,13.16066,671
660,13.18066,1285,13.18066,648
661,13.20066,1316,13.20066,625
662,13.22066,1307,13.22066,642
663,13.24066,1271,13.24066,653
664,13.26066,1288,13.26066,629
665,13.28066,1371,13.28066,610
666,13.30066,1357,13.30066,620
667,13.32066,1329,13.32066,627
668,13.34066,1323,13.34066,616
669,13.36066,1336,13.36066,594
670,13.38066,1362,13.38066,523
671,13.40066,1326,13.40066,588
672,13.42066,1298,13.42066,549
673,13.44066,1358,13.44066,543
674,13.46066,1410,13.46066,569
675,13.48066,1378,13.48066,517
676,13.50066,1406,13.50066,538
677,13.52066,1421,13.52066,526
678,13.54066,1353,13.54066,498
679,13.56066,1418,13.56066,506
680,13.58066,1385,13.58066,491
681,13.60066,1423,13.60066,474
682,13.62066,1432,13.62066,487
683,13.64066,1506,13.64066,483
684,13.66066,1419,13.66066,481
685,13.68066,1451,13.68066,455
686,13.70066,1461,13.70066,416
687,13.72066,1447,13.72066,414
688,13.74066,1503,13.74066,420
689,13.76066,1511,13.76066,407
690,13.78066,1459,13.78066,397
691,13.80066,1482,13.80066,404
692,13.82066,1527,13.82066,361
693,13.84066,1457,13.84066,390
694,13.86066,1474,13.86066,374
695,13.88066,1583,13.88066,385
696,13.90066,1458,13.90066,341
697,13.92066,1505,13.92066,328
698,13.94066,1474,13.94066,297
699,13.96066,1626,13.96066,311
700,13.98066,1496,13.98066,297
701,14.00066,1502,14.00066,305
702,14.02066,1536,14.02066,285
703,14.04066,1548,14.04066,302
704,14.06066,1640,14.06066,225
705,14.08066,1557,14.08066,255
706,14.10066,1598,14.10066,242
707,14.12066,1570,14.12066,230
708,14.14066,1579,14.14066,233
709,14.16066,1637,14.16066,227
710,14.18066,1657,14.18066,209
711,14.20066,1565,14.20066,211
712,14.22066,1661,14.22066,232
713,14.24066,1622,14.24066,180
714,14.26066,1672,14.26066,185
715,14.28066,1676,14.28066,176
716,14.30066,1706,14.30066,181
717,14.32066,1700,14.32066,172
718,14.34066,1674,14.34066,131
719,14.36066,1671,14.36066,145
720,14.38066,1747,14.38066,104
721,14.40066,1713,14.40066,146
722,14.42066,1699,14.42066,116
723,14.44066,1695,14.44066,111
724,14.46066,1775,14.46066,109
725,14.48066,1659,14.48066,99
726,14.50066,1688,14.50066,93
727,14.52066,1708,14.52066,97
728,14.54066,1741,14.54066,88
729,14.56066,1699,14.56066,83
730,14.58066,1758,14.58066,63
731,14.60066,1731,14.60066,67
732,14.62066,1775,14.62066,69
733,14.64066,1752,14.64066,85
734,14.66066,1755,14.66066,56
735,14.68066,1765,14.68066,69
736,14.70066,1846,14.70066,59
737,14.72066,1727,14.72066,48
738,14.74066,1869,14.74066,41
739,14.76066,1763,14.76066,44
740,14.78066,1690,14.78066,40
741,14.80066,1810,14.80066,40
742,14.82066,1777,14.82066,35
743,14.84066,1853,14.84066,39
744,14.86066,1826,14.86066,29
745,14.88066,1826,14.88066,30
746,14.90066,1739,14.90066,21
747,14.92066,1838,14.92066,22
748,14.94066,1788,14.94066,16
749,14.96066,1834,14.96066,12
750,14.98066,1833,14.98066,11
751,15.00066,1914,15.00066,13
752,15.02066,1824,15.02066,8
753,15.04066,1869,15.04066,9
754,15.06066,1937,15.06066,7
755,15.08066,1843,15.08066,8
756,15.10066,1878,15.10066,5
757,15.12066,1799,15.12066,3
758,15.14066,1933,15.14066,8
759,15.16066,1917,15.16066,6
760,15.18066,1837,15.18066,8
761,15.20066,1879,15.20066,5
762,15.22066,1880,15.22066,6
763,15.24066,1944,15.24066,7
764,15.26066,1888,15.26066,2
765,15.28066,1993,15.28066,4
766,15.30066,1901,15.30066,4
767,15.32066,1922,15.32066,4
768,15.34066,1927,15.34066,8
769,15.36066,1929,15.36066,7
770,15.38066,1971,15.38066,3
771,15.40066,1814,15.40066,5
772,15.42066,1971,15.42066,5
773,15.44066,1916,15.44066,5
774,15.46066,1935,15.46066,6
775,15.48066,1913,15.48066,8
776,15.50066,1905,15.50066,1
777,15.52066,1887,15.52066,4
778,15.54066,1914,15.54066,3
779,15.56066,1886,15.56066,5
780,15.58066,1921,15.58066,4
781,15.60066,2007,15.60066,6
782,15.62066,2017,15.62066,4
783,15.64066,1960,15.64066,1
784,15.66066,1995,15.66066,5
785,15.68066,1976,15.68066,5
786,15.70066,2035,15.70066,10
787,15.72066,2031,15.72066,5
788,15.74066,2014,15.74066,5
789,15.76066,1976,15.76066,2
790,15.78066,1980,15.78066,5
791,15.80066,1976,15.80066,2
792,15.82066,2012,15.82066,4
793,15.84066,1991,15.84066,1
794,15.86066,2119,15.86066,3
795,15.88066,1923,15.88066,5
796,15.90066,1992,15.90066,4
797,15.92066,2043,15.92066,0
798,15.94066,2069,15.94066,7
799,15.96066,2080,15.96066,6
800,15.98066,2024,15.98066,3
801,16.00066,2040,16.00066,4
802,16.02066,2089,16.02066,4
803,16.04066,2054,16.04066,2
804,16.06066,2117,16.06066,4
805,16.08066,2113,16.08066,5
806,16.10066,2118,16.10066,3
807,16.12066,2112,16.12066,4
808,16.14066,1945,16.14066,3
809,16.16066,2152,16.16066,4
810,16.18066,2102,16.18066,1
811,16.20066,2041,16.20066,3
812,16.22066,2072,16.22066,2
813,16.24066,2045,16.24066,2
814,16.26066,2087,16.26066,4
815,16.28066,2052,16.28066,2
816,16.30066,2080,16.30066,4
817,16.32066,2070,16.32066,6
818,16.34066,2069,16.34066,3
819,16.36066,2090,16.36066,2
820,16.38066,2207,16.38066,3
821,16.40066,2132,16.40066,2
822,16.42066,2142,16.42066,2
823,16.44066,2040,16.44066,4
824,16.46066,2147,16.46066,2
825,16.48066,2106,16.48066,3
826,16.50066,2079,16.50066,5
827,16.52066,2089,16.52066,7
828,16.54066,2105,16.54066,1
829,16.56066,2101,16.56066,1
830,16.58066,2096,16.58066,4
831,16.60066,2071,16.60066,3
832,16.62066,2240,16.62066,1
833,16.64066,2154,16.64066,5
834,16.66066,2139,16.66066,3
835,16.68066,2173,16.68066,3
836,16.70066,2243,16.70066,1
837,16.72066,2200,16.72066,3
838,16.74066,2159,16.74066,3
839,16.76066,2177,16.76066,1
840,16.78066,2240,16.78066,5
841,16.80066,2225,16.80066,7
842,16.82066,2295,16.82066,2
843,16.84066,2192,16.84066,2
844,16.86066,2146,16.86066,1
845,16.88066,2202,16.88066,1
846,16.90066,2261,16.90066,2
847,16.92066,2113,16.92066,7
848,16.94066,2298,16.94066,3
849,16.96066,2232,16.96066,5
850,16.98066,2209,16.98066,3
851,17.00066,2269,17.00066,4
852,17.02066,2260,17.02066,3
853,17.04066,2275,17.04066,2
854,17.06066,2313,17.06066,4
855,17.08066,2348,17.08066,3
856,17.10066,2179,17.10066,2
857,17.12066,2248,17.12066,4
858,17.14066,2303,17.14066,1
859,17.16066,2367,17.16066,1
860,17.18066,2354,17.18066,1
861,17.20066,2276,17.20066,2
862,17.22066,2314,17.22066,2
863,17.24066,2376,17.24066,2
864,17.26066,2376,17.26066,0
865,17.28066,2339,17.28066,6
866,17.30066,2351,17.30066,1
867,17.32066,2443,17.32066,2
868,17.34066,2409,17.34066,3
869,17.36066,2386,17.36066,2
870,17.38066,2378,17.38066,0
871,17.40066,2413,17.40066,2
872,17.42066,2409,17.42066,3
873,17.44066,2422,17.44066,5
874,17.46066,2404,17.46066,2
875,17.48066,2434,17.48066,0
876,17.50066,2469,17.50066,0
877,17.52066,2414,17.52066,2
878,17.54066,2441,17.54066,2
879,17.56066,2478,17.56066,0
880,17.58066,2511,17.58066,1
881,17.60066,2611,17.60066,3
882,17.62066,2505,17.62066,1
883,17.64066,2619,17.64066,2
884,17.66066,2546,17.66066,0
885,17.68066,2520,17.68066,5
886,17.70066,2549,17.70066,2
887,17.72066,2586,17.72066,2
888,17.74066,2656,17.74066,2
889,17.76066,2660,17.76066,1
890,17.78066,2607,17.78066,1
891,17.80066,2648,17.80066,2
892,17.82066,2704,17.82066,2
893,17.84066,2670,17.84066,3
894,17.86066,2753,17.86066,6
895,17.88066,2646,17.88066,2
896,17.90066,2820,17.90066,1
897,17.92066,2789,17.92066,3
898,17.94066,2846,17.94066,0
899,17.96066,2942,17.96066,4
900,17.98066,2851,17.98066,4
901,18.00066,2813,18.00066,2
902,18.02066,2924,18.02066,1
903,18.04066,2815,18.04066,0
904,18.06066,2910,18.06066,0
905,18.08066,3023,18.08066,0
906,18.10066,3027,18.10066,1
907,18.12066,3071,18.12066,2
908,18.14066,3138,18.14066,0
909,18.16066,3143,18.16066,4
910,18.18066,3093,18.18066,3
911,18.20066,3234,18.20066,1
912,18.22066,3280,18.22066,4
913,18.24066,3489,18.24066,0
914,18.26066,3345,18.26066,3
915,18.28066,3487,18.28066,1
916,18.30066,3428,18.30066,0
917,18.32066,3550,18.32066,5
918,18.34066,3565,18.34066,1
919,18.36066,3808,18.36066,3
920,18.38066,3773,18.38066,2
921,18.40066,3924,18.40066,2
922,18.42066,3904,18.42066,2
923,18.44066,4180,18.44066,4
924,18.46066,4289,18.46066,3
925,18.48066,4243,18.48066,3
926,18.50066,4569,18.50066,1
927,18.52066,4786,18.52066,4
928,18.54066,4840,18.54066,5
929,18.56066,4976,18.56066,2
930,18.58066,5313,18.58066,3
931,18.60066,5562,18.60066,2
932,18.62066,5628,18.62066,5
933,18.64066,5918,18.64066,1
934,18.66066,6301,18.66066,3
935,18.68066,6426,18.68066,4
936,18.70066,6737,18.70066,1
937,18.72066,7031,18.72066,2
938,18.74066,7269,18.74066,1
939,18.76066,7544,18.76066,2
940,18.78066,7894,18.78066,1
941,18.80066,8110,18.80066,3
942,18.82066,8181,18.82066,1
943,18.84066,8664,18.84066,4
944,18.86066,8877,18.86066,1
945,18.88066,9406,18.88066,3
946,18.90066,9369,18.90066,5
947,18.92066,9394,18.92066,2
948,18.94066,9577,18.94066,2
949,18.96066,9644,18.96066,1
950,18.98066,9791,18.98066,2
951,19.00066,10004,19.00066,3
952,19.02066,10035,19.02066,2
953,19.04066,9693,19.04066,3
954,19.06066,9616,19.06066,2
955,19.08066,9518,19.08066,2
956,19.10066,9686,19.10066,1
957,19.12066,9342,19.12066,0
958,19.14066,9060,19.14066,1
959,19.16066,8795,19.16066,5
960,19.18066,8439,19.18066,4
961,19.20066,8358,19.20066,2
962,19.22066,8242,19.22066,2
963,19.24066,7930,19.24066,0
964,19.26066,7523,19.26066,1
965,19.28066,7397,19.28066,0
966,19.30066,7003,19.30066,1
967,19.32066,6812,19.32066,2
968,19.34066,6354,19.34066,3
969,19.36066,6160,19.36066,2
970,19.38066,5744,19.38066,2
971,19.40066,5636,19.40066,3
972,19.42066,5416,19.42066,4
973,19.44066,5064,19.44066,2
974,19.46066,4797,19.46066,3
975,19.48066,4708,19.48066,2
976,19.50066,4535,19.50066,0
977,19.52066,4403,19.52066,2
978,19.54066,4287,19.54066,1
979,19.56066,4043,19.56066,3
980,19.58066,3934,19.58066,1
981,19.60066,3731,19.60066,1
982,19.62066,3607,19.62066,2
983,19.64066,3551,19.64066,5
984,19.66066,3411,19.66066,3
985,19.68066,3396,19.68066,1
986,19.70066,3421,19.70066,4
987,19.72066,3164,19.72066,0
988,19.74066,3010,19.74066,2
989,19.76066,3069,19.76066,2
990,19.78066,3042,19.78066,3
991,19.80066,3057,19.80066,2
992,19.82066,2957,19.82066,5
993,19.84066,3097,19.84066,1
994,19.86066,3001,19.86066,1
995,19.88066,3241,19.88066,2
996,19.90066,3328,19.90066,0
997,19.92066,3577,19.92066,1
998,19.94066,3752,19.94066,0
999,19.96066,4095,19.96066,1
1000,19.98066,4394,19.98066,2
1001,20.00066,4658,20.00066,1
1002,20.02066,5087,20.02066,1
1003,20.04066,5221,20.04066,2
1004,20.06066,5621,20.06066,3
1005,20.08066,5944,20.08066,0
1006,20.10066,6069,20.10066,1
1007,20.12066,6542,20.12066,0
1008,20.14066,6436,20.14066,2
1009,20.16066,6663,20.16066,0
1010,20.18066,6619,20.18066,2
1011,20.20066,6348,20.20066,0
1012,20.22066,6320,20.22066,0
1013,20.24066,5817,20.24066,1
1014,20.26066,5328,20.26066,2
1015,20.28066,4848,20.28066,1
1016,20.30066,4527,20.30066,1
1017,20.32066,4058,20.32066,4
1018,20.34066,3623,20.34066,2
1019,20.36066,3344,20.36066,1
1020,20.38066,2909,20.38066,0
1021,20.40066,2723,20.40066,1
1022,20.42066,2604,20.42066,1
1023,20.44066,2567,20.44066,1
1024,20.46066,2478,20.46066,1
1025,20.48066,2478,20.48066,3
1026,20.50066,2500,20.50066,1
1027,20.52066,2401,20.52066,1
1028,20.54066,2395,20.54066,2
1029,20.56066,2434,20.56066,1
1030,20.58066,2320,20.58066,2
1031,20.60066,2371,20.60066,3
1032,20.62066,2491,20.62066,2
1033,20.64066,2506,20.64066,1
1034,20.66066,2532,20.66066,2
1035,20.68066,2555,20.68066,5
1036,20.70066,2620,20.70066,1
1037,20.72066,2593,20.72066,0
1038,20.74066,2571,20.74066,2
1039,20.76066,2657,20.76066,0
1040,20.78066,2665,20.78066,2
1041,20.80066,2645,20.80066,0
1042,20.82066,2641,20.82066,0
1043,20.84066,2734,20.84066,1
1044,20.86066,2846,20.86066,2
1045,20.88066,2890,20.88066,3
1046,20.90066,2936,20.90066,0
1047,20.92066,2986,20.92066,1
1048,20.94066,2984,20.94066,2
1049,20.96066,2992,20.96066,4
1050,20.98066,2986,20.98066,2
1051,21.00066,3085,21.00066,1
1052,21.02066,3065,21.02066,5
1053,21.04066,3220,21.04066,2
1054,21.06066,3212,21.06066,1
1055,21.08066,3265,21.08066,2
1056,21.10066,3260,21.10066,1
1057,21.12066,3333,21.12066,0
1058,21.14066,3439,21.14066,2
1059,21.16066,3382,21.16066,1
1060,21.18066,3416,21.18066,0
1061,21.20066,3521,21.20066,2
1062,21.22066,3389,21.22066,3
1063,21.24066,3562,21.24066,1
1064,21.26066,3474,21.26066,2
1065,21.28066,3516,21.28066,0
1066,21.30066,3422,21.30066,1
1067,21.32066,3334,21.32066,1
1068,21.34066,3355,21.34066,3
1069,21.36066,3272,21.36066,1
1070,21.38066,3457,21.38066,0
1071,21.40066,3287,21.40066,2
1072,21.42066,3294,21.42066,2
1073,21.44066,3221,21.44066,2
1074,21.46066,3247,21.46066,4
1075,21.48066,3123,21.48066,1
1076,21.50066,3144,21.50066,1
1077,21.52066,3017,21.52066,0
1078,21.54066,3014,21.54066,1
1079,21.56066,3060,21.56066,0
1080,21.58066,2983,21.58066,0
1081,21.60066,2964,21.60066,1
1082,21.62066,2809,21.62066,0
1083,21.64066,2915,21.64066,0
1084,21.66066,2731,21.66066,0
1085,21.68066,2701,21.68066,0
1086,21.70066,2652,21.70066,0
1087,21.72066,2642,21.72066,0
1088,21.74066,2594,21.74066,0
1089,21.76066,2558,21.76066,1
1090,21.78066,2629,21.78066,2
1091,21.80066,2486,21.80066,0
1092,21.82066,2423,21.82066,0
1093,21.84066,2327,21.84066,1
1094,21.86066,2369,21.86066,1
1095,21.88066,2301,21.88066,1
1096,21.90066,2333,21.90066,1
1097,21.92066,2290,21.92066,3
1098,21.94066,2266,21.94066,1
1099,21.96066,2217,21.96066,0
1100,21.98066,2191,21.98066,3
1101,22.00066,2213,22.00066,0
1102,22.02066,2150,22.02066,2
1103,22.04066,2210,22.04066,0
1104,22.06066,2131,22.06066,1
1105,22.08066,2153,22.08066,0
1106,22.10066,2068,22.10066,2
1107,22.12066,2063,22.12066,0
1108,22.14066,2144,22.14066,2
1109,22.16066,1976,22.16066,1
1110,22.18066,2104,22.18066,1
1111,22.20066,1968,22.20066,2
1112,22.22066,1964,22.22066,0
1113,22.24066,2017,22.24066,0
1114,22.26066,2019,22.26066,0
1115,22.28066,1976,22.28066,0
1116,22.30066,1929,22.30066,0
1117,22.32066,1978,22.32066,1
1118,22.34066,1970,22.34066,0
1119,22.36066,1939,22.36066,1
1120,22.38066,1918,22.38066,2
1121,22.40066,1867,22.40066,3
1122,22.42066,1922,22.42066,2
1123,22.44066,1946,22.44066,2
1124,22.46066,1907,22.46066,0
1125,22.48066,1907,22.48066,0
1126,22.50066,2067,22.50066,2
1127,22.52066,2029,22.52066,0
1128,22.54066,2223,22.54066,1
1129,22.56066,2196,22.56066,0
1130,22.58066,2160,22.58066,0
1131,22.60066,2237,22.60066,0
1132,22.62066,2348,22.62066,0
1133,22.64066,2483,22.64066,1
1134,22.66066,2545,22.66066,2
1135,22.68066,2598,22.68066,0
1136,22.70066,2587,22.70066,0
1137,22.72066,2454,22.72066,0
1138,22.74066,2514,22.74066,2
1139,22.76066,2408,22.76066,1
1140,22.78066,2296,22.78066,1
1141,22.80066,2186,22.80066,1
1142,22.82066,2080,22.82066,1
1143,22.84066,2023,22.84066,1
1144,22.86066,1905,22.86066,0
1145,22.88066,1859,22.88066,0
1146,22.90066,1903,22.90066,0
1147,22.92066,1820,22.92066,2
1148,22.94066,1710,22.94066,0
1149,22.96066,1739,22.96066,0
1150,22.98066,1795,22.98066,0
1151,23.00066,1720,23.00066,2
1152,23.02066,1824,23.02066,0
1153,23.04066,1711,23.04066,0
1154,23.06066,1821,23.06066,0
1155,23.08066,1853,23.08066,1
1156,23.10066,1763,23.10066,1
1157,23.12066,1762,23.12066,0
1158,23.14066,1811,23.14066,1
1159,23.16066,1792,23.16066,0
1160,23.18066,1769,23.18066,0
1161,23.20066,1804,23.20066,1
1162,23.22066,1752,23.22066,0
1163,23.24066,1698,23.24066,0
1164,23.26066,1714,23.26066,1
1165,23.28066,1744,23.28066,1
1166,23.30066,1782,23.30066,0
1167,23.32066,1673,23.32066,0
1168,23.34066,1715,23.34066,1
1169,23.36066,1672,23.36066,1
1170,23.38066,1732,23.38066,1
1171,23.40066,1677,23.40066,0
1172,23.42066,1643,23.42066,1
1173,23.44066,1657,23.44066,2
1174,23.46066,1697,23.46066,0
1175,23.48066,1634,23.48066,0
1176,23.50066,1646,23.50066,0
1177,23.52066,1601,23.52066,0
1178,23.54066,1685,23.54066,0
1179,23.56066,1615,23.56066,1
1180,23.58066,1585,23.58066,2
1181,23.60066,1584,23.60066,0
1182,23.62066,1692,23.62066,0
1183,23.64066,1597,23.64066,1
1184,23.66066,1569,23.66066,0
1185,23.68066,1590,23.68066,1
1186,23.70066,1613,23.70066,1
1187,23.72066,1611,23.72066,0
1188,23.74066,1540,23.74066,0
1189,23.76066,1593,23.76066,2
1190,23.78066,1599,23.78066,0
1191,23.80066,1658,23.80066,1
1192,23.82066,1585,23.82066,1
1193,23.84066,1584,23.84066,0
1194,23.86066,1619,23.86066,0
1195,23.88066,1601,23.88066,0
1196,23.90066,1576,23.90066,1
1197,23.92066,1526,23.92066,0
1198,23.94066,1629,23.94066,0
1199,23.96066,1615,23.96066,0
1200,23.98066,1569,23.98066,1
1201,24.00066,1551,24.00066,1
1202,24.02066,1622,24.02066,1
1203,24.04066,1634,24.04066,1
1204,24.06066,1568,24.06066,1
1205,24.08066,1505,24.08066,0
1206,24.10066,1539,24.10066,0
1207,24.12066,1486,24.12066,0
1208,24.14066,1586,24.14066,1
1209,24.16066,1546,24.16066,1
1210,24.18066,1478,24.18066,0
1211,24.20066,1601,24.20066,0
1212,24.22066,1569,24.22066,0
1213,24.24066,1482,24.24066,0
1214,24.26066,1491,24.26066,0
1215,24.28066,1511,24.28066,0
1216,24.30066,1558,24.30066,0
1217,24.32066,1571,24.32066,1
1218,24.34066,1419,24.34066,0
1219,24.36066,1526,24.36066,1
1220,24.38066,1563,24.38066,1
1221,24.40066,1540,24.40066,0
1222,24.42066,1513,24.42066,2
1223,24.44066,1533,24.44066,1
1224,24.46066,1494,24.46066,0
1225,24.48066,1475,24.48066,0
1226,24.50066,1523,24.50066,0
1227,24.52066,1521,24.52066,0
1228,24.54066,1544,24.54066,0
1229,24.56066,1496,24.56066,0
1230,24.58066,1459,24.58066,1
1231,24.60066,1435,24.60066,0
1232,24.62066,1466,24.62066,0
1233,24.64066,1486,24.64066,0
1234,24.66066,1510,24.66066,0
1235,24.68066,1487,24.68066,1
1236,24.70066,1539,24.70066,1
1237,24.72066,1470,24.72066,0
1238,24.74066,1414,24.74066,1
1239,24.76066,1480,24.76066,0
1240,24.78066,1415,24.78066,1
1241,24.80066,1526,24.80066,0
1242,24.82066,1547,24.82066,0
1243,24.84066,1408,24.84066,0
1244,24.86066,1436,24.86066,0
1245,24.88066,1501,24.88066,0
1246,24.90066,1532,24.90066,1
1247,24.92066,1493,24.92066,0
1248,24.94066,1498,24.94066,0
1249,24.96066,1422,24.96066,0
1250,24.98066,1479,24.98066,0
1251,25.00066,1433,25.00066,0
1252,25.02066,1438,25.02066,0
1253,25.04066,1492,25.04066,0
1254,25.06066,1531,25.06066,0
1255,25.08066,1546,25.08066,0
1256,25.10066,1473,25.10066,0
1257,25.12066,1476,25.12066,1
1258,25.14066,1459,25.14066,0
1259,25.16066,1450,25.16066,0
1260,25.18066,1547,25.18066,0
1261,25.20066,1446,25.20066,0
1262,25.22066,1478,25.22066,0
1263,25.24066,1506,25.24066,0
1264,25.26066,1498,25.26066,0
1265,25.28066,1469,25.28066,0
1266,25.30066,1438,25.30066,0
1267,25.32066,1407,25.32066,0
1268,25.34066,1461,25.34066,0
1269,25.36066,1399,25.36066,0
1270,25.38066,1429,25.38066,0
1271,25.40066,1443,25.40066,0
1272,25.42066,1414,25.42066,1
1273,25.44066,1337,25.44066,0
1274,25.46066,1368,25.46066,0
1275,25.48066,1342,25.48066,0
1276,25.50066,1354,25.50066,0
1277,25.52066,1344,25.52066,0
1278,25.54066,1347,25.54066,0
1279,25.56066,1262,25.56066,1
1280,25.58066,1268,25.58066,1
1281,25.60066,1430,25.60066,0
1282,25.62066,1292,25.62066,0
1283,25.64066,1300,25.64066,0
1284,25.66066,1357,25.66066,0
1285,25.68066,1271,25.68066,0
1286,25.70066,1360,25.70066,0
1287,25.72066,1310,25.72066,0
1288,25.74066,1266,25.74066,0
1289,25.76066,1343,25.76066,0
1290,25.78066,1312,25.78066,0
1291,25.80066,1312,25.80066,1
1292,25.82066,1349,25.82066,0
1293,25.84066,1274,25.84066,0
1294,25.86066,1227,25.86066,0
1295,25.88066,1299,25.88066,0
1296,25.90066,1305,25.90066,0
1297,25.92066,1318,25.92066,0
1298,25.94066,1324,25.94066,0
1299,25.96066,1214,25.96066,0
1300,25.98066,1304,25.98066,0
1301,26.00066,1300,26.00066,0
1302,26.02066,1301,26.02066,0
1303,26.04066,1316,26.04066,0
1304,26.06066,1336,26.06066,0
1305,26.08066,1192,26.08066,0
1306,26.10066,1319,26.10066,0
1307,26.12066,1280,26.12066,0
1308,26.14066,1255,26.14066,0
1309,26.16066,1300,26.16066,0
1310,26.18066,1295,26.18066,1
1311,26.20066,1249,26.20066,0
1312,26.22066,1205,26.22066,0
1313,26.24066,1264,26.24066,0
1314,26.26066,1248,26.26066,0
1315,26.28066,1264,26.28066,0
1316,26.30066,1260,26.30066,0
1317,26.32066,1242,26.32066,0
1318,26.34066,1229,26.34066,0
1319,26.36066,1267,26.36066,0
1320,26.38066,1196,26.38066,0
1321,26.40066,1278,26.40066,0
1322,26.42066,1188,26.42066,0
1323,26.44066,1249,26.44066,0
1324,26.46066,1264,26.46066,0
1325,26.48066,1145,26.48066,0
1326,26.50066,1221,26.50066,0
1327,26.52066,1203,26.52066,0
1328,26.54066,1195,26.54066,0
1329,26.56066,1192,26.56066,0
1330,26.58066,1192,26.58066,1
1331,26.60066,1155,26.60066,1
1332,26.62066,1170,26.62066,0
1333,26.64066,1250,26.64066,0
1334,26.66066,1220,26.66066,0
1335,26.68066,1086,26.68066,0
1336,26.70066,1192,26.70066,0
1337,26.72066,1155,26.72066,0
1338,26.74066,1096,26.74066,0
1339,26.76066,1136,26.76066,0
1340,26.78066,1134,26.78066,0
1341,26.80066,1220,26.80066,0
1342,26.82066,1195,26.82066,0
1343,26.84066,1176,26.84066,0
1344,26.86066,1202,26.86066,0
1345,26.88066,1162,26.88066,0
1346,26.90066,1173,26.90066,0
1347,26.92066,1127,26.92066,0
1348,26.94066,1149,26.94066,0
1349,26.96066,1134,26.96066,2
1350,26.98066,1136,26.98066,0
1351,27.00066,1162,27.00066,0
1352,27.02066,1142,27.02066,0
1353,27.04066,1120,27.04066,0
1354,27.06066,1110,27.06066,0
1355,27.08066,1101,27.08066,0
1356,27.10066,1130,27.10066,0
1357,27.12066,1122,27.12066,0
1358,27.14066,1124,27.14066,0
1359,27.16066,1128,27.16066,0
1360,27.18066,1144,27.18066,0
1361,27.20066,1118,27.20066,0
1362,27.22066,1087,27.22066,0
1363,27.24066,1100,27.24066,0
1364,27.26066,1044,27.26066,0
1365,27.28066,1094,27.28066,0
1366,27.30066,1086,27.30066,0
1367,27.32066,1121,27.32066,0
1368,27.34066,1129,27.34066,0
1369,27.36066,1093,27.36066,0
1370,27.38066,1077,27.38066,0
1371,27.40066,1067,27.40066,0
1372,27.42066,1149,27.42066,0
1373,27.44066,1106,27.44066,0
1374,27.46066,1127,27.46066,0
1375,27.48066,1046,27.48066,0
1376,27.50066,1065,27.50066,0
1377,27.52066,1067,27.52066,0
1378,27.54066,1107,27.54066,0
1379,27.56066,1048,27.56066,0
1380,27.58066,1093,27.58066,0
1381,27.60066,1074,27.60066,0
1382,27.62066,1088,27.62066,0
1383,27.64066,1083,27.64066,0
1384,27.66066,1104,27.66066,0
1385,27.68066,1085,27.68066,1
1386,27.70066,1014,27.70066,0
1387,27.72066,1050,27.72066,0
1388,27.74066,1077,27.74066,0
1389,27.76066,1013,27.76066,0
1390,27.78066,1068,27.78066,0
1391,27.80066,1086,27.80066,0
1392,27.82066,1029,27.82066,0
1393,27.84066,1052,27.84066,0
1394,27.86066,1023,27.86066,0
1395,27.88066,1020,27.88066,0
1396,27.90066,1003,27.90066,1
1397,27.92066,966,27.92066,0
1398,27.94066,991,27.94066,0
1399,27.96066,990,27.96066,0
1400,27.98066,1103,27.98066,0
1401,28.00066,1035,28.00066,0
1402,28.02066,955,28.02066,0
1403,28.04066,1038,28.04066,0
1404,28.06066,988,28.06066,0
1405,28.08066,1057,28.08066,0
1406,28.10066,957,28.10066,0
1407,28.12066,977,28.12066,0
1408,28.14066,1049,28.14066,0
1409,28.16066,933,28.16066,0
1410,28.18066,980,28.18066,0
1411,28.20066,984,28.20066,0
1412,28.22066,993,28.22066,0
1413,28.24066,999,28.24066,0
1414,28.26066,951,28.26066,0
1415,28.28066,935,28.28066,0
1416,28.30066,926,28.30066,0
1417,28.32066,980,28.32066,0
1418,28.34066,968,28.34066,0
1419,28.36066,995,28.36066,0
1420,28.38066,943,28.38066,0
1421,28.40066,974,28.40066,0
1422,28.42066,912,28.42066,0
1423,28.44066,997,28.44066,0
1424,28.46066,932,28.46066,0
1425,28.48066,949,28.48066,0
1426,28.50066,1008,28.50066,0
1427,28.52066,982,28.52066,0
1428,28.54066,951,28.54066,0
1429,28.56066,877,28.56066,0
1430,28.58066,986,28.58066,0
1431,28.60066,927,28.60066,0
1432,28.62066,915,28.62066,0
1433,28.64066,970,28.64066,0
1434,28.66066,910,28.66066,0
1435,28.68066,897,28.68066,0
1436,28.70066,907,28.70066,0
1437,28.72066,911,28.72066,0
1438,28.74066,892,28.74066,0
1439,28.76066,891,28.76066,0
1440,28.78066,893,28.78066,0
1441,28.80066,912,28.80066,0
1442,28.82066,866,28.82066,0
1443,28.84066,882,28.84066,0
1444,28.86066,923,28.86066,0
1445,28.88066,857,28.88066,0
1446,28.90066,951,28.90066,0
1447,28.92066,898,28.92066,0
1448,28.94066,880,28.94066,0
1449,28.96066,894,28.96066,0
1450,28.98066,868,28.98066,0
1451,29.00066,894,29.00066,0
1452,29.02066,858,29.02066,0
1453,29.04066,851,29.04066,0
1454,29.06066,852,29.06066,0
1455,29.08066,788,29.08066,0
1456,29.10066,903,29.10066,0
1457,29.12066,860,29.12066,0
1458,29.14066,911,29.14066,0
1459,29.16066,825,29.16066,0
1460,29.18066,832,29.18066,0
1461,29.20066,874,29.20066,0
1462,29.22066,827,29.22066,0
1463,29.24066,850,29.24066,0
1464,29.26066,835,29.26066,0
1465,29.28066,821,29.28066,0
1466,29.30066,838,29.30066,0
1467,29.32066,793,29.32066,0
1468,29.34066,794,29.34066,0
1469,29.36066,869,29.36066,0
1470,29.38066,774,29.38066,0
1471,29.40066,849,29.40066,0
1472,29.42066,840,29.42066,0
1473,29.44066,824,29.44066,0
1474,29.46066,857,29.46066,0
1475,29.48066,846,29.48066,0
1476,29.50066,815,29.50066,0
1477,29.52066,786,29.52066,0
1478,29.54066,788,29.54066,0
1479,29.56066,787,29.56066,0
1480,29.58066,831,29.58066,0
1481,29.60066,783,29.60066,0
1482,29.62066,775,29.62066,0
1483,29.64066,743,29.64066,0
1484,29.66066,794,29.66066,0
1485,29.68066,803,29.68066,0
1486,29.70066,738,29.70066,0
1487,29.72066,754,29.72066,0
1488,29.74066,772,29.74066,0
1489,29.76066,762,29.76066,0
1490,29.78066,712,29.78066,0
1491,29.80066,743,29.80066,0
1492,29.82066,767,29.82066,0
1493,29.84066,763,29.84066,0
1494,29.86066,748,29.86066,0
1495,29.88066,753,29.88066,0
1496,29.90066,737,29.90066,0
1497,29.92066,735,29.92066,0
1498,29.94066,730,29.94066,0
1499,29.96066,727,29.96066,0
1500,29.98066,770,29.98066,0
1501,30.00066,713,30.00066,0
1502,30.02066,741,30.02066,0
1503,30.04066,717,30.04066,0
1504,30.06066,743,30.06066,0
1505,30.08066,682,30.08066,0
1506,30.10066,688,30.10066,0
1507,30.12066,751,30.12066,0
1508,30.14066,743,30.14066,0
1509,30.16066,725,30.16066,0
1510,30.18066,711,30.18066,0
1511,30.20066,723,30.20066,0
1512,30.22066,695,30.22066,0
1513,30.24066,758,30.24066,0
1514,30.26066,695,30.26066,0
1515,30.28066,675,30.28066,0
1516,30.30066,699,30.30066,0
1517,30.32066,724,30.32066,0
1518,30.34066,729,30.34066,0
1519,30.36066,703,30.36066,0
1520,30.38066,683,30.38066,0
1521,30.40066,679,30.40066,0
1522,30.42066,694,30.42066,0
1523,30.44066,670,30.44066,0
1524,30.46066,659,30.46066,0
1525,30.48066,726,30.48066,0
1526,30.50066,694,30.50066,0
1527,30.52066,669,30.52066,0
1528,30.54066,690,30.54066,0
1529,30.56066,650,30.56066,0
1530,30.58066,659,30.58066,0
1531,30.60066,655,30.60066,0
1532,30.62066,653,30.62066,0
1533,30.64066,664,30.64066,0
1534,30.66066,673,30.66066,0
1535,30.68066,631,30.68066,0
1536,30.70066,658,30.70066,0
1537,30.72066,614,30.72066,0
1538,30.74066,613,30.74066,0
1539,30.76066,664,30.76066,0
1540,30.78066,599,30.78066,0
1541,30.80066,617,30.80066,0
1542,30.82066,647,30.82066,0
1543,30.84066,606,30.84066,0
1544,30.86066,653,30.86066,0
1545,30.88066,636,30.88066,0
1546,30.90066,641,30.90066,0
1547,30.92066,600,30.92066,0
1548,30.94066,643,30.94066,0
1549,30.96066,616,30.96066,0
1550,30.98066,631,30.98066,0
1551,31.00066,602,31.00066,0
1552,31.02066,611,31.02066,0
1553,31.04066,595,31.04066,0
1554,31.06066,587,31.06066,0
1555,31.08066,631,31.08066,0
1556,31.10066,556,31.10066,0
1557,31.12066,621,31.12066,0
1558,31.14066,567,31.14066,0
1559,31.16066,573,31.16066,0
1560,31.18066,601,31.18066,0
1561,31.20066,576,31.20066,0
1562,31.22066,548,31.22066,0
1563,31.24066,618,31.24066,0
1564,31.26066,565,31.26066,0
1565,31.28066,557,31.28066,0
1566,31.30066,592,31.30066,0
1567,31.32066,561,31.32066,0
1568,31.34066,593,31.34066,0
1569,31.36066,502,31.36066,0
1570,31.38066,577,31.38066,0
1571,31.40066,588,31.40066,0
1572,31.42066,566,31.42066,0
1573,31.44066,536,31.44066,0
1574,31.46066,542,31.46066,0
1575,31.48066,531,31.48066,0
1576,31.50066,516,31.50066,0
1577,31.52066,526,31.52066,0
1578,31.54066,537,31.54066,0
1579,31.56066,537,31.56066,0
1580,31.58066,556,31.58066,0
1581,31.60066,553,31.60066,0
1582,31.62066,511,31.62066,0
1583,31.64066,541,31.64066,0
1584,31.66066,548,31.66066,0
1585,31.68066,528,31.68066,0
1586,31.70066,520,31.70066,0
1587,31.72066,540,31.72066,0
1588,31.74066,550,31.74066,0
1589,31.76066,517,31.76066,0
1590,31.78066,503,31.78066,0
1591,31.80066,480,31.80066,0
1592,31.82066,483,31.82066,0
1593,31.84066,483,31.84066,0
1594,31.86066,485,31.86066,0
1595,31.88066,534,31.88066,0
1596,31.90066,527,31.90066,0
1597,31.92066,480,31.92066,0
1598,31.94066,499,31.94066,0
1599,31.96066,440,31.96066,0
1600,31.98066,481,31.98066,0
1601,32.00066,441,32.00066,0
1602,32.02066,450,32.02066,0
1603,32.04066,505,32.04066,0
1604,32.06066,487,32.06066,0
1605,32.08066,478,32.08066,0
1606,32.10066,466,32.10066,0
1607,32.12066,473,32.12066,0
1608,32.14066,441,32.14066,0
1609,32.16066,463,32.16066,0
1610,32.18066,427,32.18066,0
1611,32.20066,450,32.20066,0
1612,32.22066,449,32.22066,0
1613,32.24066,441,32.24066,0
1614,32.26066,468,32.26066,0
1615,32.28066,429,32.28066,0
1616,32.30066,459,32.30066,0
1617,32.32066,441,32.32066,0
1618,32.34066,429,32.34066,0
1619,32.36066,472,32.36066,0
1620,32.38066,403,32.38066,0
1621,32.40066,467,32.40066,0
1622,32.42066,395,32.42066,0
1623,32.44066,447,32.44066,0
1624,32.46066,392,32.46066,0
1625,32.48066,429,32.48066,0
1626,32.50066,485,32.50066,0
1627,32.52066,450,32.52066,0
1628,32.54066,415,32.54066,0
1629,32.56066,399,32.56066,0
1630,32.58066,431,32.58066,0
1631,32.60066,412,32.60066,0
1632,32.62066,385,32.62066,0
1633,32.64066,393,32.64066,0
1634,32.66066,428,32.66066,0
1635,32.68066,393,32.68066,0
1636,32.70066,393,32.70066,0
1637,32.72066,406,32.72066,0
1638,32.74066,410,32.74066,0
1639,32.76066,375,32.76066,0
1640,32.78066,380,32.78066,0
1641,32.80066,398,32.80066,0
1642,32.82066,382,32.82066,0
1643,32.84066,365,32.84066,0
1644,32.86066,378,32.86066,0
1645,32.88066,359,32.88066,0
1646,32.90066,373,32.90066,0
1647,32.92066,353,32.92066,0
1648,32.94066,342,32.94066,0
1649,32.96066,330,32.96066,0
1650,32.98066,341,32.98066,0
1651,33.00066,367,33.00066,0
1652,33.02066,361,33.02066,0
1653,33.04066,375,33.04066,0
1654,33.06066,348,33.06066,0
1655,33.08066,321,33.08066,0
1656,33.10066,335,33.10066,0
1657,33.12066,345,33.12066,0
1658,33.14066,374,33.14066,0
1659,33.16066,332,33.16066,0
1660,33.18066,325,33.18066,0
1661,33.20066,353,33.20066,0
1662,33.22066,311,33.22066,0
1663,33.24066,302,33.24066,0
1664,33.26066,331,33.26066,0
1665,33.28066,321,33.28066,0
1666,33.30066,321,33.30066,0
1667,33.32066,287,33.32066,0
1668,33.34066,315,33.34066,0
1669,33.36066,311,33.36066,0
1670,33.38066,315,33.38066,0
1671,33.40066,330,33.40066,0
1672,33.42066,323,33.42066,0
1673,33.44066,309,33.44066,0
1674,33.46066,274,33.46066,0
1675,33.48066,292,33.48066,0
1676,33.50066,272,33.50066,0
1677,33.52066,286,33.52066,0
1678,33.54066,268,33.54066,0
1679,33.56066,278,33.56066,0
1680,33.58066,293,33.58066,0
1681,33.60066,292,33.60066,0
1682,33.62066,261,33.62066,0
1683,33.64066,290,33.64066,0
1684,33.66066,246,33.66066,0
1685,33.68066,248,33.68066,0
1686,33.70066,260,33.70066,0
1687,33.72066,251,33.72066,0
1688,33.74066,249,33.74066,0
1689,33.76066,202,33.76066,0
1690,33.78066,251,33.78066,0
1691,33.80066,259,33.80066,0
1692,33.82066,265,33.82066,0
1693,33.84066,236,33.84066,0
1694,33.86066,226,33.86066,0
1695,33.88066,257,33.88066,0
1696,33.90066,248,33.90066,0
1697,33.92066,235,33.92066,0
1698,33.94066,195,33.94066,0
1699,33.96066,232,33.96066,0
1700,33.98066,226,33.98066,0
1701,34.00066,193,34.00066,0
1702,34.02066,254,34.02066,0
1703,34.04066,200,34.04066,0
1704,34.06066,234,34.06066,0
1705,34.08066,232,34.08066,0
1706,34.10066,201,34.10066,0
1707,34.12066,198,34.12066,0
1708,34.14066,203,34.14066,0
1709,34.16066,203,34.16066,0
1710,34.18066,220,34.18066,0
1711,34.20066,213,34.20066,0
1712,34.22066,228,34.22066,0
1713,34.24066,213,34.24066,0
1714,34.26066,210,34.26066,0
1715,34.28066,210,34.28066,0
1716,34.30066,187,34.30066,0
1717,34.32066,224,34.32066,0
1718,34.34066,180,34.34066,0
1719,34.36066,169,34.36066,0
1720,34.38066,176,34.38066,0
1721,34.40066,212,34.40066,0
1722,34.42066,172,34.42066,0
1723,34.44066,170,34.44066,0
1724,34.46066,172,34.46066,0
1725,34.48066,155,34.48066,0
1726,34.50066,168,34.50066,0
1727,34.52066,171,34.52066,0
1728,34.54066,148,34.54066,0
1729,34.56066,152,34.56066,0
1730,34.58066,162,34.58066,0
1731,34.60066,152,34.60066,0
1732,34.62066,133,34.62066,0
1733,34.64066,148,34.64066,0
1734,34.66066,153,34.66066,0
1735,34.68066,149,34.68066,0
1736,34.70066,135,34.70066,0
1737,34.72066,132,34.72066,0
1738,34.74066,136,34.74066,0
1739,34.76066,119,34.76066,0
1740,34.78066,139,34.78066,0
1741,34.80066,143,34.80066,0
1742,34.82066,124,34.82066,0
1743,34.84066,144,34.84066,0
1744,34.86066,124,34.86066,0
1745,34.88066,111,34.88066,0
1746,34.90066,97,34.90066,0
1747,34.92066,107,34.92066,0
1748,34.94066,135,34.94066,0
1749,34.96066,122,34.96066,0
1750,34.98066,93,34.98066,0
1751,35.00066,99,35.00066,0
1752,35.02066,98,35.02066,0
1753,35.04066,109,35.04066,0
1754,35.06066,99,35.06066,0
1755,35.08066,94,35.08066,0
1756,35.10066,110,35.10066,0
1757,35.12066,94,35.12066,0
1758,35.14066,90,35.14066,0
1759,35.16066,89,35.16066,0
1760,35.18066,81,35.18066,0
1761,35.20066,90,35.20066,0
1762,35.22066,91,35.22066,0
1763,35.24066,71,35.24066,0
1764,35.26066,86,35.26066,0
1765,35.28066,70,35.28066,0
1766,35.30066,84,35.30066,0
1767,35.32066,67,35.32066,0
1768,35.34066,73,35.34066,0
1769,35.36066,68,35.36066,0
1770,35.38066,61,35.38066,0
1771,35.40066,75,35.40066,0
1772,35.42066,80,35.42066,0
1773,35.44066,62,35.44066,0
1774,35.46066,84,35.46066,0
1775,35.48066,64,35.48066,0
1776,35.50066,87,35.50066,0
1777,35.52066,67,35.52066,0
1778,35.54066,62,35.54066,0
1779,35.56066,63,35.56066,0
1780,35.58066,62,35.58066,0
1781,35.60066,54,35.60066,0
1782,35.62066,64,35.62066,0
1783,35.64066,66,35.64066,0
1784,35.66066,63,35.66066,0
1785,35.68066,45,35.68066,0
1786,35.70066,54,35.70066,0
1787,35.72066,55,35.72066,0
1788,35.74066,56,35.74066,0
1789,35.76066,46,35.76066,0
1790,35.78066,47,35.78066,0
1791,35.80066,48,35.80066,0
1792,35.82066,64,35.82066,0
1793,35.84066,57,35.84066,0
1794,35.86066,40,35.86066,0
1795,35.88066,44,35.88066,0
1796,35.90066,38,35.90066,0
1797,35.92066,48,35.92066,0
1798,35.94066,33,35.94066,0
1799,35.96066,50,35.96066,0
1800,35.98066,43,35.98066,0
1801,36.00066,43,36.00066,0
1802,36.02066,35,36.02066,0
1803,36.04066,53,36.04066,0
1804,36.06066,60,36.06066,0
1805,36.08066,51,36.08066,0
1806,36.10066,36,36.10066,0
1807,36.12066,47,36.12066,0
1808,36.14066,34,36.14066,0
1809,36.16066,25,36.16066,0
1810,36.18066,39,36.18066,0
1811,36.20066,42,36.20066,0
1812,36.22066,36,36.22066,0
1813,36.24066,35,36.24066,0
1814,36.26066,38,36.26066,0
1815,36.28066,36,36.28066,0
1816,36.30066,32,36.30066,0
1817,36.32066,35,36.32066,0
1818,36.34066,42,36.34066,0
1819,36.36066,29,36.36066,0
1820,36.38066,36,36.38066,0
1821,36.40066,26,36.40066,0
1822,36.42066,23,36.42066,0
1823,36.44066,38,36.44066,0
1824,36.46066,29,36.46066,0
1825,36.48066,29,36.48066,0
1826,36.50066,36,36.50066,0
1827,36.52066,31,36.52066,0
1828,36.54066,30,36.54066,0
1829,36.56066,24,36.56066,0
1830,36.58066,38,36.58066,0
1831,36.60066,27,36.60066,0
1832,36.62066,24,36.62066,0
1833,36.64066,32,36.64066,0
1834,36.66066,29,36.66066,0
1835,36.68066,27,36.68066,0
1836,36.70066,34,36.70066,0
1837,36.72066,23,36.72066,0
1838,36.74066,31,36.74066,0
1839,36.76066,30,36.76066,0
1840,36.78066,13,36.78066,0
1841,36.80066,23,36.80066,0
1842,36.82066,23,36.82066,0
1843,36.84066,19,36.84066,0
1844,36.86066,21,36.86066,0
1845,36.88066,26,36.88066,0
1846,36.90066,23,36.90066,0
1847,36.92066,20,36.92066,0
1848,36.94066,29,36.94066,0
1849,36.96066,19,36.96066,0
1850,36.98066,26,36.98066,0
1851,37.00066,29,37.00066,0
1852,37.02066,28,37.02066,0
1853,37.04066,26,37.04066,0
1854,37.06066,25,37.06066,0
1855,37.08066,11,37.08066,0
1856,37.10066,25,37.10066,0
1857,37.12066,20,37.12066,0
1858,37.14066,22,37.14066,0
1859,37.16066,12,37.16066,0
1860,37.18066,22,37.18066,0
1861,37.20066,22,37.20066,0
1862,37.22066,27,37.22066,0
1863,37.24066,23,37.24066,0
1864,37.26066,26,37.26066,0
1865,37.28066,20,37.28066,0
1866,37.30066,25,37.30066,0
1867,37.32066,21,37.32066,0
1868,37.34066,25,37.34066,0
1869,37.36066,16,37.36066,0
1870,37.38066,13,37.38066,0
1871,37.40066,20,37.40066,0
1872,37.42066,26,37.42066,0
1873,37.44066,14,37.44066,0
1874,37.46066,18,37.46066,0
1875,37.48066,28,37.48066,0
1876,37.50066,11,37.50066,0
1877,37.52066,14,37.52066,0
1878,37.54066,18,37.54066,0
1879,37.56066,16,37.56066,0
1880,37.58066,12,37.58066,0
1881,37.60066,15,37.60066,0
1882,37.62066,22,37.62066,0
1883,37.64066,24,37.64066,0
1884,37.66066,20,37.66066,0
1885,37.68066,19,37.68066,0
1886,37.70066,19,37.70066,0
1887,37.72066,24,37.72066,0
1888,37.74066,27,37.74066,0
1889,37.76066,17,37.76066,0
1890,37.78066,23,37.78066,0
1891,37.80066,11,37.80066,0
1892,37.82066,22,37.82066,0
1893,37.84066,23,37.84066,0
1894,37.86066,25,37.86066,0
1895,37.88066,20,37.88066,0
1896,37.90066,19,37.90066,0
1897,37.92066,14,37.92066,0
1898,37.94066,20,37.94066,0
1899,37.96066,9,37.96066,0
1900,37.98066,7,37.98066,0
1901,38.00066,18,38.00066,0
1902,38.02066,23,38.02066,0
1903,38.04066,12,38.04066,0
1904,38.06066,20,38.06066,0
1905,38.08066,16,38.08066,0
1906,38.10066,10,38.10066,0
1907,38.12066,13,38.12066,0
1908,38.14066,21,38.14066,0
1909,38.16066,15,38.16066,0
1910,38.18066,23,38.18066,0
1911,38.20066,18,38.20066,0
1912,38.22066,20,38.22066,0
1913,38.24066,13,38.24066,0
1914,38.26066,18,38.26066,0
1915,38.28066,14,38.28066,0
1916,38.30066,24,38.30066,0
1917,38.32066,7,38.32066,0
1918,38.34066,10,38.34066,0
1919,38.36066,17,38.36066,0
1920,38.38066,10,38.38066,0
1921,38.40066,11,38.40066,0
1922,38.42066,13,38.42066,0
1923,38.44066,14,38.44066,0
1924,38.46066,18,38.46066,0
1925,38.48066,13,38.48066,0
1926,38.50066,17,38.50066,0
1927,38.52066,13,38.52066,0
1928,38.54066,16,38.54066,0
1929,38.56066,11,38.56066,0
1930,38.58066,23,38.58066,0
1931,38.60066,8,38.60066,0
1932,38.62066,12,38.62066,0
1933,38.64066,18,38.64066,0
1934,38.66066,13,38.66066,0
1935,38.68066,13,38.68066,0
1936,38.70066,17,38.70066,0
1937,38.72066,8,38.72066,0
1938,38.74066,19,38.74066,0
1939,38.76066,17,38.76066,0
1940,38.78066,17,38.78066,0
1941,38.80066,12,38.80066,0
1942,38.82066,15,38.82066,0
1943,38.84066,12,38.84066,0
1944,38.86066,15,38.86066,0
1945,38.88066,12,38.88066,0
1946,38.90066,8,38.90066,0
1947,38.92066,18,38.92066,0
1948,38.94066,11,38.94066,0
1949,38.96066,18,38.96066,0
1950,38.98066,12,38.98066,0
1951,39.00066,16,39.00066,0
1952,39.02066,18,39.02066,0
1953,39.04066,16,39.04066,0
1954,39.06066,13,39.06066,0
1955,39.08066,15,39.08066,0
1956,39.10066,14,39.10066,0
1957,39.12066,18,39.12066,0
1958,39.14066,19,39.14066,0
1959,39.16066,8,39.16066,0
1960,39.18066,13,39.18066,0
1961,39.20066,8,39.20066,0
1962,39.22066,13,39.22066,0
1963,39.24066,11,39.24066,0
1964,39.26066,11,39.26066,0
1965,39.28066,17,39.28066,0
1966,39.30066,15,39.30066,0
1967,39.32066,12,39.32066,0
1968,39.34066,12,39.34066,0
1969,39.36066,13,39.36066,0
1970,39.38066,9,39.38066,0
1971,39.40066,10,39.40066,0
1972,39.42066,6,39.42066,0
1973,39.44066,9,39.44066,0
1974,39.46066,8,39.46066,0
1975,39.48066,15,39.48066,0
1976,39.50066,6,39.50066,0
1977,39.52066,6,39.52066,0
1978,39.54066,12,39.54066,0
1979,39.56066,6,39.56066,0
1980,39.58066,12,39.58066,0
1981,39.60066,10,39.60066,0
1982,39.62066,9,39.62066,0
1983,39.64066,11,39.64066,0
1984,39.66066,9,39.66066,0
1985,39.68066,3,39.68066,0
1986,39.70066,13,39.70066,0
1987,39.72066,9,39.72066,0
1988,39.74066,11,39.74066,0
1989,39.76066,7,39.76066,0
1990,39.78066,7,39.78066,0
1991,39.80066,7,39.80066,0
1992,39.82066,12,39.82066,0
1993,39.84066,10,39.84066,0
1994,39.86066,6,39.86066,0
1995,39.88066,10,39.88066,0
1996,39.90066,8,39.90066,0
1997,39.92066,10,39.92066,0
1998,39.94066,9,39.94066,0
1999,39.96066,8,39.96066,0
2000,39.98066,10,39.98066,0
2001,40.00066,14,40.00066,0
2002,40.02066,5,40.02066,0
2003,40.04066,9,40.04066,0
2004,40.06066,6,40.06066,0
2005,40.08066,6,40.08066,0
2006,40.10066,8,40.10066,0
2007,40.12066,3,40.12066,0
2008,40.14066,9,40.14066,0
2009,40.16066,9,40.16066,0
2010,40.18066,7,40.18066,0
2011,40.20066,14,40.20066,0
2012,40.22066,8,40.22066,0
2013,40.24066,10,40.24066,0
2014,40.26066,9,40.26066,0
2015,40.28066,12,40.28066,0
2016,40.30066,11,40.30066,0
2017,40.32066,6,40.32066,0
2018,40.34066,8,40.34066,0
2019,40.36066,15,40.36066,0
2020,40.38066,14,40.38066,0
2021,40.40066,5,40.40066,0
2022,40.42066,6,40.42066,0
2023,40.44066,13,40.44066,0
2024,40.46066,13,40.46066,0
2025,40.48066,9,40.48066,0
2026,40.50066,8,40.50066,0
2027,40.52066,9,40.52066,0
2028,40.54066,5,40.54066,0
2029,40.56066,15,40.56066,0
2030,40.58066,8,40.58066,0
2031,40.60066,8,40.60066,0
2032,40.62066,9,40.62066,0
2033,40.64066,13,40.64066,0
2034,40.66066,6,40.66066,0
2035,40.68066,8,40.68066,0
2036,40.70066,10,40.70066,0
2037,40.72066,14,40.72066,0
2038,40.74066,10,40.74066,0
2039,40.76066,4,40.76066,0
2040,40.78066,17,40.78066,0
2041,40.80066,7,40.80066,0
2042,40.82066,7,40.82066,0
2043,40.84066,12,40.84066,0
2044,40.86066,8,40.86066,0
2045,40.88066,7,40.88066,0
2046,40.90066,10,40.90066,0
2047,40.92066,7,40.92066,0
2048,40.94066,12,40.94066,0
