Bruker AXS HMP Instrument Tools Complete CSV
FileName,C:\MeinZeugs\Uni\Publikationen\2025\MeIn pXRF\DAQ\Device_monitoring_sample_element_precision_Schauer\data_raw\Example_LOD\04523-Mudrock Dual.pdz
SerialString,SG2-6390
TubeTargetElement,45
NumberOfSpectra,2
SampleID,
AcquisitionDateTime,4/28/2025 6:56:53 PM
TotalElapsedTimeInSeconds,120
AnodeTakeOffAngle,45
SampleIncidenceAngle,45
BeThicknessInMicroMeters,125
SampleTakeOffAngle,65
SpotSizeUsed,8
NumberOfUserCustomFields,5
UserCustomFieldHeader,FieldName,FieldValue
UserCustomField,Operator,Supervisor
UserCustomField,Material,Standard
UserCustomField,ID,
UserCustomField,Probe,SiO2
UserCustomField,Projekt,ESPRIT
AnalysisMode,32
AnalysisType,1
UsedAutoCalSelect,False
ResultUnits,PPM
ErrorMultiplier,2
CalFileName,MudrockDual
CalPackageName,
CalPackagePartNumber,
TypeStandardizationSetName,
NumberOfElementsInCalculatedResults,27
CalculatedResults:AtomicNum,ElementSymbol,Units,Value,TypeStandardizedValue,Error,RangeMin,RangeMax,Tramp,Nominal
12,Mg,PPM,0.2331423,0.2331423,0.03762006,0,0,False,False
13,Al,PPM,0,0,0.009751814,0,0,False,False
14,Si,PPM,27.49531,27.49531,0.04029622,0,0,False,False
15,P,PPM,0.0112425,0.0112425,0.002186952,0,0,False,False
16,S,PPM,0.06051959,0.06051959,0.00178094,0,0,False,False
19,K,PPM,0,0,0.000903011,0,0,False,False
20,Ca,PPM,0,0,0.000658375,0,0,False,False
22,Ti,PPM,0.004031589,0.004031589,0.0005538484,0,0,False,False
23,V,PPM,0.001737346,0.001737346,0.0004138843,0,0,False,False
24,Cr,PPM,0.004486436,0.004486436,0.000299174,0,0,False,False
25,Mn,PPM,0.008353068,0.008353068,0.0003763858,0,0,False,False
26,Fe,PPM,0.01863689,0.01863689,0.0005714305,0,0,False,False
27,Co,PPM,0,0,1.040052E-05,0,0,False,False
28,Ni,PPM,0.0001400873,0.0001400873,7.482427E-05,0,0,False,False
29,Cu,PPM,0.001170695,0.001170695,8.768174E-05,0,0,False,False
30,Zn,PPM,0,0,7.098124E-05,0,0,False,False
33,As,PPM,0,0,7.188546E-05,0,0,False,False
37,Rb,PPM,0.0001129538,0.0001129538,8.635408E-05,0,0,False,False
38,Sr,PPM,0.0001505103,0.0001505103,7.951332E-05,0,0,False,False
39,Y,PPM,0,0,8.693396E-05,0,0,False,False
40,Zr,PPM,0,0,9.176878E-05,0,0,False,False
41,Nb,PPM,0,0,0.0001016191,0,0,False,False
42,Mo,PPM,0.0001283466,0.0001283466,0.0001132476,0,0,False,False
56,Ba,PPM,0.01641917,0.01641917,0.005782799,0,0,False,False
82,Pb,PPM,0,0,0.0001616242,0,0,False,False
90,Th,PPM,0,0,2.13646E-05,0,0,False,False
92,U,PPM,0.0001515798,0.0001515798,0.0002500714,0,0,False,False
MatchSpreadThreshold,0.05
IsTrampEnabled,False
IsNominalEnabled,False
NumberOfGradeIDMatchResults,3
GradeIDMatchResultsHeader,GradeID,MatchConfidence
GradeIDMatchResult,,0
GradeIDMatchResult,,0
GradeIDMatchResult,,0
ParametersForEachSpectrum,Spectrum 1,,Spectrum 2,
XrayVoltageInkV,40,,15,
XrayFilamentCurrentInMicroAmps,38.85,,27.9,
RawCounts,2724580,,1865616,
ValidCounts,2225249,,1610705,
eVPerChannel,20,,20,
StartingKeV,0.0004839346,,0.0004839346,
ZeroOffsetInKeV,-0.0004839346,,-0.0004839346,
StartingChannel,0.02419673,,0.02419673,
NumberOfChannels,2048,,2048,
CountsPerSecond,54059.13,,33686.32,
XilinxFirmwareVersion,,,,
IlluminationID,MudRock Trace40,,MudRock Maj15,
Filter1ElementAtomicNum,22,,0,
Filter1Thickness,25,,0,
Filter2ElementAtomicNum,13,,0,
Filter2Thickness,300,,0,
Filter3ElementAtomicNum,0,,0,
Filter3Thickness,0,,0,
AcquisitionDateTime,4/28/2025 6:56:53 PM,,4/28/2025 6:56:53 PM,
LiveTimeInSeconds,44.174,,51.38001,
DeadTimeInSeconds,6.226003,,4.002001,
ResetTimeInSeconds,5.937999,,0.9109994,
DetectorTempInC,-27,,-27,
AmbientTempInF,128.2,,128.2,
NosePressureInMilliBars,1001,,1001,
NoseTemperatureInC,48,,48,
ActiveTimeInSeconds,50.4,,55.38201,
PacketTimeInSeconds,56.338,,56.29301,
CommunicationTimeInSeconds,,,,
ElapsedClockTimeInSeconds,60,,60,
Spectrum:ChannelNumber,ChannelStartInKeV,ChannelCount,ChannelStartInKeV,ChannelCount
1,0.0004839346,0,0.0004839346,0
2,0.02048394,0,0.02048394,0
3,0.04048393,0,0.04048393,0
4,0.06048394,0,0.06048394,0
5,0.08048394,0,0.08048394,0
6,0.1004839,0,0.1004839,0
7,0.1204839,0,0.1204839,0
8,0.1404839,0,0.1404839,0
9,0.1604839,0,0.1604839,0
10,0.1804839,0,0.1804839,0
11,0.2004839,0,0.2004839,0
12,0.2204839,0,0.2204839,0
13,0.2404839,0,0.2404839,0
14,0.2604839,0,0.2604839,0
15,0.2804839,11,0.2804839,9
16,0.3004839,112,0.3004839,90
17,0.3204839,705,0.3204839,638
18,0.3404839,2847,0.3404839,2936
19,0.3604839,7100,0.3604839,8329
20,0.3804839,11289,0.3804839,13678
21,0.4004839,11161,0.4004839,13682
22,0.4204839,6895,0.4204839,8125
23,0.4404839,2643,0.4404839,2899
24,0.4604839,691,0.4604839,644
25,0.4804839,119,0.4804839,83
26,0.5004839,20,0.5004839,11
27,0.5204839,8,0.5204839,1
28,0.540484,5,0.540484,1
29,0.5604839,4,0.5604839,1
30,0.5804839,1,0.5804839,0
31,0.600484,4,0.600484,0
32,0.6204839,3,0.6204839,2
33,0.6404839,1,0.6404839,3
34,0.660484,5,0.660484,2
35,0.6804839,764,0.6804839,55
36,0.7004839,698,0.7004839,64
37,0.720484,745,0.720484,60
38,0.7404839,758,0.7404839,55
39,0.7604839,726,0.7604839,62
40,0.780484,696,0.780484,69
41,0.8004839,672,0.8004839,61
42,0.8204839,697,0.8204839,55
43,0.840484,684,0.840484,66
44,0.8604839,714,0.8604839,83
45,0.8804839,696,0.8804839,100
46,0.9004839,674,0.9004839,142
47,0.9204839,725,0.9204839,205
48,0.9404839,704,0.9404839,233
49,0.9604839,674,0.9604839,241
50,0.9804839,667,0.9804839,187
51,1.000484,666,1.000484,129
52,1.020484,683,1.020484,114
53,1.040484,723,1.040484,118
54,1.060484,688,1.060484,151
55,1.080484,710,1.080484,163
56,1.100484,683,1.100484,149
57,1.120484,672,1.120484,136
58,1.140484,621,1.140484,141
59,1.160484,627,1.160484,146
60,1.180484,645,1.180484,193
61,1.200484,609,1.200484,191
62,1.220484,597,1.220484,185
63,1.240484,639,1.240484,145
64,1.260484,599,1.260484,152
65,1.280484,656,1.280484,113
66,1.300484,606,1.300484,92
67,1.320484,601,1.320484,81
68,1.340484,566,1.340484,105
69,1.360484,587,1.360484,115
70,1.380484,599,1.380484,135
71,1.400484,605,1.400484,192
72,1.420484,556,1.420484,253
73,1.440484,581,1.440484,382
74,1.460484,624,1.460484,420
75,1.480484,631,1.480484,559
76,1.500484,620,1.500484,591
77,1.520484,552,1.520484,518
78,1.540484,607,1.540484,437
79,1.560484,524,1.560484,499
80,1.580484,501,1.580484,547
81,1.600484,514,1.600484,785
82,1.620484,578,1.620484,2304
83,1.640484,646,1.640484,7548
84,1.660484,868,1.660484,21307
85,1.680484,1360,1.680484,49432
86,1.700484,2029,1.700484,87405
87,1.720484,2477,1.720484,119675
88,1.740484,2568,1.740484,126808
89,1.760484,2256,1.760484,103987
90,1.780484,1687,1.780484,67429
91,1.800484,1128,1.800484,36166
92,1.820484,779,1.820484,17453
93,1.840484,604,1.840484,8763
94,1.860484,522,1.860484,4563
95,1.880484,493,1.880484,2507
96,1.900484,444,1.900484,1168
97,1.920484,449,1.920484,523
98,1.940484,432,1.940484,247
99,1.960484,424,1.960484,188
100,1.980484,465,1.980484,122
101,2.000484,423,2.000484,146
102,2.020484,428,2.020484,152
103,2.040484,407,2.040484,161
104,2.060484,434,2.060484,160
105,2.080484,420,2.080484,171
106,2.100484,429,2.100484,189
107,2.120484,386,2.120484,185
108,2.140484,386,2.140484,200
109,2.160484,380,2.160484,221
110,2.180484,398,2.180484,212
111,2.200484,394,2.200484,263
112,2.220484,364,2.220484,302
113,2.240484,400,2.240484,358
114,2.260484,373,2.260484,371
115,2.280484,369,2.280484,421
116,2.300484,372,2.300484,443
117,2.320484,357,2.320484,579
118,2.340484,352,2.340484,580
119,2.360484,327,2.360484,672
120,2.380484,359,2.380484,688
121,2.400484,313,2.400484,630
122,2.420484,360,2.420484,597
123,2.440484,320,2.440484,543
124,2.460484,302,2.460484,520
125,2.480484,326,2.480484,553
126,2.500484,346,2.500484,462
127,2.520484,311,2.520484,559
128,2.540484,306,2.540484,636
129,2.560484,315,2.560484,837
130,2.580484,296,2.580484,1242
131,2.600484,320,2.600484,2088
132,2.620484,298,2.620484,3625
133,2.640484,339,2.640484,5889
134,2.660484,273,2.660484,8320
135,2.680484,289,2.680484,10296
136,2.700484,307,2.700484,10494
137,2.720484,283,2.720484,9223
138,2.740484,253,2.740484,7047
139,2.760484,277,2.760484,5590
140,2.780484,266,2.780484,5072
141,2.800484,256,2.800484,5530
142,2.820484,272,2.820484,6184
143,2.840484,304,2.840484,6641
144,2.860484,284,2.860484,6614
145,2.880484,327,2.880484,6485
146,2.900484,371,2.900484,7150
147,2.920484,428,2.920484,8176
148,2.940484,491,2.940484,9216
149,2.960484,493,2.960484,9274
150,2.980484,458,2.980484,8198
151,3.000484,403,3.000484,6299
152,3.020484,352,3.020484,4160
153,3.040484,276,3.040484,2615
154,3.060484,249,3.060484,1608
155,3.080484,229,3.080484,1166
156,3.100484,234,3.100484,1088
157,3.120484,216,3.120484,1055
158,3.140484,225,3.140484,1227
159,3.160484,218,3.160484,1363
160,3.180484,220,3.180484,1386
161,3.200484,236,3.200484,1252
162,3.220484,238,3.220484,1148
163,3.240484,199,3.240484,916
164,3.260484,183,3.260484,751
165,3.280484,176,3.280484,614
166,3.300484,174,3.300484,588
167,3.320484,173,3.320484,603
168,3.340484,186,3.340484,601
169,3.360484,180,3.360484,648
170,3.380484,162,3.380484,618
171,3.400484,144,3.400484,650
172,3.420484,167,3.420484,592
173,3.440484,176,3.440484,645
174,3.460484,156,3.460484,632
175,3.480484,151,3.480484,678
176,3.500484,151,3.500484,619
177,3.520484,144,3.520484,622
178,3.540484,146,3.540484,580
179,3.560484,153,3.560484,522
180,3.580484,144,3.580484,503
181,3.600484,142,3.600484,479
182,3.620484,173,3.620484,482
183,3.640484,152,3.640484,464
184,3.660484,166,3.660484,512
185,3.680484,167,3.680484,529
186,3.700484,185,3.700484,518
187,3.720484,171,3.720484,506
188,3.740484,136,3.740484,508
189,3.760484,139,3.760484,558
190,3.780484,114,3.780484,537
191,3.800484,120,3.800484,573
192,3.820484,113,3.820484,588
193,3.840484,125,3.840484,658
194,3.860484,114,3.860484,633
195,3.880484,97,3.880484,645
196,3.900484,98,3.900484,721
197,3.920484,118,3.920484,766
198,3.940484,117,3.940484,796
199,3.960484,96,3.960484,735
200,3.980484,108,3.980484,746
201,4.000484,103,4.000484,780
202,4.020484,93,4.020484,726
203,4.040484,74,4.040484,667
204,4.060484,91,4.060484,669
205,4.080484,67,4.080484,679
206,4.100484,97,4.100484,662
207,4.120484,77,4.120484,716
208,4.140484,77,4.140484,675
209,4.160484,72,4.160484,747
210,4.180484,59,4.180484,760
211,4.200484,66,4.200484,741
212,4.220484,71,4.220484,755
213,4.240484,83,4.240484,762
214,4.260484,63,4.260484,709
215,4.280484,64,4.280484,730
216,4.300484,73,4.300484,722
217,4.320484,65,4.320484,780
218,4.340484,54,4.340484,832
219,4.360484,49,4.360484,784
220,4.380484,57,4.380484,889
221,4.400484,47,4.400484,905
222,4.420484,60,4.420484,984
223,4.440484,61,4.440484,1042
224,4.460484,74,4.460484,1151
225,4.480484,62,4.480484,1165
226,4.500484,69,4.500484,1148
227,4.520484,87,4.520484,1109
228,4.540484,47,4.540484,1094
229,4.560484,57,4.560484,1053
230,4.580484,55,4.580484,1018
231,4.600484,50,4.600484,1020
232,4.620484,54,4.620484,1026
233,4.640484,59,4.640484,889
234,4.660484,49,4.660484,920
235,4.680484,49,4.680484,993
236,4.700484,57,4.700484,969
237,4.720484,56,4.720484,1014
238,4.740484,61,4.740484,1044
239,4.760484,59,4.760484,1100
240,4.780484,46,4.780484,1098
241,4.800484,42,4.800484,1128
242,4.820484,40,4.820484,1115
243,4.840484,45,4.840484,1133
244,4.860484,65,4.860484,1129
245,4.880484,52,4.880484,1105
246,4.900484,52,4.900484,1145
247,4.920484,57,4.920484,1162
248,4.940484,44,4.940484,1196
249,4.960484,52,4.960484,1234
250,4.980484,57,4.980484,1203
251,5.000484,39,5.000484,1224
252,5.020484,51,5.020484,1306
253,5.040484,31,5.040484,1343
254,5.060484,51,5.060484,1337
255,5.080484,42,5.080484,1391
256,5.100484,41,5.100484,1379
257,5.120484,48,5.120484,1401
258,5.140484,52,5.140484,1442
259,5.160484,51,5.160484,1442
260,5.180484,35,5.180484,1525
261,5.200484,42,5.200484,1462
262,5.220484,49,5.220484,1540
263,5.240484,46,5.240484,1552
264,5.260484,38,5.260484,1722
265,5.280484,39,5.280484,1756
266,5.300484,38,5.300484,1744
267,5.320484,33,5.320484,1885
268,5.340484,50,5.340484,1900
269,5.360484,54,5.360484,1999
270,5.380484,39,5.380484,1894
271,5.400484,47,5.400484,1985
272,5.420484,35,5.420484,1905
273,5.440484,45,5.440484,1867
274,5.460484,55,5.460484,1843
275,5.480484,39,5.480484,1792
276,5.500484,37,5.500484,1738
277,5.520484,35,5.520484,1759
278,5.540484,49,5.540484,1703
279,5.560484,48,5.560484,1762
280,5.580484,40,5.580484,1841
281,5.600484,35,5.600484,1882
282,5.620484,35,5.620484,2030
283,5.640484,34,5.640484,1988
284,5.660484,42,5.660484,2048
285,5.680484,39,5.680484,2021
286,5.700484,37,5.700484,2016
287,5.720484,35,5.720484,1984
288,5.740484,43,5.740484,1938
289,5.760484,38,5.760484,1907
290,5.780484,39,5.780484,1882
291,5.800484,49,5.800484,1768
292,5.820484,46,5.820484,1749
293,5.840484,51,5.840484,1802
294,5.860484,43,5.860484,1803
295,5.880484,35,5.880484,1774
296,5.900484,45,5.900484,1740
297,5.920484,48,5.920484,1749
298,5.940484,45,5.940484,1791
299,5.960484,41,5.960484,1693
300,5.980484,47,5.980484,1699
301,6.000484,30,6.000484,1742
302,6.020484,27,6.020484,1723
303,6.040484,36,6.040484,1805
304,6.060484,50,6.060484,1768
305,6.080484,44,6.080484,1823
306,6.100484,28,6.100484,1792
307,6.120484,32,6.120484,1748
308,6.140484,43,6.140484,1804
309,6.160484,41,6.160484,1824
310,6.180484,33,6.180484,1863
311,6.200484,42,6.200484,1686
312,6.220484,32,6.220484,1849
313,6.240484,39,6.240484,1898
314,6.260484,35,6.260484,1814
315,6.280484,47,6.280484,1923
316,6.300484,43,6.300484,1953
317,6.320484,42,6.320484,2007
318,6.340484,48,6.340484,2054
319,6.360484,59,6.360484,2199
320,6.380484,57,6.380484,2265
321,6.400484,67,6.400484,2172
322,6.420484,66,6.420484,2090
323,6.440484,38,6.440484,2125
324,6.460484,49,6.460484,2168
325,6.480484,38,6.480484,2003
326,6.500484,30,6.500484,1957
327,6.520484,32,6.520484,2001
328,6.540484,45,6.540484,1900
329,6.560484,29,6.560484,1906
330,6.580484,29,6.580484,1832
331,6.600484,38,6.600484,1726
332,6.620484,31,6.620484,1714
333,6.640484,32,6.640484,1769
334,6.660484,35,6.660484,1739
335,6.680484,33,6.680484,1619
336,6.700484,36,6.700484,1680
337,6.720484,30,6.720484,1636
338,6.740484,47,6.740484,1756
339,6.760484,39,6.760484,1717
340,6.780484,43,6.780484,1697
341,6.800484,44,6.800484,1749
342,6.820484,35,6.820484,1756
343,6.840484,28,6.840484,1739
344,6.860484,44,6.860484,1774
345,6.880484,37,6.880484,1814
346,6.900484,40,6.900484,1812
347,6.920484,46,6.920484,1842
348,6.940484,41,6.940484,1878
349,6.960484,28,6.960484,1818
350,6.980484,43,6.980484,1715
351,7.000484,39,7.000484,1774
352,7.020484,54,7.020484,1814
353,7.040484,41,7.040484,1765
354,7.060484,42,7.060484,1726
355,7.080484,46,7.080484,1715
356,7.100484,37,7.100484,1734
357,7.120484,39,7.120484,1763
358,7.140484,31,7.140484,1715
359,7.160484,33,7.160484,1756
360,7.180484,42,7.180484,1819
361,7.200484,34,7.200484,1837
362,7.220484,45,7.220484,1940
363,7.240484,31,7.240484,1851
364,7.260484,41,7.260484,1988
365,7.280484,40,7.280484,2016
366,7.300484,41,7.300484,2048
367,7.320484,25,7.320484,2132
368,7.340484,37,7.340484,2119
369,7.360484,45,7.360484,2283
370,7.380484,45,7.380484,2448
371,7.400484,48,7.400484,2540
372,7.420484,47,7.420484,2784
373,7.440484,55,7.440484,2891
374,7.460484,65,7.460484,2968
375,7.480484,45,7.480484,2970
376,7.500484,46,7.500484,2855
377,7.520484,47,7.520484,2674
378,7.540484,49,7.540484,2265
379,7.560484,38,7.560484,2045
380,7.580484,33,7.580484,1941
381,7.600484,47,7.600484,1828
382,7.620484,49,7.620484,1739
383,7.640484,40,7.640484,1744
384,7.660484,47,7.660484,1681
385,7.680484,42,7.680484,1671
386,7.700484,48,7.700484,1676
387,7.720484,42,7.720484,1571
388,7.740484,40,7.740484,1636
389,7.760484,57,7.760484,1645
390,7.780484,56,7.780484,1698
391,7.800484,53,7.800484,1555
392,7.820484,65,7.820484,1656
393,7.840484,51,7.840484,1637
394,7.860484,60,7.860484,1695
395,7.880484,58,7.880484,1661
396,7.900484,76,7.900484,1692
397,7.920484,74,7.920484,1674
398,7.940484,92,7.940484,1656
399,7.960484,93,7.960484,1693
400,7.980484,96,7.980484,1720
401,8.000484,143,8.000484,1766
402,8.020484,148,8.020484,1729
403,8.040483,153,8.040483,1765
404,8.060484,141,8.060484,1655
405,8.080484,139,8.080484,1747
406,8.100484,108,8.100484,1702
407,8.120484,112,8.120484,1742
408,8.140484,87,8.140484,1732
409,8.160484,83,8.160484,1754
410,8.180484,74,8.180484,1860
411,8.200484,73,8.200484,1866
412,8.220484,79,8.220484,1834
413,8.240484,89,8.240484,1868
414,8.260484,59,8.260484,1870
415,8.280484,68,8.280484,1951
416,8.300484,89,8.300484,1771
417,8.320484,56,8.320484,1862
418,8.340484,75,8.340484,1802
419,8.360484,77,8.360484,1723
420,8.380484,85,8.380484,1659
421,8.400484,74,8.400484,1764
422,8.420484,82,8.420484,1767
423,8.440484,78,8.440484,1736
424,8.460484,83,8.460484,1761
425,8.480484,84,8.480484,1756
426,8.500484,100,8.500484,1746
427,8.520484,105,8.520484,1780
428,8.540483,113,8.540483,1720
429,8.560484,137,8.560484,1759
430,8.580484,124,8.580484,1721
431,8.600484,147,8.600484,1724
432,8.620484,145,8.620484,1748
433,8.640484,153,8.640484,1806
434,8.660484,142,8.660484,1823
435,8.680484,122,8.680484,1813
436,8.700484,112,8.700484,1842
437,8.720484,99,8.720484,1845
438,8.740484,98,8.740484,1818
439,8.760484,100,8.760484,1793
440,8.780484,85,8.780484,1890
441,8.800484,96,8.800484,1787
442,8.820484,95,8.820484,1854
443,8.840484,103,8.840484,1816
444,8.860484,120,8.860484,1856
445,8.880484,119,8.880484,1874
446,8.900484,129,8.900484,1873
447,8.920484,99,8.920484,1935
448,8.940484,111,8.940484,1887
449,8.960484,121,8.960484,1927
450,8.980484,95,8.980484,1835
451,9.000484,110,9.000484,1786
452,9.020484,108,9.020484,1864
453,9.040483,100,9.040483,1896
454,9.060484,125,9.060484,1915
455,9.080484,120,9.080484,1876
456,9.100484,123,9.100484,1852
457,9.120484,136,9.120484,1915
458,9.140484,129,9.140484,1891
459,9.160484,124,9.160484,1828
460,9.180484,120,9.180484,1880
461,9.200484,150,9.200484,2002
462,9.220484,118,9.220484,2015
463,9.240484,135,9.240484,1941
464,9.260484,154,9.260484,1934
465,9.280484,159,9.280484,1955
466,9.300484,154,9.300484,1975
467,9.320484,163,9.320484,1882
468,9.340484,145,9.340484,1890
469,9.360484,177,9.360484,1953
470,9.380484,137,9.380484,1983
471,9.400484,177,9.400484,1886
472,9.420484,146,9.420484,1870
473,9.440484,149,9.440484,1922
474,9.460484,188,9.460484,1960
475,9.480484,184,9.480484,1826
476,9.500484,181,9.500484,1917
477,9.520484,188,9.520484,1884
478,9.540483,179,9.540483,1822
479,9.560484,160,9.560484,1924
480,9.580484,202,9.580484,1799
481,9.600484,196,9.600484,1884
482,9.620484,211,9.620484,1858
483,9.640484,221,9.640484,1835
484,9.660484,204,9.660484,1912
485,9.680484,231,9.680484,1884
486,9.700484,201,9.700484,1814
487,9.720484,184,9.720484,1938
488,9.740484,225,9.740484,1906
489,9.760484,227,9.760484,1872
490,9.780484,218,9.780484,1876
491,9.800484,211,9.800484,1868
492,9.820484,221,9.820484,1881
493,9.840484,296,9.840484,1899
494,9.860484,266,9.860484,1803
495,9.880484,212,9.880484,1844
496,9.900484,268,9.900484,1801
497,9.920484,232,9.920484,1855
498,9.940484,251,9.940484,1919
499,9.960484,245,9.960484,1838
500,9.980484,262,9.980484,1850
501,10.00048,238,10.00048,1800
502,10.02048,273,10.02048,1898
503,10.04048,258,10.04048,1789
504,10.06048,261,10.06048,1844
505,10.08048,295,10.08048,1836
506,10.10048,264,10.10048,1721
507,10.12048,282,10.12048,1887
508,10.14048,303,10.14048,1808
509,10.16048,310,10.16048,1806
510,10.18048,330,10.18048,1807
511,10.20048,323,10.20048,1864
512,10.22048,308,10.22048,1718
513,10.24048,312,10.24048,1809
514,10.26048,340,10.26048,1741
515,10.28048,325,10.28048,1825
516,10.30048,330,10.30048,1809
517,10.32048,348,10.32048,1832
518,10.34048,341,10.34048,1721
519,10.36048,341,10.36048,1706
520,10.38048,373,10.38048,1715
521,10.40048,308,10.40048,1760
522,10.42048,348,10.42048,1730
523,10.44048,368,10.44048,1753
524,10.46048,383,10.46048,1759
525,10.48048,380,10.48048,1718
526,10.50048,388,10.50048,1606
527,10.52048,388,10.52048,1741
528,10.54048,399,10.54048,1682
529,10.56048,377,10.56048,1676
530,10.58048,402,10.58048,1693
531,10.60048,383,10.60048,1740
532,10.62048,403,10.62048,1601
533,10.64048,396,10.64048,1690
534,10.66048,407,10.66048,1736
535,10.68048,457,10.68048,1574
536,10.70048,447,10.70048,1665
537,10.72048,418,10.72048,1582
538,10.74048,462,10.74048,1642
539,10.76048,472,10.76048,1588
540,10.78048,466,10.78048,1651
541,10.80048,444,10.80048,1632
542,10.82048,482,10.82048,1564
543,10.84048,461,10.84048,1602
544,10.86048,484,10.86048,1600
545,10.88048,474,10.88048,1612
546,10.90048,462,10.90048,1587
547,10.92048,499,10.92048,1561
548,10.94048,486,10.94048,1507
549,10.96048,528,10.96048,1561
550,10.98048,509,10.98048,1643
551,11.00048,506,11.00048,1475
552,11.02048,527,11.02048,1493
553,11.04048,506,11.04048,1526
554,11.06048,501,11.06048,1493
555,11.08048,523,11.08048,1442
556,11.10048,583,11.10048,1552
557,11.12048,537,11.12048,1492
558,11.14048,522,11.14048,1463
559,11.16048,532,11.16048,1473
560,11.18048,603,11.18048,1469
561,11.20048,596,11.20048,1444
562,11.22048,579,11.22048,1444
563,11.24048,592,11.24048,1409
564,11.26048,613,11.26048,1389
565,11.28048,625,11.28048,1362
566,11.30048,572,11.30048,1431
567,11.32048,630,11.32048,1405
568,11.34048,663,11.34048,1340
569,11.36048,610,11.36048,1426
570,11.38048,678,11.38048,1383
571,11.40048,640,11.40048,1363
572,11.42048,630,11.42048,1389
573,11.44048,707,11.44048,1410
574,11.46048,680,11.46048,1380
575,11.48048,706,11.48048,1382
576,11.50048,646,11.50048,1308
577,11.52048,667,11.52048,1328
578,11.54048,718,11.54048,1316
579,11.56048,709,11.56048,1301
580,11.58048,732,11.58048,1307
581,11.60048,745,11.60048,1292
582,11.62048,691,11.62048,1227
583,11.64048,719,11.64048,1266
584,11.66048,754,11.66048,1309
585,11.68048,723,11.68048,1239
586,11.70048,759,11.70048,1239
587,11.72048,763,11.72048,1159
588,11.74048,715,11.74048,1265
589,11.76048,744,11.76048,1190
590,11.78048,741,11.78048,1238
591,11.80048,763,11.80048,1261
592,11.82048,847,11.82048,1226
593,11.84048,787,11.84048,1212
594,11.86048,762,11.86048,1204
595,11.88048,776,11.88048,1205
596,11.90048,781,11.90048,1151
597,11.92048,780,11.92048,1190
598,11.94048,803,11.94048,1216
599,11.96048,818,11.96048,1180
600,11.98048,798,11.98048,1145
601,12.00048,810,12.00048,1156
602,12.02048,857,12.02048,1110
603,12.04048,854,12.04048,1200
604,12.06048,835,12.06048,1134
605,12.08048,873,12.08048,1126
606,12.10048,850,12.10048,1113
607,12.12048,859,12.12048,1101
608,12.14048,867,12.14048,1070
609,12.16048,889,12.16048,1052
610,12.18048,902,12.18048,1098
611,12.20048,876,12.20048,1077
612,12.22048,919,12.22048,1050
613,12.24048,876,12.24048,987
614,12.26048,908,12.26048,1095
615,12.28048,921,12.28048,1024
616,12.30048,929,12.30048,998
617,12.32048,1016,12.32048,964
618,12.34048,957,12.34048,978
619,12.36048,988,12.36048,994
620,12.38048,954,12.38048,998
621,12.40048,968,12.40048,969
622,12.42048,1002,12.42048,890
623,12.44048,999,12.44048,944
624,12.46048,996,12.46048,985
625,12.48048,1007,12.48048,934
626,12.50048,994,12.50048,938
627,12.52048,1005,12.52048,939
628,12.54048,1006,12.54048,923
629,12.56048,1034,12.56048,921
630,12.58048,979,12.58048,934
631,12.60048,1008,12.60048,908
632,12.62048,1006,12.62048,863
633,12.64048,1104,12.64048,865
634,12.66048,1040,12.66048,880
635,12.68048,1071,12.68048,890
636,12.70048,1030,12.70048,891
637,12.72048,1075,12.72048,864
638,12.74048,1097,12.74048,839
639,12.76048,1125,12.76048,885
640,12.78048,1135,12.78048,836
641,12.80048,1064,12.80048,812
642,12.82048,1061,12.82048,778
643,12.84048,1140,12.84048,791
644,12.86048,1149,12.86048,784
645,12.88048,1166,12.88048,777
646,12.90048,1193,12.90048,810
647,12.92048,1123,12.92048,738
648,12.94048,1216,12.94048,753
649,12.96048,1205,12.96048,800
650,12.98048,1156,12.98048,753
651,13.00048,1238,13.00048,773
652,13.02048,1174,13.02048,757
653,13.04048,1233,13.04048,740
654,13.06048,1217,13.06048,661
655,13.08048,1186,13.08048,674
656,13.10048,1196,13.10048,690
657,13.12048,1232,13.12048,688
658,13.14048,1270,13.14048,702
659,13.16048,1281,13.16048,653
660,13.18048,1295,13.18048,652
661,13.20048,1255,13.20048,669
662,13.22048,1332,13.22048,711
663,13.24048,1286,13.24048,601
664,13.26048,1306,13.26048,615
665,13.28048,1314,13.28048,609
666,13.30048,1305,13.30048,606
667,13.32048,1277,13.32048,611
668,13.34048,1359,13.34048,574
669,13.36048,1371,13.36048,590
670,13.38048,1404,13.38048,551
671,13.40048,1319,13.40048,593
672,13.42048,1370,13.42048,574
673,13.44048,1325,13.44048,555
674,13.46048,1371,13.46048,526
675,13.48048,1404,13.48048,519
676,13.50048,1369,13.50048,506
677,13.52048,1453,13.52048,540
678,13.54048,1299,13.54048,541
679,13.56048,1413,13.56048,467
680,13.58048,1377,13.58048,516
681,13.60048,1436,13.60048,486
682,13.62048,1351,13.62048,441
683,13.64048,1464,13.64048,456
684,13.66048,1438,13.66048,438
685,13.68048,1486,13.68048,436
686,13.70048,1496,13.70048,442
687,13.72048,1468,13.72048,454
688,13.74048,1443,13.74048,385
689,13.76048,1504,13.76048,434
690,13.78048,1408,13.78048,399
691,13.80048,1487,13.80048,403
692,13.82048,1531,13.82048,354
693,13.84048,1486,13.84048,384
694,13.86048,1473,13.86048,372
695,13.88048,1511,13.88048,340
696,13.90048,1605,13.90048,337
697,13.92048,1578,13.92048,310
698,13.94048,1518,13.94048,312
699,13.96048,1574,13.96048,314
700,13.98048,1559,13.98048,287
701,14.00048,1633,14.00048,281
702,14.02048,1575,14.02048,277
703,14.04048,1592,14.04048,296
704,14.06048,1539,14.06048,279
705,14.08048,1598,14.08048,234
706,14.10048,1665,14.10048,251
707,14.12048,1655,14.12048,223
708,14.14048,1585,14.14048,219
709,14.16048,1622,14.16048,217
710,14.18048,1568,14.18048,219
711,14.20048,1603,14.20048,199
712,14.22048,1635,14.22048,185
713,14.24048,1611,14.24048,184
714,14.26048,1653,14.26048,172
715,14.28048,1697,14.28048,184
716,14.30048,1718,14.30048,165
717,14.32048,1666,14.32048,164
718,14.34048,1619,14.34048,161
719,14.36048,1656,14.36048,158
720,14.38048,1655,14.38048,136
721,14.40048,1626,14.40048,139
722,14.42048,1643,14.42048,121
723,14.44048,1722,14.44048,125
724,14.46048,1737,14.46048,127
725,14.48048,1699,14.48048,94
726,14.50048,1692,14.50048,102
727,14.52048,1644,14.52048,93
728,14.54048,1765,14.54048,95
729,14.56048,1707,14.56048,96
730,14.58048,1755,14.58048,95
731,14.60048,1744,14.60048,85
732,14.62048,1754,14.62048,84
733,14.64048,1719,14.64048,73
734,14.66048,1786,14.66048,77
735,14.68048,1823,14.68048,76
736,14.70048,1781,14.70048,67
737,14.72048,1839,14.72048,38
738,14.74048,1742,14.74048,52
739,14.76048,1759,14.76048,53
740,14.78048,1757,14.78048,36
741,14.80048,1847,14.80048,34
742,14.82048,1819,14.82048,32
743,14.84048,1746,14.84048,33
744,14.86048,1741,14.86048,30
745,14.88048,1847,14.88048,30
746,14.90048,1794,14.90048,29
747,14.92048,1819,14.92048,12
748,14.94048,1790,14.94048,16
749,14.96048,1842,14.96048,19
750,14.98048,1889,14.98048,7
751,15.00048,1879,15.00048,15
752,15.02048,1785,15.02048,4
753,15.04048,1733,15.04048,7
754,15.06048,1843,15.06048,12
755,15.08048,1799,15.08048,9
756,15.10048,1941,15.10048,3
757,15.12048,1896,15.12048,4
758,15.14048,1892,15.14048,7
759,15.16048,1866,15.16048,7
760,15.18048,1932,15.18048,4
761,15.20048,1901,15.20048,6
762,15.22048,1814,15.22048,5
763,15.24048,1883,15.24048,5
764,15.26048,1816,15.26048,2
765,15.28048,1871,15.28048,5
766,15.30048,1957,15.30048,5
767,15.32048,1948,15.32048,2
768,15.34048,1891,15.34048,5
769,15.36048,1884,15.36048,1
770,15.38048,1926,15.38048,5
771,15.40048,1905,15.40048,2
772,15.42048,1923,15.42048,7
773,15.44048,1959,15.44048,1
774,15.46048,1885,15.46048,2
775,15.48048,2033,15.48048,4
776,15.50048,1922,15.50048,4
777,15.52048,1978,15.52048,7
778,15.54048,1896,15.54048,3
779,15.56048,1998,15.56048,1
780,15.58048,1960,15.58048,8
781,15.60048,2063,15.60048,4
782,15.62048,1986,15.62048,4
783,15.64048,1967,15.64048,2
784,15.66048,1990,15.66048,2
785,15.68048,2030,15.68048,3
786,15.70048,1998,15.70048,1
787,15.72048,2015,15.72048,4
788,15.74048,2064,15.74048,8
789,15.76048,2060,15.76048,2
790,15.78048,1997,15.78048,0
791,15.80048,2056,15.80048,5
792,15.82048,1986,15.82048,5
793,15.84048,1940,15.84048,4
794,15.86048,2049,15.86048,1
795,15.88048,1957,15.88048,4
796,15.90048,2053,15.90048,6
797,15.92048,2101,15.92048,2
798,15.94048,1931,15.94048,2
799,15.96048,2043,15.96048,0
800,15.98048,2024,15.98048,6
801,16.00048,2061,16.00048,2
802,16.02048,2031,16.02048,1
803,16.04048,2018,16.04048,4
804,16.06048,2013,16.06048,2
805,16.08048,1968,16.08048,5
806,16.10048,2034,16.10048,5
807,16.12048,2040,16.12048,2
808,16.14048,2037,16.14048,4
809,16.16048,2098,16.16048,5
810,16.18048,2061,16.18048,2
811,16.20048,2123,16.20048,1
812,16.22048,2101,16.22048,4
813,16.24048,2140,16.24048,0
814,16.26048,2053,16.26048,1
815,16.28048,2059,16.28048,3
816,16.30048,2124,16.30048,2
817,16.32048,2066,16.32048,4
818,16.34048,2095,16.34048,5
819,16.36048,2129,16.36048,1
820,16.38048,2108,16.38048,2
821,16.40048,2087,16.40048,5
822,16.42048,2097,16.42048,7
823,16.44048,2091,16.44048,4
824,16.46048,2101,16.46048,2
825,16.48048,2251,16.48048,3
826,16.50048,2079,16.50048,0
827,16.52048,2069,16.52048,4
828,16.54048,2115,16.54048,2
829,16.56048,2136,16.56048,3
830,16.58048,2180,16.58048,4
831,16.60048,2123,16.60048,4
832,16.62048,2203,16.62048,6
833,16.64048,2177,16.64048,4
834,16.66048,2233,16.66048,0
835,16.68048,2068,16.68048,3
836,16.70048,2209,16.70048,3
837,16.72048,2180,16.72048,1
838,16.74048,2225,16.74048,2
839,16.76048,2224,16.76048,5
840,16.78048,2198,16.78048,2
841,16.80048,2199,16.80048,4
842,16.82048,2177,16.82048,2
843,16.84048,2215,16.84048,3
844,16.86048,2314,16.86048,3
845,16.88048,2226,16.88048,5
846,16.90048,2180,16.90048,5
847,16.92048,2153,16.92048,2
848,16.94048,2250,16.94048,2
849,16.96048,2322,16.96048,2
850,16.98048,2328,16.98048,0
851,17.00048,2295,17.00048,0
852,17.02048,2279,17.02048,5
853,17.04048,2160,17.04048,0
854,17.06048,2281,17.06048,3
855,17.08048,2324,17.08048,2
856,17.10048,2316,17.10048,1
857,17.12048,2235,17.12048,3
858,17.14048,2199,17.14048,3
859,17.16048,2300,17.16048,4
860,17.18048,2359,17.18048,1
861,17.20048,2345,17.20048,1
862,17.22048,2394,17.22048,3
863,17.24048,2282,17.24048,1
864,17.26048,2377,17.26048,4
865,17.28048,2364,17.28048,1
866,17.30048,2393,17.30048,2
867,17.32048,2427,17.32048,3
868,17.34048,2389,17.34048,4
869,17.36048,2423,17.36048,4
870,17.38048,2381,17.38048,5
871,17.40048,2364,17.40048,3
872,17.42048,2401,17.42048,2
873,17.44048,2367,17.44048,2
874,17.46048,2480,17.46048,6
875,17.48048,2480,17.48048,7
876,17.50048,2445,17.50048,3
877,17.52048,2464,17.52048,3
878,17.54048,2540,17.54048,0
879,17.56048,2482,17.56048,7
880,17.58048,2495,17.58048,1
881,17.60048,2593,17.60048,2
882,17.62048,2599,17.62048,1
883,17.64048,2486,17.64048,3
884,17.66048,2494,17.66048,3
885,17.68048,2568,17.68048,1
886,17.70048,2614,17.70048,1
887,17.72048,2612,17.72048,3
888,17.74048,2606,17.74048,1
889,17.76048,2616,17.76048,0
890,17.78048,2621,17.78048,1
891,17.80048,2689,17.80048,2
892,17.82048,2614,17.82048,4
893,17.84048,2817,17.84048,1
894,17.86048,2737,17.86048,2
895,17.88048,2780,17.88048,0
896,17.90048,2729,17.90048,3
897,17.92048,2849,17.92048,3
898,17.94048,2825,17.94048,4
899,17.96048,2753,17.96048,0
900,17.98048,2853,17.98048,3
901,18.00048,2946,18.00048,4
902,18.02048,2927,18.02048,0
903,18.04048,2932,18.04048,3
904,18.06048,3014,18.06048,1
905,18.08048,3042,18.08048,0
906,18.10048,3089,18.10048,0
907,18.12048,3048,18.12048,1
908,18.14048,3082,18.14048,1
909,18.16048,3163,18.16048,4
910,18.18048,3197,18.18048,2
911,18.20048,3289,18.20048,5
912,18.22048,3262,18.22048,6
913,18.24048,3305,18.24048,1
914,18.26048,3417,18.26048,2
915,18.28048,3541,18.28048,1
916,18.30048,3415,18.30048,4
917,18.32048,3636,18.32048,0
918,18.34048,3541,18.34048,0
919,18.36048,3801,18.36048,2
920,18.38048,3727,18.38048,2
921,18.40048,3903,18.40048,1
922,18.42048,3954,18.42048,4
923,18.44048,4141,18.44048,1
924,18.46048,4279,18.46048,1
925,18.48048,4378,18.48048,4
926,18.50048,4559,18.50048,2
927,18.52048,4644,18.52048,2
928,18.54048,4913,18.54048,3
929,18.56048,5062,18.56048,0
930,18.58048,5251,18.58048,1
931,18.60048,5479,18.60048,2
932,18.62048,5736,18.62048,2
933,18.64048,5977,18.64048,3
934,18.66048,6257,18.66048,5
935,18.68048,6539,18.68048,2
936,18.70048,6705,18.70048,3
937,18.72048,7163,18.72048,1
938,18.74048,7263,18.74048,2
939,18.76048,7726,18.76048,3
940,18.78048,7970,18.78048,3
941,18.80048,7921,18.80048,1
942,18.82048,8411,18.82048,1
943,18.84048,8736,18.84048,1
944,18.86048,8800,18.86048,5
945,18.88048,9211,18.88048,0
946,18.90048,9036,18.90048,0
947,18.92048,9460,18.92048,3
948,18.94048,9777,18.94048,4
949,18.96048,9797,18.96048,2
950,18.98048,9771,18.98048,1
951,19.00048,9975,19.00048,2
952,19.02048,9900,19.02048,2
953,19.04048,9803,19.04048,2
954,19.06048,9638,19.06048,3
955,19.08048,9621,19.08048,1
956,19.10048,9479,19.10048,2
957,19.12048,9360,19.12048,4
958,19.14048,9158,19.14048,1
959,19.16048,8905,19.16048,0
960,19.18048,8577,19.18048,1
961,19.20048,8256,19.20048,1
962,19.22048,8156,19.22048,3
963,19.24048,7872,19.24048,3
964,19.26048,7477,19.26048,3
965,19.28048,7209,19.28048,3
966,19.30048,7042,19.30048,1
967,19.32048,6590,19.32048,5
968,19.34048,6303,19.34048,2
969,19.36048,6248,19.36048,1
970,19.38048,5787,19.38048,2
971,19.40048,5556,19.40048,2
972,19.42048,5419,19.42048,0
973,19.44048,5040,19.44048,1
974,19.46048,4886,19.46048,2
975,19.48048,4732,19.48048,3
976,19.50048,4639,19.50048,0
977,19.52048,4434,19.52048,0
978,19.54048,4255,19.54048,2
979,19.56048,4024,19.56048,1
980,19.58048,3969,19.58048,2
981,19.60048,3715,19.60048,3
982,19.62048,3656,19.62048,0
983,19.64048,3678,19.64048,0
984,19.66048,3414,19.66048,1
985,19.68048,3347,19.68048,1
986,19.70048,3276,19.70048,1
987,19.72048,3130,19.72048,1
988,19.74048,3141,19.74048,1
989,19.76048,3127,19.76048,2
990,19.78048,3074,19.78048,0
991,19.80048,2967,19.80048,3
992,19.82048,3089,19.82048,1
993,19.84048,3123,19.84048,1
994,19.86048,3089,19.86048,2
995,19.88048,3161,19.88048,1
996,19.90048,3344,19.90048,1
997,19.92048,3474,19.92048,2
998,19.94048,3732,19.94048,1
999,19.96048,3997,19.96048,0
1000,19.98048,4342,19.98048,3
1001,20.00048,4730,20.00048,2
1002,20.02048,5034,20.02048,1
1003,20.04048,5393,20.04048,1
1004,20.06048,5706,20.06048,2
1005,20.08048,5967,20.08048,2
1006,20.10048,6357,20.10048,1
1007,20.12048,6226,20.12048,2
1008,20.14048,6579,20.14048,2
1009,20.16048,6664,20.16048,2
1010,20.18048,6610,20.18048,3
1011,20.20048,6408,20.20048,1
1012,20.22048,6100,20.22048,1
1013,20.24048,5649,20.24048,2
1014,20.26048,5294,20.26048,1
1015,20.28048,4920,20.28048,4
1016,20.30048,4441,20.30048,0
1017,20.32048,3933,20.32048,1
1018,20.34048,3550,20.34048,0
1019,20.36048,3401,20.36048,1
1020,20.38048,2952,20.38048,1
1021,20.40048,2796,20.40048,0
1022,20.42048,2731,20.42048,1
1023,20.44048,2541,20.44048,0
1024,20.46048,2503,20.46048,0
1025,20.48048,2518,20.48048,3
1026,20.50048,2431,20.50048,2
1027,20.52048,2359,20.52048,2
1028,20.54048,2375,20.54048,1
1029,20.56048,2358,20.56048,0
1030,20.58048,2436,20.58048,1
1031,20.60048,2454,20.60048,1
1032,20.62048,2491,20.62048,1
1033,20.64048,2540,20.64048,0
1034,20.66048,2564,20.66048,4
1035,20.68048,2562,20.68048,2
1036,20.70048,2512,20.70048,1
1037,20.72048,2563,20.72048,2
1038,20.74048,2626,20.74048,2
1039,20.76048,2500,20.76048,2
1040,20.78048,2694,20.78048,2
1041,20.80048,2679,20.80048,1
1042,20.82048,2773,20.82048,1
1043,20.84048,2688,20.84048,0
1044,20.86048,2679,20.86048,3
1045,20.88048,2801,20.88048,1
1046,20.90048,2888,20.90048,1
1047,20.92048,2930,20.92048,0
1048,20.94048,2941,20.94048,2
1049,20.96048,2971,20.96048,3
1050,20.98048,3049,20.98048,4
1051,21.00048,3064,21.00048,0
1052,21.02048,3160,21.02048,1
1053,21.04048,3235,21.04048,1
1054,21.06048,3224,21.06048,1
1055,21.08048,3211,21.08048,0
1056,21.10048,3224,21.10048,3
1057,21.12048,3333,21.12048,0
1058,21.14048,3314,21.14048,3
1059,21.16048,3298,21.16048,6
1060,21.18048,3386,21.18048,1
1061,21.20048,3408,21.20048,0
1062,21.22048,3298,21.22048,0
1063,21.24048,3472,21.24048,0
1064,21.26048,3490,21.26048,1
1065,21.28048,3374,21.28048,2
1066,21.30048,3407,21.30048,1
1067,21.32048,3381,21.32048,2
1068,21.34048,3443,21.34048,1
1069,21.36048,3384,21.36048,0
1070,21.38048,3259,21.38048,2
1071,21.40048,3340,21.40048,3
1072,21.42048,3327,21.42048,3
1073,21.44048,3223,21.44048,2
1074,21.46048,3168,21.46048,3
1075,21.48048,3207,21.48048,1
1076,21.50048,3208,21.50048,2
1077,21.52048,3194,21.52048,0
1078,21.54048,3058,21.54048,0
1079,21.56048,2916,21.56048,1
1080,21.58048,3032,21.58048,0
1081,21.60048,2880,21.60048,1
1082,21.62048,2852,21.62048,2
1083,21.64048,2842,21.64048,2
1084,21.66048,2759,21.66048,2
1085,21.68048,2745,21.68048,0
1086,21.70048,2707,21.70048,1
1087,21.72048,2563,21.72048,1
1088,21.74048,2581,21.74048,2
1089,21.76048,2525,21.76048,1
1090,21.78048,2440,21.78048,1
1091,21.80048,2424,21.80048,2
1092,21.82048,2456,21.82048,0
1093,21.84048,2444,21.84048,1
1094,21.86048,2378,21.86048,0
1095,21.88048,2391,21.88048,2
1096,21.90048,2352,21.90048,1
1097,21.92048,2255,21.92048,2
1098,21.94048,2216,21.94048,0
1099,21.96048,2266,21.96048,1
1100,21.98048,2275,21.98048,0
1101,22.00048,2189,22.00048,1
1102,22.02048,2138,22.02048,0
1103,22.04048,2201,22.04048,1
1104,22.06048,2082,22.06048,1
1105,22.08048,2113,22.08048,4
1106,22.10048,2084,22.10048,0
1107,22.12048,2084,22.12048,0
1108,22.14048,2121,22.14048,1
1109,22.16048,2058,22.16048,0
1110,22.18048,2060,22.18048,1
1111,22.20048,2034,22.20048,0
1112,22.22048,1955,22.22048,2
1113,22.24048,1929,22.24048,1
1114,22.26048,1984,22.26048,0
1115,22.28048,1958,22.28048,0
1116,22.30048,1894,22.30048,3
1117,22.32048,1967,22.32048,1
1118,22.34048,1949,22.34048,0
1119,22.36048,1907,22.36048,0
1120,22.38048,1933,22.38048,0
1121,22.40048,1949,22.40048,2
1122,22.42048,1875,22.42048,0
1123,22.44048,1873,22.44048,3
1124,22.46048,1936,22.46048,0
1125,22.48048,1986,22.48048,0
1126,22.50048,1925,22.50048,2
1127,22.52048,1945,22.52048,0
1128,22.54048,2087,22.54048,2
1129,22.56048,2183,22.56048,1
1130,22.58048,2278,22.58048,0
1131,22.60048,2323,22.60048,0
1132,22.62048,2422,22.62048,0
1133,22.64048,2528,22.64048,2
1134,22.66048,2419,22.66048,1
1135,22.68048,2460,22.68048,0
1136,22.70048,2507,22.70048,0
1137,22.72048,2491,22.72048,1
1138,22.74048,2348,22.74048,1
1139,22.76048,2381,22.76048,0
1140,22.78048,2254,22.78048,2
1141,22.80048,2224,22.80048,0
1142,22.82048,2096,22.82048,1
1143,22.84048,1989,22.84048,3
1144,22.86048,1942,22.86048,1
1145,22.88048,1876,22.88048,0
1146,22.90048,1861,22.90048,1
1147,22.92048,1823,22.92048,0
1148,22.94048,1816,22.94048,1
1149,22.96048,1770,22.96048,0
1150,22.98048,1799,22.98048,1
1151,23.00048,1694,23.00048,1
1152,23.02048,1786,23.02048,0
1153,23.04048,1741,23.04048,0
1154,23.06048,1787,23.06048,0
1155,23.08048,1862,23.08048,0
1156,23.10048,1753,23.10048,1
1157,23.12048,1839,23.12048,0
1158,23.14048,1815,23.14048,2
1159,23.16048,1887,23.16048,2
1160,23.18048,1769,23.18048,0
1161,23.20048,1851,23.20048,0
1162,23.22048,1784,23.22048,0
1163,23.24048,1754,23.24048,0
1164,23.26048,1715,23.26048,2
1165,23.28048,1726,23.28048,0
1166,23.30048,1645,23.30048,3
1167,23.32048,1670,23.32048,0
1168,23.34048,1676,23.34048,0
1169,23.36048,1640,23.36048,0
1170,23.38048,1664,23.38048,0
1171,23.40048,1656,23.40048,0
1172,23.42048,1604,23.42048,0
1173,23.44048,1768,23.44048,0
1174,23.46048,1706,23.46048,2
1175,23.48048,1650,23.48048,1
1176,23.50048,1631,23.50048,1
1177,23.52048,1705,23.52048,1
1178,23.54048,1642,23.54048,1
1179,23.56048,1638,23.56048,1
1180,23.58048,1626,23.58048,0
1181,23.60048,1611,23.60048,0
1182,23.62048,1694,23.62048,0
1183,23.64048,1626,23.64048,0
1184,23.66048,1580,23.66048,1
1185,23.68048,1594,23.68048,0
1186,23.70048,1634,23.70048,1
1187,23.72048,1611,23.72048,1
1188,23.74048,1610,23.74048,0
1189,23.76048,1671,23.76048,0
1190,23.78048,1619,23.78048,0
1191,23.80048,1560,23.80048,0
1192,23.82048,1683,23.82048,0
1193,23.84048,1583,23.84048,1
1194,23.86048,1603,23.86048,0
1195,23.88048,1645,23.88048,2
1196,23.90048,1634,23.90048,0
1197,23.92048,1607,23.92048,0
1198,23.94048,1580,23.94048,1
1199,23.96048,1621,23.96048,1
1200,23.98048,1573,23.98048,1
1201,24.00048,1613,24.00048,0
1202,24.02048,1602,24.02048,0
1203,24.04048,1558,24.04048,0
1204,24.06048,1640,24.06048,1
1205,24.08048,1601,24.08048,1
1206,24.10048,1518,24.10048,0
1207,24.12048,1503,24.12048,0
1208,24.14048,1622,24.14048,0
1209,24.16048,1567,24.16048,1
1210,24.18048,1565,24.18048,1
1211,24.20048,1605,24.20048,0
1212,24.22048,1533,24.22048,1
1213,24.24048,1560,24.24048,1
1214,24.26048,1535,24.26048,1
1215,24.28048,1557,24.28048,0
1216,24.30048,1447,24.30048,0
1217,24.32048,1454,24.32048,2
1218,24.34048,1529,24.34048,0
1219,24.36048,1493,24.36048,0
1220,24.38048,1599,24.38048,1
1221,24.40048,1549,24.40048,0
1222,24.42048,1555,24.42048,0
1223,24.44048,1473,24.44048,0
1224,24.46048,1553,24.46048,0
1225,24.48048,1462,24.48048,0
1226,24.50048,1448,24.50048,0
1227,24.52048,1544,24.52048,0
1228,24.54048,1486,24.54048,1
1229,24.56048,1451,24.56048,0
1230,24.58048,1437,24.58048,0
1231,24.60048,1454,24.60048,0
1232,24.62048,1498,24.62048,0
1233,24.64048,1505,24.64048,0
1234,24.66048,1505,24.66048,0
1235,24.68048,1513,24.68048,0
1236,24.70048,1424,24.70048,0
1237,24.72048,1477,24.72048,0
1238,24.74048,1507,24.74048,0
1239,24.76048,1471,24.76048,0
1240,24.78048,1513,24.78048,0
1241,24.80048,1513,24.80048,0
1242,24.82048,1440,24.82048,0
1243,24.84048,1453,24.84048,0
1244,24.86048,1440,24.86048,0
1245,24.88048,1417,24.88048,0
1246,24.90048,1468,24.90048,1
1247,24.92048,1409,24.92048,0
1248,24.94048,1441,24.94048,0
1249,24.96048,1517,24.96048,0
1250,24.98048,1446,24.98048,0
1251,25.00048,1553,25.00048,0
1252,25.02048,1476,25.02048,0
1253,25.04048,1509,25.04048,0
1254,25.06048,1501,25.06048,1
1255,25.08048,1515,25.08048,2
1256,25.10048,1534,25.10048,0
1257,25.12048,1457,25.12048,1
1258,25.14048,1472,25.14048,1
1259,25.16048,1479,25.16048,0
1260,25.18048,1482,25.18048,0
1261,25.20048,1498,25.20048,0
1262,25.22048,1465,25.22048,0
1263,25.24048,1462,25.24048,0
1264,25.26048,1425,25.26048,1
1265,25.28048,1450,25.28048,0
1266,25.30048,1459,25.30048,0
1267,25.32048,1461,25.32048,0
1268,25.34048,1461,25.34048,1
1269,25.36048,1417,25.36048,0
1270,25.38048,1409,25.38048,0
1271,25.40048,1402,25.40048,0
1272,25.42048,1423,25.42048,0
1273,25.44048,1353,25.44048,0
1274,25.46048,1350,25.46048,0
1275,25.48048,1395,25.48048,0
1276,25.50048,1399,25.50048,0
1277,25.52048,1330,25.52048,0
1278,25.54048,1355,25.54048,0
1279,25.56048,1378,25.56048,0
1280,25.58048,1310,25.58048,0
1281,25.60048,1341,25.60048,0
1282,25.62048,1313,25.62048,0
1283,25.64048,1293,25.64048,0
1284,25.66048,1329,25.66048,0
1285,25.68048,1340,25.68048,0
1286,25.70048,1359,25.70048,1
1287,25.72048,1310,25.72048,0
1288,25.74048,1306,25.74048,0
1289,25.76048,1333,25.76048,0
1290,25.78048,1321,25.78048,1
1291,25.80048,1290,25.80048,0
1292,25.82048,1295,25.82048,0
1293,25.84048,1232,25.84048,1
1294,25.86048,1289,25.86048,0
1295,25.88048,1308,25.88048,1
1296,25.90048,1250,25.90048,0
1297,25.92048,1311,25.92048,0
1298,25.94048,1283,25.94048,0
1299,25.96048,1367,25.96048,0
1300,25.98048,1302,25.98048,0
1301,26.00048,1269,26.00048,1
1302,26.02048,1273,26.02048,0
1303,26.04048,1248,26.04048,0
1304,26.06048,1314,26.06048,0
1305,26.08048,1243,26.08048,0
1306,26.10048,1326,26.10048,0
1307,26.12048,1254,26.12048,0
1308,26.14048,1298,26.14048,0
1309,26.16048,1214,26.16048,0
1310,26.18048,1221,26.18048,0
1311,26.20048,1206,26.20048,1
1312,26.22048,1249,26.22048,0
1313,26.24048,1231,26.24048,0
1314,26.26048,1281,26.26048,1
1315,26.28048,1264,26.28048,0
1316,26.30048,1225,26.30048,0
1317,26.32048,1212,26.32048,0
1318,26.34048,1251,26.34048,1
1319,26.36048,1228,26.36048,0
1320,26.38048,1163,26.38048,0
1321,26.40048,1250,26.40048,0
1322,26.42048,1191,26.42048,0
1323,26.44048,1226,26.44048,0
1324,26.46048,1217,26.46048,0
1325,26.48048,1252,26.48048,0
1326,26.50048,1292,26.50048,0
1327,26.52048,1183,26.52048,0
1328,26.54048,1223,26.54048,0
1329,26.56048,1167,26.56048,0
1330,26.58048,1245,26.58048,0
1331,26.60048,1203,26.60048,0
1332,26.62048,1170,26.62048,0
1333,26.64048,1188,26.64048,0
1334,26.66048,1211,26.66048,0
1335,26.68048,1211,26.68048,0
1336,26.70048,1218,26.70048,0
1337,26.72048,1154,26.72048,0
1338,26.74048,1169,26.74048,1
1339,26.76048,1141,26.76048,0
1340,26.78048,1206,26.78048,0
1341,26.80048,1198,26.80048,0
1342,26.82048,1197,26.82048,0
1343,26.84048,1158,26.84048,1
1344,26.86048,1112,26.86048,0
1345,26.88048,1124,26.88048,0
1346,26.90048,1180,26.90048,0
1347,26.92048,1173,26.92048,0
1348,26.94048,1156,26.94048,0
1349,26.96048,1131,26.96048,0
1350,26.98048,1123,26.98048,0
1351,27.00048,1211,27.00048,0
1352,27.02048,1144,27.02048,0
1353,27.04048,1139,27.04048,0
1354,27.06048,1166,27.06048,0
1355,27.08048,1139,27.08048,0
1356,27.10048,1164,27.10048,0
1357,27.12048,1117,27.12048,0
1358,27.14048,1109,27.14048,0
1359,27.16048,1130,27.16048,0
1360,27.18048,1097,27.18048,0
1361,27.20048,1109,27.20048,0
1362,27.22048,1123,27.22048,0
1363,27.24048,1128,27.24048,0
1364,27.26048,1108,27.26048,0
1365,27.28048,1064,27.28048,0
1366,27.30048,1115,27.30048,0
1367,27.32048,1092,27.32048,0
1368,27.34048,1111,27.34048,0
1369,27.36048,1113,27.36048,0
1370,27.38048,1068,27.38048,0
1371,27.40048,1084,27.40048,0
1372,27.42048,1053,27.42048,0
1373,27.44048,1068,27.44048,0
1374,27.46048,1131,27.46048,0
1375,27.48048,1073,27.48048,0
1376,27.50048,1016,27.50048,0
1377,27.52048,1067,27.52048,0
1378,27.54048,1046,27.54048,0
1379,27.56048,1079,27.56048,0
1380,27.58048,1053,27.58048,0
1381,27.60048,1063,27.60048,0
1382,27.62048,1043,27.62048,0
1383,27.64048,1002,27.64048,0
1384,27.66048,1083,27.66048,0
1385,27.68048,1112,27.68048,0
1386,27.70048,1040,27.70048,0
1387,27.72048,1097,27.72048,0
1388,27.74048,1052,27.74048,0
1389,27.76048,1051,27.76048,0
1390,27.78048,1038,27.78048,0
1391,27.80048,1028,27.80048,0
1392,27.82048,1002,27.82048,0
1393,27.84048,1027,27.84048,0
1394,27.86048,1029,27.86048,0
1395,27.88048,1068,27.88048,0
1396,27.90048,1032,27.90048,0
1397,27.92048,1036,27.92048,0
1398,27.94048,1025,27.94048,0
1399,27.96048,1006,27.96048,0
1400,27.98048,1042,27.98048,0
1401,28.00048,1042,28.00048,0
1402,28.02048,998,28.02048,0
1403,28.04048,992,28.04048,0
1404,28.06048,1060,28.06048,0
1405,28.08048,1011,28.08048,0
1406,28.10048,985,28.10048,0
1407,28.12048,992,28.12048,0
1408,28.14048,956,28.14048,0
1409,28.16048,979,28.16048,0
1410,28.18048,987,28.18048,0
1411,28.20048,989,28.20048,0
1412,28.22048,975,28.22048,0
1413,28.24048,953,28.24048,0
1414,28.26048,993,28.26048,0
1415,28.28048,964,28.28048,0
1416,28.30048,927,28.30048,0
1417,28.32048,924,28.32048,0
1418,28.34048,1018,28.34048,1
1419,28.36048,926,28.36048,0
1420,28.38048,978,28.38048,0
1421,28.40048,1003,28.40048,0
1422,28.42048,928,28.42048,0
1423,28.44048,930,28.44048,0
1424,28.46048,978,28.46048,0
1425,28.48048,967,28.48048,0
1426,28.50048,991,28.50048,0
1427,28.52048,959,28.52048,0
1428,28.54048,922,28.54048,0
1429,28.56048,961,28.56048,0
1430,28.58048,925,28.58048,0
1431,28.60048,949,28.60048,0
1432,28.62048,914,28.62048,0
1433,28.64048,889,28.64048,0
1434,28.66048,917,28.66048,0
1435,28.68048,858,28.68048,0
1436,28.70048,904,28.70048,0
1437,28.72048,944,28.72048,0
1438,28.74048,838,28.74048,0
1439,28.76048,900,28.76048,0
1440,28.78048,889,28.78048,0
1441,28.80048,898,28.80048,0
1442,28.82048,848,28.82048,0
1443,28.84048,922,28.84048,0
1444,28.86048,855,28.86048,0
1445,28.88048,934,28.88048,0
1446,28.90048,863,28.90048,0
1447,28.92048,852,28.92048,0
1448,28.94048,868,28.94048,0
1449,28.96048,864,28.96048,0
1450,28.98048,889,28.98048,0
1451,29.00048,875,29.00048,0
1452,29.02048,847,29.02048,0
1453,29.04048,891,29.04048,0
1454,29.06048,908,29.06048,0
1455,29.08048,871,29.08048,0
1456,29.10048,869,29.10048,0
1457,29.12048,871,29.12048,0
1458,29.14048,872,29.14048,0
1459,29.16048,824,29.16048,0
1460,29.18048,856,29.18048,0
1461,29.20048,836,29.20048,0
1462,29.22048,817,29.22048,0
1463,29.24048,894,29.24048,0
1464,29.26048,802,29.26048,0
1465,29.28048,872,29.28048,0
1466,29.30048,849,29.30048,0
1467,29.32048,815,29.32048,0
1468,29.34048,811,29.34048,0
1469,29.36048,797,29.36048,0
1470,29.38048,846,29.38048,0
1471,29.40048,785,29.40048,0
1472,29.42048,804,29.42048,0
1473,29.44048,797,29.44048,0
1474,29.46048,805,29.46048,0
1475,29.48048,844,29.48048,0
1476,29.50048,789,29.50048,0
1477,29.52048,788,29.52048,0
1478,29.54048,811,29.54048,0
1479,29.56048,812,29.56048,0
1480,29.58048,808,29.58048,0
1481,29.60048,781,29.60048,0
1482,29.62048,796,29.62048,0
1483,29.64048,813,29.64048,0
1484,29.66048,794,29.66048,0
1485,29.68048,772,29.68048,0
1486,29.70048,730,29.70048,0
1487,29.72048,730,29.72048,0
1488,29.74048,789,29.74048,0
1489,29.76048,787,29.76048,0
1490,29.78048,787,29.78048,0
1491,29.80048,786,29.80048,0
1492,29.82048,763,29.82048,0
1493,29.84048,781,29.84048,0
1494,29.86048,770,29.86048,0
1495,29.88048,784,29.88048,0
1496,29.90048,690,29.90048,0
1497,29.92048,755,29.92048,0
1498,29.94048,768,29.94048,0
1499,29.96048,701,29.96048,0
1500,29.98048,769,29.98048,0
1501,30.00048,729,30.00048,0
1502,30.02048,747,30.02048,0
1503,30.04048,722,30.04048,0
1504,30.06048,716,30.06048,0
1505,30.08048,750,30.08048,0
1506,30.10048,695,30.10048,0
1507,30.12048,743,30.12048,0
1508,30.14048,787,30.14048,0
1509,30.16048,777,30.16048,0
1510,30.18048,752,30.18048,0
1511,30.20048,724,30.20048,0
1512,30.22048,711,30.22048,0
1513,30.24048,717,30.24048,0
1514,30.26048,733,30.26048,0
1515,30.28048,677,30.28048,0
1516,30.30048,678,30.30048,0
1517,30.32048,716,30.32048,0
1518,30.34048,680,30.34048,0
1519,30.36048,648,30.36048,0
1520,30.38048,708,30.38048,0
1521,30.40048,701,30.40048,0
1522,30.42048,684,30.42048,0
1523,30.44048,679,30.44048,0
1524,30.46048,701,30.46048,0
1525,30.48048,646,30.48048,0
1526,30.50048,630,30.50048,0
1527,30.52048,644,30.52048,0
1528,30.54048,700,30.54048,0
1529,30.56048,674,30.56048,0
1530,30.58048,686,30.58048,0
1531,30.60048,692,30.60048,0
1532,30.62048,699,30.62048,0
1533,30.64048,660,30.64048,0
1534,30.66048,684,30.66048,0
1535,30.68048,624,30.68048,0
1536,30.70048,651,30.70048,0
1537,30.72048,645,30.72048,0
1538,30.74048,660,30.74048,0
1539,30.76048,658,30.76048,0
1540,30.78048,653,30.78048,0
1541,30.80048,612,30.80048,0
1542,30.82048,623,30.82048,0
1543,30.84048,630,30.84048,0
1544,30.86048,643,30.86048,0
1545,30.88048,562,30.88048,0
1546,30.90048,610,30.90048,0
1547,30.92048,630,30.92048,0
1548,30.94048,619,30.94048,0
1549,30.96048,604,30.96048,0
1550,30.98048,643,30.98048,0
1551,31.00048,631,31.00048,0
1552,31.02048,635,31.02048,0
1553,31.04048,649,31.04048,0
1554,31.06048,574,31.06048,0
1555,31.08048,607,31.08048,0
1556,31.10048,569,31.10048,0
1557,31.12048,578,31.12048,0
1558,31.14048,618,31.14048,0
1559,31.16048,605,31.16048,0
1560,31.18048,602,31.18048,0
1561,31.20048,587,31.20048,0
1562,31.22048,573,31.22048,0
1563,31.24048,528,31.24048,0
1564,31.26048,538,31.26048,0
1565,31.28048,543,31.28048,0
1566,31.30048,537,31.30048,0
1567,31.32048,545,31.32048,0
1568,31.34048,599,31.34048,0
1569,31.36048,520,31.36048,0
1570,31.38048,559,31.38048,0
1571,31.40048,536,31.40048,0
1572,31.42048,586,31.42048,0
1573,31.44048,537,31.44048,0
1574,31.46048,563,31.46048,0
1575,31.48048,571,31.48048,0
1576,31.50048,527,31.50048,0
1577,31.52048,528,31.52048,0
1578,31.54048,495,31.54048,0
1579,31.56048,538,31.56048,0
1580,31.58048,533,31.58048,0
1581,31.60048,537,31.60048,0
1582,31.62048,562,31.62048,0
1583,31.64048,544,31.64048,0
1584,31.66048,543,31.66048,0
1585,31.68048,523,31.68048,0
1586,31.70048,522,31.70048,0
1587,31.72048,508,31.72048,0
1588,31.74048,531,31.74048,0
1589,31.76048,512,31.76048,0
1590,31.78048,473,31.78048,0
1591,31.80048,506,31.80048,0
1592,31.82048,528,31.82048,0
1593,31.84048,516,31.84048,0
1594,31.86048,493,31.86048,0
1595,31.88048,504,31.88048,0
1596,31.90048,520,31.90048,0
1597,31.92048,510,31.92048,0
1598,31.94048,493,31.94048,0
1599,31.96048,480,31.96048,0
1600,31.98048,511,31.98048,0
1601,32.00048,490,32.00048,0
1602,32.02048,425,32.02048,0
1603,32.04049,507,32.04049,0
1604,32.06049,482,32.06049,0
1605,32.08048,520,32.08048,0
1606,32.10048,454,32.10048,0
1607,32.12048,514,32.12048,0
1608,32.14048,456,32.14048,0
1609,32.16048,422,32.16048,0
1610,32.18048,460,32.18048,0
1611,32.20049,429,32.20049,0
1612,32.22049,460,32.22049,0
1613,32.24048,474,32.24048,0
1614,32.26048,468,32.26048,0
1615,32.28048,461,32.28048,0
1616,32.30048,479,32.30048,0
1617,32.32048,441,32.32048,0
1618,32.34048,449,32.34048,0
1619,32.36049,450,32.36049,0
1620,32.38049,427,32.38049,0
1621,32.40048,443,32.40048,0
1622,32.42048,421,32.42048,0
1623,32.44048,442,32.44048,0
1624,32.46048,449,32.46048,0
1625,32.48048,406,32.48048,0
1626,32.50048,430,32.50048,0
1627,32.52048,422,32.52048,0
1628,32.54049,423,32.54049,0
1629,32.56049,401,32.56049,0
1630,32.58048,393,32.58048,0
1631,32.60048,408,32.60048,0
1632,32.62048,390,32.62048,0
1633,32.64048,409,32.64048,0
1634,32.66048,375,32.66048,0
1635,32.68048,381,32.68048,0
1636,32.70049,410,32.70049,0
1637,32.72049,402,32.72049,0
1638,32.74048,380,32.74048,0
1639,32.76048,402,32.76048,0
1640,32.78048,365,32.78048,0
1641,32.80048,372,32.80048,0
1642,32.82048,344,32.82048,0
1643,32.84048,357,32.84048,0
1644,32.86049,365,32.86049,0
1645,32.88049,378,32.88049,0
1646,32.90048,395,32.90048,0
1647,32.92048,431,32.92048,0
1648,32.94048,377,32.94048,0
1649,32.96048,333,32.96048,0
1650,32.98048,334,32.98048,0
1651,33.00048,372,33.00048,0
1652,33.02048,346,33.02048,0
1653,33.04049,343,33.04049,0
1654,33.06049,375,33.06049,0
1655,33.08048,329,33.08048,0
1656,33.10048,336,33.10048,0
1657,33.12048,319,33.12048,0
1658,33.14048,374,33.14048,0
1659,33.16048,342,33.16048,0
1660,33.18048,360,33.18048,0
1661,33.20049,353,33.20049,0
1662,33.22049,353,33.22049,0
1663,33.24048,309,33.24048,0
1664,33.26048,355,33.26048,0
1665,33.28048,322,33.28048,0
1666,33.30048,291,33.30048,0
1667,33.32048,318,33.32048,0
1668,33.34048,310,33.34048,0
1669,33.36049,315,33.36049,0
1670,33.38049,289,33.38049,0
1671,33.40048,303,33.40048,0
1672,33.42048,340,33.42048,0
1673,33.44048,297,33.44048,0
1674,33.46048,286,33.46048,0
1675,33.48048,296,33.48048,0
1676,33.50048,309,33.50048,0
1677,33.52048,296,33.52048,0
1678,33.54049,282,33.54049,0
1679,33.56049,271,33.56049,0
1680,33.58048,279,33.58048,0
1681,33.60048,269,33.60048,0
1682,33.62048,281,33.62048,0
1683,33.64048,270,33.64048,0
1684,33.66048,299,33.66048,0
1685,33.68048,257,33.68048,0
1686,33.70049,278,33.70049,0
1687,33.72049,236,33.72049,0
1688,33.74048,237,33.74048,0
1689,33.76048,269,33.76048,0
1690,33.78048,268,33.78048,0
1691,33.80048,243,33.80048,0
1692,33.82048,245,33.82048,0
1693,33.84048,236,33.84048,0
1694,33.86049,215,33.86049,0
1695,33.88049,263,33.88049,0
1696,33.90048,229,33.90048,0
1697,33.92048,210,33.92048,0
1698,33.94048,254,33.94048,0
1699,33.96048,203,33.96048,0
1700,33.98048,236,33.98048,0
1701,34.00048,221,34.00048,0
1702,34.02048,221,34.02048,0
1703,34.04049,243,34.04049,0
1704,34.06049,224,34.06049,0
1705,34.08048,236,34.08048,0
1706,34.10048,212,34.10048,0
1707,34.12048,172,34.12048,0
1708,34.14048,254,34.14048,0
1709,34.16048,214,34.16048,0
1710,34.18048,214,34.18048,0
1711,34.20049,185,34.20049,0
1712,34.22049,182,34.22049,0
1713,34.24048,210,34.24048,0
1714,34.26048,193,34.26048,0
1715,34.28048,205,34.28048,0
1716,34.30048,204,34.30048,0
1717,34.32048,169,34.32048,0
1718,34.34048,174,34.34048,0
1719,34.36049,177,34.36049,0
1720,34.38049,188,34.38049,0
1721,34.40048,162,34.40048,0
1722,34.42048,158,34.42048,0
1723,34.44048,159,34.44048,0
1724,34.46048,168,34.46048,0
1725,34.48048,166,34.48048,0
1726,34.50048,175,34.50048,0
1727,34.52048,169,34.52048,0
1728,34.54049,172,34.54049,0
1729,34.56049,138,34.56049,0
1730,34.58048,151,34.58048,0
1731,34.60048,157,34.60048,0
1732,34.62048,160,34.62048,0
1733,34.64048,133,34.64048,0
1734,34.66048,151,34.66048,0
1735,34.68048,120,34.68048,0
1736,34.70049,126,34.70049,0
1737,34.72049,151,34.72049,0
1738,34.74048,136,34.74048,0
1739,34.76048,137,34.76048,0
1740,34.78048,133,34.78048,0
1741,34.80048,119,34.80048,0
1742,34.82048,112,34.82048,0
1743,34.84048,130,34.84048,0
1744,34.86049,112,34.86049,0
1745,34.88049,131,34.88049,0
1746,34.90048,113,34.90048,0
1747,34.92048,113,34.92048,0
1748,34.94048,105,34.94048,0
1749,34.96048,97,34.96048,0
1750,34.98048,126,34.98048,0
1751,35.00048,93,35.00048,0
1752,35.02048,127,35.02048,0
1753,35.04049,103,35.04049,0
1754,35.06049,116,35.06049,0
1755,35.08048,111,35.08048,0
1756,35.10048,101,35.10048,0
1757,35.12048,96,35.12048,0
1758,35.14048,95,35.14048,0
1759,35.16048,88,35.16048,0
1760,35.18048,101,35.18048,0
1761,35.20049,93,35.20049,0
1762,35.22049,88,35.22049,0
1763,35.24048,87,35.24048,0
1764,35.26048,90,35.26048,0
1765,35.28048,84,35.28048,0
1766,35.30048,88,35.30048,0
1767,35.32048,78,35.32048,0
1768,35.34048,77,35.34048,0
1769,35.36049,72,35.36049,0
1770,35.38049,74,35.38049,0
1771,35.40048,69,35.40048,0
1772,35.42048,85,35.42048,0
1773,35.44048,62,35.44048,0
1774,35.46048,54,35.46048,0
1775,35.48048,60,35.48048,0
1776,35.50048,68,35.50048,0
1777,35.52048,74,35.52048,0
1778,35.54049,53,35.54049,0
1779,35.56049,63,35.56049,0
1780,35.58048,58,35.58048,0
1781,35.60048,65,35.60048,0
1782,35.62048,55,35.62048,0
1783,35.64048,62,35.64048,0
1784,35.66048,53,35.66048,0
1785,35.68048,57,35.68048,0
1786,35.70049,51,35.70049,0
1787,35.72049,49,35.72049,0
1788,35.74048,43,35.74048,0
1789,35.76048,40,35.76048,0
1790,35.78048,51,35.78048,0
1791,35.80048,33,35.80048,0
1792,35.82048,37,35.82048,0
1793,35.84048,52,35.84048,0
1794,35.86049,43,35.86049,0
1795,35.88049,39,35.88049,0
1796,35.90048,40,35.90048,0
1797,35.92048,41,35.92048,0
1798,35.94048,38,35.94048,0
1799,35.96048,60,35.96048,0
1800,35.98048,40,35.98048,0
1801,36.00048,35,36.00048,0
1802,36.02048,47,36.02048,0
1803,36.04049,41,36.04049,0
1804,36.06049,39,36.06049,0
1805,36.08048,49,36.08048,0
1806,36.10048,29,36.10048,0
1807,36.12048,30,36.12048,0
1808,36.14048,30,36.14048,0
1809,36.16048,38,36.16048,0
1810,36.18048,43,36.18048,0
1811,36.20049,33,36.20049,0
1812,36.22049,36,36.22049,0
1813,36.24048,44,36.24048,0
1814,36.26048,44,36.26048,0
1815,36.28048,40,36.28048,0
1816,36.30048,42,36.30048,0
1817,36.32048,41,36.32048,0
1818,36.34048,39,36.34048,0
1819,36.36049,30,36.36049,0
1820,36.38049,45,36.38049,0
1821,36.40048,37,36.40048,0
1822,36.42048,30,36.42048,0
1823,36.44048,38,36.44048,0
1824,36.46048,32,36.46048,0
1825,36.48048,25,36.48048,0
1826,36.50048,25,36.50048,0
1827,36.52048,28,36.52048,0
1828,36.54049,22,36.54049,0
1829,36.56049,31,36.56049,0
1830,36.58048,25,36.58048,0
1831,36.60048,35,36.60048,0
1832,36.62048,31,36.62048,0
1833,36.64048,34,36.64048,0
1834,36.66048,33,36.66048,0
1835,36.68048,22,36.68048,0
1836,36.70049,30,36.70049,0
1837,36.72049,34,36.72049,0
1838,36.74048,16,36.74048,0
1839,36.76048,27,36.76048,0
1840,36.78048,17,36.78048,0
1841,36.80048,31,36.80048,0
1842,36.82048,15,36.82048,0
1843,36.84048,37,36.84048,0
1844,36.86049,22,36.86049,0
1845,36.88049,22,36.88049,0
1846,36.90048,13,36.90048,0
1847,36.92048,17,36.92048,0
1848,36.94048,18,36.94048,0
1849,36.96048,13,36.96048,0
1850,36.98048,26,36.98048,0
1851,37.00048,20,37.00048,0
1852,37.02048,31,37.02048,0
1853,37.04049,22,37.04049,0
1854,37.06049,26,37.06049,0
1855,37.08048,18,37.08048,0
1856,37.10048,18,37.10048,0
1857,37.12048,17,37.12048,0
1858,37.14048,24,37.14048,0
1859,37.16048,28,37.16048,0
1860,37.18048,16,37.18048,0
1861,37.20049,36,37.20049,0
1862,37.22049,23,37.22049,0
1863,37.24048,19,37.24048,0
1864,37.26048,19,37.26048,0
1865,37.28048,18,37.28048,0
1866,37.30048,26,37.30048,0
1867,37.32048,20,37.32048,0
1868,37.34048,24,37.34048,0
1869,37.36049,16,37.36049,0
1870,37.38049,18,37.38049,0
1871,37.40048,13,37.40048,0
1872,37.42048,18,37.42048,0
1873,37.44048,15,37.44048,0
1874,37.46048,27,37.46048,0
1875,37.48048,25,37.48048,0
1876,37.50048,21,37.50048,0
1877,37.52048,19,37.52048,0
1878,37.54049,24,37.54049,0
1879,37.56049,23,37.56049,0
1880,37.58048,22,37.58048,0
1881,37.60048,16,37.60048,0
1882,37.62048,16,37.62048,0
1883,37.64048,19,37.64048,0
1884,37.66048,24,37.66048,0
1885,37.68048,23,37.68048,0
1886,37.70049,17,37.70049,0
1887,37.72049,21,37.72049,0
1888,37.74048,17,37.74048,0
1889,37.76048,14,37.76048,0
1890,37.78048,21,37.78048,0
1891,37.80048,27,37.80048,0
1892,37.82048,22,37.82048,0
1893,37.84048,23,37.84048,0
1894,37.86049,20,37.86049,0
1895,37.88049,17,37.88049,0
1896,37.90048,18,37.90048,0
1897,37.92048,16,37.92048,0
1898,37.94048,18,37.94048,0
1899,37.96048,16,37.96048,0
1900,37.98048,9,37.98048,0
1901,38.00048,21,38.00048,0
1902,38.02048,24,38.02048,0
1903,38.04049,19,38.04049,0
1904,38.06049,16,38.06049,0
1905,38.08048,19,38.08048,0
1906,38.10048,26,38.10048,0
1907,38.12048,16,38.12048,0
1908,38.14048,21,38.14048,0
1909,38.16048,20,38.16048,0
1910,38.18048,18,38.18048,0
1911,38.20049,17,38.20049,0
1912,38.22049,12,38.22049,1
1913,38.24048,19,38.24048,0
1914,38.26048,16,38.26048,0
1915,38.28048,12,38.28048,0
1916,38.30048,18,38.30048,0
1917,38.32048,17,38.32048,0
1918,38.34048,14,38.34048,0
1919,38.36049,14,38.36049,0
1920,38.38049,15,38.38049,0
1921,38.40048,18,38.40048,0
1922,38.42048,8,38.42048,0
1923,38.44048,13,38.44048,0
1924,38.46048,17,38.46048,0
1925,38.48048,16,38.48048,0
1926,38.50048,14,38.50048,0
1927,38.52048,16,38.52048,0
1928,38.54049,10,38.54049,0
1929,38.56049,18,38.56049,0
1930,38.58048,17,38.58048,0
1931,38.60048,16,38.60048,0
1932,38.62048,17,38.62048,0
1933,38.64048,18,38.64048,0
1934,38.66048,17,38.66048,0
1935,38.68048,15,38.68048,0
1936,38.70049,13,38.70049,0
1937,38.72049,22,38.72049,0
1938,38.74048,11,38.74048,0
1939,38.76048,12,38.76048,0
1940,38.78048,8,38.78048,0
1941,38.80048,16,38.80048,0
1942,38.82048,11,38.82048,0
1943,38.84048,15,38.84048,0
1944,38.86049,8,38.86049,0
1945,38.88049,12,38.88049,0
1946,38.90048,15,38.90048,0
1947,38.92048,11,38.92048,0
1948,38.94048,21,38.94048,0
1949,38.96048,13,38.96048,0
1950,38.98048,7,38.98048,0
1951,39.00048,11,39.00048,0
1952,39.02048,8,39.02048,0
1953,39.04049,13,39.04049,0
1954,39.06049,12,39.06049,0
1955,39.08048,13,39.08048,0
1956,39.10048,24,39.10048,0
1957,39.12048,17,39.12048,0
1958,39.14048,6,39.14048,0
1959,39.16048,12,39.16048,0
1960,39.18048,9,39.18048,0
1961,39.20049,15,39.20049,0
1962,39.22049,10,39.22049,0
1963,39.24048,17,39.24048,0
1964,39.26048,12,39.26048,0
1965,39.28048,13,39.28048,0
1966,39.30048,11,39.30048,0
1967,39.32048,13,39.32048,0
1968,39.34048,9,39.34048,0
1969,39.36049,9,39.36049,0
1970,39.38049,12,39.38049,0
1971,39.40048,7,39.40048,0
1972,39.42048,8,39.42048,0
1973,39.44048,17,39.44048,0
1974,39.46048,12,39.46048,0
1975,39.48048,9,39.48048,0
1976,39.50048,8,39.50048,0
1977,39.52048,10,39.52048,0
1978,39.54049,10,39.54049,0
1979,39.56049,16,39.56049,0
1980,39.58048,13,39.58048,0
1981,39.60048,10,39.60048,0
1982,39.62048,9,39.62048,0
1983,39.64048,8,39.64048,0
1984,39.66048,7,39.66048,0
1985,39.68048,6,39.68048,0
1986,39.70049,7,39.70049,0
1987,39.72049,11,39.72049,0
1988,39.74048,7,39.74048,0
1989,39.76048,11,39.76048,0
1990,39.78048,11,39.78048,0
1991,39.80048,6,39.80048,0
1992,39.82048,6,39.82048,0
1993,39.84048,7,39.84048,0
1994,39.86049,19,39.86049,0
1995,39.88049,7,39.88049,0
1996,39.90048,11,39.90048,0
1997,39.92048,3,39.92048,0
1998,39.94048,6,39.94048,0
1999,39.96048,6,39.96048,0
2000,39.98048,8,39.98048,0
2001,40.00048,6,40.00048,0
2002,40.02048,9,40.02048,0
2003,40.04049,4,40.04049,0
2004,40.06049,8,40.06049,0
2005,40.08048,7,40.08048,0
2006,40.10048,7,40.10048,0
2007,40.12048,9,40.12048,0
2008,40.14048,10,40.14048,0
2009,40.16048,4,40.16048,0
2010,40.18048,7,40.18048,0
2011,40.20049,9,40.20049,0
2012,40.22049,13,40.22049,0
2013,40.24048,10,40.24048,0
2014,40.26048,10,40.26048,0
2015,40.28048,8,40.28048,0
2016,40.30048,9,40.30048,0
2017,40.32048,12,40.32048,0
2018,40.34048,16,40.34048,0
2019,40.36049,5,40.36049,0
2020,40.38049,6,40.38049,0
2021,40.40048,8,40.40048,0
2022,40.42048,9,40.42048,0
2023,40.44048,13,40.44048,0
2024,40.46048,11,40.46048,0
2025,40.48048,11,40.48048,0
2026,40.50048,7,40.50048,0
2027,40.52048,9,40.52048,0
2028,40.54049,11,40.54049,0
2029,40.56049,15,40.56049,0
2030,40.58048,10,40.58048,0
2031,40.60048,6,40.60048,0
2032,40.62048,13,40.62048,0
2033,40.64048,11,40.64048,0
2034,40.66048,5,40.66048,0
2035,40.68048,5,40.68048,0
2036,40.70049,12,40.70049,0
2037,40.72049,9,40.72049,0
2038,40.74048,5,40.74048,0
2039,40.76048,4,40.76048,0
2040,40.78048,4,40.78048,0
2041,40.80048,6,40.80048,0
2042,40.82048,10,40.82048,0
2043,40.84048,9,40.84048,0
2044,40.86049,7,40.86049,0
2045,40.88049,8,40.88049,0
2046,40.90048,7,40.90048,0
2047,40.92048,10,40.92048,0
2048,40.94048,7,40.94048,0
