Bruker AXS HMP Instrument Tools Complete CSV
FileName,C:\MeinZeugs\Uni\Publikationen\2025\MeIn pXRF\DAQ\Device_monitoring_sample_element_precision_Schauer\data_raw\Example_LOD\04522-Mudrock Dual.pdz
SerialString,SG2-6390
TubeTargetElement,45
NumberOfSpectra,2
SampleID,
AcquisitionDateTime,4/28/2025 6:54:17 PM
TotalElapsedTimeInSeconds,120
AnodeTakeOffAngle,45
SampleIncidenceAngle,45
BeThicknessInMicroMeters,125
SampleTakeOffAngle,65
SpotSizeUsed,8
NumberOfUserCustomFields,5
UserCustomFieldHeader,FieldName,FieldValue
UserCustomField,Operator,Supervisor
UserCustomField,Material,Standard
UserCustomField,ID,
UserCustomField,Probe,SiO2
UserCustomField,Projekt,ESPRIT
AnalysisMode,32
AnalysisType,1
UsedAutoCalSelect,False
ResultUnits,PPM
ErrorMultiplier,2
CalFileName,MudrockDual
CalPackageName,
CalPackagePartNumber,
TypeStandardizationSetName,
NumberOfElementsInCalculatedResults,27
CalculatedResults:AtomicNum,ElementSymbol,Units,Value,TypeStandardizedValue,Error,RangeMin,RangeMax,Tramp,Nominal
12,Mg,PPM,0.2445316,0.2445316,0.03784731,0,0,False,False
13,Al,PPM,0,0,0.00972036,0,0,False,False
14,Si,PPM,27.57742,27.57742,0.04035503,0,0,False,False
15,P,PPM,0.006525771,0.006525771,0.002192085,0,0,False,False
16,S,PPM,0.05519606,0.05519606,0.001767044,0,0,False,False
19,K,PPM,0,0,0.000908618,0,0,False,False
20,Ca,PPM,0.0005199765,0.0005199765,0.0006568357,0,0,False,False
22,Ti,PPM,0.00490073,0.00490073,0.0005563695,0,0,False,False
23,V,PPM,0.001045169,0.001045169,0.0004185773,0,0,False,False
24,Cr,PPM,0.003841359,0.003841359,0.0003035944,0,0,False,False
25,Mn,PPM,0.006732738,0.006732738,0.0003816717,0,0,False,False
26,Fe,PPM,0.01550952,0.01550952,0.0005759178,0,0,False,False
27,Co,PPM,0,0,9.907237E-06,0,0,False,False
28,Ni,PPM,0.0001333097,0.0001333097,7.477275E-05,0,0,False,False
29,Cu,PPM,0.001158208,0.001158208,8.745945E-05,0,0,False,False
30,Zn,PPM,0,0,6.934111E-05,0,0,False,False
33,As,PPM,0,0,7.231593E-05,0,0,False,False
37,Rb,PPM,9.001711E-05,9.001711E-05,8.627273E-05,0,0,False,False
38,Sr,PPM,7.151294E-05,7.151294E-05,7.938354E-05,0,0,False,False
39,Y,PPM,7.429367E-05,7.429367E-05,8.732339E-05,0,0,False,False
40,Zr,PPM,0,0,9.14286E-05,0,0,False,False
41,Nb,PPM,0,0,0.0001013672,0,0,False,False
42,Mo,PPM,0.0001069533,0.0001069533,0.000112672,0,0,False,False
56,Ba,PPM,0.008883342,0.008883342,0.005836627,0,0,False,False
82,Pb,PPM,0,0,0.0001625825,0,0,False,False
90,Th,PPM,0,0,2.133188E-05,0,0,False,False
92,U,PPM,0.0001234172,0.0001234172,0.0002509728,0,0,False,False
MatchSpreadThreshold,0.05
IsTrampEnabled,False
IsNominalEnabled,False
NumberOfGradeIDMatchResults,3
GradeIDMatchResultsHeader,GradeID,MatchConfidence
GradeIDMatchResult,,0
GradeIDMatchResult,,0
GradeIDMatchResult,,0
ParametersForEachSpectrum,Spectrum 1,,Spectrum 2,
XrayVoltageInkV,40,,15,
XrayFilamentCurrentInMicroAmps,38.85,,27.9,
RawCounts,2703222,,1876974,
ValidCounts,2224701,,1609110,
eVPerChannel,20,,20,
StartingKeV,0.0005066394,,0.0005066394,
ZeroOffsetInKeV,-0.0005066394,,-0.0005066394,
StartingChannel,0.02533197,,0.02533197,
NumberOfChannels,2048,,2048,
CountsPerSecond,53680.08,,33902.43,
XilinxFirmwareVersion,,,,
IlluminationID,MudRock Trace40,,MudRock Maj15,
Filter1ElementAtomicNum,22,,0,
Filter1Thickness,25,,0,
Filter2ElementAtomicNum,13,,0,
Filter2Thickness,300,,0,
Filter3ElementAtomicNum,0,,0,
Filter3Thickness,0,,0,
AcquisitionDateTime,4/28/2025 6:54:17 PM,,4/28/2025 6:54:17 PM,
LiveTimeInSeconds,44.144,,51.35802,
DeadTimeInSeconds,6.214003,,4.006001,
ResetTimeInSeconds,5.937999,,0.9049995,
DetectorTempInC,-27,,-27,
AmbientTempInF,128.9,,128.9,
NosePressureInMilliBars,1001,,1001,
NoseTemperatureInC,48,,48,
ActiveTimeInSeconds,50.35801,,55.364,
PacketTimeInSeconds,56.29601,,56.269,
CommunicationTimeInSeconds,,,,
ElapsedClockTimeInSeconds,60,,60,
Spectrum:ChannelNumber,ChannelStartInKeV,ChannelCount,ChannelStartInKeV,ChannelCount
1,0.0005066394,0,0.0005066394,0
2,0.02050664,0,0.02050664,0
3,0.04050664,0,0.04050664,0
4,0.06050664,0,0.06050664,0
5,0.08050664,0,0.08050664,0
6,0.1005066,0,0.1005066,0
7,0.1205066,0,0.1205066,0
8,0.1405066,0,0.1405066,0
9,0.1605066,0,0.1605066,0
10,0.1805066,0,0.1805066,0
11,0.2005066,0,0.2005066,0
12,0.2205066,0,0.2205066,0
13,0.2405066,0,0.2405066,0
14,0.2605066,0,0.2605066,0
15,0.2805066,7,0.2805066,4
16,0.3005067,83,0.3005067,87
17,0.3205066,610,0.3205066,598
18,0.3405066,2761,0.3405066,2890
19,0.3605067,7205,0.3605067,8197
20,0.3805066,11465,0.3805066,13857
21,0.4005066,11281,0.4005066,13818
22,0.4205066,7010,0.4205066,8087
23,0.4405066,2531,0.4405066,2834
24,0.4605066,594,0.4605066,568
25,0.4805066,112,0.4805066,69
26,0.5005066,16,0.5005066,9
27,0.5205066,14,0.5205066,0
28,0.5405067,2,0.5405067,1
29,0.5605066,5,0.5605066,2
30,0.5805066,3,0.5805066,2
31,0.6005067,2,0.6005067,2
32,0.6205066,5,0.6205066,3
33,0.6405066,1,0.6405066,1
34,0.6605067,1,0.6605067,2
35,0.6805066,743,0.6805066,62
36,0.7005066,747,0.7005066,62
37,0.7205067,750,0.7205067,60
38,0.7405066,741,0.7405066,74
39,0.7605066,730,0.7605066,65
40,0.7805066,747,0.7805066,59
41,0.8005067,741,0.8005067,57
42,0.8205066,705,0.8205066,60
43,0.8405066,727,0.8405066,66
44,0.8605067,711,0.8605067,61
45,0.8805066,732,0.8805066,120
46,0.9005066,720,0.9005066,127
47,0.9205067,681,0.9205067,204
48,0.9405066,725,0.9405066,239
49,0.9605066,685,0.9605066,248
50,0.9805067,705,0.9805067,147
51,1.000507,693,1.000507,146
52,1.020507,633,1.020507,91
53,1.040507,688,1.040507,117
54,1.060507,739,1.060507,136
55,1.080507,664,1.080507,179
56,1.100507,652,1.100507,141
57,1.120507,667,1.120507,143
58,1.140507,660,1.140507,144
59,1.160507,637,1.160507,164
60,1.180507,659,1.180507,188
61,1.200507,649,1.200507,226
62,1.220507,667,1.220507,186
63,1.240507,668,1.240507,154
64,1.260507,619,1.260507,133
65,1.280507,616,1.280507,97
66,1.300507,604,1.300507,96
67,1.320507,589,1.320507,99
68,1.340507,589,1.340507,107
69,1.360507,601,1.360507,112
70,1.380507,572,1.380507,130
71,1.400507,574,1.400507,168
72,1.420507,639,1.420507,229
73,1.440507,600,1.440507,358
74,1.460507,595,1.460507,450
75,1.480507,620,1.480507,512
76,1.500507,621,1.500507,531
77,1.520507,591,1.520507,507
78,1.540507,516,1.540507,528
79,1.560507,524,1.560507,507
80,1.580507,533,1.580507,541
81,1.600507,533,1.600507,840
82,1.620507,517,1.620507,2197
83,1.640507,645,1.640507,7409
84,1.660507,871,1.660507,21249
85,1.680507,1315,1.680507,48789
86,1.700507,1941,1.700507,87690
87,1.720507,2528,1.720507,119337
88,1.740507,2621,1.740507,127271
89,1.760507,2193,1.760507,104840
90,1.780507,1603,1.780507,67167
91,1.800507,1087,1.800507,35700
92,1.820507,753,1.820507,17577
93,1.840507,618,1.840507,8712
94,1.860507,549,1.860507,4677
95,1.880507,491,1.880507,2409
96,1.900507,466,1.900507,1185
97,1.920507,479,1.920507,493
98,1.940507,418,1.940507,231
99,1.960507,437,1.960507,150
100,1.980507,433,1.980507,150
101,2.000507,456,2.000507,146
102,2.020507,425,2.020507,159
103,2.040507,459,2.040507,159
104,2.060507,405,2.060507,179
105,2.080507,382,2.080507,167
106,2.100507,393,2.100507,165
107,2.120507,433,2.120507,190
108,2.140507,389,2.140507,169
109,2.160507,410,2.160507,217
110,2.180507,351,2.180507,260
111,2.200507,386,2.200507,272
112,2.220507,376,2.220507,301
113,2.240507,407,2.240507,355
114,2.260507,365,2.260507,334
115,2.280507,364,2.280507,377
116,2.300507,349,2.300507,443
117,2.320507,352,2.320507,506
118,2.340507,351,2.340507,601
119,2.360507,357,2.360507,641
120,2.380507,340,2.380507,666
121,2.400507,366,2.400507,618
122,2.420507,342,2.420507,565
123,2.440507,321,2.440507,500
124,2.460507,336,2.460507,470
125,2.480507,304,2.480507,483
126,2.500507,312,2.500507,489
127,2.520507,319,2.520507,559
128,2.540507,293,2.540507,615
129,2.560507,292,2.560507,832
130,2.580507,299,2.580507,1286
131,2.600507,300,2.600507,2150
132,2.620507,296,2.620507,3661
133,2.640507,291,2.640507,5778
134,2.660507,285,2.660507,8240
135,2.680507,303,2.680507,10196
136,2.700507,275,2.700507,10459
137,2.720507,267,2.720507,9266
138,2.740507,300,2.740507,7138
139,2.760507,293,2.760507,5600
140,2.780507,249,2.780507,5037
141,2.800507,267,2.800507,5637
142,2.820507,261,2.820507,6138
143,2.840507,269,2.840507,6495
144,2.860507,292,2.860507,6408
145,2.880507,345,2.880507,6410
146,2.900507,381,2.900507,6916
147,2.920507,471,2.920507,8336
148,2.940507,502,2.940507,9346
149,2.960507,543,2.960507,9354
150,2.980507,508,2.980507,8242
151,3.000507,388,3.000507,6222
152,3.020507,330,3.020507,4226
153,3.040507,301,3.040507,2583
154,3.060507,214,3.060507,1700
155,3.080507,234,3.080507,1211
156,3.100507,210,3.100507,1067
157,3.120507,196,3.120507,1108
158,3.140507,227,3.140507,1279
159,3.160507,219,3.160507,1407
160,3.180507,215,3.180507,1376
161,3.200507,211,3.200507,1292
162,3.220507,205,3.220507,1168
163,3.240507,196,3.240507,905
164,3.260507,185,3.260507,732
165,3.280507,181,3.280507,629
166,3.300507,206,3.300507,588
167,3.320507,178,3.320507,643
168,3.340507,182,3.340507,678
169,3.360507,169,3.360507,666
170,3.380507,134,3.380507,628
171,3.400507,176,3.400507,625
172,3.420507,172,3.420507,567
173,3.440507,162,3.440507,610
174,3.460507,156,3.460507,698
175,3.480507,130,3.480507,607
176,3.500507,157,3.500507,643
177,3.520507,123,3.520507,637
178,3.540507,151,3.540507,514
179,3.560507,158,3.560507,511
180,3.580507,130,3.580507,479
181,3.600507,136,3.600507,461
182,3.620507,165,3.620507,490
183,3.640507,194,3.640507,483
184,3.660507,176,3.660507,466
185,3.680507,167,3.680507,489
186,3.700507,166,3.700507,496
187,3.720507,154,3.720507,522
188,3.740507,161,3.740507,528
189,3.760507,132,3.760507,578
190,3.780507,107,3.780507,605
191,3.800507,107,3.800507,617
192,3.820507,121,3.820507,566
193,3.840507,93,3.840507,648
194,3.860507,99,3.860507,637
195,3.880507,111,3.880507,667
196,3.900507,92,3.900507,699
197,3.920507,97,3.920507,724
198,3.940507,96,3.940507,758
199,3.960507,107,3.960507,813
200,3.980507,88,3.980507,757
201,4.000506,100,4.000506,776
202,4.020507,105,4.020507,725
203,4.040507,82,4.040507,679
204,4.060507,81,4.060507,676
205,4.080507,73,4.080507,681
206,4.100507,79,4.100507,696
207,4.120507,80,4.120507,642
208,4.140507,77,4.140507,683
209,4.160507,63,4.160507,723
210,4.180507,80,4.180507,724
211,4.200507,70,4.200507,713
212,4.220507,61,4.220507,740
213,4.240507,67,4.240507,753
214,4.260507,62,4.260507,727
215,4.280507,62,4.280507,748
216,4.300507,71,4.300507,773
217,4.320507,68,4.320507,718
218,4.340507,58,4.340507,811
219,4.360507,65,4.360507,851
220,4.380507,64,4.380507,880
221,4.400506,62,4.400506,919
222,4.420506,52,4.420506,990
223,4.440506,59,4.440506,1023
224,4.460506,64,4.460506,1086
225,4.480506,66,4.480506,1100
226,4.500506,68,4.500506,1180
227,4.520507,76,4.520507,1102
228,4.540507,68,4.540507,1111
229,4.560507,74,4.560507,1076
230,4.580507,56,4.580507,1023
231,4.600507,58,4.600507,1054
232,4.620507,52,4.620507,996
233,4.640507,59,4.640507,942
234,4.660507,62,4.660507,905
235,4.680507,54,4.680507,931
236,4.700507,63,4.700507,966
237,4.720507,54,4.720507,1027
238,4.740507,58,4.740507,1023
239,4.760507,56,4.760507,1110
240,4.780507,47,4.780507,1090
241,4.800507,63,4.800507,1111
242,4.820507,51,4.820507,1103
243,4.840507,33,4.840507,1137
244,4.860507,53,4.860507,1107
245,4.880507,49,4.880507,1146
246,4.900506,54,4.900506,1113
247,4.920506,63,4.920506,1218
248,4.940506,45,4.940506,1205
249,4.960506,35,4.960506,1236
250,4.980506,50,4.980506,1180
251,5.000506,40,5.000506,1208
252,5.020507,50,5.020507,1286
253,5.040507,44,5.040507,1345
254,5.060507,42,5.060507,1297
255,5.080507,40,5.080507,1285
256,5.100507,38,5.100507,1362
257,5.120507,36,5.120507,1372
258,5.140507,49,5.140507,1414
259,5.160507,42,5.160507,1422
260,5.180507,39,5.180507,1464
261,5.200507,30,5.200507,1464
262,5.220507,35,5.220507,1536
263,5.240507,46,5.240507,1594
264,5.260507,45,5.260507,1623
265,5.280507,26,5.280507,1708
266,5.300507,33,5.300507,1833
267,5.320507,36,5.320507,1802
268,5.340507,45,5.340507,1912
269,5.360507,57,5.360507,1941
270,5.380507,53,5.380507,1957
271,5.400506,39,5.400506,1922
272,5.420506,43,5.420506,1999
273,5.440506,51,5.440506,1867
274,5.460506,43,5.460506,1880
275,5.480506,35,5.480506,1869
276,5.500506,35,5.500506,1781
277,5.520507,37,5.520507,1746
278,5.540507,37,5.540507,1744
279,5.560507,33,5.560507,1805
280,5.580507,35,5.580507,1934
281,5.600507,47,5.600507,1820
282,5.620507,38,5.620507,1998
283,5.640507,37,5.640507,1962
284,5.660507,40,5.660507,1948
285,5.680507,30,5.680507,1981
286,5.700507,41,5.700507,1984
287,5.720507,33,5.720507,1917
288,5.740507,34,5.740507,2028
289,5.760507,45,5.760507,1893
290,5.780507,36,5.780507,1869
291,5.800507,37,5.800507,1800
292,5.820507,32,5.820507,1882
293,5.840507,51,5.840507,1753
294,5.860507,58,5.860507,1762
295,5.880507,51,5.880507,1752
296,5.900506,51,5.900506,1764
297,5.920506,39,5.920506,1752
298,5.940506,44,5.940506,1791
299,5.960506,35,5.960506,1735
300,5.980506,42,5.980506,1691
301,6.000506,43,6.000506,1611
302,6.020507,37,6.020507,1721
303,6.040507,49,6.040507,1754
304,6.060507,33,6.060507,1771
305,6.080507,32,6.080507,1747
306,6.100507,47,6.100507,1821
307,6.120507,29,6.120507,1853
308,6.140507,36,6.140507,1743
309,6.160507,27,6.160507,1910
310,6.180507,34,6.180507,1749
311,6.200507,44,6.200507,1878
312,6.220507,34,6.220507,1853
313,6.240507,32,6.240507,1928
314,6.260507,41,6.260507,1849
315,6.280507,38,6.280507,1896
316,6.300507,45,6.300507,1888
317,6.320507,41,6.320507,1948
318,6.340507,58,6.340507,1990
319,6.360507,71,6.360507,2152
320,6.380507,56,6.380507,2205
321,6.400506,61,6.400506,2254
322,6.420506,76,6.420506,2149
323,6.440506,46,6.440506,2091
324,6.460506,65,6.460506,2189
325,6.480506,44,6.480506,1925
326,6.500506,47,6.500506,1971
327,6.520507,24,6.520507,1907
328,6.540507,26,6.540507,1868
329,6.560507,34,6.560507,1834
330,6.580507,36,6.580507,1873
331,6.600507,45,6.600507,1770
332,6.620507,37,6.620507,1668
333,6.640507,29,6.640507,1722
334,6.660507,36,6.660507,1693
335,6.680507,38,6.680507,1608
336,6.700507,26,6.700507,1734
337,6.720507,35,6.720507,1640
338,6.740507,22,6.740507,1706
339,6.760507,33,6.760507,1690
340,6.780507,40,6.780507,1648
341,6.800507,39,6.800507,1725
342,6.820507,33,6.820507,1748
343,6.840507,49,6.840507,1845
344,6.860507,34,6.860507,1742
345,6.880507,29,6.880507,1782
346,6.900506,30,6.900506,1802
347,6.920506,35,6.920506,1911
348,6.940506,33,6.940506,1830
349,6.960506,49,6.960506,1781
350,6.980506,43,6.980506,1812
351,7.000506,35,7.000506,1782
352,7.020507,29,7.020507,1782
353,7.040507,33,7.040507,1869
354,7.060507,44,7.060507,1749
355,7.080507,37,7.080507,1691
356,7.100507,31,7.100507,1708
357,7.120507,46,7.120507,1691
358,7.140507,39,7.140507,1729
359,7.160507,40,7.160507,1782
360,7.180507,22,7.180507,1746
361,7.200507,32,7.200507,1843
362,7.220507,35,7.220507,1842
363,7.240507,34,7.240507,1890
364,7.260507,31,7.260507,1907
365,7.280507,32,7.280507,2139
366,7.300507,45,7.300507,1932
367,7.320507,43,7.320507,2058
368,7.340507,44,7.340507,2087
369,7.360507,45,7.360507,2244
370,7.380507,43,7.380507,2433
371,7.400506,40,7.400506,2693
372,7.420506,44,7.420506,2762
373,7.440506,49,7.440506,2970
374,7.460506,58,7.460506,3054
375,7.480506,46,7.480506,2996
376,7.500506,55,7.500506,2836
377,7.520507,45,7.520507,2619
378,7.540507,43,7.540507,2437
379,7.560507,39,7.560507,2007
380,7.580507,64,7.580507,1970
381,7.600507,35,7.600507,1796
382,7.620507,33,7.620507,1672
383,7.640507,49,7.640507,1657
384,7.660507,50,7.660507,1664
385,7.680507,60,7.680507,1642
386,7.700507,48,7.700507,1704
387,7.720507,57,7.720507,1626
388,7.740507,43,7.740507,1634
389,7.760507,58,7.760507,1666
390,7.780507,53,7.780507,1667
391,7.800507,48,7.800507,1742
392,7.820507,58,7.820507,1635
393,7.840507,49,7.840507,1576
394,7.860507,78,7.860507,1666
395,7.880507,78,7.880507,1632
396,7.900506,77,7.900506,1661
397,7.920506,74,7.920506,1711
398,7.940506,81,7.940506,1677
399,7.960506,114,7.960506,1663
400,7.980506,128,7.980506,1845
401,8.000506,129,8.000506,1680
402,8.020507,141,8.020507,1770
403,8.040506,132,8.040506,1747
404,8.060507,139,8.060507,1792
405,8.080506,133,8.080506,1744
406,8.100507,119,8.100507,1708
407,8.120506,101,8.120506,1759
408,8.140507,88,8.140507,1761
409,8.160506,62,8.160506,1797
410,8.180507,73,8.180507,1782
411,8.200506,69,8.200506,1821
412,8.220507,70,8.220507,1894
413,8.240506,75,8.240506,1841
414,8.260507,72,8.260507,1857
415,8.280507,55,8.280507,1912
416,8.300507,70,8.300507,1822
417,8.320507,60,8.320507,1812
418,8.340507,75,8.340507,1868
419,8.360507,74,8.360507,1769
420,8.380507,68,8.380507,1624
421,8.400507,83,8.400507,1773
422,8.420506,76,8.420506,1819
423,8.440507,64,8.440507,1683
424,8.460506,64,8.460506,1717
425,8.480507,94,8.480507,1742
426,8.500506,83,8.500506,1742
427,8.520507,90,8.520507,1742
428,8.540506,93,8.540506,1728
429,8.560507,108,8.560507,1729
430,8.580506,148,8.580506,1759
431,8.600507,136,8.600507,1827
432,8.620506,144,8.620506,1752
433,8.640507,124,8.640507,1727
434,8.660506,137,8.660506,1768
435,8.680507,119,8.680507,1749
436,8.700506,110,8.700506,1804
437,8.720507,105,8.720507,1815
438,8.740506,116,8.740506,1865
439,8.760507,106,8.760507,1811
440,8.780507,77,8.780507,1828
441,8.800507,87,8.800507,1907
442,8.820507,88,8.820507,1855
443,8.840507,112,8.840507,1837
444,8.860507,106,8.860507,1918
445,8.880507,125,8.880507,1938
446,8.900507,120,8.900507,1937
447,8.920506,91,8.920506,1900
448,8.940507,109,8.940507,1897
449,8.960506,131,8.960506,1825
450,8.980507,114,8.980507,1969
451,9.000506,107,9.000506,1874
452,9.020507,116,9.020507,1931
453,9.040506,108,9.040506,1845
454,9.060507,125,9.060507,1852
455,9.080506,112,9.080506,1795
456,9.100507,110,9.100507,1872
457,9.120506,130,9.120506,1919
458,9.140507,99,9.140507,1898
459,9.160506,128,9.160506,1897
460,9.180507,129,9.180507,1942
461,9.200506,131,9.200506,1858
462,9.220507,129,9.220507,1915
463,9.240506,134,9.240506,1884
464,9.260507,127,9.260507,1911
465,9.280507,132,9.280507,1958
466,9.300507,129,9.300507,1966
467,9.320507,139,9.320507,1863
468,9.340507,185,9.340507,1924
469,9.360507,160,9.360507,1923
470,9.380507,121,9.380507,1953
471,9.400507,171,9.400507,1906
472,9.420506,176,9.420506,1995
473,9.440507,156,9.440507,1931
474,9.460506,180,9.460506,1882
475,9.480507,172,9.480507,1885
476,9.500506,188,9.500506,1933
477,9.520507,184,9.520507,1912
478,9.540506,201,9.540506,1879
479,9.560507,184,9.560507,1871
480,9.580506,195,9.580506,1887
481,9.600507,201,9.600507,1827
482,9.620506,209,9.620506,1867
483,9.640507,199,9.640507,1832
484,9.660506,238,9.660506,1769
485,9.680507,215,9.680507,1849
486,9.700506,230,9.700506,1847
487,9.720507,193,9.720507,1755
488,9.740506,222,9.740506,1815
489,9.760507,228,9.760507,1823
490,9.780507,234,9.780507,1797
491,9.800507,277,9.800507,1895
492,9.820507,245,9.820507,1826
493,9.840507,257,9.840507,1859
494,9.860507,216,9.860507,1861
495,9.880507,261,9.880507,1806
496,9.900507,222,9.900507,1792
497,9.920506,275,9.920506,1916
498,9.940507,289,9.940507,1879
499,9.960506,269,9.960506,1841
500,9.980507,242,9.980507,1814
501,10.00051,249,10.00051,1870
502,10.02051,272,10.02051,1822
503,10.04051,242,10.04051,1806
504,10.06051,275,10.06051,1766
505,10.08051,270,10.08051,1694
506,10.10051,275,10.10051,1802
507,10.12051,260,10.12051,1809
508,10.14051,288,10.14051,1763
509,10.16051,300,10.16051,1822
510,10.18051,294,10.18051,1781
511,10.20051,302,10.20051,1777
512,10.22051,309,10.22051,1802
513,10.24051,332,10.24051,1765
514,10.26051,327,10.26051,1777
515,10.28051,343,10.28051,1755
516,10.30051,329,10.30051,1771
517,10.32051,324,10.32051,1754
518,10.34051,346,10.34051,1780
519,10.36051,319,10.36051,1783
520,10.38051,338,10.38051,1782
521,10.40051,328,10.40051,1662
522,10.42051,390,10.42051,1767
523,10.44051,398,10.44051,1674
524,10.46051,345,10.46051,1747
525,10.48051,365,10.48051,1740
526,10.50051,404,10.50051,1731
527,10.52051,363,10.52051,1714
528,10.54051,373,10.54051,1679
529,10.56051,390,10.56051,1703
530,10.58051,443,10.58051,1688
531,10.60051,436,10.60051,1685
532,10.62051,389,10.62051,1745
533,10.64051,420,10.64051,1649
534,10.66051,446,10.66051,1708
535,10.68051,453,10.68051,1640
536,10.70051,438,10.70051,1635
537,10.72051,461,10.72051,1707
538,10.74051,431,10.74051,1599
539,10.76051,426,10.76051,1574
540,10.78051,462,10.78051,1650
541,10.80051,407,10.80051,1678
542,10.82051,470,10.82051,1636
543,10.84051,480,10.84051,1636
544,10.86051,478,10.86051,1650
545,10.88051,546,10.88051,1587
546,10.90051,488,10.90051,1560
547,10.92051,500,10.92051,1552
548,10.94051,511,10.94051,1579
549,10.96051,544,10.96051,1543
550,10.98051,504,10.98051,1535
551,11.00051,552,11.00051,1501
552,11.02051,529,11.02051,1474
553,11.04051,540,11.04051,1461
554,11.06051,560,11.06051,1423
555,11.08051,533,11.08051,1554
556,11.10051,540,11.10051,1533
557,11.12051,526,11.12051,1525
558,11.14051,526,11.14051,1426
559,11.16051,577,11.16051,1379
560,11.18051,618,11.18051,1439
561,11.20051,591,11.20051,1443
562,11.22051,596,11.22051,1391
563,11.24051,585,11.24051,1419
564,11.26051,607,11.26051,1448
565,11.28051,588,11.28051,1395
566,11.30051,658,11.30051,1455
567,11.32051,630,11.32051,1397
568,11.34051,667,11.34051,1399
569,11.36051,663,11.36051,1379
570,11.38051,663,11.38051,1346
571,11.40051,679,11.40051,1325
572,11.42051,662,11.42051,1396
573,11.44051,622,11.44051,1319
574,11.46051,653,11.46051,1367
575,11.48051,669,11.48051,1345
576,11.50051,706,11.50051,1355
577,11.52051,725,11.52051,1361
578,11.54051,645,11.54051,1312
579,11.56051,681,11.56051,1300
580,11.58051,674,11.58051,1332
581,11.60051,696,11.60051,1337
582,11.62051,709,11.62051,1343
583,11.64051,743,11.64051,1285
584,11.66051,719,11.66051,1291
585,11.68051,756,11.68051,1306
586,11.70051,718,11.70051,1176
587,11.72051,724,11.72051,1281
588,11.74051,740,11.74051,1244
589,11.76051,741,11.76051,1281
590,11.78051,750,11.78051,1198
591,11.80051,777,11.80051,1246
592,11.82051,763,11.82051,1283
593,11.84051,828,11.84051,1112
594,11.86051,784,11.86051,1211
595,11.88051,788,11.88051,1197
596,11.90051,805,11.90051,1182
597,11.92051,844,11.92051,1198
598,11.94051,819,11.94051,1168
599,11.96051,783,11.96051,1201
600,11.98051,852,11.98051,1129
601,12.00051,713,12.00051,1182
602,12.02051,845,12.02051,1170
603,12.04051,837,12.04051,1143
604,12.06051,895,12.06051,1170
605,12.08051,858,12.08051,1150
606,12.10051,905,12.10051,1048
607,12.12051,832,12.12051,1096
608,12.14051,883,12.14051,1040
609,12.16051,907,12.16051,1053
610,12.18051,897,12.18051,1068
611,12.20051,920,12.20051,1102
612,12.22051,868,12.22051,1060
613,12.24051,929,12.24051,1065
614,12.26051,963,12.26051,1032
615,12.28051,935,12.28051,990
616,12.30051,929,12.30051,1044
617,12.32051,950,12.32051,948
618,12.34051,973,12.34051,1032
619,12.36051,963,12.36051,1014
620,12.38051,967,12.38051,951
621,12.40051,992,12.40051,1029
622,12.42051,955,12.42051,940
623,12.44051,994,12.44051,991
624,12.46051,962,12.46051,916
625,12.48051,990,12.48051,951
626,12.50051,987,12.50051,935
627,12.52051,1012,12.52051,894
628,12.54051,1011,12.54051,949
629,12.56051,1059,12.56051,965
630,12.58051,1056,12.58051,910
631,12.60051,1078,12.60051,890
632,12.62051,1020,12.62051,890
633,12.64051,1011,12.64051,895
634,12.66051,1058,12.66051,869
635,12.68051,1102,12.68051,892
636,12.70051,1062,12.70051,834
637,12.72051,1119,12.72051,811
638,12.74051,1107,12.74051,780
639,12.76051,1105,12.76051,939
640,12.78051,1079,12.78051,848
641,12.80051,1181,12.80051,805
642,12.82051,1117,12.82051,811
643,12.84051,1089,12.84051,797
644,12.86051,1116,12.86051,813
645,12.88051,1165,12.88051,784
646,12.90051,1130,12.90051,727
647,12.92051,1186,12.92051,733
648,12.94051,1176,12.94051,810
649,12.96051,1195,12.96051,744
650,12.98051,1184,12.98051,756
651,13.00051,1227,13.00051,718
652,13.02051,1233,13.02051,756
653,13.04051,1189,13.04051,728
654,13.06051,1237,13.06051,742
655,13.08051,1290,13.08051,696
656,13.10051,1198,13.10051,758
657,13.12051,1226,13.12051,667
658,13.14051,1204,13.14051,721
659,13.16051,1238,13.16051,669
660,13.18051,1221,13.18051,703
661,13.20051,1235,13.20051,656
662,13.22051,1277,13.22051,635
663,13.24051,1248,13.24051,583
664,13.26051,1267,13.26051,616
665,13.28051,1288,13.28051,601
666,13.30051,1310,13.30051,608
667,13.32051,1337,13.32051,635
668,13.34051,1317,13.34051,603
669,13.36051,1367,13.36051,596
670,13.38051,1332,13.38051,589
671,13.40051,1389,13.40051,563
672,13.42051,1394,13.42051,558
673,13.44051,1355,13.44051,533
674,13.46051,1386,13.46051,537
675,13.48051,1396,13.48051,526
676,13.50051,1405,13.50051,559
677,13.52051,1417,13.52051,522
678,13.54051,1483,13.54051,511
679,13.56051,1398,13.56051,536
680,13.58051,1380,13.58051,467
681,13.60051,1414,13.60051,503
682,13.62051,1416,13.62051,460
683,13.64051,1372,13.64051,473
684,13.66051,1434,13.66051,453
685,13.68051,1485,13.68051,470
686,13.70051,1470,13.70051,466
687,13.72051,1493,13.72051,399
688,13.74051,1456,13.74051,438
689,13.76051,1587,13.76051,433
690,13.78051,1495,13.78051,377
691,13.80051,1501,13.80051,410
692,13.82051,1453,13.82051,338
693,13.84051,1552,13.84051,378
694,13.86051,1520,13.86051,356
695,13.88051,1601,13.88051,344
696,13.90051,1519,13.90051,341
697,13.92051,1541,13.92051,336
698,13.94051,1552,13.94051,312
699,13.96051,1537,13.96051,325
700,13.98051,1503,13.98051,340
701,14.00051,1501,14.00051,304
702,14.02051,1574,14.02051,288
703,14.04051,1605,14.04051,268
704,14.06051,1500,14.06051,265
705,14.08051,1610,14.08051,234
706,14.10051,1662,14.10051,240
707,14.12051,1587,14.12051,221
708,14.14051,1595,14.14051,214
709,14.16051,1633,14.16051,209
710,14.18051,1642,14.18051,185
711,14.20051,1644,14.20051,216
712,14.22051,1632,14.22051,217
713,14.24051,1618,14.24051,221
714,14.26051,1646,14.26051,174
715,14.28051,1728,14.28051,172
716,14.30051,1635,14.30051,171
717,14.32051,1630,14.32051,168
718,14.34051,1664,14.34051,165
719,14.36051,1657,14.36051,152
720,14.38051,1732,14.38051,139
721,14.40051,1683,14.40051,159
722,14.42051,1690,14.42051,129
723,14.44051,1733,14.44051,130
724,14.46051,1718,14.46051,106
725,14.48051,1752,14.48051,94
726,14.50051,1724,14.50051,88
727,14.52051,1799,14.52051,103
728,14.54051,1793,14.54051,80
729,14.56051,1714,14.56051,93
730,14.58051,1682,14.58051,78
731,14.60051,1701,14.60051,77
732,14.62051,1714,14.62051,81
733,14.64051,1711,14.64051,67
734,14.66051,1779,14.66051,68
735,14.68051,1770,14.68051,70
736,14.70051,1722,14.70051,64
737,14.72051,1732,14.72051,57
738,14.74051,1761,14.74051,62
739,14.76051,1826,14.76051,53
740,14.78051,1792,14.78051,45
741,14.80051,1869,14.80051,46
742,14.82051,1686,14.82051,34
743,14.84051,1775,14.84051,31
744,14.86051,1813,14.86051,21
745,14.88051,1868,14.88051,26
746,14.90051,1832,14.90051,18
747,14.92051,1848,14.92051,11
748,14.94051,1877,14.94051,14
749,14.96051,1872,14.96051,14
750,14.98051,1808,14.98051,11
751,15.00051,1901,15.00051,6
752,15.02051,1804,15.02051,5
753,15.04051,1827,15.04051,6
754,15.06051,1883,15.06051,7
755,15.08051,1932,15.08051,4
756,15.10051,1892,15.10051,4
757,15.12051,1861,15.12051,4
758,15.14051,1908,15.14051,8
759,15.16051,1882,15.16051,3
760,15.18051,1899,15.18051,9
761,15.20051,1895,15.20051,6
762,15.22051,2009,15.22051,8
763,15.24051,1836,15.24051,2
764,15.26051,1911,15.26051,6
765,15.28051,1947,15.28051,7
766,15.30051,1891,15.30051,5
767,15.32051,1902,15.32051,5
768,15.34051,1925,15.34051,2
769,15.36051,1920,15.36051,0
770,15.38051,1965,15.38051,7
771,15.40051,1859,15.40051,2
772,15.42051,1929,15.42051,3
773,15.44051,1968,15.44051,4
774,15.46051,1929,15.46051,5
775,15.48051,1948,15.48051,4
776,15.50051,1882,15.50051,3
777,15.52051,1938,15.52051,6
778,15.54051,1979,15.54051,7
779,15.56051,1873,15.56051,3
780,15.58051,1930,15.58051,4
781,15.60051,1963,15.60051,5
782,15.62051,1903,15.62051,5
783,15.64051,2016,15.64051,4
784,15.66051,2043,15.66051,1
785,15.68051,2005,15.68051,4
786,15.70051,2031,15.70051,8
787,15.72051,2046,15.72051,7
788,15.74051,1939,15.74051,2
789,15.76051,2058,15.76051,2
790,15.78051,1989,15.78051,4
791,15.80051,1922,15.80051,4
792,15.82051,1971,15.82051,3
793,15.84051,1995,15.84051,5
794,15.86051,2014,15.86051,2
795,15.88051,1989,15.88051,3
796,15.90051,1968,15.90051,0
797,15.92051,1983,15.92051,5
798,15.94051,1962,15.94051,3
799,15.96051,2106,15.96051,3
800,15.98051,1994,15.98051,1
801,16.00051,2018,16.00051,3
802,16.02051,2054,16.02051,1
803,16.04051,1968,16.04051,3
804,16.06051,2070,16.06051,3
805,16.08051,2096,16.08051,4
806,16.10051,2015,16.10051,2
807,16.12051,2078,16.12051,3
808,16.14051,2030,16.14051,6
809,16.16051,2063,16.16051,5
810,16.18051,2040,16.18051,1
811,16.20051,2094,16.20051,2
812,16.22051,2140,16.22051,1
813,16.24051,2162,16.24051,5
814,16.26051,2057,16.26051,1
815,16.28051,2049,16.28051,7
816,16.30051,2071,16.30051,4
817,16.32051,2092,16.32051,4
818,16.34051,2149,16.34051,3
819,16.36051,2132,16.36051,3
820,16.38051,2065,16.38051,2
821,16.40051,2077,16.40051,5
822,16.42051,2082,16.42051,4
823,16.44051,2096,16.44051,0
824,16.46051,2108,16.46051,1
825,16.48051,2103,16.48051,2
826,16.50051,2182,16.50051,2
827,16.52051,2061,16.52051,2
828,16.54051,2165,16.54051,2
829,16.56051,2097,16.56051,2
830,16.58051,2170,16.58051,3
831,16.60051,2239,16.60051,3
832,16.62051,2122,16.62051,1
833,16.64051,2166,16.64051,2
834,16.66051,2223,16.66051,2
835,16.68051,2081,16.68051,5
836,16.70051,2063,16.70051,2
837,16.72051,2196,16.72051,3
838,16.74051,2174,16.74051,3
839,16.76051,2196,16.76051,3
840,16.78051,2217,16.78051,7
841,16.80051,2210,16.80051,3
842,16.82051,2271,16.82051,2
843,16.84051,2152,16.84051,0
844,16.86051,2209,16.86051,2
845,16.88051,2227,16.88051,0
846,16.90051,2183,16.90051,2
847,16.92051,2222,16.92051,4
848,16.94051,2296,16.94051,2
849,16.96051,2305,16.96051,4
850,16.98051,2267,16.98051,1
851,17.00051,2203,17.00051,3
852,17.02051,2263,17.02051,3
853,17.04051,2195,17.04051,1
854,17.06051,2202,17.06051,4
855,17.08051,2290,17.08051,5
856,17.10051,2288,17.10051,2
857,17.12051,2342,17.12051,1
858,17.14051,2322,17.14051,2
859,17.16051,2168,17.16051,5
860,17.18051,2338,17.18051,3
861,17.20051,2268,17.20051,2
862,17.22051,2331,17.22051,1
863,17.24051,2334,17.24051,2
864,17.26051,2250,17.26051,9
865,17.28051,2343,17.28051,3
866,17.30051,2419,17.30051,7
867,17.32051,2278,17.32051,6
868,17.34051,2344,17.34051,5
869,17.36051,2394,17.36051,2
870,17.38051,2322,17.38051,4
871,17.40051,2332,17.40051,2
872,17.42051,2465,17.42051,3
873,17.44051,2480,17.44051,2
874,17.46051,2344,17.46051,1
875,17.48051,2414,17.48051,3
876,17.50051,2449,17.50051,2
877,17.52051,2535,17.52051,2
878,17.54051,2388,17.54051,1
879,17.56051,2490,17.56051,4
880,17.58051,2484,17.58051,3
881,17.60051,2452,17.60051,2
882,17.62051,2528,17.62051,0
883,17.64051,2443,17.64051,4
884,17.66051,2595,17.66051,1
885,17.68051,2514,17.68051,3
886,17.70051,2644,17.70051,1
887,17.72051,2627,17.72051,5
888,17.74051,2693,17.74051,4
889,17.76051,2629,17.76051,2
890,17.78051,2576,17.78051,1
891,17.80051,2699,17.80051,2
892,17.82051,2632,17.82051,0
893,17.84051,2721,17.84051,3
894,17.86051,2680,17.86051,3
895,17.88051,2687,17.88051,1
896,17.90051,2679,17.90051,3
897,17.92051,2818,17.92051,2
898,17.94051,2781,17.94051,0
899,17.96051,2776,17.96051,5
900,17.98051,2831,17.98051,1
901,18.00051,2877,18.00051,1
902,18.02051,2946,18.02051,3
903,18.04051,2942,18.04051,2
904,18.06051,2917,18.06051,2
905,18.08051,3045,18.08051,2
906,18.10051,3000,18.10051,2
907,18.12051,3048,18.12051,1
908,18.14051,3062,18.14051,2
909,18.16051,3264,18.16051,2
910,18.18051,3270,18.18051,2
911,18.20051,3229,18.20051,5
912,18.22051,3299,18.22051,1
913,18.24051,3366,18.24051,3
914,18.26051,3458,18.26051,4
915,18.28051,3445,18.28051,2
916,18.30051,3550,18.30051,2
917,18.32051,3644,18.32051,3
918,18.34051,3666,18.34051,1
919,18.36051,3618,18.36051,1
920,18.38051,3693,18.38051,3
921,18.40051,3916,18.40051,2
922,18.42051,4204,18.42051,3
923,18.44051,4109,18.44051,0
924,18.46051,4261,18.46051,4
925,18.48051,4387,18.48051,2
926,18.50051,4486,18.50051,4
927,18.52051,4659,18.52051,1
928,18.54051,4769,18.54051,4
929,18.56051,5139,18.56051,1
930,18.58051,5265,18.58051,4
931,18.60051,5431,18.60051,3
932,18.62051,5689,18.62051,1
933,18.64051,5804,18.64051,0
934,18.66051,6219,18.66051,2
935,18.68051,6458,18.68051,0
936,18.70051,6819,18.70051,3
937,18.72051,7226,18.72051,1
938,18.74051,7264,18.74051,1
939,18.76051,7717,18.76051,1
940,18.78051,7942,18.78051,5
941,18.80051,8307,18.80051,2
942,18.82051,8482,18.82051,1
943,18.84051,8577,18.84051,3
944,18.86051,8975,18.86051,3
945,18.88051,9222,18.88051,2
946,18.90051,9477,18.90051,1
947,18.92051,9480,18.92051,5
948,18.94051,9728,18.94051,1
949,18.96051,9665,18.96051,0
950,18.98051,9659,18.98051,4
951,19.00051,9782,19.00051,3
952,19.02051,9858,19.02051,1
953,19.04051,9725,19.04051,2
954,19.06051,9623,19.06051,4
955,19.08051,9781,19.08051,1
956,19.10051,9531,19.10051,2
957,19.12051,9270,19.12051,4
958,19.14051,9172,19.14051,3
959,19.16051,9015,19.16051,1
960,19.18051,8399,19.18051,3
961,19.20051,8340,19.20051,3
962,19.22051,8193,19.22051,0
963,19.24051,7893,19.24051,2
964,19.26051,7489,19.26051,3
965,19.28051,7191,19.28051,1
966,19.30051,6910,19.30051,1
967,19.32051,6584,19.32051,1
968,19.34051,6340,19.34051,3
969,19.36051,6298,19.36051,0
970,19.38051,5814,19.38051,0
971,19.40051,5451,19.40051,4
972,19.42051,5365,19.42051,2
973,19.44051,5084,19.44051,3
974,19.46051,4998,19.46051,2
975,19.48051,4669,19.48051,1
976,19.50051,4555,19.50051,1
977,19.52051,4182,19.52051,3
978,19.54051,4172,19.54051,1
979,19.56051,4053,19.56051,1
980,19.58051,3943,19.58051,3
981,19.60051,3759,19.60051,1
982,19.62051,3726,19.62051,2
983,19.64051,3678,19.64051,2
984,19.66051,3398,19.66051,1
985,19.68051,3351,19.68051,1
986,19.70051,3250,19.70051,1
987,19.72051,3160,19.72051,2
988,19.74051,3096,19.74051,1
989,19.76051,3140,19.76051,2
990,19.78051,3132,19.78051,2
991,19.80051,3008,19.80051,2
992,19.82051,3073,19.82051,0
993,19.84051,3091,19.84051,1
994,19.86051,3022,19.86051,2
995,19.88051,3124,19.88051,1
996,19.90051,3418,19.90051,1
997,19.92051,3539,19.92051,1
998,19.94051,3758,19.94051,2
999,19.96051,4007,19.96051,3
1000,19.98051,4365,19.98051,1
1001,20.00051,4699,20.00051,1
1002,20.02051,4993,20.02051,0
1003,20.04051,5296,20.04051,3
1004,20.06051,5751,20.06051,3
1005,20.08051,5950,20.08051,1
1006,20.10051,6214,20.10051,3
1007,20.12051,6363,20.12051,1
1008,20.14051,6589,20.14051,0
1009,20.16051,6595,20.16051,0
1010,20.18051,6568,20.18051,1
1011,20.20051,6424,20.20051,1
1012,20.22051,6205,20.22051,0
1013,20.24051,5735,20.24051,2
1014,20.26051,5358,20.26051,1
1015,20.28051,4874,20.28051,3
1016,20.30051,4322,20.30051,4
1017,20.32051,3923,20.32051,1
1018,20.34051,3558,20.34051,2
1019,20.36051,3089,20.36051,2
1020,20.38051,2887,20.38051,2
1021,20.40051,2837,20.40051,2
1022,20.42051,2529,20.42051,3
1023,20.44051,2569,20.44051,1
1024,20.46051,2376,20.46051,1
1025,20.48051,2433,20.48051,1
1026,20.50051,2509,20.50051,1
1027,20.52051,2395,20.52051,2
1028,20.54051,2428,20.54051,2
1029,20.56051,2444,20.56051,1
1030,20.58051,2409,20.58051,3
1031,20.60051,2515,20.60051,4
1032,20.62051,2427,20.62051,1
1033,20.64051,2461,20.64051,1
1034,20.66051,2466,20.66051,0
1035,20.68051,2507,20.68051,1
1036,20.70051,2533,20.70051,0
1037,20.72051,2585,20.72051,1
1038,20.74051,2575,20.74051,1
1039,20.76051,2645,20.76051,3
1040,20.78051,2685,20.78051,2
1041,20.80051,2768,20.80051,1
1042,20.82051,2743,20.82051,0
1043,20.84051,2780,20.84051,2
1044,20.86051,2802,20.86051,1
1045,20.88051,2838,20.88051,0
1046,20.90051,2881,20.90051,2
1047,20.92051,2936,20.92051,0
1048,20.94051,2877,20.94051,1
1049,20.96051,3094,20.96051,0
1050,20.98051,2995,20.98051,2
1051,21.00051,3007,21.00051,1
1052,21.02051,3231,21.02051,0
1053,21.04051,3166,21.04051,1
1054,21.06051,3112,21.06051,0
1055,21.08051,3285,21.08051,0
1056,21.10051,3151,21.10051,5
1057,21.12051,3207,21.12051,1
1058,21.14051,3218,21.14051,0
1059,21.16051,3392,21.16051,0
1060,21.18051,3337,21.18051,3
1061,21.20051,3436,21.20051,0
1062,21.22051,3510,21.22051,1
1063,21.24051,3387,21.24051,0
1064,21.26051,3398,21.26051,1
1065,21.28051,3373,21.28051,1
1066,21.30051,3412,21.30051,1
1067,21.32051,3510,21.32051,1
1068,21.34051,3380,21.34051,1
1069,21.36051,3299,21.36051,0
1070,21.38051,3349,21.38051,1
1071,21.40051,3294,21.40051,1
1072,21.42051,3343,21.42051,2
1073,21.44051,3233,21.44051,1
1074,21.46051,3177,21.46051,1
1075,21.48051,3172,21.48051,1
1076,21.50051,3123,21.50051,1
1077,21.52051,3057,21.52051,1
1078,21.54051,3058,21.54051,3
1079,21.56051,2998,21.56051,1
1080,21.58051,2886,21.58051,1
1081,21.60051,2855,21.60051,1
1082,21.62051,2905,21.62051,2
1083,21.64051,2785,21.64051,2
1084,21.66051,2679,21.66051,1
1085,21.68051,2720,21.68051,1
1086,21.70051,2666,21.70051,1
1087,21.72051,2647,21.72051,2
1088,21.74051,2572,21.74051,1
1089,21.76051,2529,21.76051,2
1090,21.78051,2516,21.78051,0
1091,21.80051,2475,21.80051,0
1092,21.82051,2363,21.82051,0
1093,21.84051,2403,21.84051,1
1094,21.86051,2465,21.86051,1
1095,21.88051,2381,21.88051,0
1096,21.90051,2339,21.90051,0
1097,21.92051,2203,21.92051,0
1098,21.94051,2245,21.94051,2
1099,21.96051,2288,21.96051,3
1100,21.98051,2168,21.98051,2
1101,22.00051,2124,22.00051,1
1102,22.02051,2204,22.02051,2
1103,22.04051,2224,22.04051,0
1104,22.06051,2091,22.06051,1
1105,22.08051,2103,22.08051,0
1106,22.10051,2057,22.10051,1
1107,22.12051,2091,22.12051,2
1108,22.14051,2029,22.14051,1
1109,22.16051,2074,22.16051,0
1110,22.18051,2111,22.18051,1
1111,22.20051,1969,22.20051,0
1112,22.22051,2003,22.22051,0
1113,22.24051,1972,22.24051,0
1114,22.26051,2072,22.26051,3
1115,22.28051,1999,22.28051,2
1116,22.30051,1890,22.30051,0
1117,22.32051,1882,22.32051,1
1118,22.34051,1916,22.34051,0
1119,22.36051,1934,22.36051,0
1120,22.38051,1935,22.38051,1
1121,22.40051,1886,22.40051,1
1122,22.42051,1894,22.42051,0
1123,22.44051,1953,22.44051,0
1124,22.46051,1929,22.46051,2
1125,22.48051,1991,22.48051,0
1126,22.50051,1964,22.50051,0
1127,22.52051,1963,22.52051,2
1128,22.54051,1997,22.54051,1
1129,22.56051,2140,22.56051,2
1130,22.58051,2189,22.58051,0
1131,22.60051,2417,22.60051,1
1132,22.62051,2444,22.62051,3
1133,22.64051,2428,22.64051,2
1134,22.66051,2532,22.66051,0
1135,22.68051,2481,22.68051,0
1136,22.70051,2475,22.70051,3
1137,22.72051,2520,22.72051,1
1138,22.74051,2359,22.74051,1
1139,22.76051,2350,22.76051,1
1140,22.78051,2317,22.78051,0
1141,22.80051,2306,22.80051,2
1142,22.82051,2148,22.82051,0
1143,22.84051,2122,22.84051,1
1144,22.86051,1947,22.86051,1
1145,22.88051,1885,22.88051,2
1146,22.90051,1864,22.90051,0
1147,22.92051,1814,22.92051,1
1148,22.94051,1818,22.94051,0
1149,22.96051,1766,22.96051,1
1150,22.98051,1778,22.98051,1
1151,23.00051,1743,23.00051,0
1152,23.02051,1783,23.02051,0
1153,23.04051,1849,23.04051,0
1154,23.06051,1897,23.06051,1
1155,23.08051,1828,23.08051,1
1156,23.10051,1811,23.10051,1
1157,23.12051,1812,23.12051,2
1158,23.14051,1765,23.14051,0
1159,23.16051,1864,23.16051,2
1160,23.18051,1828,23.18051,0
1161,23.20051,1805,23.20051,0
1162,23.22051,1747,23.22051,0
1163,23.24051,1770,23.24051,0
1164,23.26051,1775,23.26051,0
1165,23.28051,1762,23.28051,1
1166,23.30051,1774,23.30051,0
1167,23.32051,1697,23.32051,0
1168,23.34051,1718,23.34051,0
1169,23.36051,1638,23.36051,1
1170,23.38051,1700,23.38051,0
1171,23.40051,1654,23.40051,0
1172,23.42051,1619,23.42051,1
1173,23.44051,1692,23.44051,0
1174,23.46051,1649,23.46051,1
1175,23.48051,1649,23.48051,2
1176,23.50051,1586,23.50051,0
1177,23.52051,1719,23.52051,0
1178,23.54051,1558,23.54051,1
1179,23.56051,1579,23.56051,1
1180,23.58051,1570,23.58051,1
1181,23.60051,1710,23.60051,0
1182,23.62051,1683,23.62051,0
1183,23.64051,1650,23.64051,0
1184,23.66051,1598,23.66051,0
1185,23.68051,1644,23.68051,1
1186,23.70051,1646,23.70051,1
1187,23.72051,1630,23.72051,0
1188,23.74051,1650,23.74051,2
1189,23.76051,1592,23.76051,2
1190,23.78051,1616,23.78051,0
1191,23.80051,1583,23.80051,0
1192,23.82051,1611,23.82051,0
1193,23.84051,1567,23.84051,0
1194,23.86051,1628,23.86051,1
1195,23.88051,1615,23.88051,0
1196,23.90051,1538,23.90051,1
1197,23.92051,1621,23.92051,1
1198,23.94051,1609,23.94051,1
1199,23.96051,1619,23.96051,0
1200,23.98051,1652,23.98051,0
1201,24.00051,1530,24.00051,0
1202,24.02051,1594,24.02051,0
1203,24.04051,1623,24.04051,0
1204,24.06051,1486,24.06051,1
1205,24.08051,1540,24.08051,0
1206,24.10051,1534,24.10051,1
1207,24.12051,1593,24.12051,1
1208,24.14051,1523,24.14051,0
1209,24.16051,1543,24.16051,0
1210,24.18051,1575,24.18051,0
1211,24.20051,1590,24.20051,0
1212,24.22051,1563,24.22051,0
1213,24.24051,1539,24.24051,0
1214,24.26051,1464,24.26051,0
1215,24.28051,1467,24.28051,1
1216,24.30051,1600,24.30051,0
1217,24.32051,1548,24.32051,1
1218,24.34051,1545,24.34051,0
1219,24.36051,1462,24.36051,0
1220,24.38051,1514,24.38051,0
1221,24.40051,1545,24.40051,0
1222,24.42051,1513,24.42051,2
1223,24.44051,1530,24.44051,1
1224,24.46051,1503,24.46051,0
1225,24.48051,1508,24.48051,0
1226,24.50051,1552,24.50051,0
1227,24.52051,1532,24.52051,0
1228,24.54051,1473,24.54051,1
1229,24.56051,1475,24.56051,0
1230,24.58051,1501,24.58051,1
1231,24.60051,1431,24.60051,1
1232,24.62051,1495,24.62051,0
1233,24.64051,1527,24.64051,0
1234,24.66051,1472,24.66051,0
1235,24.68051,1429,24.68051,0
1236,24.70051,1429,24.70051,0
1237,24.72051,1461,24.72051,0
1238,24.74051,1492,24.74051,0
1239,24.76051,1504,24.76051,1
1240,24.78051,1476,24.78051,0
1241,24.80051,1539,24.80051,1
1242,24.82051,1485,24.82051,0
1243,24.84051,1485,24.84051,0
1244,24.86051,1473,24.86051,0
1245,24.88051,1540,24.88051,1
1246,24.90051,1497,24.90051,0
1247,24.92051,1535,24.92051,0
1248,24.94051,1501,24.94051,0
1249,24.96051,1527,24.96051,0
1250,24.98051,1454,24.98051,0
1251,25.00051,1496,25.00051,0
1252,25.02051,1454,25.02051,0
1253,25.04051,1522,25.04051,0
1254,25.06051,1520,25.06051,0
1255,25.08051,1454,25.08051,0
1256,25.10051,1461,25.10051,0
1257,25.12051,1526,25.12051,0
1258,25.14051,1482,25.14051,1
1259,25.16051,1445,25.16051,0
1260,25.18051,1511,25.18051,0
1261,25.20051,1533,25.20051,0
1262,25.22051,1490,25.22051,0
1263,25.24051,1474,25.24051,0
1264,25.26051,1467,25.26051,0
1265,25.28051,1495,25.28051,0
1266,25.30051,1409,25.30051,0
1267,25.32051,1437,25.32051,0
1268,25.34051,1458,25.34051,1
1269,25.36051,1423,25.36051,0
1270,25.38051,1437,25.38051,0
1271,25.40051,1419,25.40051,0
1272,25.42051,1399,25.42051,0
1273,25.44051,1400,25.44051,0
1274,25.46051,1440,25.46051,0
1275,25.48051,1306,25.48051,0
1276,25.50051,1361,25.50051,0
1277,25.52051,1406,25.52051,0
1278,25.54051,1356,25.54051,1
1279,25.56051,1339,25.56051,0
1280,25.58051,1335,25.58051,0
1281,25.60051,1364,25.60051,0
1282,25.62051,1335,25.62051,0
1283,25.64051,1311,25.64051,0
1284,25.66051,1329,25.66051,0
1285,25.68051,1343,25.68051,0
1286,25.70051,1397,25.70051,0
1287,25.72051,1343,25.72051,0
1288,25.74051,1369,25.74051,0
1289,25.76051,1354,25.76051,1
1290,25.78051,1295,25.78051,0
1291,25.80051,1329,25.80051,0
1292,25.82051,1296,25.82051,0
1293,25.84051,1309,25.84051,0
1294,25.86051,1281,25.86051,0
1295,25.88051,1248,25.88051,0
1296,25.90051,1327,25.90051,0
1297,25.92051,1207,25.92051,0
1298,25.94051,1238,25.94051,1
1299,25.96051,1368,25.96051,0
1300,25.98051,1290,25.98051,0
1301,26.00051,1343,26.00051,0
1302,26.02051,1258,26.02051,0
1303,26.04051,1328,26.04051,0
1304,26.06051,1222,26.06051,0
1305,26.08051,1273,26.08051,0
1306,26.10051,1328,26.10051,1
1307,26.12051,1228,26.12051,0
1308,26.14051,1256,26.14051,0
1309,26.16051,1293,26.16051,0
1310,26.18051,1251,26.18051,0
1311,26.20051,1268,26.20051,0
1312,26.22051,1225,26.22051,0
1313,26.24051,1259,26.24051,0
1314,26.26051,1230,26.26051,0
1315,26.28051,1260,26.28051,0
1316,26.30051,1235,26.30051,0
1317,26.32051,1261,26.32051,0
1318,26.34051,1249,26.34051,0
1319,26.36051,1299,26.36051,1
1320,26.38051,1165,26.38051,0
1321,26.40051,1236,26.40051,0
1322,26.42051,1231,26.42051,0
1323,26.44051,1197,26.44051,0
1324,26.46051,1172,26.46051,0
1325,26.48051,1200,26.48051,0
1326,26.50051,1276,26.50051,0
1327,26.52051,1200,26.52051,0
1328,26.54051,1241,26.54051,0
1329,26.56051,1256,26.56051,0
1330,26.58051,1179,26.58051,0
1331,26.60051,1170,26.60051,0
1332,26.62051,1183,26.62051,0
1333,26.64051,1152,26.64051,0
1334,26.66051,1182,26.66051,0
1335,26.68051,1138,26.68051,0
1336,26.70051,1217,26.70051,0
1337,26.72051,1185,26.72051,1
1338,26.74051,1146,26.74051,1
1339,26.76051,1228,26.76051,0
1340,26.78051,1123,26.78051,0
1341,26.80051,1151,26.80051,0
1342,26.82051,1120,26.82051,0
1343,26.84051,1176,26.84051,0
1344,26.86051,1190,26.86051,0
1345,26.88051,1220,26.88051,0
1346,26.90051,1177,26.90051,0
1347,26.92051,1178,26.92051,0
1348,26.94051,1146,26.94051,0
1349,26.96051,1182,26.96051,0
1350,26.98051,1103,26.98051,0
1351,27.00051,1108,27.00051,0
1352,27.02051,1069,27.02051,0
1353,27.04051,1173,27.04051,0
1354,27.06051,1118,27.06051,0
1355,27.08051,1117,27.08051,0
1356,27.10051,1138,27.10051,0
1357,27.12051,1110,27.12051,0
1358,27.14051,1144,27.14051,0
1359,27.16051,1142,27.16051,0
1360,27.18051,1087,27.18051,0
1361,27.20051,1148,27.20051,0
1362,27.22051,1141,27.22051,0
1363,27.24051,1109,27.24051,0
1364,27.26051,1120,27.26051,0
1365,27.28051,1094,27.28051,0
1366,27.30051,1100,27.30051,0
1367,27.32051,1073,27.32051,0
1368,27.34051,1085,27.34051,0
1369,27.36051,1153,27.36051,0
1370,27.38051,1138,27.38051,0
1371,27.40051,1124,27.40051,0
1372,27.42051,1079,27.42051,0
1373,27.44051,1152,27.44051,0
1374,27.46051,1068,27.46051,0
1375,27.48051,1071,27.48051,0
1376,27.50051,1065,27.50051,0
1377,27.52051,1035,27.52051,0
1378,27.54051,1028,27.54051,0
1379,27.56051,1055,27.56051,0
1380,27.58051,1034,27.58051,0
1381,27.60051,1026,27.60051,0
1382,27.62051,1048,27.62051,0
1383,27.64051,1020,27.64051,0
1384,27.66051,1047,27.66051,0
1385,27.68051,1054,27.68051,0
1386,27.70051,1024,27.70051,0
1387,27.72051,975,27.72051,0
1388,27.74051,1066,27.74051,0
1389,27.76051,1077,27.76051,0
1390,27.78051,1067,27.78051,0
1391,27.80051,1026,27.80051,0
1392,27.82051,1004,27.82051,0
1393,27.84051,1058,27.84051,0
1394,27.86051,1047,27.86051,0
1395,27.88051,1019,27.88051,0
1396,27.90051,1014,27.90051,0
1397,27.92051,1008,27.92051,0
1398,27.94051,1011,27.94051,0
1399,27.96051,1052,27.96051,0
1400,27.98051,963,27.98051,0
1401,28.00051,1040,28.00051,0
1402,28.02051,991,28.02051,0
1403,28.04051,1015,28.04051,0
1404,28.06051,1000,28.06051,0
1405,28.08051,946,28.08051,0
1406,28.10051,914,28.10051,0
1407,28.12051,965,28.12051,0
1408,28.14051,895,28.14051,0
1409,28.16051,971,28.16051,0
1410,28.18051,1001,28.18051,0
1411,28.20051,964,28.20051,0
1412,28.22051,985,28.22051,0
1413,28.24051,1009,28.24051,0
1414,28.26051,964,28.26051,0
1415,28.28051,1019,28.28051,0
1416,28.30051,976,28.30051,0
1417,28.32051,1031,28.32051,0
1418,28.34051,958,28.34051,0
1419,28.36051,1004,28.36051,0
1420,28.38051,932,28.38051,0
1421,28.40051,975,28.40051,0
1422,28.42051,962,28.42051,0
1423,28.44051,932,28.44051,0
1424,28.46051,928,28.46051,0
1425,28.48051,946,28.48051,0
1426,28.50051,964,28.50051,0
1427,28.52051,970,28.52051,0
1428,28.54051,946,28.54051,0
1429,28.56051,917,28.56051,0
1430,28.58051,939,28.58051,0
1431,28.60051,907,28.60051,0
1432,28.62051,915,28.62051,0
1433,28.64051,910,28.64051,0
1434,28.66051,925,28.66051,0
1435,28.68051,945,28.68051,0
1436,28.70051,892,28.70051,0
1437,28.72051,875,28.72051,0
1438,28.74051,860,28.74051,0
1439,28.76051,948,28.76051,0
1440,28.78051,884,28.78051,0
1441,28.80051,873,28.80051,0
1442,28.82051,905,28.82051,0
1443,28.84051,877,28.84051,0
1444,28.86051,877,28.86051,0
1445,28.88051,899,28.88051,0
1446,28.90051,933,28.90051,0
1447,28.92051,871,28.92051,0
1448,28.94051,868,28.94051,0
1449,28.96051,887,28.96051,0
1450,28.98051,862,28.98051,0
1451,29.00051,857,29.00051,0
1452,29.02051,861,29.02051,0
1453,29.04051,903,29.04051,0
1454,29.06051,898,29.06051,0
1455,29.08051,867,29.08051,0
1456,29.10051,900,29.10051,0
1457,29.12051,788,29.12051,0
1458,29.14051,806,29.14051,0
1459,29.16051,891,29.16051,0
1460,29.18051,834,29.18051,0
1461,29.20051,880,29.20051,0
1462,29.22051,808,29.22051,0
1463,29.24051,832,29.24051,0
1464,29.26051,838,29.26051,0
1465,29.28051,858,29.28051,0
1466,29.30051,834,29.30051,0
1467,29.32051,814,29.32051,0
1468,29.34051,795,29.34051,0
1469,29.36051,845,29.36051,0
1470,29.38051,828,29.38051,0
1471,29.40051,824,29.40051,0
1472,29.42051,809,29.42051,0
1473,29.44051,826,29.44051,0
1474,29.46051,744,29.46051,0
1475,29.48051,785,29.48051,0
1476,29.50051,812,29.50051,0
1477,29.52051,770,29.52051,0
1478,29.54051,765,29.54051,0
1479,29.56051,837,29.56051,0
1480,29.58051,776,29.58051,0
1481,29.60051,778,29.60051,0
1482,29.62051,834,29.62051,0
1483,29.64051,800,29.64051,0
1484,29.66051,771,29.66051,0
1485,29.68051,761,29.68051,0
1486,29.70051,729,29.70051,0
1487,29.72051,765,29.72051,0
1488,29.74051,796,29.74051,0
1489,29.76051,777,29.76051,0
1490,29.78051,780,29.78051,0
1491,29.80051,773,29.80051,0
1492,29.82051,710,29.82051,0
1493,29.84051,781,29.84051,0
1494,29.86051,750,29.86051,0
1495,29.88051,774,29.88051,0
1496,29.90051,813,29.90051,0
1497,29.92051,769,29.92051,0
1498,29.94051,739,29.94051,0
1499,29.96051,752,29.96051,1
1500,29.98051,743,29.98051,0
1501,30.00051,768,30.00051,0
1502,30.02051,714,30.02051,0
1503,30.04051,742,30.04051,0
1504,30.06051,748,30.06051,0
1505,30.08051,733,30.08051,0
1506,30.10051,702,30.10051,0
1507,30.12051,753,30.12051,0
1508,30.14051,701,30.14051,0
1509,30.16051,704,30.16051,0
1510,30.18051,735,30.18051,0
1511,30.20051,691,30.20051,0
1512,30.22051,738,30.22051,0
1513,30.24051,715,30.24051,0
1514,30.26051,731,30.26051,0
1515,30.28051,706,30.28051,0
1516,30.30051,650,30.30051,0
1517,30.32051,708,30.32051,0
1518,30.34051,731,30.34051,0
1519,30.36051,690,30.36051,0
1520,30.38051,690,30.38051,0
1521,30.40051,680,30.40051,0
1522,30.42051,691,30.42051,0
1523,30.44051,654,30.44051,0
1524,30.46051,668,30.46051,0
1525,30.48051,644,30.48051,0
1526,30.50051,669,30.50051,0
1527,30.52051,682,30.52051,0
1528,30.54051,665,30.54051,0
1529,30.56051,685,30.56051,0
1530,30.58051,651,30.58051,0
1531,30.60051,673,30.60051,0
1532,30.62051,655,30.62051,0
1533,30.64051,650,30.64051,0
1534,30.66051,687,30.66051,0
1535,30.68051,694,30.68051,0
1536,30.70051,663,30.70051,0
1537,30.72051,639,30.72051,0
1538,30.74051,655,30.74051,0
1539,30.76051,624,30.76051,0
1540,30.78051,659,30.78051,0
1541,30.80051,671,30.80051,0
1542,30.82051,628,30.82051,0
1543,30.84051,643,30.84051,0
1544,30.86051,611,30.86051,0
1545,30.88051,622,30.88051,0
1546,30.90051,645,30.90051,0
1547,30.92051,612,30.92051,0
1548,30.94051,620,30.94051,0
1549,30.96051,662,30.96051,0
1550,30.98051,628,30.98051,0
1551,31.00051,637,31.00051,0
1552,31.02051,625,31.02051,0
1553,31.04051,647,31.04051,0
1554,31.06051,616,31.06051,0
1555,31.08051,567,31.08051,0
1556,31.10051,615,31.10051,0
1557,31.12051,620,31.12051,0
1558,31.14051,623,31.14051,0
1559,31.16051,567,31.16051,0
1560,31.18051,570,31.18051,0
1561,31.20051,600,31.20051,0
1562,31.22051,543,31.22051,0
1563,31.24051,593,31.24051,0
1564,31.26051,552,31.26051,0
1565,31.28051,569,31.28051,0
1566,31.30051,584,31.30051,0
1567,31.32051,542,31.32051,0
1568,31.34051,572,31.34051,0
1569,31.36051,565,31.36051,0
1570,31.38051,568,31.38051,0
1571,31.40051,544,31.40051,0
1572,31.42051,570,31.42051,0
1573,31.44051,554,31.44051,0
1574,31.46051,512,31.46051,0
1575,31.48051,555,31.48051,0
1576,31.50051,556,31.50051,0
1577,31.52051,563,31.52051,0
1578,31.54051,578,31.54051,0
1579,31.56051,551,31.56051,0
1580,31.58051,528,31.58051,0
1581,31.60051,541,31.60051,0
1582,31.62051,548,31.62051,0
1583,31.64051,535,31.64051,0
1584,31.66051,525,31.66051,0
1585,31.68051,533,31.68051,0
1586,31.70051,520,31.70051,0
1587,31.72051,537,31.72051,0
1588,31.74051,504,31.74051,0
1589,31.76051,520,31.76051,0
1590,31.78051,506,31.78051,0
1591,31.80051,495,31.80051,0
1592,31.82051,537,31.82051,0
1593,31.84051,543,31.84051,0
1594,31.86051,464,31.86051,0
1595,31.88051,473,31.88051,0
1596,31.90051,489,31.90051,0
1597,31.92051,475,31.92051,0
1598,31.94051,520,31.94051,0
1599,31.96051,499,31.96051,0
1600,31.98051,510,31.98051,0
1601,32.00051,520,32.00051,0
1602,32.02051,478,32.02051,0
1603,32.04051,470,32.04051,0
1604,32.0605,438,32.0605,0
1605,32.08051,480,32.08051,0
1606,32.10051,437,32.10051,0
1607,32.12051,476,32.12051,0
1608,32.14051,491,32.14051,0
1609,32.16051,474,32.16051,0
1610,32.18051,460,32.18051,0
1611,32.20051,461,32.20051,0
1612,32.2205,497,32.2205,0
1613,32.24051,479,32.24051,0
1614,32.26051,460,32.26051,0
1615,32.28051,444,32.28051,0
1616,32.30051,461,32.30051,0
1617,32.32051,431,32.32051,0
1618,32.34051,451,32.34051,0
1619,32.36051,439,32.36051,0
1620,32.38051,428,32.38051,0
1621,32.40051,442,32.40051,0
1622,32.42051,377,32.42051,0
1623,32.44051,425,32.44051,0
1624,32.46051,416,32.46051,0
1625,32.48051,454,32.48051,0
1626,32.50051,433,32.50051,0
1627,32.52051,428,32.52051,0
1628,32.54051,440,32.54051,0
1629,32.5605,421,32.5605,0
1630,32.58051,437,32.58051,0
1631,32.60051,431,32.60051,0
1632,32.62051,412,32.62051,0
1633,32.64051,390,32.64051,0
1634,32.66051,388,32.66051,0
1635,32.68051,408,32.68051,0
1636,32.70051,397,32.70051,0
1637,32.7205,374,32.7205,0
1638,32.74051,357,32.74051,0
1639,32.76051,380,32.76051,0
1640,32.78051,388,32.78051,0
1641,32.80051,397,32.80051,0
1642,32.82051,362,32.82051,0
1643,32.84051,390,32.84051,0
1644,32.86051,408,32.86051,0
1645,32.88051,388,32.88051,0
1646,32.90051,377,32.90051,0
1647,32.92051,352,32.92051,0
1648,32.94051,323,32.94051,0
1649,32.96051,389,32.96051,0
1650,32.98051,323,32.98051,0
1651,33.00051,346,33.00051,0
1652,33.02051,362,33.02051,0
1653,33.04051,351,33.04051,0
1654,33.0605,325,33.0605,0
1655,33.08051,363,33.08051,0
1656,33.10051,333,33.10051,0
1657,33.12051,331,33.12051,0
1658,33.14051,313,33.14051,0
1659,33.16051,360,33.16051,0
1660,33.18051,317,33.18051,0
1661,33.20051,344,33.20051,0
1662,33.2205,344,33.2205,0
1663,33.24051,336,33.24051,0
1664,33.26051,289,33.26051,0
1665,33.28051,340,33.28051,0
1666,33.30051,315,33.30051,0
1667,33.32051,288,33.32051,0
1668,33.34051,323,33.34051,0
1669,33.36051,304,33.36051,0
1670,33.38051,287,33.38051,0
1671,33.40051,305,33.40051,0
1672,33.42051,275,33.42051,0
1673,33.44051,323,33.44051,0
1674,33.46051,276,33.46051,0
1675,33.48051,297,33.48051,0
1676,33.50051,306,33.50051,0
1677,33.52051,306,33.52051,0
1678,33.54051,282,33.54051,0
1679,33.5605,269,33.5605,0
1680,33.58051,280,33.58051,0
1681,33.60051,282,33.60051,0
1682,33.62051,284,33.62051,0
1683,33.64051,274,33.64051,0
1684,33.66051,292,33.66051,0
1685,33.68051,297,33.68051,0
1686,33.70051,253,33.70051,0
1687,33.7205,254,33.7205,0
1688,33.74051,271,33.74051,0
1689,33.76051,246,33.76051,0
1690,33.78051,266,33.78051,0
1691,33.80051,246,33.80051,0
1692,33.82051,251,33.82051,0
1693,33.84051,241,33.84051,0
1694,33.86051,245,33.86051,0
1695,33.88051,223,33.88051,0
1696,33.90051,244,33.90051,0
1697,33.92051,260,33.92051,0
1698,33.94051,219,33.94051,0
1699,33.96051,240,33.96051,0
1700,33.98051,225,33.98051,0
1701,34.00051,247,34.00051,0
1702,34.02051,215,34.02051,0
1703,34.04051,210,34.04051,0
1704,34.0605,242,34.0605,0
1705,34.08051,244,34.08051,0
1706,34.10051,208,34.10051,0
1707,34.12051,199,34.12051,0
1708,34.14051,213,34.14051,0
1709,34.16051,189,34.16051,0
1710,34.18051,220,34.18051,0
1711,34.20051,212,34.20051,0
1712,34.2205,214,34.2205,0
1713,34.24051,186,34.24051,0
1714,34.26051,186,34.26051,0
1715,34.28051,198,34.28051,0
1716,34.30051,177,34.30051,0
1717,34.32051,177,34.32051,0
1718,34.34051,151,34.34051,0
1719,34.36051,166,34.36051,0
1720,34.38051,175,34.38051,0
1721,34.40051,158,34.40051,0
1722,34.42051,173,34.42051,0
1723,34.44051,187,34.44051,0
1724,34.46051,170,34.46051,0
1725,34.48051,172,34.48051,0
1726,34.50051,160,34.50051,0
1727,34.52051,165,34.52051,0
1728,34.54051,158,34.54051,0
1729,34.5605,146,34.5605,0
1730,34.58051,162,34.58051,0
1731,34.60051,154,34.60051,0
1732,34.62051,180,34.62051,0
1733,34.64051,147,34.64051,0
1734,34.66051,165,34.66051,0
1735,34.68051,142,34.68051,0
1736,34.70051,147,34.70051,0
1737,34.7205,153,34.7205,0
1738,34.74051,154,34.74051,0
1739,34.76051,128,34.76051,0
1740,34.78051,133,34.78051,0
1741,34.80051,128,34.80051,0
1742,34.82051,121,34.82051,0
1743,34.84051,130,34.84051,0
1744,34.86051,110,34.86051,0
1745,34.88051,114,34.88051,0
1746,34.90051,102,34.90051,0
1747,34.92051,122,34.92051,0
1748,34.94051,119,34.94051,0
1749,34.96051,119,34.96051,0
1750,34.98051,106,34.98051,0
1751,35.00051,113,35.00051,0
1752,35.02051,106,35.02051,0
1753,35.04051,91,35.04051,0
1754,35.0605,104,35.0605,0
1755,35.08051,92,35.08051,0
1756,35.10051,97,35.10051,0
1757,35.12051,91,35.12051,0
1758,35.14051,106,35.14051,0
1759,35.16051,100,35.16051,0
1760,35.18051,109,35.18051,0
1761,35.20051,94,35.20051,0
1762,35.2205,86,35.2205,0
1763,35.24051,88,35.24051,0
1764,35.26051,87,35.26051,0
1765,35.28051,80,35.28051,0
1766,35.30051,69,35.30051,0
1767,35.32051,90,35.32051,0
1768,35.34051,87,35.34051,0
1769,35.36051,70,35.36051,0
1770,35.38051,64,35.38051,0
1771,35.40051,71,35.40051,0
1772,35.42051,82,35.42051,0
1773,35.44051,65,35.44051,0
1774,35.46051,71,35.46051,0
1775,35.48051,81,35.48051,0
1776,35.50051,75,35.50051,0
1777,35.52051,81,35.52051,0
1778,35.54051,51,35.54051,0
1779,35.5605,70,35.5605,0
1780,35.58051,65,35.58051,0
1781,35.60051,69,35.60051,0
1782,35.62051,65,35.62051,0
1783,35.64051,61,35.64051,0
1784,35.66051,57,35.66051,0
1785,35.68051,60,35.68051,0
1786,35.70051,56,35.70051,0
1787,35.7205,55,35.7205,0
1788,35.74051,55,35.74051,0
1789,35.76051,54,35.76051,0
1790,35.78051,54,35.78051,0
1791,35.80051,49,35.80051,0
1792,35.82051,39,35.82051,0
1793,35.84051,49,35.84051,0
1794,35.86051,62,35.86051,0
1795,35.88051,49,35.88051,0
1796,35.90051,51,35.90051,0
1797,35.92051,42,35.92051,0
1798,35.94051,44,35.94051,0
1799,35.96051,39,35.96051,0
1800,35.98051,36,35.98051,0
1801,36.00051,39,36.00051,0
1802,36.02051,33,36.02051,0
1803,36.04051,42,36.04051,0
1804,36.0605,43,36.0605,0
1805,36.08051,40,36.08051,0
1806,36.10051,34,36.10051,0
1807,36.12051,51,36.12051,0
1808,36.14051,30,36.14051,0
1809,36.16051,36,36.16051,0
1810,36.18051,41,36.18051,0
1811,36.20051,31,36.20051,0
1812,36.2205,32,36.2205,0
1813,36.24051,37,36.24051,0
1814,36.26051,38,36.26051,0
1815,36.28051,41,36.28051,0
1816,36.30051,32,36.30051,0
1817,36.32051,36,36.32051,0
1818,36.34051,40,36.34051,0
1819,36.36051,33,36.36051,0
1820,36.38051,38,36.38051,0
1821,36.40051,29,36.40051,0
1822,36.42051,27,36.42051,0
1823,36.44051,41,36.44051,0
1824,36.46051,33,36.46051,0
1825,36.48051,27,36.48051,0
1826,36.50051,27,36.50051,0
1827,36.52051,28,36.52051,0
1828,36.54051,19,36.54051,0
1829,36.5605,24,36.5605,0
1830,36.58051,22,36.58051,0
1831,36.60051,31,36.60051,0
1832,36.62051,24,36.62051,0
1833,36.64051,24,36.64051,0
1834,36.66051,16,36.66051,0
1835,36.68051,31,36.68051,0
1836,36.70051,31,36.70051,0
1837,36.7205,30,36.7205,0
1838,36.74051,43,36.74051,0
1839,36.76051,31,36.76051,0
1840,36.78051,24,36.78051,0
1841,36.80051,26,36.80051,0
1842,36.82051,27,36.82051,0
1843,36.84051,25,36.84051,0
1844,36.86051,28,36.86051,0
1845,36.88051,17,36.88051,0
1846,36.90051,18,36.90051,0
1847,36.92051,25,36.92051,0
1848,36.94051,21,36.94051,0
1849,36.96051,24,36.96051,0
1850,36.98051,24,36.98051,0
1851,37.00051,22,37.00051,0
1852,37.02051,25,37.02051,0
1853,37.04051,30,37.04051,0
1854,37.0605,15,37.0605,0
1855,37.08051,26,37.08051,0
1856,37.10051,23,37.10051,0
1857,37.12051,18,37.12051,0
1858,37.14051,17,37.14051,0
1859,37.16051,25,37.16051,0
1860,37.18051,21,37.18051,0
1861,37.20051,16,37.20051,0
1862,37.2205,18,37.2205,0
1863,37.24051,22,37.24051,0
1864,37.26051,22,37.26051,0
1865,37.28051,19,37.28051,0
1866,37.30051,19,37.30051,0
1867,37.32051,24,37.32051,0
1868,37.34051,12,37.34051,0
1869,37.36051,21,37.36051,0
1870,37.38051,13,37.38051,0
1871,37.40051,18,37.40051,0
1872,37.42051,20,37.42051,0
1873,37.44051,23,37.44051,0
1874,37.46051,11,37.46051,0
1875,37.48051,18,37.48051,0
1876,37.50051,18,37.50051,0
1877,37.52051,23,37.52051,0
1878,37.54051,18,37.54051,0
1879,37.5605,21,37.5605,0
1880,37.58051,18,37.58051,0
1881,37.60051,28,37.60051,0
1882,37.62051,17,37.62051,0
1883,37.64051,7,37.64051,0
1884,37.66051,23,37.66051,0
1885,37.68051,19,37.68051,0
1886,37.70051,17,37.70051,0
1887,37.7205,23,37.7205,0
1888,37.74051,12,37.74051,0
1889,37.76051,16,37.76051,0
1890,37.78051,19,37.78051,0
1891,37.80051,24,37.80051,0
1892,37.82051,24,37.82051,0
1893,37.84051,13,37.84051,0
1894,37.86051,17,37.86051,0
1895,37.88051,15,37.88051,0
1896,37.90051,18,37.90051,0
1897,37.92051,21,37.92051,0
1898,37.94051,17,37.94051,0
1899,37.96051,16,37.96051,0
1900,37.98051,22,37.98051,0
1901,38.00051,11,38.00051,0
1902,38.02051,16,38.02051,0
1903,38.04051,10,38.04051,0
1904,38.0605,27,38.0605,0
1905,38.08051,16,38.08051,0
1906,38.10051,17,38.10051,0
1907,38.12051,17,38.12051,0
1908,38.14051,18,38.14051,0
1909,38.16051,12,38.16051,0
1910,38.18051,16,38.18051,0
1911,38.20051,12,38.20051,0
1912,38.2205,11,38.2205,0
1913,38.24051,17,38.24051,0
1914,38.26051,16,38.26051,0
1915,38.28051,21,38.28051,0
1916,38.30051,21,38.30051,0
1917,38.32051,20,38.32051,0
1918,38.34051,15,38.34051,0
1919,38.36051,19,38.36051,0
1920,38.38051,15,38.38051,0
1921,38.40051,15,38.40051,0
1922,38.42051,16,38.42051,0
1923,38.44051,15,38.44051,0
1924,38.46051,16,38.46051,0
1925,38.48051,13,38.48051,0
1926,38.50051,19,38.50051,0
1927,38.52051,17,38.52051,0
1928,38.54051,13,38.54051,0
1929,38.5605,6,38.5605,0
1930,38.58051,18,38.58051,0
1931,38.60051,18,38.60051,0
1932,38.62051,13,38.62051,0
1933,38.64051,23,38.64051,0
1934,38.66051,14,38.66051,0
1935,38.68051,12,38.68051,0
1936,38.70051,17,38.70051,0
1937,38.7205,17,38.7205,0
1938,38.74051,18,38.74051,0
1939,38.76051,14,38.76051,0
1940,38.78051,16,38.78051,0
1941,38.80051,15,38.80051,0
1942,38.82051,14,38.82051,0
1943,38.84051,13,38.84051,0
1944,38.86051,15,38.86051,0
1945,38.88051,7,38.88051,0
1946,38.90051,14,38.90051,0
1947,38.92051,13,38.92051,0
1948,38.94051,8,38.94051,0
1949,38.96051,5,38.96051,0
1950,38.98051,16,38.98051,0
1951,39.00051,11,39.00051,0
1952,39.02051,12,39.02051,0
1953,39.04051,12,39.04051,0
1954,39.0605,10,39.0605,0
1955,39.08051,13,39.08051,0
1956,39.10051,19,39.10051,0
1957,39.12051,20,39.12051,0
1958,39.14051,12,39.14051,0
1959,39.16051,10,39.16051,0
1960,39.18051,15,39.18051,0
1961,39.20051,17,39.20051,0
1962,39.2205,15,39.2205,0
1963,39.24051,5,39.24051,0
1964,39.26051,20,39.26051,0
1965,39.28051,9,39.28051,0
1966,39.30051,10,39.30051,0
1967,39.32051,8,39.32051,0
1968,39.34051,15,39.34051,0
1969,39.36051,12,39.36051,0
1970,39.38051,11,39.38051,0
1971,39.40051,6,39.40051,0
1972,39.42051,12,39.42051,0
1973,39.44051,13,39.44051,0
1974,39.46051,13,39.46051,0
1975,39.48051,14,39.48051,0
1976,39.50051,9,39.50051,0
1977,39.52051,9,39.52051,0
1978,39.54051,14,39.54051,0
1979,39.5605,12,39.5605,0
1980,39.58051,12,39.58051,0
1981,39.60051,8,39.60051,0
1982,39.62051,13,39.62051,0
1983,39.64051,15,39.64051,0
1984,39.66051,10,39.66051,0
1985,39.68051,9,39.68051,0
1986,39.70051,11,39.70051,0
1987,39.7205,12,39.7205,0
1988,39.74051,8,39.74051,0
1989,39.76051,5,39.76051,0
1990,39.78051,4,39.78051,0
1991,39.80051,10,39.80051,0
1992,39.82051,11,39.82051,0
1993,39.84051,6,39.84051,0
1994,39.86051,9,39.86051,0
1995,39.88051,10,39.88051,0
1996,39.90051,9,39.90051,0
1997,39.92051,9,39.92051,0
1998,39.94051,7,39.94051,0
1999,39.96051,7,39.96051,0
2000,39.98051,16,39.98051,0
2001,40.00051,15,40.00051,0
2002,40.02051,8,40.02051,0
2003,40.04051,3,40.04051,0
2004,40.0605,12,40.0605,0
2005,40.08051,11,40.08051,0
2006,40.10051,9,40.10051,0
2007,40.12051,10,40.12051,0
2008,40.14051,10,40.14051,0
2009,40.16051,11,40.16051,0
2010,40.18051,8,40.18051,0
2011,40.20051,8,40.20051,0
2012,40.2205,9,40.2205,0
2013,40.24051,7,40.24051,0
2014,40.26051,12,40.26051,0
2015,40.28051,9,40.28051,0
2016,40.30051,9,40.30051,0
2017,40.32051,8,40.32051,0
2018,40.34051,11,40.34051,0
2019,40.36051,9,40.36051,0
2020,40.38051,5,40.38051,0
2021,40.40051,7,40.40051,0
2022,40.42051,12,40.42051,0
2023,40.44051,8,40.44051,0
2024,40.46051,11,40.46051,0
2025,40.48051,8,40.48051,0
2026,40.50051,12,40.50051,0
2027,40.52051,3,40.52051,0
2028,40.54051,5,40.54051,0
2029,40.5605,8,40.5605,0
2030,40.58051,15,40.58051,0
2031,40.60051,6,40.60051,0
2032,40.62051,9,40.62051,0
2033,40.64051,12,40.64051,0
2034,40.66051,7,40.66051,0
2035,40.68051,10,40.68051,0
2036,40.70051,10,40.70051,0
2037,40.7205,10,40.7205,0
2038,40.74051,10,40.74051,0
2039,40.76051,9,40.76051,0
2040,40.78051,7,40.78051,0
2041,40.80051,2,40.80051,0
2042,40.82051,8,40.82051,0
2043,40.84051,13,40.84051,0
2044,40.86051,7,40.86051,0
2045,40.88051,7,40.88051,0
2046,40.90051,9,40.90051,0
2047,40.92051,7,40.92051,0
2048,40.94051,4,40.94051,0
