Bruker AXS HMP Instrument Tools Complete CSV
FileName,C:\MeinZeugs\Uni\Publikationen\2025\MeIn pXRF\DAQ\Device_monitoring_sample_element_precision_Schauer\data_raw\Example_LOD\04529-Mudrock Dual.pdz
SerialString,SG2-6390
TubeTargetElement,45
NumberOfSpectra,2
SampleID,
AcquisitionDateTime,1/1/2006 3:24:20 PM
TotalElapsedTimeInSeconds,120
AnodeTakeOffAngle,45
SampleIncidenceAngle,45
BeThicknessInMicroMeters,125
SampleTakeOffAngle,65
SpotSizeUsed,8
NumberOfUserCustomFields,5
UserCustomFieldHeader,FieldName,FieldValue
UserCustomField,Operator,Supervisor
UserCustomField,Material,Standard
UserCustomField,ID,
UserCustomField,Probe,Mudrock Standard
UserCustomField,Projekt,ESPRIT
AnalysisMode,32
AnalysisType,1
UsedAutoCalSelect,False
ResultUnits,PPM
ErrorMultiplier,2
CalFileName,MudrockDual
CalPackageName,
CalPackagePartNumber,
TypeStandardizationSetName,
NumberOfElementsInCalculatedResults,27
CalculatedResults:AtomicNum,ElementSymbol,Units,Value,TypeStandardizedValue,Error,RangeMin,RangeMax,Tramp,Nominal
12,Mg,PPM,0.8390168,0.8390168,0.05541131,0,0,False,False
13,Al,PPM,8.258664,8.258664,0.03929494,0,0,False,False
14,Si,PPM,19.79363,19.79363,0.03952894,0,0,False,False
15,P,PPM,0,0,0.002570165,0,0,False,False
16,S,PPM,0.0449126,0.0449126,0.001984669,0,0,False,False
19,K,PPM,4.377931,4.377931,0.00715415,0,0,False,False
20,Ca,PPM,0.2953804,0.2953804,0.00162358,0,0,False,False
22,Ti,PPM,0.311391,0.311391,0.001422031,0,0,False,False
23,V,PPM,0.01206578,0.01206578,0.0006276732,0,0,False,False
24,Cr,PPM,0.005495326,0.005495326,0.0003321519,0,0,False,False
25,Mn,PPM,0.01388485,0.01388485,0.0004036759,0,0,False,False
26,Fe,PPM,2.753123,2.753123,0.003294098,0,0,False,False
27,Co,PPM,0.0003621981,0.0003621981,9.261942E-05,0,0,False,False
28,Ni,PPM,0.002064095,0.002064095,0.0001489032,0,0,False,False
29,Cu,PPM,0.003913503,0.003913503,0.0001554252,0,0,False,False
30,Zn,PPM,0.002647532,0.002647532,0.0001358717,0,0,False,False
33,As,PPM,0.002993952,0.002993952,0.0001115421,0,0,False,False
37,Rb,PPM,0.02240525,0.02240525,0.0001303395,0,0,False,False
38,Sr,PPM,0.00373111,0.00373111,0.0001050333,0,0,False,False
39,Y,PPM,0.003442836,0.003442836,0.0001218775,0,0,False,False
40,Zr,PPM,0.01432873,0.01432873,0.000112931,0,0,False,False
41,Nb,PPM,0.001229048,0.001229048,9.144807E-05,0,0,False,False
42,Mo,PPM,0.001037786,0.001037786,9.860849E-05,0,0,False,False
56,Ba,PPM,0.1444815,0.1444815,0.008205761,0,0,False,False
82,Pb,PPM,0.0009968199,0.0009968199,0.000131427,0,0,False,False
90,Th,PPM,0.002227343,0.002227343,2.719527E-05,0,0,False,False
92,U,PPM,0.001369598,0.001369598,0.0002473449,0,0,False,False
MatchSpreadThreshold,0.05
IsTrampEnabled,False
IsNominalEnabled,False
NumberOfGradeIDMatchResults,3
GradeIDMatchResultsHeader,GradeID,MatchConfidence
GradeIDMatchResult,,0
GradeIDMatchResult,,0
GradeIDMatchResult,,0
ParametersForEachSpectrum,Spectrum 1,,Spectrum 2,
XrayVoltageInkV,40,,15,
XrayFilamentCurrentInMicroAmps,38.85,,27.9,
RawCounts,3052755,,3554370,
ValidCounts,2604138,,3102792,
eVPerChannel,20,,20,
StartingKeV,0.0003201158,,0.0003201158,
ZeroOffsetInKeV,-0.0003201158,,-0.0003201158,
StartingChannel,0.01600579,,0.01600579,
NumberOfChannels,2048,,2048,
CountsPerSecond,60238.25,,65372.54,
XilinxFirmwareVersion,,,,
IlluminationID,MudRock Trace40,,MudRock Maj15,
Filter1ElementAtomicNum,22,,0,
Filter1Thickness,25,,0,
Filter2ElementAtomicNum,13,,0,
Filter2Thickness,300,,0,
Filter3ElementAtomicNum,0,,0,
Filter3Thickness,0,,0,
AcquisitionDateTime,1/1/2006 3:24:20 PM,,1/1/2006 3:24:20 PM,
LiveTimeInSeconds,43.57101,,46.441,
DeadTimeInSeconds,7.107,,7.929998,
ResetTimeInSeconds,5.632999,,1.971999,
DetectorTempInC,-27,,-27,
AmbientTempInF,117.6,,117.6,
NosePressureInMilliBars,999.0001,,999.0001,
NoseTemperatureInC,41,,41,
ActiveTimeInSeconds,50.67802,,54.371,
PacketTimeInSeconds,56.31102,,56.343,
CommunicationTimeInSeconds,,,,
ElapsedClockTimeInSeconds,60,,60,
Spectrum:ChannelNumber,ChannelStartInKeV,ChannelCount,ChannelStartInKeV,ChannelCount
1,0.0003201158,0,0.0003201158,0
2,0.02032012,0,0.02032012,0
3,0.04032012,0,0.04032012,0
4,0.06032012,0,0.06032012,0
5,0.08032011,0,0.08032011,0
6,0.1003201,0,0.1003201,0
7,0.1203201,0,0.1203201,0
8,0.1403201,0,0.1403201,0
9,0.1603201,0,0.1603201,0
10,0.1803201,0,0.1803201,0
11,0.2003201,0,0.2003201,0
12,0.2203201,0,0.2203201,0
13,0.2403201,0,0.2403201,0
14,0.2603201,0,0.2603201,0
15,0.2803201,9,0.2803201,8
16,0.3003201,109,0.3003201,78
17,0.3203201,699,0.3203201,619
18,0.3403201,2830,0.3403201,2735
19,0.3603201,7129,0.3603201,7424
20,0.3803201,10918,0.3803201,12297
21,0.4003201,10960,0.4003201,12149
22,0.4203201,6890,0.4203201,7151
23,0.4403201,2760,0.4403201,2535
24,0.4603201,697,0.4603201,568
25,0.4803201,116,0.4803201,82
26,0.5003201,16,0.5003201,13
27,0.5203201,5,0.5203201,1
28,0.5403201,3,0.5403201,0
29,0.5603201,4,0.5603201,1
30,0.5803201,4,0.5803201,0
31,0.6003201,1,0.6003201,1
32,0.6203201,2,0.6203201,0
33,0.6403201,1,0.6403201,0
34,0.6603201,1,0.6603201,0
35,0.6803201,639,0.6803201,73
36,0.7003201,655,0.7003201,73
37,0.7203201,620,0.7203201,77
38,0.7403201,621,0.7403201,68
39,0.7603201,574,0.7603201,66
40,0.7803201,646,0.7803201,101
41,0.8003201,635,0.8003201,73
42,0.8203201,625,0.8203201,73
43,0.8403201,603,0.8403201,89
44,0.8603201,624,0.8603201,95
45,0.8803201,566,0.8803201,139
46,0.9003201,581,0.9003201,160
47,0.9203201,534,0.9203201,234
48,0.9403201,629,0.9403201,244
49,0.9603201,612,0.9603201,300
50,0.9803201,575,0.9803201,188
51,1.00032,568,1.00032,145
52,1.02032,548,1.02032,140
53,1.04032,527,1.04032,127
54,1.06032,568,1.06032,142
55,1.08032,557,1.08032,197
56,1.10032,543,1.10032,186
57,1.12032,580,1.12032,153
58,1.14032,576,1.14032,138
59,1.16032,527,1.16032,161
60,1.18032,527,1.18032,243
61,1.20032,549,1.20032,268
62,1.22032,518,1.22032,372
63,1.24032,504,1.24032,357
64,1.26032,525,1.26032,313
65,1.28032,524,1.28032,257
66,1.30032,498,1.30032,190
67,1.32032,485,1.32032,169
68,1.34032,515,1.34032,181
69,1.36032,532,1.36032,264
70,1.38032,530,1.38032,559
71,1.40032,487,1.40032,1433
72,1.42032,537,1.42032,3385
73,1.44032,598,1.44032,6836
74,1.46032,636,1.46032,10249
75,1.48032,738,1.48032,11724
76,1.50032,689,1.50032,10673
77,1.52032,674,1.52032,7630
78,1.54032,571,1.54032,4944
79,1.56032,554,1.56032,3046
80,1.58032,536,1.58032,2082
81,1.60032,502,1.60032,1580
82,1.62032,447,1.62032,2011
83,1.64032,492,1.64032,5011
84,1.66032,610,1.66032,13598
85,1.68032,798,1.68032,30070
86,1.70032,1032,1.70032,52691
87,1.72032,1306,1.72032,71850
88,1.74032,1352,1.74032,75729
89,1.76032,1201,1.76032,61836
90,1.78032,892,1.78032,40004
91,1.80032,726,1.80032,21637
92,1.82032,549,1.82032,10773
93,1.84032,478,1.84032,5529
94,1.86032,465,1.86032,3022
95,1.88032,418,1.88032,1686
96,1.90032,433,1.90032,855
97,1.92032,392,1.92032,453
98,1.94032,398,1.94032,310
99,1.96032,400,1.96032,266
100,1.98032,377,1.98032,260
101,2.00032,400,2.00032,283
102,2.02032,381,2.02032,309
103,2.04032,351,2.04032,280
104,2.06032,358,2.06032,298
105,2.08032,333,2.08032,240
106,2.10032,375,2.10032,252
107,2.12032,360,2.12032,261
108,2.14032,360,2.14032,257
109,2.16032,355,2.16032,278
110,2.18032,330,2.18032,293
111,2.20032,337,2.20032,282
112,2.22032,347,2.22032,331
113,2.24032,359,2.24032,328
114,2.26032,387,2.26032,410
115,2.28032,348,2.28032,485
116,2.30032,347,2.30032,538
117,2.32032,297,2.32032,628
118,2.34032,331,2.34032,631
119,2.36032,320,2.36032,747
120,2.38032,345,2.38032,685
121,2.40032,307,2.40032,650
122,2.42032,325,2.42032,568
123,2.44032,348,2.44032,565
124,2.46032,302,2.46032,503
125,2.48032,281,2.48032,513
126,2.50032,309,2.50032,539
127,2.52032,287,2.52032,601
128,2.54032,300,2.54032,614
129,2.56032,303,2.56032,864
130,2.58032,264,2.58032,1183
131,2.60032,267,2.60032,2148
132,2.62032,305,2.62032,3646
133,2.64032,289,2.64032,6176
134,2.66032,279,2.66032,8894
135,2.68032,295,2.68032,11031
136,2.70032,282,2.70032,11351
137,2.72032,274,2.72032,9888
138,2.74032,286,2.74032,7718
139,2.76032,271,2.76032,6028
140,2.78032,284,2.78032,5391
141,2.80032,264,2.80032,5809
142,2.82032,275,2.82032,6413
143,2.84032,253,2.84032,6735
144,2.86032,290,2.86032,6667
145,2.88032,348,2.88032,6524
146,2.90032,422,2.90032,7087
147,2.92032,504,2.92032,8229
148,2.94032,543,2.94032,9085
149,2.96032,537,2.96032,9230
150,2.98032,469,2.98032,8037
151,3.00032,406,3.00032,6104
152,3.02032,339,3.02032,4120
153,3.04032,245,3.04032,2581
154,3.06032,261,3.06032,1572
155,3.08032,210,3.08032,1223
156,3.10032,237,3.10032,1168
157,3.12032,245,3.12032,1246
158,3.14032,239,3.14032,1606
159,3.16032,273,3.16032,2157
160,3.18032,416,3.18032,3397
161,3.20032,629,3.20032,6675
162,3.22032,1224,3.22032,13919
163,3.24032,2356,3.24032,26830
164,3.26032,3788,3.26032,45256
165,3.28032,5435,3.28032,65584
166,3.30032,6366,3.30032,79605
167,3.32032,6358,3.32032,79669
168,3.34032,5510,3.34032,68099
169,3.36032,3915,3.36032,48191
170,3.38032,2397,3.38032,28735
171,3.40032,1295,3.40032,15007
172,3.42032,643,3.42032,6840
173,3.44032,413,3.44032,3146
174,3.46032,285,3.46032,1894
175,3.48032,320,3.48032,2119
176,3.50032,400,3.50032,3244
177,3.52032,554,3.52032,5036
178,3.54032,784,3.54032,7695
179,3.56032,978,3.56032,9845
180,3.58032,1050,3.58032,11392
181,3.60032,1099,3.60032,11567
182,3.62032,983,3.62032,10050
183,3.64032,828,3.64032,8126
184,3.66032,621,3.66032,6134
185,3.68032,507,3.68032,4592
186,3.70032,420,3.70032,3476
187,3.72032,363,3.72032,2613
188,3.74032,256,3.74032,1933
189,3.76032,198,3.76032,1298
190,3.78032,165,3.78032,985
191,3.80032,127,3.80032,794
192,3.82032,125,3.82032,686
193,3.84032,113,3.84032,598
194,3.86032,121,3.86032,613
195,3.88032,112,3.88032,631
196,3.90032,103,3.90032,685
197,3.92032,113,3.92032,745
198,3.94032,130,3.94032,773
199,3.96032,115,3.96032,858
200,3.98032,140,3.98032,968
201,4.00032,137,4.00032,1010
202,4.02032,134,4.02032,955
203,4.04032,139,4.04032,930
204,4.06032,116,4.06032,896
205,4.08032,100,4.08032,828
206,4.10032,93,4.10032,817
207,4.12032,89,4.12032,825
208,4.14032,92,4.14032,745
209,4.16032,74,4.16032,753
210,4.18032,86,4.18032,789
211,4.20032,91,4.20032,775
212,4.22032,87,4.22032,789
213,4.24032,96,4.24032,828
214,4.26032,78,4.26032,809
215,4.28032,99,4.28032,856
216,4.30032,104,4.30032,979
217,4.32032,120,4.32032,984
218,4.34032,113,4.34032,1108
219,4.36032,174,4.36032,1394
220,4.38032,329,4.38032,2087
221,4.40032,538,4.40032,3074
222,4.42032,888,4.42032,4782
223,4.44032,1459,4.44032,7273
224,4.46032,2061,4.46032,10147
225,4.48032,2601,4.48032,12246
226,4.50032,2747,4.50032,13268
227,4.52032,2652,4.52032,12606
228,4.54032,2224,4.54032,10682
229,4.56032,1670,4.56032,8008
230,4.58032,1110,4.58032,5578
231,4.60032,807,4.60032,3738
232,4.62032,595,4.62032,2649
233,4.64032,438,4.64032,2119
234,4.66032,374,4.66032,1815
235,4.68032,324,4.68032,1689
236,4.70032,272,4.70032,1536
237,4.72032,225,4.72032,1498
238,4.74032,214,4.74032,1504
239,4.76032,228,4.76032,1669
240,4.78032,236,4.78032,1849
241,4.80032,338,4.80032,2227
242,4.82032,404,4.82032,2413
243,4.84032,467,4.84032,2690
244,4.86032,511,4.86032,2933
245,4.88032,586,4.88032,3218
246,4.90032,622,4.90032,3456
247,4.92032,710,4.92032,3703
248,4.94032,682,4.94032,3642
249,4.96032,573,4.96032,3388
250,4.98032,437,4.98032,3026
251,5.00032,313,5.00032,2572
252,5.02032,219,5.02032,2132
253,5.04032,151,5.04032,1934
254,5.06032,121,5.06032,1813
255,5.08032,98,5.08032,1785
256,5.10032,119,5.10032,1772
257,5.12032,113,5.12032,1853
258,5.14032,132,5.14032,1842
259,5.16032,140,5.16032,1810
260,5.18032,139,5.18032,1802
261,5.20032,112,5.20032,1882
262,5.22032,143,5.22032,1753
263,5.24032,135,5.24032,1773
264,5.26032,128,5.26032,1737
265,5.28032,123,5.28032,1742
266,5.30032,140,5.30032,1763
267,5.32032,145,5.32032,1799
268,5.34032,162,5.34032,1935
269,5.36032,177,5.36032,1986
270,5.38032,217,5.38032,2091
271,5.40032,200,5.40032,2175
272,5.42032,205,5.42032,2109
273,5.44032,188,5.44032,2055
274,5.46032,201,5.46032,2007
275,5.48032,154,5.48032,1910
276,5.50032,150,5.50032,1837
277,5.52032,136,5.52032,1879
278,5.54032,109,5.54032,1818
279,5.56032,113,5.56032,1683
280,5.58032,115,5.58032,1742
281,5.60032,84,5.60032,1734
282,5.62032,78,5.62032,1567
283,5.64032,74,5.64032,1628
284,5.66032,56,5.66032,1563
285,5.68032,78,5.68032,1574
286,5.70032,63,5.70032,1621
287,5.72032,87,5.72032,1726
288,5.74032,103,5.74032,1636
289,5.76032,105,5.76032,1670
290,5.78032,134,5.78032,1681
291,5.80032,127,5.80032,1644
292,5.82032,164,5.82032,1762
293,5.84032,170,5.84032,1827
294,5.86032,176,5.86032,1778
295,5.88032,190,5.88032,1825
296,5.90032,205,5.90032,1767
297,5.92032,180,5.92032,1845
298,5.94032,168,5.94032,1761
299,5.96032,189,5.96032,1736
300,5.98032,147,5.98032,1616
301,6.00032,157,6.00032,1655
302,6.02032,120,6.02032,1688
303,6.04032,122,6.04032,1603
304,6.06032,135,6.06032,1602
305,6.08032,141,6.08032,1605
306,6.10032,185,6.10032,1656
307,6.12032,189,6.12032,1704
308,6.14032,215,6.14032,1697
309,6.16032,256,6.16032,1860
310,6.18032,374,6.18032,2048
311,6.20032,664,6.20032,2572
312,6.22032,1402,6.22032,3683
313,6.24032,2881,6.24032,6286
314,6.26032,6034,6.26032,11903
315,6.28032,11549,6.28032,22285
316,6.30032,20596,6.30032,38202
317,6.32032,32593,6.32032,61067
318,6.34032,46742,6.34032,86950
319,6.36032,59930,6.36032,112434
320,6.38032,68152,6.38032,129789
321,6.40032,70129,6.40032,134646
322,6.42032,64738,6.42032,123610
323,6.44032,53705,6.44032,102319
324,6.46032,39695,6.46032,75572
325,6.48032,26128,6.48032,50657
326,6.50032,15743,6.50032,30601
327,6.52032,8496,6.52032,16941
328,6.54032,4176,6.54032,8946
329,6.56032,2010,6.56032,4868
330,6.58032,908,6.58032,2916
331,6.60032,456,6.60032,2092
332,6.62032,295,6.62032,1885
333,6.64032,238,6.64032,1735
334,6.66032,213,6.66032,1705
335,6.68032,207,6.68032,1682
336,6.70032,190,6.70032,1672
337,6.72032,208,6.72032,1637
338,6.74032,201,6.74032,1599
339,6.76032,206,6.76032,1705
340,6.78032,237,6.78032,1725
341,6.80032,254,6.80032,1808
342,6.82032,310,6.82032,1876
343,6.84032,391,6.84032,1971
344,6.86032,508,6.86032,2275
345,6.88032,731,6.88032,2539
346,6.90032,1097,6.90032,3251
347,6.92032,1852,6.92032,4341
348,6.94032,2864,6.94032,6398
349,6.96032,4644,6.96032,9059
350,6.98032,6539,6.98032,12283
351,7.00032,8585,7.00032,16079
352,7.02032,10351,7.02032,19222
353,7.04032,11357,7.04032,20851
354,7.06032,11524,7.06032,20971
355,7.08032,10367,7.08032,19254
356,7.10032,8527,7.10032,16039
357,7.12032,6278,7.12032,12388
358,7.14032,4252,7.14032,8764
359,7.16032,2737,7.16032,5871
360,7.18032,1527,7.18032,3861
361,7.20032,828,7.20032,2643
362,7.22032,391,7.22032,2005
363,7.24032,205,7.24032,1662
364,7.26032,134,7.26032,1556
365,7.28032,71,7.28032,1530
366,7.30032,70,7.30032,1506
367,7.32032,67,7.32032,1536
368,7.34032,79,7.34032,1521
369,7.36032,81,7.36032,1738
370,7.38032,95,7.38032,1833
371,7.40032,92,7.40032,1913
372,7.42032,126,7.42032,2120
373,7.44032,162,7.44032,2272
374,7.46032,138,7.46032,2349
375,7.48032,135,7.48032,2345
376,7.50032,150,7.50032,2274
377,7.52032,131,7.52032,2063
378,7.54032,90,7.54032,1849
379,7.56032,94,7.56032,1634
380,7.58032,75,7.58032,1488
381,7.60032,60,7.60032,1328
382,7.62032,59,7.62032,1267
383,7.64032,63,7.64032,1336
384,7.66032,53,7.66032,1227
385,7.68032,52,7.68032,1243
386,7.70032,52,7.70032,1184
387,7.72032,45,7.72032,1187
388,7.74032,52,7.74032,1300
389,7.76032,47,7.76032,1269
390,7.78032,61,7.78032,1253
391,7.80032,53,7.80032,1276
392,7.82032,81,7.82032,1280
393,7.84032,73,7.84032,1253
394,7.86032,100,7.86032,1233
395,7.88032,82,7.88032,1265
396,7.90032,91,7.90032,1306
397,7.92032,108,7.92032,1302
398,7.94032,164,7.94032,1310
399,7.96032,164,7.96032,1363
400,7.98032,209,7.98032,1319
401,8.00032,244,8.00032,1371
402,8.02032,276,8.02032,1471
403,8.04032,287,8.04032,1419
404,8.06032,291,8.06032,1540
405,8.08032,252,8.08032,1581
406,8.10032,215,8.10032,1614
407,8.12032,152,8.12032,1645
408,8.14032,114,8.14032,1606
409,8.16032,100,8.16032,1591
410,8.18032,107,8.18032,1581
411,8.20032,86,8.20032,1581
412,8.22032,79,8.22032,1539
413,8.24032,84,8.24032,1444
414,8.26032,81,8.26032,1392
415,8.28032,99,8.28032,1405
416,8.30032,64,8.30032,1396
417,8.32032,87,8.32032,1303
418,8.340321,74,8.340321,1340
419,8.36032,83,8.36032,1210
420,8.380321,102,8.380321,1302
421,8.40032,110,8.40032,1237
422,8.420321,83,8.420321,1256
423,8.44032,91,8.44032,1278
424,8.46032,85,8.46032,1235
425,8.48032,102,8.48032,1255
426,8.50032,143,8.50032,1261
427,8.52032,178,8.52032,1291
428,8.54032,234,8.54032,1270
429,8.56032,305,8.56032,1359
430,8.58032,338,8.58032,1350
431,8.60032,407,8.60032,1415
432,8.62032,450,8.62032,1430
433,8.64032,372,8.64032,1422
434,8.66032,364,8.66032,1438
435,8.68032,317,8.68032,1392
436,8.70032,273,8.70032,1365
437,8.72032,186,8.72032,1315
438,8.74032,164,8.74032,1345
439,8.76032,115,8.76032,1367
440,8.78032,109,8.78032,1298
441,8.80032,104,8.80032,1381
442,8.82032,104,8.82032,1373
443,8.840321,109,8.840321,1333
444,8.86032,122,8.86032,1300
445,8.880321,120,8.880321,1328
446,8.90032,123,8.90032,1349
447,8.920321,124,8.920321,1379
448,8.94032,113,8.94032,1307
449,8.96032,127,8.96032,1388
450,8.98032,129,8.98032,1290
451,9.00032,110,9.00032,1359
452,9.02032,114,9.02032,1370
453,9.04032,103,9.04032,1366
454,9.06032,106,9.06032,1341
455,9.08032,120,9.08032,1420
456,9.10032,137,9.10032,1327
457,9.12032,160,9.12032,1319
458,9.14032,196,9.14032,1409
459,9.16032,233,9.16032,1402
460,9.18032,307,9.18032,1420
461,9.20032,305,9.20032,1456
462,9.22032,375,9.22032,1379
463,9.24032,344,9.24032,1428
464,9.26032,371,9.26032,1485
465,9.28032,287,9.28032,1388
466,9.30032,311,9.30032,1429
467,9.32032,274,9.32032,1458
468,9.340321,207,9.340321,1348
469,9.36032,214,9.36032,1383
470,9.380321,192,9.380321,1314
471,9.40032,149,9.40032,1336
472,9.420321,151,9.420321,1402
473,9.44032,158,9.44032,1355
474,9.46032,146,9.46032,1332
475,9.48032,160,9.48032,1326
476,9.50032,184,9.50032,1344
477,9.52032,182,9.52032,1323
478,9.54032,218,9.54032,1309
479,9.56032,213,9.56032,1315
480,9.58032,220,9.58032,1372
481,9.60032,182,9.60032,1351
482,9.62032,225,9.62032,1372
483,9.64032,209,9.64032,1442
484,9.66032,214,9.66032,1491
485,9.68032,213,9.68032,1479
486,9.70032,221,9.70032,1566
487,9.72032,187,9.72032,1563
488,9.74032,199,9.74032,1602
489,9.76032,186,9.76032,1488
490,9.78032,221,9.78032,1486
491,9.80032,183,9.80032,1382
492,9.82032,200,9.82032,1329
493,9.840321,235,9.840321,1359
494,9.86032,221,9.86032,1309
495,9.880321,229,9.880321,1257
496,9.90032,210,9.90032,1248
497,9.920321,207,9.920321,1272
498,9.94032,220,9.94032,1260
499,9.96032,201,9.96032,1249
500,9.98032,179,9.98032,1332
501,10.00032,224,10.00032,1203
502,10.02032,195,10.02032,1243
503,10.04032,231,10.04032,1269
504,10.06032,207,10.06032,1204
505,10.08032,233,10.08032,1145
506,10.10032,207,10.10032,1219
507,10.12032,232,10.12032,1205
508,10.14032,252,10.14032,1168
509,10.16032,234,10.16032,1197
510,10.18032,240,10.18032,1191
511,10.20032,245,10.20032,1205
512,10.22032,280,10.22032,1188
513,10.24032,252,10.24032,1157
514,10.26032,307,10.26032,1163
515,10.28032,292,10.28032,1170
516,10.30032,282,10.30032,1214
517,10.32032,310,10.32032,1204
518,10.34032,349,10.34032,1126
519,10.36032,342,10.36032,1184
520,10.38032,351,10.38032,1208
521,10.40032,381,10.40032,1197
522,10.42032,471,10.42032,1182
523,10.44032,490,10.44032,1172
524,10.46032,624,10.46032,1228
525,10.48032,744,10.48032,1143
526,10.50032,700,10.50032,1143
527,10.52032,811,10.52032,1160
528,10.54032,779,10.54032,1208
529,10.56032,716,10.56032,1181
530,10.58032,657,10.58032,1156
531,10.60032,615,10.60032,1130
532,10.62032,495,10.62032,1149
533,10.64032,459,10.64032,1134
534,10.66032,415,10.66032,1098
535,10.68032,380,10.68032,1106
536,10.70032,381,10.70032,1081
537,10.72032,342,10.72032,1029
538,10.74032,331,10.74032,999
539,10.76032,328,10.76032,980
540,10.78032,335,10.78032,1035
541,10.80032,345,10.80032,1078
542,10.82032,343,10.82032,1035
543,10.84032,357,10.84032,1048
544,10.86032,378,10.86032,1086
545,10.88032,348,10.88032,1069
546,10.90032,363,10.90032,1076
547,10.92032,379,10.92032,1009
548,10.94032,414,10.94032,1085
549,10.96032,391,10.96032,1082
550,10.98032,404,10.98032,1050
551,11.00032,378,11.00032,1022
552,11.02032,368,11.02032,1055
553,11.04032,378,11.04032,1047
554,11.06032,394,11.06032,953
555,11.08032,432,11.08032,948
556,11.10032,421,11.10032,993
557,11.12032,406,11.12032,961
558,11.14032,426,11.14032,929
559,11.16032,438,11.16032,939
560,11.18032,415,11.18032,1017
561,11.20032,460,11.20032,926
562,11.22032,429,11.22032,935
563,11.24032,430,11.24032,966
564,11.26032,406,11.26032,956
565,11.28032,463,11.28032,951
566,11.30032,478,11.30032,936
567,11.32032,449,11.32032,938
568,11.34032,462,11.34032,897
569,11.36032,497,11.36032,889
570,11.38032,510,11.38032,917
571,11.40032,443,11.40032,947
572,11.42032,514,11.42032,879
573,11.44032,487,11.44032,908
574,11.46032,503,11.46032,921
575,11.48032,510,11.48032,905
576,11.50032,485,11.50032,904
577,11.52032,490,11.52032,886
578,11.54032,544,11.54032,889
579,11.56032,530,11.56032,913
580,11.58032,535,11.58032,883
581,11.60032,584,11.60032,846
582,11.62032,540,11.62032,843
583,11.64032,548,11.64032,895
584,11.66032,564,11.66032,807
585,11.68032,588,11.68032,851
586,11.70032,634,11.70032,815
587,11.72032,605,11.72032,794
588,11.74032,586,11.74032,855
589,11.76032,606,11.76032,822
590,11.78032,587,11.78032,786
591,11.80032,584,11.80032,807
592,11.82032,604,11.82032,792
593,11.84032,554,11.84032,820
594,11.86032,596,11.86032,764
595,11.88032,619,11.88032,755
596,11.90032,606,11.90032,829
597,11.92032,587,11.92032,781
598,11.94032,578,11.94032,828
599,11.96032,578,11.96032,871
600,11.98032,605,11.98032,797
601,12.00032,601,12.00032,759
602,12.02032,668,12.02032,703
603,12.04032,633,12.04032,749
604,12.06032,652,12.06032,785
605,12.08032,629,12.08032,695
606,12.10032,619,12.10032,738
607,12.12032,613,12.12032,745
608,12.14032,649,12.14032,751
609,12.16032,665,12.16032,716
610,12.18032,677,12.18032,758
611,12.20032,688,12.20032,700
612,12.22032,615,12.22032,728
613,12.24032,678,12.24032,650
614,12.26032,682,12.26032,691
615,12.28032,645,12.28032,651
616,12.30032,727,12.30032,709
617,12.32032,695,12.32032,705
618,12.34032,677,12.34032,698
619,12.36032,630,12.36032,653
620,12.38032,658,12.38032,650
621,12.40032,684,12.40032,660
622,12.42032,715,12.42032,684
623,12.44032,719,12.44032,687
624,12.46032,746,12.46032,672
625,12.48032,753,12.48032,700
626,12.50032,728,12.50032,695
627,12.52032,774,12.52032,630
628,12.54032,767,12.54032,587
629,12.56032,775,12.56032,631
630,12.58032,848,12.58032,637
631,12.60032,796,12.60032,630
632,12.62032,812,12.62032,617
633,12.64032,821,12.64032,626
634,12.66032,859,12.66032,672
635,12.68032,897,12.68032,682
636,12.70032,834,12.70032,693
637,12.72032,898,12.72032,727
638,12.74032,898,12.74032,759
639,12.76032,939,12.76032,863
640,12.78032,918,12.78032,815
641,12.80032,889,12.80032,833
642,12.82032,1005,12.82032,826
643,12.84032,961,12.84032,768
644,12.86032,1044,12.86032,710
645,12.88032,1002,12.88032,731
646,12.90032,1053,12.90032,679
647,12.92032,1088,12.92032,604
648,12.94032,1094,12.94032,581
649,12.96032,1072,12.96032,547
650,12.98032,1076,12.98032,518
651,13.00032,1112,13.00032,529
652,13.02032,992,13.02032,541
653,13.04032,1073,13.04032,474
654,13.06032,998,13.06032,459
655,13.08032,1015,13.08032,464
656,13.10032,1005,13.10032,511
657,13.12032,1090,13.12032,499
658,13.14032,1108,13.14032,490
659,13.16032,1203,13.16032,431
660,13.18032,1417,13.18032,458
661,13.20032,1822,13.20032,450
662,13.22032,2154,13.22032,429
663,13.24032,2778,13.24032,445
664,13.26032,3316,13.26032,467
665,13.28032,3929,13.28032,424
666,13.30032,4671,13.30032,420
667,13.32032,5236,13.32032,415
668,13.34032,5644,13.34032,415
669,13.36032,5765,13.36032,463
670,13.38032,5809,13.38032,438
671,13.40032,5441,13.40032,443
672,13.42032,4839,13.42032,412
673,13.44032,4252,13.44032,447
674,13.46032,3541,13.46032,446
675,13.48032,2910,13.48032,416
676,13.50032,2436,13.50032,416
677,13.52032,1910,13.52032,401
678,13.54032,1685,13.54032,374
679,13.56032,1392,13.56032,359
680,13.58032,1275,13.58032,347
681,13.60032,1205,13.60032,341
682,13.62032,1153,13.62032,356
683,13.64032,1107,13.64032,331
684,13.66032,1075,13.66032,338
685,13.68032,1066,13.68032,287
686,13.70032,1098,13.70032,309
687,13.72032,1090,13.72032,321
688,13.74032,1069,13.74032,282
689,13.76032,1141,13.76032,283
690,13.78032,1062,13.78032,299
691,13.80032,1104,13.80032,283
692,13.82032,1088,13.82032,254
693,13.84032,1093,13.84032,273
694,13.86032,1089,13.86032,307
695,13.88032,1181,13.88032,237
696,13.90032,1098,13.90032,242
697,13.92032,1136,13.92032,240
698,13.94032,1165,13.94032,252
699,13.96032,1291,13.96032,235
700,13.98032,1306,13.98032,198
701,14.00032,1383,14.00032,215
702,14.02032,1535,14.02032,225
703,14.04032,1562,14.04032,227
704,14.06032,1692,14.06032,198
705,14.08032,1804,14.08032,192
706,14.10032,1837,14.10032,183
707,14.12032,1970,14.12032,167
708,14.14032,1969,14.14032,184
709,14.16032,1841,14.16032,174
710,14.18032,1733,14.18032,179
711,14.20032,1789,14.20032,138
712,14.22032,1594,14.22032,143
713,14.24032,1522,14.24032,137
714,14.26032,1374,14.26032,113
715,14.28032,1384,14.28032,139
716,14.30032,1280,14.30032,132
717,14.32032,1205,14.32032,121
718,14.34032,1242,14.34032,98
719,14.36032,1229,14.36032,110
720,14.38032,1201,14.38032,113
721,14.40032,1213,14.40032,104
722,14.42032,1265,14.42032,102
723,14.44032,1161,14.44032,90
724,14.46032,1184,14.46032,85
725,14.48032,1220,14.48032,98
726,14.50032,1200,14.50032,63
727,14.52032,1283,14.52032,83
728,14.54032,1272,14.54032,84
729,14.56032,1274,14.56032,65
730,14.58032,1257,14.58032,68
731,14.60032,1285,14.60032,74
732,14.62032,1293,14.62032,67
733,14.64032,1254,14.64032,45
734,14.66032,1274,14.66032,55
735,14.68032,1330,14.68032,56
736,14.70032,1359,14.70032,53
737,14.72032,1408,14.72032,53
738,14.74032,1447,14.74032,54
739,14.76032,1462,14.76032,36
740,14.78032,1536,14.78032,37
741,14.80032,1736,14.80032,41
742,14.82032,1830,14.82032,33
743,14.84032,2036,14.84032,26
744,14.86032,2203,14.86032,22
745,14.88032,2318,14.88032,21
746,14.90032,2535,14.90032,29
747,14.92032,2547,14.92032,23
748,14.94032,2738,14.94032,20
749,14.96032,2567,14.96032,19
750,14.98032,2481,14.98032,17
751,15.00032,2373,15.00032,20
752,15.02032,2190,15.02032,19
753,15.04032,2027,15.04032,20
754,15.06032,1833,15.06032,11
755,15.08032,1726,15.08032,13
756,15.10032,1709,15.10032,17
757,15.12032,1598,15.12032,12
758,15.14032,1537,15.14032,11
759,15.16032,1490,15.16032,12
760,15.18032,1479,15.18032,16
761,15.20032,1472,15.20032,13
762,15.22032,1509,15.22032,9
763,15.24032,1444,15.24032,20
764,15.26032,1426,15.26032,14
765,15.28032,1379,15.28032,13
766,15.30032,1405,15.30032,17
767,15.32032,1422,15.32032,7
768,15.34032,1391,15.34032,12
769,15.36032,1445,15.36032,11
770,15.38032,1400,15.38032,16
771,15.40032,1337,15.40032,14
772,15.42032,1502,15.42032,14
773,15.44032,1448,15.44032,14
774,15.46032,1535,15.46032,12
775,15.48032,1659,15.48032,12
776,15.50032,1678,15.50032,17
777,15.52032,1935,15.52032,13
778,15.54032,2131,15.54032,13
779,15.56032,2365,15.56032,9
780,15.58032,2688,15.58032,10
781,15.60032,3105,15.60032,12
782,15.62032,3615,15.62032,13
783,15.64032,4151,15.64032,12
784,15.66032,4725,15.66032,9
785,15.68032,5199,15.68032,7
786,15.70032,5560,15.70032,13
787,15.72032,5572,15.72032,10
788,15.74032,5740,15.74032,14
789,15.76032,5617,15.76032,9
790,15.78032,5275,15.78032,10
791,15.80032,4888,15.80032,10
792,15.82032,4495,15.82032,12
793,15.84032,3897,15.84032,3
794,15.86032,3318,15.86032,11
795,15.88032,2829,15.88032,7
796,15.90032,2563,15.90032,15
797,15.92032,2158,15.92032,15
798,15.94032,1942,15.94032,8
799,15.96032,1786,15.96032,7
800,15.98032,1586,15.98032,12
801,16.00032,1637,16.00032,11
802,16.02032,1533,16.02032,12
803,16.04032,1486,16.04032,8
804,16.06032,1543,16.06032,7
805,16.08032,1536,16.08032,13
806,16.10032,1543,16.10032,15
807,16.12032,1603,16.12032,7
808,16.14032,1633,16.14032,14
809,16.16032,1538,16.16032,22
810,16.18032,1646,16.18032,15
811,16.20032,1642,16.20032,6
812,16.22032,1674,16.22032,10
813,16.24032,1593,16.24032,5
814,16.26032,1646,16.26032,8
815,16.28032,1604,16.28032,12
816,16.30032,1551,16.30032,7
817,16.32032,1582,16.32032,8
818,16.34032,1533,16.34032,10
819,16.36032,1528,16.36032,7
820,16.38032,1622,16.38032,11
821,16.40032,1568,16.40032,17
822,16.42032,1670,16.42032,9
823,16.44032,1640,16.44032,8
824,16.46032,1755,16.46032,8
825,16.48032,1735,16.48032,11
826,16.50032,1861,16.50032,5
827,16.52032,1838,16.52032,10
828,16.54032,1857,16.54032,8
829,16.56032,1847,16.56032,8
830,16.58032,1908,16.58032,8
831,16.60032,1881,16.60032,14
832,16.62032,1862,16.62032,12
833,16.64032,1879,16.64032,9
834,16.66032,1824,16.66032,8
835,16.68032,1884,16.68032,9
836,16.70032,1778,16.70032,9
837,16.72032,1750,16.72032,9
838,16.74032,1668,16.74032,11
839,16.76032,1645,16.76032,14
840,16.78032,1669,16.78032,9
841,16.80032,1679,16.80032,11
842,16.82032,1642,16.82032,3
843,16.84032,1646,16.84032,10
844,16.86032,1618,16.86032,6
845,16.88032,1638,16.88032,11
846,16.90032,1611,16.90032,5
847,16.92032,1640,16.92032,6
848,16.94032,1552,16.94032,8
849,16.96032,1606,16.96032,15
850,16.98032,1685,16.98032,7
851,17.00032,1636,17.00032,9
852,17.02032,1645,17.02032,11
853,17.04032,1612,17.04032,2
854,17.06032,1691,17.06032,10
855,17.08032,1614,17.08032,12
856,17.10032,1731,17.10032,7
857,17.12032,1656,17.12032,9
858,17.14032,1608,17.14032,8
859,17.16032,1666,17.16032,10
860,17.18032,1642,17.18032,8
861,17.20032,1603,17.20032,5
862,17.22032,1598,17.22032,10
863,17.24032,1658,17.24032,8
864,17.26032,1638,17.26032,11
865,17.28032,1734,17.28032,5
866,17.30032,1785,17.30032,10
867,17.32032,1648,17.32032,8
868,17.34032,1750,17.34032,10
869,17.36032,1744,17.36032,8
870,17.38032,1743,17.38032,8
871,17.40032,1775,17.40032,10
872,17.42032,1816,17.42032,8
873,17.44032,1791,17.44032,3
874,17.46032,1830,17.46032,3
875,17.48032,1861,17.48032,7
876,17.50032,1942,17.50032,9
877,17.52032,2038,17.52032,2
878,17.54032,2149,17.54032,5
879,17.56032,2197,17.56032,6
880,17.58032,2240,17.58032,7
881,17.60032,2425,17.60032,10
882,17.62032,2483,17.62032,7
883,17.64032,2473,17.64032,2
884,17.66032,2484,17.66032,6
885,17.68032,2508,17.68032,7
886,17.70032,2374,17.70032,4
887,17.72032,2367,17.72032,4
888,17.74032,2281,17.74032,11
889,17.76032,2213,17.76032,8
890,17.78032,2160,17.78032,6
891,17.80032,2032,17.80032,11
892,17.82032,2046,17.82032,8
893,17.84032,2102,17.84032,4
894,17.86032,2071,17.86032,3
895,17.88032,2094,17.88032,4
896,17.90032,2128,17.90032,8
897,17.92032,2130,17.92032,5
898,17.94032,2107,17.94032,4
899,17.96032,2086,17.96032,8
900,17.98032,2092,17.98032,4
901,18.00032,2130,18.00032,7
902,18.02032,2044,18.02032,5
903,18.04032,2177,18.04032,6
904,18.06032,2223,18.06032,4
905,18.08032,2206,18.08032,9
906,18.10032,2209,18.10032,6
907,18.12032,2186,18.12032,4
908,18.14032,2201,18.14032,5
909,18.16032,2284,18.16032,5
910,18.18032,2247,18.18032,10
911,18.20032,2330,18.20032,7
912,18.22032,2307,18.22032,5
913,18.24032,2304,18.24032,8
914,18.26032,2422,18.26032,7
915,18.28032,2356,18.28032,6
916,18.30032,2455,18.30032,5
917,18.32032,2522,18.32032,5
918,18.34032,2577,18.34032,4
919,18.36032,2539,18.36032,3
920,18.38032,2643,18.38032,10
921,18.40032,2789,18.40032,11
922,18.42032,2831,18.42032,4
923,18.44032,2930,18.44032,4
924,18.46032,2999,18.46032,7
925,18.48032,3145,18.48032,3
926,18.50032,3141,18.50032,6
927,18.52032,3235,18.52032,7
928,18.54032,3470,18.54032,7
929,18.56032,3581,18.56032,8
930,18.58032,3611,18.58032,4
931,18.60032,3883,18.60032,4
932,18.62032,4043,18.62032,5
933,18.64032,4094,18.64032,4
934,18.66032,4335,18.66032,4
935,18.68032,4643,18.68032,2
936,18.70032,4781,18.70032,7
937,18.72032,4931,18.72032,2
938,18.74032,5162,18.74032,6
939,18.76032,5298,18.76032,3
940,18.78032,5468,18.78032,2
941,18.80032,5863,18.80032,2
942,18.82032,5861,18.82032,5
943,18.84032,6130,18.84032,1
944,18.86032,6226,18.86032,2
945,18.88032,6453,18.88032,7
946,18.90032,6548,18.90032,5
947,18.92032,6761,18.92032,2
948,18.94032,6842,18.94032,2
949,18.96032,6921,18.96032,4
950,18.98032,7134,18.98032,5
951,19.00032,6945,19.00032,4
952,19.02032,6999,19.02032,2
953,19.04032,7120,19.04032,5
954,19.06032,6805,19.06032,2
955,19.08032,6921,19.08032,1
956,19.10032,6666,19.10032,3
957,19.12032,6588,19.12032,0
958,19.14032,6448,19.14032,6
959,19.16032,6322,19.16032,4
960,19.18032,6259,19.18032,4
961,19.20032,5933,19.20032,3
962,19.22032,5638,19.22032,4
963,19.24032,5529,19.24032,2
964,19.26032,5286,19.26032,2
965,19.28032,5165,19.28032,3
966,19.30032,4910,19.30032,5
967,19.32032,4818,19.32032,3
968,19.34032,4663,19.34032,4
969,19.36032,4440,19.36032,5
970,19.38032,4157,19.38032,5
971,19.40032,4015,19.40032,4
972,19.42032,3865,19.42032,3
973,19.44032,3648,19.44032,5
974,19.46032,3567,19.46032,4
975,19.48032,3378,19.48032,2
976,19.50032,3247,19.50032,3
977,19.52032,3228,19.52032,1
978,19.54032,3036,19.54032,2
979,19.56032,2927,19.56032,4
980,19.58032,2870,19.58032,2
981,19.60032,2752,19.60032,3
982,19.62032,2667,19.62032,2
983,19.64032,2483,19.64032,2
984,19.66032,2524,19.66032,1
985,19.68032,2389,19.68032,1
986,19.70032,2492,19.70032,4
987,19.72032,2324,19.72032,2
988,19.74032,2256,19.74032,7
989,19.76032,2172,19.76032,3
990,19.78032,2168,19.78032,6
991,19.80032,2212,19.80032,2
992,19.82032,2363,19.82032,6
993,19.84032,2228,19.84032,2
994,19.86032,2336,19.86032,4
995,19.88032,2363,19.88032,4
996,19.90032,2566,19.90032,3
997,19.92032,2677,19.92032,3
998,19.94032,2855,19.94032,6
999,19.96032,3211,19.96032,4
1000,19.98032,3482,19.98032,3
1001,20.00032,3762,20.00032,4
1002,20.02032,4125,20.02032,3
1003,20.04032,4395,20.04032,3
1004,20.06032,4749,20.06032,1
1005,20.08032,5059,20.08032,7
1006,20.10032,5223,20.10032,2
1007,20.12032,5569,20.12032,4
1008,20.14032,5540,20.14032,2
1009,20.16032,5677,20.16032,2
1010,20.18032,5641,20.18032,5
1011,20.20032,5516,20.20032,2
1012,20.22032,5236,20.22032,0
1013,20.24032,4727,20.24032,2
1014,20.26032,4415,20.26032,3
1015,20.28032,4070,20.28032,4
1016,20.30032,3589,20.30032,4
1017,20.32032,3265,20.32032,1
1018,20.34032,2752,20.34032,4
1019,20.36032,2570,20.36032,2
1020,20.38032,2267,20.38032,4
1021,20.40032,2059,20.40032,4
1022,20.42032,1938,20.42032,2
1023,20.44032,1928,20.44032,4
1024,20.46032,1738,20.46032,4
1025,20.48032,1838,20.48032,2
1026,20.50032,1755,20.50032,4
1027,20.52032,1793,20.52032,3
1028,20.54032,1786,20.54032,3
1029,20.56032,1833,20.56032,0
1030,20.58032,1828,20.58032,0
1031,20.60032,1829,20.60032,3
1032,20.62032,1805,20.62032,4
1033,20.64032,1821,20.64032,1
1034,20.66032,1836,20.66032,0
1035,20.68032,1795,20.68032,1
1036,20.70032,1909,20.70032,1
1037,20.72032,1894,20.72032,2
1038,20.74032,1885,20.74032,0
1039,20.76032,1934,20.76032,2
1040,20.78032,1980,20.78032,4
1041,20.80032,1973,20.80032,0
1042,20.82032,2000,20.82032,2
1043,20.84032,1987,20.84032,2
1044,20.86032,2019,20.86032,1
1045,20.88032,2074,20.88032,0
1046,20.90032,2126,20.90032,0
1047,20.92032,2207,20.92032,1
1048,20.94032,2138,20.94032,2
1049,20.96032,2212,20.96032,0
1050,20.98032,2323,20.98032,1
1051,21.00032,2322,21.00032,2
1052,21.02032,2317,21.02032,1
1053,21.04032,2401,21.04032,1
1054,21.06032,2493,21.06032,0
1055,21.08032,2361,21.08032,1
1056,21.10032,2485,21.10032,1
1057,21.12032,2486,21.12032,5
1058,21.14032,2548,21.14032,0
1059,21.16032,2505,21.16032,0
1060,21.18032,2569,21.18032,1
1061,21.20032,2565,21.20032,0
1062,21.22032,2461,21.22032,0
1063,21.24032,2551,21.24032,2
1064,21.26032,2495,21.26032,0
1065,21.28032,2496,21.28032,1
1066,21.30032,2429,21.30032,0
1067,21.32032,2496,21.32032,1
1068,21.34032,2676,21.34032,1
1069,21.36032,2451,21.36032,0
1070,21.38032,2519,21.38032,2
1071,21.40032,2438,21.40032,0
1072,21.42032,2451,21.42032,1
1073,21.44032,2429,21.44032,2
1074,21.46032,2457,21.46032,0
1075,21.48032,2375,21.48032,1
1076,21.50032,2326,21.50032,2
1077,21.52032,2385,21.52032,0
1078,21.54032,2365,21.54032,1
1079,21.56032,2212,21.56032,1
1080,21.58032,2213,21.58032,1
1081,21.60032,2246,21.60032,0
1082,21.62032,2035,21.62032,0
1083,21.64032,2097,21.64032,0
1084,21.66032,2050,21.66032,0
1085,21.68032,2043,21.68032,0
1086,21.70032,2127,21.70032,0
1087,21.72032,2016,21.72032,1
1088,21.74032,1944,21.74032,1
1089,21.76032,1943,21.76032,0
1090,21.78032,1825,21.78032,0
1091,21.80032,1948,21.80032,0
1092,21.82032,1869,21.82032,1
1093,21.84032,1816,21.84032,0
1094,21.86032,1820,21.86032,2
1095,21.88032,1795,21.88032,0
1096,21.90032,1763,21.90032,0
1097,21.92032,1711,21.92032,2
1098,21.94032,1805,21.94032,0
1099,21.96032,1754,21.96032,2
1100,21.98032,1673,21.98032,0
1101,22.00032,1747,22.00032,0
1102,22.02032,1663,22.02032,1
1103,22.04032,1614,22.04032,1
1104,22.06032,1678,22.06032,1
1105,22.08032,1666,22.08032,2
1106,22.10032,1571,22.10032,1
1107,22.12032,1667,22.12032,2
1108,22.14032,1616,22.14032,0
1109,22.16032,1599,22.16032,0
1110,22.18032,1595,22.18032,1
1111,22.20032,1567,22.20032,0
1112,22.22032,1513,22.22032,0
1113,22.24032,1521,22.24032,0
1114,22.26032,1555,22.26032,0
1115,22.28032,1487,22.28032,0
1116,22.30032,1563,22.30032,0
1117,22.32032,1509,22.32032,1
1118,22.34032,1459,22.34032,0
1119,22.36032,1436,22.36032,0
1120,22.38032,1498,22.38032,0
1121,22.40032,1508,22.40032,0
1122,22.42032,1518,22.42032,0
1123,22.44032,1538,22.44032,0
1124,22.46032,1573,22.46032,1
1125,22.48032,1566,22.48032,0
1126,22.50032,1563,22.50032,1
1127,22.52032,1659,22.52032,1
1128,22.54032,1755,22.54032,1
1129,22.56032,1738,22.56032,0
1130,22.58032,1806,22.58032,1
1131,22.60032,1921,22.60032,0
1132,22.62032,1961,22.62032,0
1133,22.64032,1968,22.64032,0
1134,22.66032,2097,22.66032,0
1135,22.68032,2095,22.68032,0
1136,22.70032,2141,22.70032,1
1137,22.72032,2005,22.72032,1
1138,22.74032,2018,22.74032,0
1139,22.76032,1887,22.76032,0
1140,22.78032,1876,22.78032,0
1141,22.80032,1685,22.80032,0
1142,22.82032,1678,22.82032,0
1143,22.84032,1626,22.84032,0
1144,22.86032,1544,22.86032,1
1145,22.88032,1557,22.88032,0
1146,22.90032,1472,22.90032,1
1147,22.92032,1485,22.92032,0
1148,22.94032,1457,22.94032,0
1149,22.96032,1427,22.96032,0
1150,22.98032,1376,22.98032,0
1151,23.00032,1447,23.00032,0
1152,23.02032,1482,23.02032,0
1153,23.04032,1414,23.04032,0
1154,23.06032,1533,23.06032,0
1155,23.08032,1416,23.08032,1
1156,23.10032,1376,23.10032,0
1157,23.12032,1443,23.12032,0
1158,23.14032,1467,23.14032,0
1159,23.16032,1427,23.16032,0
1160,23.18032,1423,23.18032,0
1161,23.20032,1450,23.20032,0
1162,23.22032,1380,23.22032,0
1163,23.24032,1395,23.24032,0
1164,23.26032,1441,23.26032,1
1165,23.28032,1356,23.28032,0
1166,23.30032,1373,23.30032,2
1167,23.32032,1406,23.32032,1
1168,23.34032,1257,23.34032,0
1169,23.36032,1355,23.36032,1
1170,23.38032,1272,23.38032,0
1171,23.40032,1377,23.40032,0
1172,23.42032,1334,23.42032,0
1173,23.44032,1360,23.44032,0
1174,23.46032,1273,23.46032,1
1175,23.48032,1300,23.48032,0
1176,23.50032,1262,23.50032,0
1177,23.52032,1302,23.52032,0
1178,23.54032,1320,23.54032,0
1179,23.56032,1289,23.56032,0
1180,23.58032,1288,23.58032,0
1181,23.60032,1299,23.60032,1
1182,23.62032,1212,23.62032,0
1183,23.64032,1328,23.64032,0
1184,23.66032,1273,23.66032,0
1185,23.68032,1263,23.68032,0
1186,23.70032,1284,23.70032,0
1187,23.72032,1208,23.72032,0
1188,23.74032,1291,23.74032,0
1189,23.76032,1285,23.76032,0
1190,23.78032,1282,23.78032,0
1191,23.80032,1312,23.80032,0
1192,23.82032,1252,23.82032,0
1193,23.84032,1282,23.84032,0
1194,23.86032,1273,23.86032,0
1195,23.88032,1236,23.88032,1
1196,23.90032,1307,23.90032,0
1197,23.92032,1290,23.92032,0
1198,23.94032,1264,23.94032,0
1199,23.96032,1265,23.96032,0
1200,23.98032,1312,23.98032,1
1201,24.00032,1303,24.00032,0
1202,24.02032,1319,24.02032,0
1203,24.04032,1214,24.04032,1
1204,24.06032,1279,24.06032,0
1205,24.08032,1283,24.08032,0
1206,24.10032,1284,24.10032,0
1207,24.12032,1316,24.12032,0
1208,24.14032,1238,24.14032,0
1209,24.16032,1308,24.16032,0
1210,24.18032,1244,24.18032,0
1211,24.20032,1285,24.20032,0
1212,24.22032,1240,24.22032,0
1213,24.24032,1276,24.24032,0
1214,24.26032,1258,24.26032,0
1215,24.28032,1250,24.28032,0
1216,24.30032,1279,24.30032,0
1217,24.32032,1196,24.32032,0
1218,24.34032,1271,24.34032,0
1219,24.36032,1277,24.36032,2
1220,24.38032,1197,24.38032,0
1221,24.40032,1233,24.40032,0
1222,24.42032,1148,24.42032,0
1223,24.44032,1212,24.44032,0
1224,24.46032,1276,24.46032,0
1225,24.48032,1233,24.48032,1
1226,24.50032,1300,24.50032,0
1227,24.52032,1254,24.52032,0
1228,24.54032,1208,24.54032,0
1229,24.56032,1255,24.56032,0
1230,24.58032,1174,24.58032,0
1231,24.60032,1239,24.60032,0
1232,24.62032,1213,24.62032,0
1233,24.64032,1238,24.64032,0
1234,24.66032,1238,24.66032,0
1235,24.68032,1191,24.68032,1
1236,24.70032,1162,24.70032,0
1237,24.72032,1237,24.72032,1
1238,24.74032,1181,24.74032,0
1239,24.76032,1230,24.76032,0
1240,24.78032,1159,24.78032,0
1241,24.80032,1159,24.80032,0
1242,24.82032,1227,24.82032,0
1243,24.84032,1259,24.84032,0
1244,24.86032,1205,24.86032,0
1245,24.88032,1234,24.88032,0
1246,24.90032,1190,24.90032,0
1247,24.92032,1220,24.92032,0
1248,24.94032,1187,24.94032,1
1249,24.96032,1184,24.96032,0
1250,24.98032,1254,24.98032,0
1251,25.00032,1224,25.00032,0
1252,25.02032,1221,25.02032,0
1253,25.04032,1195,25.04032,0
1254,25.06032,1200,25.06032,0
1255,25.08032,1234,25.08032,0
1256,25.10032,1173,25.10032,0
1257,25.12032,1236,25.12032,0
1258,25.14032,1195,25.14032,0
1259,25.16032,1294,25.16032,0
1260,25.18032,1251,25.18032,0
1261,25.20032,1279,25.20032,0
1262,25.22032,1240,25.22032,0
1263,25.24032,1254,25.24032,0
1264,25.26032,1227,25.26032,0
1265,25.28032,1233,25.28032,0
1266,25.30032,1230,25.30032,1
1267,25.32032,1187,25.32032,0
1268,25.34032,1242,25.34032,0
1269,25.36032,1247,25.36032,0
1270,25.38032,1248,25.38032,1
1271,25.40032,1196,25.40032,0
1272,25.42032,1094,25.42032,0
1273,25.44032,1170,25.44032,0
1274,25.46032,1086,25.46032,0
1275,25.48032,1178,25.48032,0
1276,25.50032,1123,25.50032,0
1277,25.52032,1125,25.52032,0
1278,25.54032,1130,25.54032,0
1279,25.56032,1162,25.56032,0
1280,25.58032,1125,25.58032,0
1281,25.60032,1149,25.60032,1
1282,25.62032,1132,25.62032,1
1283,25.64032,1124,25.64032,0
1284,25.66032,1168,25.66032,0
1285,25.68032,1151,25.68032,0
1286,25.70032,1065,25.70032,1
1287,25.72032,1138,25.72032,0
1288,25.74032,1140,25.74032,0
1289,25.76032,1082,25.76032,0
1290,25.78032,1070,25.78032,0
1291,25.80032,1132,25.80032,0
1292,25.82032,1092,25.82032,0
1293,25.84032,1127,25.84032,1
1294,25.86032,1127,25.86032,0
1295,25.88032,1092,25.88032,1
1296,25.90032,1055,25.90032,0
1297,25.92032,1101,25.92032,0
1298,25.94032,1101,25.94032,1
1299,25.96032,1072,25.96032,0
1300,25.98032,1063,25.98032,0
1301,26.00032,1108,26.00032,0
1302,26.02032,1084,26.02032,0
1303,26.04032,1065,26.04032,1
1304,26.06032,1065,26.06032,0
1305,26.08032,1094,26.08032,0
1306,26.10032,1138,26.10032,0
1307,26.12032,1035,26.12032,0
1308,26.14032,1110,26.14032,0
1309,26.16032,1151,26.16032,0
1310,26.18032,1044,26.18032,0
1311,26.20032,1070,26.20032,0
1312,26.22032,1088,26.22032,0
1313,26.24032,1107,26.24032,0
1314,26.26032,1097,26.26032,0
1315,26.28032,1082,26.28032,0
1316,26.30032,1101,26.30032,0
1317,26.32032,1060,26.32032,0
1318,26.34032,1017,26.34032,0
1319,26.36032,1084,26.36032,0
1320,26.38032,1100,26.38032,0
1321,26.40032,1074,26.40032,0
1322,26.42032,1033,26.42032,0
1323,26.44032,1061,26.44032,0
1324,26.46032,1038,26.46032,0
1325,26.48032,1011,26.48032,0
1326,26.50032,1049,26.50032,0
1327,26.52032,999,26.52032,0
1328,26.54032,1013,26.54032,0
1329,26.56032,1035,26.56032,0
1330,26.58032,1016,26.58032,0
1331,26.60032,1043,26.60032,0
1332,26.62032,1045,26.62032,0
1333,26.64032,991,26.64032,0
1334,26.66032,980,26.66032,0
1335,26.68032,995,26.68032,0
1336,26.70032,967,26.70032,0
1337,26.72032,1019,26.72032,0
1338,26.74032,998,26.74032,0
1339,26.76032,1026,26.76032,0
1340,26.78032,984,26.78032,1
1341,26.80032,996,26.80032,0
1342,26.82032,987,26.82032,0
1343,26.84032,991,26.84032,0
1344,26.86032,1009,26.86032,0
1345,26.88032,1022,26.88032,0
1346,26.90032,1013,26.90032,0
1347,26.92032,965,26.92032,0
1348,26.94032,963,26.94032,0
1349,26.96032,972,26.96032,0
1350,26.98032,1020,26.98032,0
1351,27.00032,1012,27.00032,0
1352,27.02032,985,27.02032,0
1353,27.04032,970,27.04032,0
1354,27.06032,969,27.06032,0
1355,27.08032,952,27.08032,0
1356,27.10032,984,27.10032,0
1357,27.12032,949,27.12032,0
1358,27.14032,1028,27.14032,0
1359,27.16032,1002,27.16032,0
1360,27.18032,965,27.18032,0
1361,27.20032,984,27.20032,0
1362,27.22032,984,27.22032,0
1363,27.24032,1023,27.24032,0
1364,27.26032,966,27.26032,1
1365,27.28032,977,27.28032,0
1366,27.30032,989,27.30032,0
1367,27.32032,925,27.32032,0
1368,27.34032,993,27.34032,0
1369,27.36032,928,27.36032,0
1370,27.38032,899,27.38032,0
1371,27.40032,979,27.40032,0
1372,27.42032,987,27.42032,0
1373,27.44032,951,27.44032,0
1374,27.46032,970,27.46032,0
1375,27.48032,939,27.48032,0
1376,27.50032,984,27.50032,0
1377,27.52032,988,27.52032,0
1378,27.54032,924,27.54032,0
1379,27.56032,932,27.56032,0
1380,27.58032,915,27.58032,0
1381,27.60032,932,27.60032,0
1382,27.62032,949,27.62032,0
1383,27.64032,942,27.64032,0
1384,27.66032,917,27.66032,0
1385,27.68032,940,27.68032,0
1386,27.70032,934,27.70032,0
1387,27.72032,935,27.72032,0
1388,27.74032,873,27.74032,0
1389,27.76032,929,27.76032,0
1390,27.78032,906,27.78032,0
1391,27.80032,923,27.80032,0
1392,27.82032,906,27.82032,0
1393,27.84032,984,27.84032,0
1394,27.86032,914,27.86032,0
1395,27.88032,864,27.88032,0
1396,27.90032,897,27.90032,0
1397,27.92032,876,27.92032,0
1398,27.94032,954,27.94032,0
1399,27.96032,886,27.96032,0
1400,27.98032,914,27.98032,0
1401,28.00032,903,28.00032,0
1402,28.02032,892,28.02032,0
1403,28.04032,933,28.04032,0
1404,28.06032,873,28.06032,1
1405,28.08032,910,28.08032,0
1406,28.10032,886,28.10032,0
1407,28.12032,894,28.12032,0
1408,28.14032,874,28.14032,0
1409,28.16032,935,28.16032,0
1410,28.18032,858,28.18032,0
1411,28.20032,862,28.20032,0
1412,28.22032,872,28.22032,0
1413,28.24032,822,28.24032,0
1414,28.26032,860,28.26032,0
1415,28.28032,881,28.28032,0
1416,28.30032,858,28.30032,0
1417,28.32032,853,28.32032,0
1418,28.34032,873,28.34032,0
1419,28.36032,841,28.36032,0
1420,28.38032,843,28.38032,1
1421,28.40032,860,28.40032,0
1422,28.42032,867,28.42032,0
1423,28.44032,859,28.44032,0
1424,28.46032,843,28.46032,0
1425,28.48032,865,28.48032,0
1426,28.50032,867,28.50032,0
1427,28.52032,876,28.52032,0
1428,28.54032,838,28.54032,0
1429,28.56032,888,28.56032,0
1430,28.58032,870,28.58032,0
1431,28.60032,838,28.60032,0
1432,28.62032,839,28.62032,0
1433,28.64032,860,28.64032,0
1434,28.66032,820,28.66032,0
1435,28.68032,842,28.68032,0
1436,28.70032,809,28.70032,0
1437,28.72032,786,28.72032,0
1438,28.74032,742,28.74032,0
1439,28.76032,817,28.76032,0
1440,28.78032,805,28.78032,0
1441,28.80032,798,28.80032,0
1442,28.82032,821,28.82032,0
1443,28.84032,819,28.84032,0
1444,28.86032,815,28.86032,0
1445,28.88032,813,28.88032,0
1446,28.90032,771,28.90032,0
1447,28.92032,795,28.92032,0
1448,28.94032,783,28.94032,0
1449,28.96032,830,28.96032,0
1450,28.98032,796,28.98032,0
1451,29.00032,796,29.00032,0
1452,29.02032,824,29.02032,0
1453,29.04032,777,29.04032,0
1454,29.06032,785,29.06032,0
1455,29.08032,761,29.08032,0
1456,29.10032,760,29.10032,0
1457,29.12032,770,29.12032,0
1458,29.14032,739,29.14032,0
1459,29.16032,818,29.16032,0
1460,29.18032,773,29.18032,0
1461,29.20032,688,29.20032,0
1462,29.22032,833,29.22032,0
1463,29.24032,751,29.24032,0
1464,29.26032,778,29.26032,0
1465,29.28032,760,29.28032,0
1466,29.30032,775,29.30032,0
1467,29.32032,745,29.32032,0
1468,29.34032,788,29.34032,0
1469,29.36032,782,29.36032,0
1470,29.38032,740,29.38032,0
1471,29.40032,772,29.40032,0
1472,29.42032,743,29.42032,0
1473,29.44032,765,29.44032,0
1474,29.46032,706,29.46032,0
1475,29.48032,726,29.48032,0
1476,29.50032,745,29.50032,0
1477,29.52032,737,29.52032,0
1478,29.54032,782,29.54032,0
1479,29.56032,739,29.56032,0
1480,29.58032,764,29.58032,0
1481,29.60032,766,29.60032,0
1482,29.62032,691,29.62032,0
1483,29.64032,758,29.64032,0
1484,29.66032,708,29.66032,0
1485,29.68032,733,29.68032,0
1486,29.70032,749,29.70032,0
1487,29.72032,742,29.72032,1
1488,29.74032,702,29.74032,0
1489,29.76032,720,29.76032,0
1490,29.78032,720,29.78032,0
1491,29.80032,673,29.80032,0
1492,29.82032,697,29.82032,0
1493,29.84032,700,29.84032,0
1494,29.86032,672,29.86032,0
1495,29.88032,718,29.88032,0
1496,29.90032,675,29.90032,0
1497,29.92032,703,29.92032,0
1498,29.94032,747,29.94032,0
1499,29.96032,642,29.96032,0
1500,29.98032,750,29.98032,0
1501,30.00032,701,30.00032,0
1502,30.02032,705,30.02032,0
1503,30.04032,662,30.04032,0
1504,30.06032,645,30.06032,0
1505,30.08032,705,30.08032,0
1506,30.10032,678,30.10032,0
1507,30.12032,702,30.12032,0
1508,30.14032,671,30.14032,0
1509,30.16032,616,30.16032,0
1510,30.18032,662,30.18032,0
1511,30.20032,692,30.20032,0
1512,30.22032,700,30.22032,0
1513,30.24032,641,30.24032,0
1514,30.26032,661,30.26032,0
1515,30.28032,625,30.28032,0
1516,30.30032,642,30.30032,0
1517,30.32032,694,30.32032,0
1518,30.34032,637,30.34032,0
1519,30.36032,660,30.36032,0
1520,30.38032,674,30.38032,0
1521,30.40032,608,30.40032,0
1522,30.42032,665,30.42032,0
1523,30.44032,682,30.44032,0
1524,30.46032,646,30.46032,0
1525,30.48032,611,30.48032,0
1526,30.50032,635,30.50032,0
1527,30.52032,685,30.52032,0
1528,30.54032,650,30.54032,0
1529,30.56032,616,30.56032,0
1530,30.58032,640,30.58032,0
1531,30.60032,650,30.60032,0
1532,30.62032,633,30.62032,0
1533,30.64032,673,30.64032,0
1534,30.66032,614,30.66032,0
1535,30.68032,595,30.68032,0
1536,30.70032,611,30.70032,0
1537,30.72032,610,30.72032,0
1538,30.74032,580,30.74032,0
1539,30.76032,602,30.76032,0
1540,30.78032,627,30.78032,0
1541,30.80032,666,30.80032,0
1542,30.82032,625,30.82032,0
1543,30.84032,652,30.84032,0
1544,30.86032,592,30.86032,0
1545,30.88032,577,30.88032,0
1546,30.90032,644,30.90032,0
1547,30.92032,596,30.92032,0
1548,30.94032,637,30.94032,0
1549,30.96032,585,30.96032,0
1550,30.98032,559,30.98032,0
1551,31.00032,574,31.00032,0
1552,31.02032,579,31.02032,0
1553,31.04032,597,31.04032,0
1554,31.06032,596,31.06032,0
1555,31.08032,596,31.08032,0
1556,31.10032,603,31.10032,0
1557,31.12032,513,31.12032,0
1558,31.14032,508,31.14032,0
1559,31.16032,568,31.16032,0
1560,31.18032,572,31.18032,0
1561,31.20032,548,31.20032,0
1562,31.22032,587,31.22032,0
1563,31.24032,542,31.24032,0
1564,31.26032,580,31.26032,0
1565,31.28032,573,31.28032,0
1566,31.30032,582,31.30032,0
1567,31.32032,533,31.32032,0
1568,31.34032,579,31.34032,0
1569,31.36032,572,31.36032,0
1570,31.38032,574,31.38032,0
1571,31.40032,573,31.40032,0
1572,31.42032,537,31.42032,0
1573,31.44032,565,31.44032,0
1574,31.46032,530,31.46032,0
1575,31.48032,557,31.48032,0
1576,31.50032,567,31.50032,0
1577,31.52032,506,31.52032,0
1578,31.54032,536,31.54032,0
1579,31.56032,561,31.56032,0
1580,31.58032,523,31.58032,0
1581,31.60032,556,31.60032,0
1582,31.62032,549,31.62032,0
1583,31.64032,543,31.64032,0
1584,31.66032,577,31.66032,0
1585,31.68032,564,31.68032,0
1586,31.70032,549,31.70032,0
1587,31.72032,533,31.72032,0
1588,31.74032,553,31.74032,0
1589,31.76032,579,31.76032,0
1590,31.78032,545,31.78032,0
1591,31.80032,558,31.80032,0
1592,31.82032,560,31.82032,0
1593,31.84032,535,31.84032,0
1594,31.86032,538,31.86032,0
1595,31.88032,526,31.88032,0
1596,31.90032,489,31.90032,0
1597,31.92032,587,31.92032,0
1598,31.94032,487,31.94032,0
1599,31.96032,517,31.96032,0
1600,31.98032,552,31.98032,0
1601,32.00032,550,32.00032,0
1602,32.02032,487,32.02032,0
1603,32.04032,501,32.04032,0
1604,32.06032,494,32.06032,0
1605,32.08032,530,32.08032,0
1606,32.10032,570,32.10032,0
1607,32.12032,559,32.12032,0
1608,32.14032,503,32.14032,0
1609,32.16032,566,32.16032,0
1610,32.18032,557,32.18032,0
1611,32.20032,506,32.20032,0
1612,32.22032,527,32.22032,0
1613,32.24032,516,32.24032,0
1614,32.26032,493,32.26032,0
1615,32.28032,537,32.28032,0
1616,32.30032,497,32.30032,0
1617,32.32032,487,32.32032,0
1618,32.34032,495,32.34032,0
1619,32.36032,443,32.36032,0
1620,32.38032,433,32.38032,0
1621,32.40032,440,32.40032,0
1622,32.42032,437,32.42032,0
1623,32.44032,431,32.44032,0
1624,32.46032,440,32.46032,0
1625,32.48032,408,32.48032,0
1626,32.50032,393,32.50032,0
1627,32.52032,462,32.52032,0
1628,32.54032,424,32.54032,0
1629,32.56032,410,32.56032,0
1630,32.58032,381,32.58032,0
1631,32.60032,413,32.60032,0
1632,32.62032,380,32.62032,0
1633,32.64032,435,32.64032,0
1634,32.66032,379,32.66032,0
1635,32.68032,397,32.68032,0
1636,32.70032,380,32.70032,0
1637,32.72032,381,32.72032,0
1638,32.74032,372,32.74032,0
1639,32.76032,393,32.76032,0
1640,32.78032,370,32.78032,0
1641,32.80032,404,32.80032,0
1642,32.82032,398,32.82032,0
1643,32.84032,366,32.84032,0
1644,32.86032,365,32.86032,0
1645,32.88032,370,32.88032,0
1646,32.90032,335,32.90032,0
1647,32.92032,391,32.92032,0
1648,32.94032,379,32.94032,0
1649,32.96032,373,32.96032,0
1650,32.98032,353,32.98032,0
1651,33.00032,357,33.00032,0
1652,33.02032,361,33.02032,0
1653,33.04032,369,33.04032,0
1654,33.06032,342,33.06032,0
1655,33.08032,348,33.08032,0
1656,33.10032,379,33.10032,0
1657,33.12032,312,33.12032,0
1658,33.14032,357,33.14032,0
1659,33.16032,348,33.16032,0
1660,33.18032,314,33.18032,0
1661,33.20032,360,33.20032,0
1662,33.22032,347,33.22032,0
1663,33.24032,326,33.24032,0
1664,33.26032,327,33.26032,0
1665,33.28032,337,33.28032,0
1666,33.30032,311,33.30032,0
1667,33.32032,319,33.32032,0
1668,33.34032,301,33.34032,0
1669,33.36032,328,33.36032,0
1670,33.38032,303,33.38032,0
1671,33.40032,316,33.40032,0
1672,33.42032,326,33.42032,0
1673,33.44032,285,33.44032,0
1674,33.46032,306,33.46032,0
1675,33.48032,267,33.48032,0
1676,33.50032,281,33.50032,0
1677,33.52032,294,33.52032,0
1678,33.54032,280,33.54032,0
1679,33.56032,274,33.56032,0
1680,33.58032,278,33.58032,0
1681,33.60032,318,33.60032,0
1682,33.62032,267,33.62032,0
1683,33.64032,276,33.64032,0
1684,33.66032,236,33.66032,0
1685,33.68032,268,33.68032,0
1686,33.70032,267,33.70032,0
1687,33.72032,242,33.72032,0
1688,33.74032,301,33.74032,0
1689,33.76032,262,33.76032,0
1690,33.78032,232,33.78032,0
1691,33.80032,259,33.80032,0
1692,33.82032,269,33.82032,0
1693,33.84032,233,33.84032,0
1694,33.86032,243,33.86032,0
1695,33.88032,262,33.88032,0
1696,33.90032,221,33.90032,0
1697,33.92032,239,33.92032,0
1698,33.94032,260,33.94032,0
1699,33.96032,250,33.96032,0
1700,33.98032,242,33.98032,0
1701,34.00032,231,34.00032,0
1702,34.02032,252,34.02032,0
1703,34.04032,241,34.04032,0
1704,34.06032,238,34.06032,0
1705,34.08032,232,34.08032,0
1706,34.10032,205,34.10032,0
1707,34.12032,239,34.12032,0
1708,34.14032,201,34.14032,0
1709,34.16032,214,34.16032,0
1710,34.18032,228,34.18032,0
1711,34.20032,224,34.20032,0
1712,34.22032,210,34.22032,0
1713,34.24032,205,34.24032,0
1714,34.26032,207,34.26032,0
1715,34.28032,177,34.28032,0
1716,34.30032,197,34.30032,0
1717,34.32032,200,34.32032,0
1718,34.34032,207,34.34032,0
1719,34.36032,186,34.36032,0
1720,34.38032,185,34.38032,0
1721,34.40032,161,34.40032,0
1722,34.42032,195,34.42032,0
1723,34.44032,188,34.44032,0
1724,34.46032,160,34.46032,0
1725,34.48032,166,34.48032,0
1726,34.50032,168,34.50032,0
1727,34.52032,157,34.52032,0
1728,34.54032,146,34.54032,0
1729,34.56032,166,34.56032,0
1730,34.58032,155,34.58032,0
1731,34.60032,167,34.60032,0
1732,34.62032,153,34.62032,0
1733,34.64032,153,34.64032,0
1734,34.66032,148,34.66032,0
1735,34.68032,145,34.68032,0
1736,34.70032,149,34.70032,0
1737,34.72032,135,34.72032,0
1738,34.74032,159,34.74032,0
1739,34.76032,154,34.76032,0
1740,34.78032,127,34.78032,0
1741,34.80032,131,34.80032,0
1742,34.82032,122,34.82032,0
1743,34.84032,132,34.84032,0
1744,34.86032,119,34.86032,0
1745,34.88032,124,34.88032,0
1746,34.90032,102,34.90032,0
1747,34.92032,125,34.92032,0
1748,34.94032,117,34.94032,0
1749,34.96032,123,34.96032,0
1750,34.98032,130,34.98032,0
1751,35.00032,127,35.00032,0
1752,35.02032,101,35.02032,0
1753,35.04032,105,35.04032,0
1754,35.06032,115,35.06032,0
1755,35.08032,101,35.08032,0
1756,35.10032,101,35.10032,0
1757,35.12032,94,35.12032,0
1758,35.14032,96,35.14032,0
1759,35.16032,107,35.16032,0
1760,35.18032,92,35.18032,0
1761,35.20032,103,35.20032,0
1762,35.22032,85,35.22032,0
1763,35.24032,96,35.24032,0
1764,35.26032,81,35.26032,0
1765,35.28032,87,35.28032,0
1766,35.30032,74,35.30032,0
1767,35.32032,91,35.32032,0
1768,35.34032,93,35.34032,0
1769,35.36032,87,35.36032,0
1770,35.38032,100,35.38032,0
1771,35.40032,82,35.40032,0
1772,35.42032,84,35.42032,0
1773,35.44032,75,35.44032,0
1774,35.46032,71,35.46032,0
1775,35.48032,58,35.48032,0
1776,35.50032,64,35.50032,0
1777,35.52032,71,35.52032,0
1778,35.54032,71,35.54032,0
1779,35.56032,72,35.56032,0
1780,35.58032,56,35.58032,0
1781,35.60032,68,35.60032,0
1782,35.62032,59,35.62032,0
1783,35.64032,70,35.64032,0
1784,35.66032,75,35.66032,0
1785,35.68032,59,35.68032,0
1786,35.70032,67,35.70032,0
1787,35.72032,61,35.72032,0
1788,35.74032,67,35.74032,0
1789,35.76032,55,35.76032,0
1790,35.78032,58,35.78032,0
1791,35.80032,67,35.80032,0
1792,35.82032,55,35.82032,0
1793,35.84032,40,35.84032,0
1794,35.86032,62,35.86032,0
1795,35.88032,43,35.88032,0
1796,35.90032,47,35.90032,0
1797,35.92032,40,35.92032,0
1798,35.94032,45,35.94032,0
1799,35.96032,54,35.96032,0
1800,35.98032,53,35.98032,0
1801,36.00032,44,36.00032,0
1802,36.02032,57,36.02032,0
1803,36.04032,59,36.04032,0
1804,36.06032,53,36.06032,0
1805,36.08032,51,36.08032,0
1806,36.10032,35,36.10032,0
1807,36.12032,43,36.12032,0
1808,36.14032,56,36.14032,0
1809,36.16032,66,36.16032,0
1810,36.18032,53,36.18032,0
1811,36.20032,59,36.20032,0
1812,36.22032,48,36.22032,0
1813,36.24032,53,36.24032,0
1814,36.26032,46,36.26032,0
1815,36.28032,48,36.28032,0
1816,36.30032,58,36.30032,0
1817,36.32032,55,36.32032,0
1818,36.34032,65,36.34032,0
1819,36.36032,57,36.36032,0
1820,36.38032,54,36.38032,0
1821,36.40032,57,36.40032,0
1822,36.42032,56,36.42032,0
1823,36.44032,41,36.44032,0
1824,36.46032,33,36.46032,0
1825,36.48032,45,36.48032,0
1826,36.50032,34,36.50032,0
1827,36.52032,37,36.52032,0
1828,36.54032,29,36.54032,0
1829,36.56032,30,36.56032,0
1830,36.58032,28,36.58032,0
1831,36.60032,29,36.60032,0
1832,36.62032,29,36.62032,0
1833,36.64032,35,36.64032,0
1834,36.66032,25,36.66032,0
1835,36.68032,29,36.68032,0
1836,36.70032,29,36.70032,0
1837,36.72032,34,36.72032,0
1838,36.74032,25,36.74032,0
1839,36.76032,23,36.76032,0
1840,36.78032,29,36.78032,0
1841,36.80032,42,36.80032,0
1842,36.82032,27,36.82032,0
1843,36.84032,31,36.84032,0
1844,36.86032,27,36.86032,0
1845,36.88032,37,36.88032,0
1846,36.90032,26,36.90032,0
1847,36.92032,26,36.92032,0
1848,36.94032,32,36.94032,0
1849,36.96032,19,36.96032,0
1850,36.98032,27,36.98032,0
1851,37.00032,26,37.00032,0
1852,37.02032,16,37.02032,0
1853,37.04032,24,37.04032,0
1854,37.06032,30,37.06032,0
1855,37.08032,29,37.08032,0
1856,37.10032,47,37.10032,0
1857,37.12032,26,37.12032,0
1858,37.14032,29,37.14032,0
1859,37.16032,20,37.16032,0
1860,37.18032,28,37.18032,0
1861,37.20032,43,37.20032,0
1862,37.22032,32,37.22032,0
1863,37.24032,32,37.24032,0
1864,37.26032,23,37.26032,0
1865,37.28032,29,37.28032,0
1866,37.30032,32,37.30032,0
1867,37.32032,23,37.32032,0
1868,37.34032,25,37.34032,0
1869,37.36032,28,37.36032,0
1870,37.38032,14,37.38032,0
1871,37.40032,25,37.40032,0
1872,37.42032,19,37.42032,0
1873,37.44032,17,37.44032,0
1874,37.46032,23,37.46032,0
1875,37.48032,14,37.48032,0
1876,37.50032,23,37.50032,0
1877,37.52032,27,37.52032,0
1878,37.54032,19,37.54032,0
1879,37.56032,16,37.56032,0
1880,37.58032,19,37.58032,0
1881,37.60032,13,37.60032,0
1882,37.62032,14,37.62032,0
1883,37.64032,19,37.64032,0
1884,37.66032,26,37.66032,0
1885,37.68032,12,37.68032,0
1886,37.70032,16,37.70032,0
1887,37.72032,18,37.72032,0
1888,37.74032,13,37.74032,0
1889,37.76032,25,37.76032,0
1890,37.78032,24,37.78032,0
1891,37.80032,11,37.80032,0
1892,37.82032,20,37.82032,0
1893,37.84032,12,37.84032,0
1894,37.86032,20,37.86032,0
1895,37.88032,18,37.88032,0
1896,37.90032,23,37.90032,0
1897,37.92032,19,37.92032,0
1898,37.94032,13,37.94032,0
1899,37.96032,20,37.96032,0
1900,37.98032,21,37.98032,0
1901,38.00032,13,38.00032,0
1902,38.02032,12,38.02032,0
1903,38.04032,21,38.04032,0
1904,38.06032,12,38.06032,0
1905,38.08032,22,38.08032,0
1906,38.10032,14,38.10032,0
1907,38.12032,15,38.12032,0
1908,38.14032,17,38.14032,0
1909,38.16032,19,38.16032,0
1910,38.18032,11,38.18032,0
1911,38.20032,19,38.20032,0
1912,38.22032,10,38.22032,0
1913,38.24032,10,38.24032,0
1914,38.26032,10,38.26032,0
1915,38.28032,13,38.28032,0
1916,38.30032,11,38.30032,0
1917,38.32032,28,38.32032,0
1918,38.34032,17,38.34032,0
1919,38.36032,20,38.36032,0
1920,38.38032,20,38.38032,0
1921,38.40032,15,38.40032,0
1922,38.42032,10,38.42032,0
1923,38.44032,23,38.44032,0
1924,38.46032,7,38.46032,0
1925,38.48032,8,38.48032,0
1926,38.50032,11,38.50032,0
1927,38.52032,11,38.52032,0
1928,38.54032,11,38.54032,0
1929,38.56032,15,38.56032,0
1930,38.58032,6,38.58032,0
1931,38.60032,15,38.60032,0
1932,38.62032,13,38.62032,0
1933,38.64032,9,38.64032,0
1934,38.66032,16,38.66032,0
1935,38.68032,20,38.68032,0
1936,38.70032,12,38.70032,0
1937,38.72032,8,38.72032,0
1938,38.74032,10,38.74032,0
1939,38.76032,14,38.76032,0
1940,38.78032,10,38.78032,0
1941,38.80032,6,38.80032,0
1942,38.82032,11,38.82032,0
1943,38.84032,6,38.84032,0
1944,38.86032,11,38.86032,0
1945,38.88032,13,38.88032,0
1946,38.90032,15,38.90032,0
1947,38.92032,6,38.92032,0
1948,38.94032,8,38.94032,0
1949,38.96032,10,38.96032,0
1950,38.98032,14,38.98032,0
1951,39.00032,13,39.00032,0
1952,39.02032,14,39.02032,0
1953,39.04032,6,39.04032,0
1954,39.06032,6,39.06032,0
1955,39.08032,19,39.08032,0
1956,39.10032,14,39.10032,0
1957,39.12032,11,39.12032,0
1958,39.14032,13,39.14032,0
1959,39.16032,5,39.16032,0
1960,39.18032,8,39.18032,0
1961,39.20032,15,39.20032,0
1962,39.22032,10,39.22032,0
1963,39.24032,7,39.24032,0
1964,39.26032,8,39.26032,0
1965,39.28032,13,39.28032,0
1966,39.30032,13,39.30032,0
1967,39.32032,7,39.32032,0
1968,39.34032,9,39.34032,0
1969,39.36032,3,39.36032,0
1970,39.38032,7,39.38032,0
1971,39.40032,7,39.40032,0
1972,39.42032,10,39.42032,0
1973,39.44032,8,39.44032,0
1974,39.46032,8,39.46032,0
1975,39.48032,11,39.48032,0
1976,39.50032,13,39.50032,0
1977,39.52032,13,39.52032,0
1978,39.54032,9,39.54032,0
1979,39.56032,6,39.56032,0
1980,39.58032,13,39.58032,0
1981,39.60032,12,39.60032,0
1982,39.62032,10,39.62032,0
1983,39.64032,8,39.64032,0
1984,39.66032,9,39.66032,0
1985,39.68032,9,39.68032,0
1986,39.70032,2,39.70032,0
1987,39.72032,9,39.72032,0
1988,39.74032,13,39.74032,0
1989,39.76032,5,39.76032,0
1990,39.78032,6,39.78032,0
1991,39.80032,3,39.80032,0
1992,39.82032,5,39.82032,0
1993,39.84032,9,39.84032,0
1994,39.86032,6,39.86032,0
1995,39.88032,7,39.88032,0
1996,39.90032,5,39.90032,0
1997,39.92032,7,39.92032,0
1998,39.94032,8,39.94032,0
1999,39.96032,7,39.96032,0
2000,39.98032,6,39.98032,0
2001,40.00032,7,40.00032,0
2002,40.02032,6,40.02032,0
2003,40.04032,8,40.04032,0
2004,40.06032,7,40.06032,0
2005,40.08032,8,40.08032,0
2006,40.10032,12,40.10032,0
2007,40.12032,8,40.12032,0
2008,40.14032,7,40.14032,0
2009,40.16032,7,40.16032,0
2010,40.18032,7,40.18032,0
2011,40.20032,6,40.20032,0
2012,40.22032,7,40.22032,0
2013,40.24032,11,40.24032,0
2014,40.26032,8,40.26032,0
2015,40.28032,5,40.28032,0
2016,40.30032,13,40.30032,0
2017,40.32032,3,40.32032,0
2018,40.34032,12,40.34032,0
2019,40.36032,4,40.36032,0
2020,40.38032,5,40.38032,0
2021,40.40032,10,40.40032,0
2022,40.42032,6,40.42032,0
2023,40.44032,5,40.44032,0
2024,40.46032,6,40.46032,0
2025,40.48032,8,40.48032,0
2026,40.50032,4,40.50032,0
2027,40.52032,9,40.52032,0
2028,40.54032,3,40.54032,0
2029,40.56032,7,40.56032,0
2030,40.58032,5,40.58032,0
2031,40.60032,8,40.60032,0
2032,40.62032,8,40.62032,0
2033,40.64032,4,40.64032,0
2034,40.66032,11,40.66032,0
2035,40.68032,12,40.68032,0
2036,40.70032,7,40.70032,0
2037,40.72032,5,40.72032,0
2038,40.74032,5,40.74032,0
2039,40.76032,4,40.76032,0
2040,40.78032,10,40.78032,0
2041,40.80032,4,40.80032,0
2042,40.82032,9,40.82032,0
2043,40.84032,4,40.84032,0
2044,40.86032,5,40.86032,0
2045,40.88032,8,40.88032,0
2046,40.90032,9,40.90032,0
2047,40.92032,6,40.92032,0
2048,40.94032,9,40.94032,0
