Bruker AXS HMP Instrument Tools Complete CSV
FileName,C:\MeinZeugs\Uni\Publikationen\2025\MeIn pXRF\DAQ\Device_monitoring_sample_element_precision_Schauer\data_raw\Example_LOD\04521-Mudrock Dual.pdz
SerialString,SG2-6390
TubeTargetElement,45
NumberOfSpectra,2
SampleID,
AcquisitionDateTime,4/28/2025 6:51:37 PM
TotalElapsedTimeInSeconds,120
AnodeTakeOffAngle,45
SampleIncidenceAngle,45
BeThicknessInMicroMeters,125
SampleTakeOffAngle,65
SpotSizeUsed,8
NumberOfUserCustomFields,5
UserCustomFieldHeader,FieldName,FieldValue
UserCustomField,Operator,Supervisor
UserCustomField,Material,Standard
UserCustomField,ID,
UserCustomField,Probe,SiO2
UserCustomField,Projekt,ESPRIT
AnalysisMode,32
AnalysisType,1
UsedAutoCalSelect,False
ResultUnits,PPM
ErrorMultiplier,2
CalFileName,MudrockDual
CalPackageName,
CalPackagePartNumber,
TypeStandardizationSetName,
NumberOfElementsInCalculatedResults,27
CalculatedResults:AtomicNum,ElementSymbol,Units,Value,TypeStandardizedValue,Error,RangeMin,RangeMax,Tramp,Nominal
12,Mg,PPM,0.280371,0.280371,0.03771756,0,0,False,False
13,Al,PPM,0,0,0.009651405,0,0,False,False
14,Si,PPM,27.54626,27.54626,0.04033567,0,0,False,False
15,P,PPM,0.004404142,0.004404142,0.002128212,0,0,False,False
16,S,PPM,0.06155648,0.06155648,0.00176848,0,0,False,False
19,K,PPM,0,0,0.0009038264,0,0,False,False
20,Ca,PPM,9.17008E-05,9.17008E-05,0.0006571941,0,0,False,False
22,Ti,PPM,0.005644809,0.005644809,0.0005554579,0,0,False,False
23,V,PPM,0.002114969,0.002114969,0.0004192422,0,0,False,False
24,Cr,PPM,0.00388703,0.00388703,0.0003013404,0,0,False,False
25,Mn,PPM,0.007450528,0.007450528,0.0003795303,0,0,False,False
26,Fe,PPM,0.01663721,0.01663721,0.0005731999,0,0,False,False
27,Co,PPM,0,0,9.806216E-06,0,0,False,False
28,Ni,PPM,0.000205376,0.000205376,7.543787E-05,0,0,False,False
29,Cu,PPM,0.001345424,0.001345424,8.792516E-05,0,0,False,False
30,Zn,PPM,0,0,7.00365E-05,0,0,False,False
33,As,PPM,0,0,7.220729E-05,0,0,False,False
37,Rb,PPM,0.0001397041,0.0001397041,8.603425E-05,0,0,False,False
38,Sr,PPM,9.136175E-05,9.136175E-05,7.937616E-05,0,0,False,False
39,Y,PPM,0,0,8.712115E-05,0,0,False,False
40,Zr,PPM,0,0,9.150274E-05,0,0,False,False
41,Nb,PPM,0.0001826882,0.0001826882,0.0001015684,0,0,False,False
42,Mo,PPM,0.0003266765,0.0003266765,0.000112755,0,0,False,False
56,Ba,PPM,0.005002389,0.005002389,0.005811717,0,0,False,False
82,Pb,PPM,0.0001768635,0.0001768635,0.0001626694,0,0,False,False
90,Th,PPM,0,0,2.132734E-05,0,0,False,False
92,U,PPM,0.0002291029,0.0002291029,0.0002505732,0,0,False,False
MatchSpreadThreshold,0.05
IsTrampEnabled,False
IsNominalEnabled,False
NumberOfGradeIDMatchResults,3
GradeIDMatchResultsHeader,GradeID,MatchConfidence
GradeIDMatchResult,,0
GradeIDMatchResult,,0
GradeIDMatchResult,,0
ParametersForEachSpectrum,Spectrum 1,,Spectrum 2,
XrayVoltageInkV,40,,15,
XrayFilamentCurrentInMicroAmps,38.85,,27.9,
RawCounts,2716153,,1885289,
ValidCounts,2223821,,1610707,
eVPerChannel,20,,20,
StartingKeV,0.000493622,,0.000493622,
ZeroOffsetInKeV,-0.000493622,,-0.000493622,
StartingChannel,0.0246811,,0.0246811,
NumberOfChannels,2048,,2048,
CountsPerSecond,53926.14,,34051.38,
XilinxFirmwareVersion,,,,
IlluminationID,MudRock Trace40,,MudRock Maj15,
Filter1ElementAtomicNum,22,,0,
Filter1Thickness,25,,0,
Filter2ElementAtomicNum,13,,0,
Filter2Thickness,300,,0,
Filter3ElementAtomicNum,0,,0,
Filter3Thickness,0,,0,
AcquisitionDateTime,4/28/2025 6:51:37 PM,,4/28/2025 6:51:37 PM,
LiveTimeInSeconds,44.144,,51.35501,
DeadTimeInSeconds,6.224004,,4.011001,
ResetTimeInSeconds,5.931,,0.9069994,
DetectorTempInC,-27,,-27,
AmbientTempInF,129.6,,129.6,
NosePressureInMilliBars,1001,,1001,
NoseTemperatureInC,47,,47,
ActiveTimeInSeconds,50.36802,,55.36601,
PacketTimeInSeconds,56.29902,,56.27301,
CommunicationTimeInSeconds,,,,
ElapsedClockTimeInSeconds,60,,60,
Spectrum:ChannelNumber,ChannelStartInKeV,ChannelCount,ChannelStartInKeV,ChannelCount
1,0.000493622,0,0.000493622,0
2,0.02049362,0,0.02049362,0
3,0.04049362,0,0.04049362,0
4,0.06049362,0,0.06049362,0
5,0.08049362,0,0.08049362,0
6,0.1004936,0,0.1004936,0
7,0.1204936,0,0.1204936,0
8,0.1404936,0,0.1404936,0
9,0.1604936,0,0.1604936,0
10,0.1804936,0,0.1804936,0
11,0.2004936,0,0.2004936,0
12,0.2204936,1,0.2204936,0
13,0.2404936,0,0.2404936,0
14,0.2604936,1,0.2604936,1
15,0.2804936,9,0.2804936,6
16,0.3004936,105,0.3004936,77
17,0.3204936,591,0.3204936,613
18,0.3404936,2762,0.3404936,2856
19,0.3604936,7268,0.3604936,8124
20,0.3804936,11432,0.3804936,13853
21,0.4004936,11093,0.4004936,13933
22,0.4204936,6968,0.4204936,8081
23,0.4404936,2695,0.4404936,2859
24,0.4604936,625,0.4604936,574
25,0.4804936,118,0.4804936,90
26,0.5004936,19,0.5004936,9
27,0.5204936,5,0.5204936,3
28,0.5404936,6,0.5404936,1
29,0.5604936,7,0.5604936,0
30,0.5804936,0,0.5804936,2
31,0.6004936,2,0.6004936,2
32,0.6204937,5,0.6204937,2
33,0.6404936,3,0.6404936,0
34,0.6604936,1,0.6604936,0
35,0.6804936,710,0.6804936,50
36,0.7004936,769,0.7004936,58
37,0.7204936,734,0.7204936,58
38,0.7404936,729,0.7404936,60
39,0.7604936,765,0.7604936,47
40,0.7804936,787,0.7804936,69
41,0.8004936,711,0.8004936,58
42,0.8204936,729,0.8204936,59
43,0.8404936,672,0.8404936,77
44,0.8604936,670,0.8604936,84
45,0.8804936,639,0.8804936,115
46,0.9004936,718,0.9004936,150
47,0.9204936,655,0.9204936,188
48,0.9404936,681,0.9404936,217
49,0.9604936,734,0.9604936,230
50,0.9804936,653,0.9804936,161
51,1.000494,695,1.000494,118
52,1.020494,643,1.020494,114
53,1.040494,668,1.040494,101
54,1.060494,657,1.060494,124
55,1.080494,659,1.080494,158
56,1.100494,657,1.100494,150
57,1.120494,679,1.120494,139
58,1.140494,666,1.140494,138
59,1.160494,672,1.160494,140
60,1.180494,627,1.180494,176
61,1.200494,631,1.200494,219
62,1.220494,652,1.220494,195
63,1.240494,597,1.240494,169
64,1.260494,619,1.260494,134
65,1.280494,592,1.280494,96
66,1.300494,600,1.300494,110
67,1.320494,571,1.320494,85
68,1.340494,612,1.340494,97
69,1.360494,520,1.360494,96
70,1.380494,579,1.380494,131
71,1.400494,523,1.400494,186
72,1.420494,578,1.420494,262
73,1.440494,629,1.440494,332
74,1.460494,643,1.460494,429
75,1.480494,613,1.480494,576
76,1.500494,583,1.500494,490
77,1.520494,571,1.520494,509
78,1.540494,534,1.540494,500
79,1.560494,537,1.560494,490
80,1.580494,477,1.580494,581
81,1.600494,532,1.600494,878
82,1.620494,554,1.620494,2213
83,1.640494,645,1.640494,7244
84,1.660494,884,1.660494,21439
85,1.680494,1348,1.680494,48970
86,1.700494,2004,1.700494,87247
87,1.720494,2500,1.720494,120151
88,1.740494,2571,1.740494,126469
89,1.760494,2109,1.760494,104432
90,1.780494,1541,1.780494,67920
91,1.800494,1069,1.800494,35800
92,1.820494,763,1.820494,17543
93,1.840494,634,1.840494,8765
94,1.860494,532,1.860494,4756
95,1.880494,520,1.880494,2387
96,1.900494,425,1.900494,1124
97,1.920494,431,1.920494,462
98,1.940494,429,1.940494,237
99,1.960494,426,1.960494,158
100,1.980494,415,1.980494,119
101,2.000494,433,2.000494,151
102,2.020494,427,2.020494,127
103,2.040494,397,2.040494,174
104,2.060494,413,2.060494,160
105,2.080494,428,2.080494,142
106,2.100494,455,2.100494,161
107,2.120494,404,2.120494,159
108,2.140494,414,2.140494,183
109,2.160494,410,2.160494,223
110,2.180494,378,2.180494,244
111,2.200494,414,2.200494,291
112,2.220494,390,2.220494,282
113,2.240494,378,2.240494,313
114,2.260494,354,2.260494,368
115,2.280494,344,2.280494,398
116,2.300494,329,2.300494,494
117,2.320494,356,2.320494,545
118,2.340494,333,2.340494,606
119,2.360494,350,2.360494,655
120,2.380494,318,2.380494,722
121,2.400494,327,2.400494,592
122,2.420494,381,2.420494,593
123,2.440494,360,2.440494,501
124,2.460494,352,2.460494,494
125,2.480494,330,2.480494,477
126,2.500494,282,2.500494,535
127,2.520494,299,2.520494,543
128,2.540494,323,2.540494,629
129,2.560494,291,2.560494,825
130,2.580494,315,2.580494,1223
131,2.600494,323,2.600494,2161
132,2.620494,313,2.620494,3772
133,2.640494,291,2.640494,5870
134,2.660494,299,2.660494,8373
135,2.680494,269,2.680494,10193
136,2.700494,271,2.700494,10598
137,2.720494,269,2.720494,9281
138,2.740494,277,2.740494,7154
139,2.760494,262,2.760494,5537
140,2.780494,249,2.780494,5112
141,2.800494,270,2.800494,5569
142,2.820494,275,2.820494,6224
143,2.840494,264,2.840494,6723
144,2.860494,272,2.860494,6596
145,2.880494,283,2.880494,6416
146,2.900494,386,2.900494,7147
147,2.920494,468,2.920494,8187
148,2.940494,498,2.940494,9350
149,2.960494,501,2.960494,9381
150,2.980494,508,2.980494,8332
151,3.000494,426,3.000494,6273
152,3.020494,330,3.020494,4046
153,3.040494,265,3.040494,2673
154,3.060494,218,3.060494,1668
155,3.080494,218,3.080494,1166
156,3.100494,211,3.100494,1039
157,3.120494,198,3.120494,1073
158,3.140494,211,3.140494,1303
159,3.160494,212,3.160494,1379
160,3.180494,219,3.180494,1389
161,3.200494,224,3.200494,1315
162,3.220494,213,3.220494,1145
163,3.240494,205,3.240494,886
164,3.260494,197,3.260494,735
165,3.280494,211,3.280494,645
166,3.300494,165,3.300494,614
167,3.320494,157,3.320494,593
168,3.340494,168,3.340494,621
169,3.360494,153,3.360494,686
170,3.380494,164,3.380494,668
171,3.400494,160,3.400494,615
172,3.420494,157,3.420494,573
173,3.440494,171,3.440494,637
174,3.460494,161,3.460494,649
175,3.480494,175,3.480494,640
176,3.500494,134,3.500494,685
177,3.520494,144,3.520494,630
178,3.540494,129,3.540494,542
179,3.560494,146,3.560494,548
180,3.580494,151,3.580494,494
181,3.600494,145,3.600494,429
182,3.620494,140,3.620494,464
183,3.640494,141,3.640494,465
184,3.660494,174,3.660494,490
185,3.680494,189,3.680494,544
186,3.700494,158,3.700494,541
187,3.720494,175,3.720494,501
188,3.740494,153,3.740494,535
189,3.760494,116,3.760494,548
190,3.780494,132,3.780494,567
191,3.800494,116,3.800494,613
192,3.820494,110,3.820494,582
193,3.840494,118,3.840494,617
194,3.860494,108,3.860494,636
195,3.880494,99,3.880494,704
196,3.900494,107,3.900494,718
197,3.920494,85,3.920494,722
198,3.940494,106,3.940494,712
199,3.960494,98,3.960494,785
200,3.980494,91,3.980494,758
201,4.000494,97,4.000494,719
202,4.020494,107,4.020494,734
203,4.040493,80,4.040493,689
204,4.060493,84,4.060493,722
205,4.080493,76,4.080493,698
206,4.100493,76,4.100493,659
207,4.120493,71,4.120493,664
208,4.140493,76,4.140493,694
209,4.160494,82,4.160494,721
210,4.180494,73,4.180494,720
211,4.200494,75,4.200494,767
212,4.220494,72,4.220494,711
213,4.240494,60,4.240494,754
214,4.260494,61,4.260494,741
215,4.280494,73,4.280494,776
216,4.300494,66,4.300494,752
217,4.320494,66,4.320494,728
218,4.340494,49,4.340494,811
219,4.360494,62,4.360494,872
220,4.380494,51,4.380494,885
221,4.400494,69,4.400494,970
222,4.420494,49,4.420494,986
223,4.440494,67,4.440494,1063
224,4.460494,77,4.460494,1077
225,4.480494,68,4.480494,1191
226,4.500494,76,4.500494,1179
227,4.520494,86,4.520494,1116
228,4.540493,69,4.540493,1105
229,4.560493,71,4.560493,1053
230,4.580493,57,4.580493,945
231,4.600493,63,4.600493,996
232,4.620493,43,4.620493,979
233,4.640493,56,4.640493,1007
234,4.660494,53,4.660494,932
235,4.680494,43,4.680494,917
236,4.700494,58,4.700494,1032
237,4.720494,65,4.720494,1013
238,4.740494,48,4.740494,1023
239,4.760494,51,4.760494,1121
240,4.780494,55,4.780494,1058
241,4.800494,54,4.800494,1087
242,4.820494,46,4.820494,1079
243,4.840494,47,4.840494,1116
244,4.860494,55,4.860494,1126
245,4.880494,56,4.880494,1173
246,4.900494,56,4.900494,1125
247,4.920494,45,4.920494,1191
248,4.940494,41,4.940494,1222
249,4.960494,49,4.960494,1195
250,4.980494,50,4.980494,1251
251,5.000494,52,5.000494,1294
252,5.020494,44,5.020494,1326
253,5.040493,56,5.040493,1332
254,5.060493,47,5.060493,1307
255,5.080493,47,5.080493,1343
256,5.100493,56,5.100493,1424
257,5.120493,42,5.120493,1418
258,5.140493,42,5.140493,1410
259,5.160494,45,5.160494,1392
260,5.180494,50,5.180494,1464
261,5.200494,37,5.200494,1497
262,5.220494,35,5.220494,1462
263,5.240494,39,5.240494,1604
264,5.260494,49,5.260494,1677
265,5.280494,49,5.280494,1732
266,5.300494,34,5.300494,1803
267,5.320494,38,5.320494,1859
268,5.340494,36,5.340494,1867
269,5.360494,45,5.360494,1906
270,5.380494,50,5.380494,1946
271,5.400494,51,5.400494,2001
272,5.420494,46,5.420494,1960
273,5.440494,38,5.440494,1893
274,5.460494,44,5.460494,1911
275,5.480494,41,5.480494,1708
276,5.500494,42,5.500494,1693
277,5.520494,54,5.520494,1772
278,5.540493,24,5.540493,1801
279,5.560493,36,5.560493,1902
280,5.580493,35,5.580493,1877
281,5.600493,38,5.600493,2000
282,5.620493,41,5.620493,1962
283,5.640493,40,5.640493,1977
284,5.660494,36,5.660494,2024
285,5.680494,30,5.680494,2068
286,5.700494,36,5.700494,2069
287,5.720494,30,5.720494,1999
288,5.740494,36,5.740494,1889
289,5.760494,34,5.760494,1914
290,5.780494,26,5.780494,1809
291,5.800494,32,5.800494,1858
292,5.820494,36,5.820494,1762
293,5.840494,45,5.840494,1704
294,5.860494,38,5.860494,1718
295,5.880494,47,5.880494,1771
296,5.900494,48,5.900494,1756
297,5.920494,37,5.920494,1846
298,5.940494,43,5.940494,1797
299,5.960494,40,5.960494,1717
300,5.980494,35,5.980494,1702
301,6.000494,50,6.000494,1741
302,6.020494,33,6.020494,1749
303,6.040493,26,6.040493,1763
304,6.060493,39,6.060493,1750
305,6.080493,49,6.080493,1761
306,6.100493,35,6.100493,1769
307,6.120493,39,6.120493,1837
308,6.140493,35,6.140493,1780
309,6.160494,41,6.160494,1843
310,6.180494,36,6.180494,1795
311,6.200494,41,6.200494,1790
312,6.220494,33,6.220494,1889
313,6.240494,35,6.240494,1871
314,6.260494,36,6.260494,1884
315,6.280494,36,6.280494,1863
316,6.300494,44,6.300494,1880
317,6.320494,48,6.320494,1961
318,6.340494,58,6.340494,2121
319,6.360494,47,6.360494,2140
320,6.380494,65,6.380494,2185
321,6.400494,67,6.400494,2261
322,6.420494,63,6.420494,2198
323,6.440494,50,6.440494,2112
324,6.460494,63,6.460494,1957
325,6.480494,53,6.480494,1993
326,6.500494,39,6.500494,1917
327,6.520494,42,6.520494,1928
328,6.540493,42,6.540493,2008
329,6.560493,45,6.560493,1852
330,6.580493,44,6.580493,1855
331,6.600493,38,6.600493,1771
332,6.620493,35,6.620493,1787
333,6.640493,29,6.640493,1674
334,6.660494,36,6.660494,1718
335,6.680494,40,6.680494,1690
336,6.700494,26,6.700494,1627
337,6.720494,48,6.720494,1630
338,6.740494,41,6.740494,1710
339,6.760494,28,6.760494,1674
340,6.780494,44,6.780494,1687
341,6.800494,39,6.800494,1742
342,6.820494,37,6.820494,1688
343,6.840494,34,6.840494,1783
344,6.860494,36,6.860494,1781
345,6.880494,32,6.880494,1823
346,6.900494,27,6.900494,1726
347,6.920494,34,6.920494,1870
348,6.940494,39,6.940494,1855
349,6.960494,34,6.960494,1868
350,6.980494,32,6.980494,1736
351,7.000494,29,7.000494,1837
352,7.020494,41,7.020494,1756
353,7.040493,41,7.040493,1749
354,7.060493,47,7.060493,1727
355,7.080493,36,7.080493,1722
356,7.100493,38,7.100493,1788
357,7.120493,51,7.120493,1651
358,7.140493,37,7.140493,1803
359,7.160494,46,7.160494,1766
360,7.180494,25,7.180494,1784
361,7.200494,43,7.200494,1801
362,7.220494,39,7.220494,1896
363,7.240494,38,7.240494,1923
364,7.260494,37,7.260494,1977
365,7.280494,43,7.280494,1933
366,7.300494,40,7.300494,2039
367,7.320494,57,7.320494,2086
368,7.340494,39,7.340494,2141
369,7.360494,35,7.360494,2255
370,7.380494,56,7.380494,2429
371,7.400494,48,7.400494,2547
372,7.420494,48,7.420494,2785
373,7.440494,57,7.440494,2937
374,7.460494,44,7.460494,2933
375,7.480494,49,7.480494,2982
376,7.500494,51,7.500494,2728
377,7.520494,51,7.520494,2644
378,7.540493,44,7.540493,2330
379,7.560493,47,7.560493,2100
380,7.580493,57,7.580493,1936
381,7.600493,38,7.600493,1831
382,7.620493,47,7.620493,1789
383,7.640493,36,7.640493,1734
384,7.660494,39,7.660494,1742
385,7.680494,39,7.680494,1678
386,7.700494,54,7.700494,1590
387,7.720494,39,7.720494,1633
388,7.740494,39,7.740494,1691
389,7.760494,46,7.760494,1660
390,7.780494,53,7.780494,1580
391,7.800494,53,7.800494,1628
392,7.820494,60,7.820494,1633
393,7.840494,50,7.840494,1675
394,7.860494,68,7.860494,1644
395,7.880494,58,7.880494,1648
396,7.900494,84,7.900494,1636
397,7.920494,70,7.920494,1650
398,7.940494,97,7.940494,1733
399,7.960494,119,7.960494,1635
400,7.980494,128,7.980494,1724
401,8.000494,153,8.000494,1671
402,8.020494,134,8.020494,1767
403,8.040494,154,8.040494,1736
404,8.060493,154,8.060493,1829
405,8.080494,121,8.080494,1775
406,8.100493,114,8.100493,1763
407,8.120494,105,8.120494,1800
408,8.140493,90,8.140493,1724
409,8.160494,78,8.160494,1776
410,8.180493,72,8.180493,1784
411,8.200494,70,8.200494,1762
412,8.220493,57,8.220493,1800
413,8.240494,72,8.240494,1898
414,8.260493,68,8.260493,1941
415,8.280494,73,8.280494,1929
416,8.300493,61,8.300493,1831
417,8.320494,77,8.320494,1875
418,8.340493,65,8.340493,1814
419,8.360494,55,8.360494,1709
420,8.380493,69,8.380493,1760
421,8.400494,95,8.400494,1724
422,8.420494,69,8.420494,1797
423,8.440494,95,8.440494,1729
424,8.460494,80,8.460494,1760
425,8.480494,84,8.480494,1695
426,8.500494,97,8.500494,1720
427,8.520494,76,8.520494,1757
428,8.540494,98,8.540494,1830
429,8.560493,139,8.560493,1759
430,8.580494,110,8.580494,1740
431,8.600493,145,8.600493,1729
432,8.620494,155,8.620494,1759
433,8.640493,143,8.640493,1775
434,8.660494,142,8.660494,1818
435,8.680493,125,8.680493,1716
436,8.700494,135,8.700494,1749
437,8.720493,101,8.720493,1820
438,8.740494,100,8.740494,1890
439,8.760493,90,8.760493,1837
440,8.780494,85,8.780494,1906
441,8.800493,101,8.800493,1815
442,8.820494,107,8.820494,1905
443,8.840493,100,8.840493,1864
444,8.860494,113,8.860494,1820
445,8.880493,124,8.880493,1884
446,8.900494,109,8.900494,1893
447,8.920494,101,8.920494,1896
448,8.940494,116,8.940494,1934
449,8.960494,108,8.960494,1934
450,8.980494,111,8.980494,1938
451,9.000494,121,9.000494,1969
452,9.020494,114,9.020494,1790
453,9.040494,114,9.040494,1868
454,9.060493,128,9.060493,1877
455,9.080494,102,9.080494,1898
456,9.100493,106,9.100493,1847
457,9.120494,114,9.120494,1901
458,9.140493,106,9.140493,1874
459,9.160494,122,9.160494,1859
460,9.180493,126,9.180493,1941
461,9.200494,106,9.200494,1926
462,9.220493,174,9.220493,1905
463,9.240494,122,9.240494,1918
464,9.260493,142,9.260493,1960
465,9.280494,141,9.280494,1938
466,9.300493,143,9.300493,1934
467,9.320494,165,9.320494,1919
468,9.340493,145,9.340493,1952
469,9.360494,136,9.360494,1937
470,9.380493,171,9.380493,1886
471,9.400494,193,9.400494,1904
472,9.420494,162,9.420494,1916
473,9.440494,160,9.440494,1893
474,9.460494,184,9.460494,1931
475,9.480494,192,9.480494,1925
476,9.500494,136,9.500494,1929
477,9.520494,165,9.520494,1865
478,9.540494,164,9.540494,1867
479,9.560493,187,9.560493,1897
480,9.580494,184,9.580494,1903
481,9.600493,181,9.600493,1942
482,9.620494,195,9.620494,1910
483,9.640493,194,9.640493,1846
484,9.660494,192,9.660494,1827
485,9.680493,196,9.680493,1771
486,9.700494,220,9.700494,1851
487,9.720493,242,9.720493,1835
488,9.740494,233,9.740494,1800
489,9.760493,224,9.760493,1867
490,9.780494,223,9.780494,1882
491,9.800493,212,9.800493,1827
492,9.820494,236,9.820494,1852
493,9.840493,250,9.840493,1834
494,9.860494,235,9.860494,1932
495,9.880493,250,9.880493,1803
496,9.900494,258,9.900494,1883
497,9.920494,245,9.920494,1885
498,9.940494,253,9.940494,1873
499,9.960494,268,9.960494,1863
500,9.980494,240,9.980494,1856
501,10.00049,307,10.00049,1921
502,10.02049,254,10.02049,1824
503,10.04049,279,10.04049,1836
504,10.06049,278,10.06049,1884
505,10.08049,276,10.08049,1866
506,10.10049,264,10.10049,1712
507,10.12049,245,10.12049,1805
508,10.14049,275,10.14049,1758
509,10.16049,293,10.16049,1739
510,10.18049,282,10.18049,1785
511,10.20049,312,10.20049,1783
512,10.22049,329,10.22049,1719
513,10.24049,328,10.24049,1795
514,10.26049,337,10.26049,1812
515,10.28049,296,10.28049,1742
516,10.30049,321,10.30049,1727
517,10.32049,326,10.32049,1865
518,10.34049,359,10.34049,1737
519,10.36049,319,10.36049,1675
520,10.38049,350,10.38049,1743
521,10.40049,360,10.40049,1747
522,10.42049,325,10.42049,1710
523,10.44049,374,10.44049,1725
524,10.46049,369,10.46049,1634
525,10.48049,413,10.48049,1755
526,10.50049,365,10.50049,1688
527,10.52049,400,10.52049,1759
528,10.54049,403,10.54049,1693
529,10.56049,409,10.56049,1674
530,10.58049,398,10.58049,1679
531,10.60049,416,10.60049,1691
532,10.62049,411,10.62049,1695
533,10.64049,384,10.64049,1636
534,10.66049,417,10.66049,1648
535,10.68049,409,10.68049,1713
536,10.70049,444,10.70049,1621
537,10.72049,452,10.72049,1666
538,10.74049,429,10.74049,1681
539,10.76049,468,10.76049,1616
540,10.78049,485,10.78049,1584
541,10.80049,490,10.80049,1633
542,10.82049,482,10.82049,1600
543,10.84049,468,10.84049,1601
544,10.86049,500,10.86049,1590
545,10.88049,499,10.88049,1656
546,10.90049,500,10.90049,1590
547,10.92049,435,10.92049,1619
548,10.94049,532,10.94049,1518
549,10.96049,504,10.96049,1610
550,10.98049,484,10.98049,1518
551,11.00049,504,11.00049,1521
552,11.02049,491,11.02049,1433
553,11.04049,557,11.04049,1481
554,11.06049,537,11.06049,1499
555,11.08049,577,11.08049,1500
556,11.10049,521,11.10049,1461
557,11.12049,543,11.12049,1483
558,11.14049,546,11.14049,1514
559,11.16049,578,11.16049,1387
560,11.18049,558,11.18049,1469
561,11.20049,580,11.20049,1470
562,11.22049,588,11.22049,1366
563,11.24049,592,11.24049,1431
564,11.26049,637,11.26049,1395
565,11.28049,554,11.28049,1385
566,11.30049,625,11.30049,1365
567,11.32049,604,11.32049,1414
568,11.34049,631,11.34049,1425
569,11.36049,637,11.36049,1336
570,11.38049,646,11.38049,1364
571,11.40049,715,11.40049,1348
572,11.42049,665,11.42049,1324
573,11.44049,688,11.44049,1351
574,11.46049,653,11.46049,1346
575,11.48049,633,11.48049,1378
576,11.50049,652,11.50049,1355
577,11.52049,696,11.52049,1399
578,11.54049,703,11.54049,1354
579,11.56049,711,11.56049,1281
580,11.58049,754,11.58049,1347
581,11.60049,686,11.60049,1297
582,11.62049,697,11.62049,1191
583,11.64049,717,11.64049,1301
584,11.66049,746,11.66049,1253
585,11.68049,756,11.68049,1268
586,11.70049,768,11.70049,1314
587,11.72049,744,11.72049,1262
588,11.74049,772,11.74049,1272
589,11.76049,725,11.76049,1166
590,11.78049,717,11.78049,1227
591,11.80049,775,11.80049,1246
592,11.82049,766,11.82049,1197
593,11.84049,762,11.84049,1161
594,11.86049,810,11.86049,1174
595,11.88049,761,11.88049,1208
596,11.90049,846,11.90049,1165
597,11.92049,784,11.92049,1109
598,11.94049,861,11.94049,1094
599,11.96049,820,11.96049,1186
600,11.98049,852,11.98049,1102
601,12.00049,811,12.00049,1113
602,12.02049,850,12.02049,1137
603,12.04049,824,12.04049,1124
604,12.06049,825,12.06049,1116
605,12.08049,899,12.08049,1136
606,12.10049,893,12.10049,1074
607,12.12049,875,12.12049,1133
608,12.14049,842,12.14049,1060
609,12.16049,864,12.16049,1116
610,12.18049,900,12.18049,1082
611,12.20049,889,12.20049,1046
612,12.22049,942,12.22049,1083
613,12.24049,931,12.24049,1090
614,12.26049,887,12.26049,991
615,12.28049,989,12.28049,996
616,12.30049,933,12.30049,940
617,12.32049,973,12.32049,983
618,12.34049,919,12.34049,984
619,12.36049,932,12.36049,981
620,12.38049,927,12.38049,983
621,12.40049,970,12.40049,960
622,12.42049,940,12.42049,978
623,12.44049,997,12.44049,952
624,12.46049,969,12.46049,972
625,12.48049,1011,12.48049,1005
626,12.50049,1015,12.50049,959
627,12.52049,1028,12.52049,938
628,12.54049,1007,12.54049,946
629,12.56049,1046,12.56049,937
630,12.58049,1061,12.58049,912
631,12.60049,1057,12.60049,917
632,12.62049,1071,12.62049,853
633,12.64049,1074,12.64049,896
634,12.66049,1107,12.66049,915
635,12.68049,1089,12.68049,875
636,12.70049,1028,12.70049,868
637,12.72049,1107,12.72049,849
638,12.74049,1138,12.74049,887
639,12.76049,1107,12.76049,771
640,12.78049,1053,12.78049,783
641,12.80049,1129,12.80049,822
642,12.82049,1119,12.82049,779
643,12.84049,1159,12.84049,812
644,12.86049,1186,12.86049,812
645,12.88049,1129,12.88049,786
646,12.90049,1135,12.90049,747
647,12.92049,1159,12.92049,778
648,12.94049,1178,12.94049,807
649,12.96049,1220,12.96049,743
650,12.98049,1184,12.98049,751
651,13.00049,1210,13.00049,741
652,13.02049,1234,13.02049,733
653,13.04049,1250,13.04049,645
654,13.06049,1184,13.06049,703
655,13.08049,1236,13.08049,708
656,13.10049,1275,13.10049,689
657,13.12049,1181,13.12049,686
658,13.14049,1179,13.14049,652
659,13.16049,1222,13.16049,700
660,13.18049,1221,13.18049,679
661,13.20049,1259,13.20049,683
662,13.22049,1214,13.22049,608
663,13.24049,1304,13.24049,653
664,13.26049,1290,13.26049,577
665,13.28049,1274,13.28049,607
666,13.30049,1304,13.30049,640
667,13.32049,1409,13.32049,583
668,13.34049,1326,13.34049,585
669,13.36049,1379,13.36049,604
670,13.38049,1386,13.38049,546
671,13.40049,1308,13.40049,579
672,13.42049,1372,13.42049,597
673,13.44049,1386,13.44049,554
674,13.46049,1342,13.46049,540
675,13.48049,1349,13.48049,522
676,13.50049,1357,13.50049,522
677,13.52049,1392,13.52049,496
678,13.54049,1413,13.54049,507
679,13.56049,1422,13.56049,486
680,13.58049,1422,13.58049,511
681,13.60049,1428,13.60049,488
682,13.62049,1426,13.62049,456
683,13.64049,1416,13.64049,447
684,13.66049,1405,13.66049,443
685,13.68049,1501,13.68049,466
686,13.70049,1420,13.70049,439
687,13.72049,1471,13.72049,423
688,13.74049,1464,13.74049,415
689,13.76049,1457,13.76049,379
690,13.78049,1524,13.78049,386
691,13.80049,1554,13.80049,380
692,13.82049,1535,13.82049,370
693,13.84049,1423,13.84049,364
694,13.86049,1505,13.86049,359
695,13.88049,1616,13.88049,360
696,13.90049,1528,13.90049,353
697,13.92049,1600,13.92049,347
698,13.94049,1549,13.94049,305
699,13.96049,1508,13.96049,311
700,13.98049,1529,13.98049,302
701,14.00049,1514,14.00049,273
702,14.02049,1537,14.02049,306
703,14.04049,1522,14.04049,282
704,14.06049,1574,14.06049,274
705,14.08049,1669,14.08049,233
706,14.10049,1691,14.10049,245
707,14.12049,1625,14.12049,235
708,14.14049,1587,14.14049,213
709,14.16049,1658,14.16049,240
710,14.18049,1622,14.18049,248
711,14.20049,1668,14.20049,220
712,14.22049,1627,14.22049,206
713,14.24049,1609,14.24049,202
714,14.26049,1647,14.26049,167
715,14.28049,1656,14.28049,163
716,14.30049,1588,14.30049,148
717,14.32049,1681,14.32049,191
718,14.34049,1724,14.34049,147
719,14.36049,1603,14.36049,130
720,14.38049,1672,14.38049,140
721,14.40049,1658,14.40049,131
722,14.42049,1728,14.42049,127
723,14.44049,1652,14.44049,122
724,14.46049,1666,14.46049,95
725,14.48049,1670,14.48049,112
726,14.50049,1729,14.50049,83
727,14.52049,1717,14.52049,106
728,14.54049,1695,14.54049,113
729,14.56049,1783,14.56049,79
730,14.58049,1737,14.58049,93
731,14.60049,1755,14.60049,92
732,14.62049,1765,14.62049,77
733,14.64049,1700,14.64049,68
734,14.66049,1792,14.66049,67
735,14.68049,1740,14.68049,64
736,14.70049,1717,14.70049,46
737,14.72049,1814,14.72049,55
738,14.74049,1771,14.74049,55
739,14.76049,1788,14.76049,48
740,14.78049,1798,14.78049,39
741,14.80049,1772,14.80049,38
742,14.82049,1771,14.82049,52
743,14.84049,1811,14.84049,30
744,14.86049,1767,14.86049,31
745,14.88049,1773,14.88049,37
746,14.90049,1805,14.90049,21
747,14.92049,1846,14.92049,23
748,14.94049,1800,14.94049,18
749,14.96049,1875,14.96049,12
750,14.98049,1827,14.98049,9
751,15.00049,1854,15.00049,12
752,15.02049,1860,15.02049,6
753,15.04049,1856,15.04049,5
754,15.06049,1833,15.06049,6
755,15.08049,1808,15.08049,3
756,15.10049,1924,15.10049,3
757,15.12049,1757,15.12049,2
758,15.14049,1874,15.14049,7
759,15.16049,1901,15.16049,3
760,15.18049,1860,15.18049,4
761,15.20049,1854,15.20049,3
762,15.22049,1925,15.22049,9
763,15.24049,1848,15.24049,1
764,15.26049,1813,15.26049,5
765,15.28049,1887,15.28049,8
766,15.30049,1893,15.30049,1
767,15.32049,1871,15.32049,5
768,15.34049,1993,15.34049,10
769,15.36049,1941,15.36049,5
770,15.38049,1909,15.38049,6
771,15.40049,1948,15.40049,5
772,15.42049,1916,15.42049,1
773,15.44049,1907,15.44049,2
774,15.46049,1842,15.46049,2
775,15.48049,1910,15.48049,4
776,15.50049,1941,15.50049,6
777,15.52049,1997,15.52049,5
778,15.54049,1981,15.54049,4
779,15.56049,1952,15.56049,3
780,15.58049,1994,15.58049,2
781,15.60049,1966,15.60049,1
782,15.62049,2005,15.62049,2
783,15.64049,1972,15.64049,1
784,15.66049,1955,15.66049,2
785,15.68049,2003,15.68049,2
786,15.70049,2014,15.70049,4
787,15.72049,1993,15.72049,4
788,15.74049,1898,15.74049,10
789,15.76049,1996,15.76049,4
790,15.78049,1978,15.78049,3
791,15.80049,2030,15.80049,4
792,15.82049,2028,15.82049,5
793,15.84049,1982,15.84049,5
794,15.86049,2038,15.86049,6
795,15.88049,1992,15.88049,4
796,15.90049,1971,15.90049,1
797,15.92049,2053,15.92049,3
798,15.94049,2026,15.94049,4
799,15.96049,2024,15.96049,9
800,15.98049,2062,15.98049,2
801,16.00049,2045,16.00049,5
802,16.02049,2135,16.02049,1
803,16.04049,2160,16.04049,4
804,16.06049,2101,16.06049,2
805,16.08049,2028,16.08049,5
806,16.10049,2021,16.10049,3
807,16.12049,2099,16.12049,1
808,16.14049,2162,16.14049,3
809,16.16049,2023,16.16049,2
810,16.18049,2033,16.18049,4
811,16.20049,2148,16.20049,5
812,16.22049,1985,16.22049,4
813,16.24049,1995,16.24049,3
814,16.26049,2006,16.26049,3
815,16.28049,2074,16.28049,5
816,16.30049,2062,16.30049,4
817,16.32049,2073,16.32049,2
818,16.34049,2129,16.34049,3
819,16.36049,2088,16.36049,5
820,16.38049,2118,16.38049,4
821,16.40049,2160,16.40049,4
822,16.42049,2021,16.42049,4
823,16.44049,2139,16.44049,2
824,16.46049,2116,16.46049,3
825,16.48049,2127,16.48049,3
826,16.50049,2181,16.50049,3
827,16.52049,2200,16.52049,3
828,16.54049,2106,16.54049,4
829,16.56049,2144,16.56049,2
830,16.58049,2138,16.58049,1
831,16.60049,2171,16.60049,3
832,16.62049,2231,16.62049,5
833,16.64049,2222,16.64049,2
834,16.66049,2179,16.66049,2
835,16.68049,2170,16.68049,1
836,16.70049,2184,16.70049,2
837,16.72049,2205,16.72049,4
838,16.74049,2160,16.74049,2
839,16.76049,2180,16.76049,3
840,16.78049,2196,16.78049,2
841,16.80049,2304,16.80049,4
842,16.82049,2221,16.82049,1
843,16.84049,2192,16.84049,3
844,16.86049,2146,16.86049,2
845,16.88049,2133,16.88049,2
846,16.90049,2232,16.90049,2
847,16.92049,2238,16.92049,4
848,16.94049,2296,16.94049,6
849,16.96049,2166,16.96049,1
850,16.98049,2153,16.98049,5
851,17.00049,2217,17.00049,3
852,17.02049,2170,17.02049,1
853,17.04049,2266,17.04049,3
854,17.06049,2288,17.06049,4
855,17.08049,2328,17.08049,4
856,17.10049,2235,17.10049,1
857,17.12049,2263,17.12049,4
858,17.14049,2353,17.14049,3
859,17.16049,2260,17.16049,4
860,17.18049,2363,17.18049,3
861,17.20049,2358,17.20049,3
862,17.22049,2360,17.22049,6
863,17.24049,2230,17.24049,1
864,17.26049,2293,17.26049,5
865,17.28049,2256,17.28049,4
866,17.30049,2285,17.30049,6
867,17.32049,2382,17.32049,2
868,17.34049,2476,17.34049,3
869,17.36049,2344,17.36049,3
870,17.38049,2382,17.38049,3
871,17.40049,2398,17.40049,1
872,17.42049,2416,17.42049,2
873,17.44049,2374,17.44049,4
874,17.46049,2433,17.46049,7
875,17.48049,2472,17.48049,1
876,17.50049,2508,17.50049,2
877,17.52049,2457,17.52049,6
878,17.54049,2432,17.54049,5
879,17.56049,2482,17.56049,0
880,17.58049,2494,17.58049,2
881,17.60049,2544,17.60049,5
882,17.62049,2565,17.62049,1
883,17.64049,2601,17.64049,2
884,17.66049,2481,17.66049,2
885,17.68049,2553,17.68049,2
886,17.70049,2526,17.70049,3
887,17.72049,2547,17.72049,2
888,17.74049,2668,17.74049,0
889,17.76049,2700,17.76049,3
890,17.78049,2684,17.78049,2
891,17.80049,2663,17.80049,2
892,17.82049,2747,17.82049,4
893,17.84049,2734,17.84049,6
894,17.86049,2666,17.86049,2
895,17.88049,2604,17.88049,3
896,17.90049,2801,17.90049,4
897,17.92049,2830,17.92049,3
898,17.94049,2858,17.94049,4
899,17.96049,2799,17.96049,0
900,17.98049,2729,17.98049,2
901,18.00049,2904,18.00049,3
902,18.02049,2848,18.02049,4
903,18.04049,2964,18.04049,7
904,18.06049,3020,18.06049,2
905,18.08049,2984,18.08049,1
906,18.10049,3203,18.10049,0
907,18.12049,3044,18.12049,1
908,18.14049,3169,18.14049,2
909,18.16049,3106,18.16049,2
910,18.18049,3334,18.18049,1
911,18.20049,3318,18.20049,2
912,18.22049,3301,18.22049,6
913,18.24049,3315,18.24049,4
914,18.26049,3285,18.26049,2
915,18.28049,3439,18.28049,1
916,18.30049,3452,18.30049,1
917,18.32049,3492,18.32049,4
918,18.34049,3600,18.34049,1
919,18.36049,3745,18.36049,0
920,18.38049,3860,18.38049,3
921,18.40049,3921,18.40049,0
922,18.42049,3920,18.42049,4
923,18.44049,3973,18.44049,4
924,18.46049,4085,18.46049,2
925,18.48049,4337,18.48049,2
926,18.50049,4569,18.50049,3
927,18.52049,4734,18.52049,2
928,18.54049,4848,18.54049,2
929,18.56049,5137,18.56049,2
930,18.58049,5363,18.58049,0
931,18.60049,5416,18.60049,0
932,18.62049,5723,18.62049,5
933,18.64049,5829,18.64049,3
934,18.66049,6283,18.66049,1
935,18.68049,6534,18.68049,3
936,18.70049,6775,18.70049,4
937,18.72049,7107,18.72049,2
938,18.74049,7241,18.74049,2
939,18.76049,7537,18.76049,3
940,18.78049,7851,18.78049,4
941,18.80049,8174,18.80049,3
942,18.82049,8330,18.82049,3
943,18.84049,8673,18.84049,1
944,18.86049,8965,18.86049,1
945,18.88049,9232,18.88049,0
946,18.90049,9442,18.90049,1
947,18.92049,9450,18.92049,0
948,18.94049,9565,18.94049,3
949,18.96049,9649,18.96049,1
950,18.98049,9769,18.98049,1
951,19.00049,9832,19.00049,0
952,19.02049,9876,19.02049,4
953,19.04049,9701,19.04049,3
954,19.06049,9857,19.06049,2
955,19.08049,9656,19.08049,0
956,19.10049,9585,19.10049,1
957,19.12049,9194,19.12049,1
958,19.14049,8968,19.14049,1
959,19.16049,8915,19.16049,2
960,19.18049,8665,19.18049,0
961,19.20049,8504,19.20049,1
962,19.22049,8169,19.22049,2
963,19.24049,7638,19.24049,0
964,19.26049,7517,19.26049,1
965,19.28049,7156,19.28049,1
966,19.30049,7063,19.30049,1
967,19.32049,6690,19.32049,2
968,19.34049,6298,19.34049,0
969,19.36049,6129,19.36049,1
970,19.38049,5844,19.38049,1
971,19.40049,5524,19.40049,1
972,19.42049,5408,19.42049,4
973,19.44049,5145,19.44049,2
974,19.46049,4867,19.46049,1
975,19.48049,4748,19.48049,3
976,19.50049,4443,19.50049,1
977,19.52049,4265,19.52049,1
978,19.54049,4231,19.54049,3
979,19.56049,3993,19.56049,3
980,19.58049,3898,19.58049,4
981,19.60049,3800,19.60049,1
982,19.62049,3725,19.62049,2
983,19.64049,3667,19.64049,1
984,19.66049,3434,19.66049,1
985,19.68049,3363,19.68049,3
986,19.70049,3291,19.70049,1
987,19.72049,3175,19.72049,0
988,19.74049,3209,19.74049,1
989,19.76049,3125,19.76049,1
990,19.78049,3067,19.78049,3
991,19.80049,3039,19.80049,1
992,19.82049,3003,19.82049,1
993,19.84049,3045,19.84049,1
994,19.86049,3064,19.86049,2
995,19.88049,3125,19.88049,1
996,19.90049,3331,19.90049,2
997,19.92049,3407,19.92049,5
998,19.94049,3728,19.94049,2
999,19.96049,3967,19.96049,0
1000,19.98049,4229,19.98049,0
1001,20.00049,4690,20.00049,1
1002,20.02049,5059,20.02049,2
1003,20.04049,5328,20.04049,2
1004,20.06049,5713,20.06049,1
1005,20.08049,6028,20.08049,2
1006,20.10049,6233,20.10049,0
1007,20.12049,6656,20.12049,2
1008,20.14049,6653,20.14049,3
1009,20.16049,6667,20.16049,1
1010,20.18049,6620,20.18049,2
1011,20.20049,6478,20.20049,2
1012,20.22049,6278,20.22049,1
1013,20.24049,5843,20.24049,2
1014,20.26049,5341,20.26049,1
1015,20.28049,4986,20.28049,3
1016,20.30049,4353,20.30049,0
1017,20.32049,3952,20.32049,2
1018,20.34049,3592,20.34049,1
1019,20.36049,3225,20.36049,0
1020,20.38049,2964,20.38049,2
1021,20.40049,2753,20.40049,2
1022,20.42049,2552,20.42049,3
1023,20.44049,2496,20.44049,0
1024,20.46049,2467,20.46049,0
1025,20.48049,2428,20.48049,2
1026,20.50049,2394,20.50049,1
1027,20.52049,2463,20.52049,1
1028,20.54049,2429,20.54049,2
1029,20.56049,2450,20.56049,1
1030,20.58049,2429,20.58049,2
1031,20.60049,2371,20.60049,2
1032,20.62049,2407,20.62049,2
1033,20.64049,2471,20.64049,1
1034,20.66049,2441,20.66049,3
1035,20.68049,2472,20.68049,1
1036,20.70049,2515,20.70049,1
1037,20.72049,2528,20.72049,0
1038,20.74049,2607,20.74049,1
1039,20.76049,2661,20.76049,1
1040,20.78049,2595,20.78049,5
1041,20.80049,2672,20.80049,2
1042,20.82049,2700,20.82049,1
1043,20.84049,2742,20.84049,2
1044,20.86049,2885,20.86049,0
1045,20.88049,2905,20.88049,0
1046,20.90049,2925,20.90049,1
1047,20.92049,2878,20.92049,1
1048,20.94049,2871,20.94049,2
1049,20.96049,3001,20.96049,2
1050,20.98049,3043,20.98049,2
1051,21.00049,3081,21.00049,0
1052,21.02049,3136,21.02049,0
1053,21.04049,3170,21.04049,0
1054,21.06049,3141,21.06049,3
1055,21.08049,3170,21.08049,0
1056,21.10049,3252,21.10049,0
1057,21.12049,3344,21.12049,1
1058,21.14049,3380,21.14049,4
1059,21.16049,3332,21.16049,4
1060,21.18049,3341,21.18049,1
1061,21.20049,3473,21.20049,0
1062,21.22049,3529,21.22049,1
1063,21.24049,3388,21.24049,0
1064,21.26049,3331,21.26049,1
1065,21.28049,3405,21.28049,4
1066,21.30049,3383,21.30049,3
1067,21.32049,3385,21.32049,0
1068,21.34049,3442,21.34049,1
1069,21.36049,3415,21.36049,0
1070,21.38049,3285,21.38049,2
1071,21.40049,3318,21.40049,2
1072,21.42049,3269,21.42049,1
1073,21.44049,3226,21.44049,0
1074,21.46049,3251,21.46049,1
1075,21.48049,3219,21.48049,0
1076,21.50049,3057,21.50049,1
1077,21.52049,3138,21.52049,1
1078,21.54049,3060,21.54049,1
1079,21.56049,2958,21.56049,0
1080,21.58049,2887,21.58049,0
1081,21.60049,2820,21.60049,0
1082,21.62049,2890,21.62049,0
1083,21.64049,2712,21.64049,0
1084,21.66049,2764,21.66049,1
1085,21.68049,2744,21.68049,2
1086,21.70049,2546,21.70049,1
1087,21.72049,2585,21.72049,0
1088,21.74049,2552,21.74049,0
1089,21.76049,2538,21.76049,3
1090,21.78049,2500,21.78049,2
1091,21.80049,2443,21.80049,0
1092,21.82049,2387,21.82049,4
1093,21.84049,2350,21.84049,0
1094,21.86049,2356,21.86049,0
1095,21.88049,2444,21.88049,0
1096,21.90049,2332,21.90049,0
1097,21.92049,2242,21.92049,1
1098,21.94049,2227,21.94049,1
1099,21.96049,2229,21.96049,0
1100,21.98049,2247,21.98049,1
1101,22.00049,2230,22.00049,1
1102,22.02049,2273,22.02049,1
1103,22.04049,2140,22.04049,0
1104,22.06049,2160,22.06049,0
1105,22.08049,2117,22.08049,2
1106,22.10049,2110,22.10049,0
1107,22.12049,2065,22.12049,0
1108,22.14049,2099,22.14049,0
1109,22.16049,2060,22.16049,2
1110,22.18049,2096,22.18049,1
1111,22.20049,2032,22.20049,0
1112,22.22049,1974,22.22049,0
1113,22.24049,1987,22.24049,0
1114,22.26049,1996,22.26049,2
1115,22.28049,2040,22.28049,0
1116,22.30049,1983,22.30049,1
1117,22.32049,1866,22.32049,1
1118,22.34049,1870,22.34049,0
1119,22.36049,2008,22.36049,1
1120,22.38049,1873,22.38049,2
1121,22.40049,1893,22.40049,1
1122,22.42049,1945,22.42049,0
1123,22.44049,1993,22.44049,0
1124,22.46049,1895,22.46049,1
1125,22.48049,2037,22.48049,0
1126,22.50049,2003,22.50049,0
1127,22.52049,2179,22.52049,1
1128,22.54049,2062,22.54049,0
1129,22.56049,2142,22.56049,1
1130,22.58049,2280,22.58049,0
1131,22.60049,2386,22.60049,1
1132,22.62049,2270,22.62049,2
1133,22.64049,2458,22.64049,2
1134,22.66049,2488,22.66049,1
1135,22.68049,2508,22.68049,1
1136,22.70049,2497,22.70049,0
1137,22.72049,2433,22.72049,1
1138,22.74049,2450,22.74049,0
1139,22.76049,2440,22.76049,2
1140,22.78049,2229,22.78049,0
1141,22.80049,2154,22.80049,0
1142,22.82049,2116,22.82049,1
1143,22.84049,2056,22.84049,1
1144,22.86049,1983,22.86049,1
1145,22.88049,1938,22.88049,0
1146,22.90049,1962,22.90049,0
1147,22.92049,1834,22.92049,1
1148,22.94049,1758,22.94049,1
1149,22.96049,1825,22.96049,3
1150,22.98049,1812,22.98049,1
1151,23.00049,1764,23.00049,4
1152,23.02049,1748,23.02049,2
1153,23.04049,1844,23.04049,1
1154,23.06049,1806,23.06049,0
1155,23.08049,1759,23.08049,1
1156,23.10049,1812,23.10049,1
1157,23.12049,1845,23.12049,0
1158,23.14049,1852,23.14049,1
1159,23.16049,1777,23.16049,1
1160,23.18049,1745,23.18049,0
1161,23.20049,1808,23.20049,0
1162,23.22049,1813,23.22049,1
1163,23.24049,1766,23.24049,1
1164,23.26049,1732,23.26049,1
1165,23.28049,1798,23.28049,3
1166,23.30049,1715,23.30049,1
1167,23.32049,1721,23.32049,1
1168,23.34049,1688,23.34049,0
1169,23.36049,1668,23.36049,0
1170,23.38049,1692,23.38049,0
1171,23.40049,1630,23.40049,1
1172,23.42049,1586,23.42049,0
1173,23.44049,1669,23.44049,0
1174,23.46049,1724,23.46049,0
1175,23.48049,1597,23.48049,1
1176,23.50049,1701,23.50049,1
1177,23.52049,1634,23.52049,0
1178,23.54049,1655,23.54049,0
1179,23.56049,1628,23.56049,0
1180,23.58049,1671,23.58049,1
1181,23.60049,1613,23.60049,0
1182,23.62049,1629,23.62049,1
1183,23.64049,1632,23.64049,2
1184,23.66049,1586,23.66049,0
1185,23.68049,1562,23.68049,1
1186,23.70049,1628,23.70049,0
1187,23.72049,1623,23.72049,0
1188,23.74049,1655,23.74049,1
1189,23.76049,1604,23.76049,0
1190,23.78049,1567,23.78049,2
1191,23.80049,1631,23.80049,0
1192,23.82049,1596,23.82049,0
1193,23.84049,1612,23.84049,0
1194,23.86049,1569,23.86049,1
1195,23.88049,1552,23.88049,1
1196,23.90049,1564,23.90049,0
1197,23.92049,1587,23.92049,0
1198,23.94049,1540,23.94049,0
1199,23.96049,1591,23.96049,1
1200,23.98049,1567,23.98049,0
1201,24.00049,1553,24.00049,0
1202,24.02049,1471,24.02049,0
1203,24.04049,1557,24.04049,1
1204,24.06049,1493,24.06049,0
1205,24.08049,1589,24.08049,1
1206,24.10049,1525,24.10049,0
1207,24.12049,1596,24.12049,1
1208,24.14049,1592,24.14049,1
1209,24.16049,1467,24.16049,0
1210,24.18049,1545,24.18049,1
1211,24.20049,1574,24.20049,1
1212,24.22049,1562,24.22049,0
1213,24.24049,1545,24.24049,1
1214,24.26049,1568,24.26049,0
1215,24.28049,1557,24.28049,1
1216,24.30049,1531,24.30049,0
1217,24.32049,1514,24.32049,0
1218,24.34049,1490,24.34049,1
1219,24.36049,1516,24.36049,2
1220,24.38049,1494,24.38049,0
1221,24.40049,1428,24.40049,1
1222,24.42049,1432,24.42049,0
1223,24.44049,1450,24.44049,0
1224,24.46049,1472,24.46049,0
1225,24.48049,1456,24.48049,1
1226,24.50049,1511,24.50049,0
1227,24.52049,1496,24.52049,0
1228,24.54049,1507,24.54049,0
1229,24.56049,1502,24.56049,0
1230,24.58049,1529,24.58049,0
1231,24.60049,1531,24.60049,0
1232,24.62049,1459,24.62049,1
1233,24.64049,1477,24.64049,0
1234,24.66049,1517,24.66049,0
1235,24.68049,1435,24.68049,1
1236,24.70049,1493,24.70049,1
1237,24.72049,1481,24.72049,0
1238,24.74049,1536,24.74049,1
1239,24.76049,1469,24.76049,1
1240,24.78049,1486,24.78049,0
1241,24.80049,1531,24.80049,0
1242,24.82049,1463,24.82049,0
1243,24.84049,1437,24.84049,0
1244,24.86049,1423,24.86049,0
1245,24.88049,1501,24.88049,0
1246,24.90049,1461,24.90049,0
1247,24.92049,1485,24.92049,0
1248,24.94049,1544,24.94049,0
1249,24.96049,1496,24.96049,0
1250,24.98049,1487,24.98049,0
1251,25.00049,1520,25.00049,0
1252,25.02049,1479,25.02049,0
1253,25.04049,1452,25.04049,1
1254,25.06049,1512,25.06049,0
1255,25.08049,1484,25.08049,0
1256,25.10049,1509,25.10049,0
1257,25.12049,1453,25.12049,0
1258,25.14049,1514,25.14049,0
1259,25.16049,1472,25.16049,0
1260,25.18049,1418,25.18049,0
1261,25.20049,1504,25.20049,1
1262,25.22049,1544,25.22049,0
1263,25.24049,1451,25.24049,1
1264,25.26049,1442,25.26049,0
1265,25.28049,1483,25.28049,0
1266,25.30049,1422,25.30049,0
1267,25.32049,1440,25.32049,0
1268,25.34049,1451,25.34049,0
1269,25.36049,1457,25.36049,0
1270,25.38049,1439,25.38049,1
1271,25.40049,1444,25.40049,0
1272,25.42049,1375,25.42049,0
1273,25.44049,1411,25.44049,0
1274,25.46049,1398,25.46049,1
1275,25.48049,1409,25.48049,0
1276,25.50049,1388,25.50049,0
1277,25.52049,1415,25.52049,1
1278,25.54049,1334,25.54049,0
1279,25.56049,1402,25.56049,0
1280,25.58049,1346,25.58049,0
1281,25.60049,1420,25.60049,0
1282,25.62049,1326,25.62049,0
1283,25.64049,1335,25.64049,0
1284,25.66049,1324,25.66049,1
1285,25.68049,1334,25.68049,1
1286,25.70049,1300,25.70049,0
1287,25.72049,1375,25.72049,0
1288,25.74049,1350,25.74049,1
1289,25.76049,1210,25.76049,1
1290,25.78049,1303,25.78049,0
1291,25.80049,1304,25.80049,1
1292,25.82049,1284,25.82049,0
1293,25.84049,1282,25.84049,0
1294,25.86049,1311,25.86049,0
1295,25.88049,1337,25.88049,0
1296,25.90049,1285,25.90049,0
1297,25.92049,1273,25.92049,0
1298,25.94049,1308,25.94049,0
1299,25.96049,1256,25.96049,0
1300,25.98049,1264,25.98049,0
1301,26.00049,1323,26.00049,0
1302,26.02049,1322,26.02049,0
1303,26.04049,1245,26.04049,1
1304,26.06049,1245,26.06049,0
1305,26.08049,1290,26.08049,0
1306,26.10049,1235,26.10049,0
1307,26.12049,1295,26.12049,0
1308,26.14049,1241,26.14049,0
1309,26.16049,1252,26.16049,0
1310,26.18049,1342,26.18049,0
1311,26.20049,1288,26.20049,0
1312,26.22049,1301,26.22049,0
1313,26.24049,1201,26.24049,0
1314,26.26049,1203,26.26049,0
1315,26.28049,1240,26.28049,0
1316,26.30049,1280,26.30049,0
1317,26.32049,1282,26.32049,0
1318,26.34049,1224,26.34049,0
1319,26.36049,1275,26.36049,0
1320,26.38049,1345,26.38049,0
1321,26.40049,1224,26.40049,0
1322,26.42049,1206,26.42049,0
1323,26.44049,1218,26.44049,0
1324,26.46049,1215,26.46049,0
1325,26.48049,1227,26.48049,0
1326,26.50049,1275,26.50049,1
1327,26.52049,1217,26.52049,1
1328,26.54049,1246,26.54049,0
1329,26.56049,1144,26.56049,0
1330,26.58049,1189,26.58049,0
1331,26.60049,1219,26.60049,0
1332,26.62049,1213,26.62049,0
1333,26.64049,1270,26.64049,0
1334,26.66049,1190,26.66049,0
1335,26.68049,1118,26.68049,0
1336,26.70049,1187,26.70049,0
1337,26.72049,1266,26.72049,0
1338,26.74049,1136,26.74049,0
1339,26.76049,1240,26.76049,0
1340,26.78049,1107,26.78049,0
1341,26.80049,1153,26.80049,0
1342,26.82049,1123,26.82049,0
1343,26.84049,1176,26.84049,0
1344,26.86049,1205,26.86049,0
1345,26.88049,1205,26.88049,0
1346,26.90049,1166,26.90049,0
1347,26.92049,1159,26.92049,0
1348,26.94049,1099,26.94049,0
1349,26.96049,1170,26.96049,0
1350,26.98049,1204,26.98049,0
1351,27.00049,1152,27.00049,0
1352,27.02049,1153,27.02049,0
1353,27.04049,1134,27.04049,0
1354,27.06049,1148,27.06049,0
1355,27.08049,1190,27.08049,0
1356,27.10049,1178,27.10049,0
1357,27.12049,1193,27.12049,0
1358,27.14049,1138,27.14049,0
1359,27.16049,1128,27.16049,0
1360,27.18049,1141,27.18049,0
1361,27.20049,1102,27.20049,0
1362,27.22049,1101,27.22049,0
1363,27.24049,1136,27.24049,0
1364,27.26049,1078,27.26049,1
1365,27.28049,1084,27.28049,0
1366,27.30049,1144,27.30049,0
1367,27.32049,1096,27.32049,0
1368,27.34049,1151,27.34049,0
1369,27.36049,1137,27.36049,0
1370,27.38049,1151,27.38049,0
1371,27.40049,1139,27.40049,0
1372,27.42049,1114,27.42049,0
1373,27.44049,1076,27.44049,0
1374,27.46049,1023,27.46049,0
1375,27.48049,1052,27.48049,0
1376,27.50049,1074,27.50049,0
1377,27.52049,1047,27.52049,0
1378,27.54049,1037,27.54049,0
1379,27.56049,1041,27.56049,0
1380,27.58049,1152,27.58049,0
1381,27.60049,1079,27.60049,0
1382,27.62049,1052,27.62049,0
1383,27.64049,1081,27.64049,0
1384,27.66049,1035,27.66049,0
1385,27.68049,998,27.68049,0
1386,27.70049,1046,27.70049,0
1387,27.72049,1044,27.72049,0
1388,27.74049,994,27.74049,0
1389,27.76049,1029,27.76049,0
1390,27.78049,988,27.78049,0
1391,27.80049,1086,27.80049,0
1392,27.82049,994,27.82049,0
1393,27.84049,992,27.84049,0
1394,27.86049,1014,27.86049,0
1395,27.88049,1043,27.88049,0
1396,27.90049,1028,27.90049,0
1397,27.92049,1000,27.92049,0
1398,27.94049,991,27.94049,0
1399,27.96049,1019,27.96049,0
1400,27.98049,974,27.98049,0
1401,28.00049,1000,28.00049,0
1402,28.02049,969,28.02049,0
1403,28.04049,1033,28.04049,0
1404,28.06049,1014,28.06049,0
1405,28.08049,965,28.08049,0
1406,28.10049,988,28.10049,0
1407,28.12049,986,28.12049,0
1408,28.14049,1016,28.14049,0
1409,28.16049,970,28.16049,0
1410,28.18049,959,28.18049,0
1411,28.20049,1017,28.20049,0
1412,28.22049,961,28.22049,0
1413,28.24049,1015,28.24049,0
1414,28.26049,951,28.26049,0
1415,28.28049,948,28.28049,0
1416,28.30049,991,28.30049,0
1417,28.32049,923,28.32049,0
1418,28.34049,948,28.34049,0
1419,28.36049,963,28.36049,0
1420,28.38049,970,28.38049,0
1421,28.40049,1025,28.40049,0
1422,28.42049,908,28.42049,0
1423,28.44049,965,28.44049,0
1424,28.46049,946,28.46049,0
1425,28.48049,953,28.48049,0
1426,28.50049,934,28.50049,0
1427,28.52049,942,28.52049,0
1428,28.54049,979,28.54049,0
1429,28.56049,945,28.56049,0
1430,28.58049,942,28.58049,0
1431,28.60049,882,28.60049,0
1432,28.62049,898,28.62049,0
1433,28.64049,877,28.64049,0
1434,28.66049,907,28.66049,0
1435,28.68049,904,28.68049,0
1436,28.70049,892,28.70049,0
1437,28.72049,902,28.72049,0
1438,28.74049,876,28.74049,0
1439,28.76049,933,28.76049,0
1440,28.78049,945,28.78049,0
1441,28.80049,899,28.80049,0
1442,28.82049,945,28.82049,0
1443,28.84049,897,28.84049,0
1444,28.86049,903,28.86049,0
1445,28.88049,855,28.88049,0
1446,28.90049,867,28.90049,0
1447,28.92049,923,28.92049,0
1448,28.94049,836,28.94049,0
1449,28.96049,892,28.96049,0
1450,28.98049,822,28.98049,0
1451,29.00049,883,29.00049,0
1452,29.02049,862,29.02049,0
1453,29.04049,885,29.04049,0
1454,29.06049,901,29.06049,0
1455,29.08049,886,29.08049,0
1456,29.10049,839,29.10049,0
1457,29.12049,853,29.12049,0
1458,29.14049,831,29.14049,0
1459,29.16049,849,29.16049,0
1460,29.18049,805,29.18049,0
1461,29.20049,782,29.20049,0
1462,29.22049,873,29.22049,0
1463,29.24049,822,29.24049,0
1464,29.26049,786,29.26049,0
1465,29.28049,889,29.28049,0
1466,29.30049,812,29.30049,0
1467,29.32049,789,29.32049,0
1468,29.34049,840,29.34049,0
1469,29.36049,815,29.36049,0
1470,29.38049,780,29.38049,0
1471,29.40049,858,29.40049,0
1472,29.42049,792,29.42049,0
1473,29.44049,814,29.44049,0
1474,29.46049,789,29.46049,0
1475,29.48049,753,29.48049,0
1476,29.50049,786,29.50049,0
1477,29.52049,770,29.52049,0
1478,29.54049,767,29.54049,0
1479,29.56049,824,29.56049,0
1480,29.58049,814,29.58049,0
1481,29.60049,845,29.60049,0
1482,29.62049,754,29.62049,0
1483,29.64049,821,29.64049,0
1484,29.66049,736,29.66049,0
1485,29.68049,759,29.68049,0
1486,29.70049,768,29.70049,0
1487,29.72049,780,29.72049,0
1488,29.74049,738,29.74049,0
1489,29.76049,779,29.76049,0
1490,29.78049,796,29.78049,0
1491,29.80049,763,29.80049,0
1492,29.82049,757,29.82049,0
1493,29.84049,755,29.84049,0
1494,29.86049,723,29.86049,0
1495,29.88049,767,29.88049,0
1496,29.90049,766,29.90049,0
1497,29.92049,724,29.92049,0
1498,29.94049,784,29.94049,0
1499,29.96049,744,29.96049,0
1500,29.98049,750,29.98049,0
1501,30.00049,785,30.00049,0
1502,30.02049,771,30.02049,0
1503,30.04049,750,30.04049,0
1504,30.06049,734,30.06049,0
1505,30.08049,714,30.08049,1
1506,30.10049,717,30.10049,0
1507,30.12049,714,30.12049,0
1508,30.14049,743,30.14049,0
1509,30.16049,674,30.16049,0
1510,30.18049,694,30.18049,0
1511,30.20049,745,30.20049,0
1512,30.22049,720,30.22049,0
1513,30.24049,685,30.24049,0
1514,30.26049,741,30.26049,0
1515,30.28049,735,30.28049,0
1516,30.30049,746,30.30049,0
1517,30.32049,659,30.32049,0
1518,30.34049,694,30.34049,0
1519,30.36049,672,30.36049,0
1520,30.38049,691,30.38049,0
1521,30.40049,720,30.40049,0
1522,30.42049,659,30.42049,0
1523,30.44049,699,30.44049,0
1524,30.46049,728,30.46049,0
1525,30.48049,630,30.48049,0
1526,30.50049,649,30.50049,0
1527,30.52049,672,30.52049,0
1528,30.54049,683,30.54049,0
1529,30.56049,695,30.56049,0
1530,30.58049,685,30.58049,0
1531,30.60049,666,30.60049,0
1532,30.62049,673,30.62049,0
1533,30.64049,686,30.64049,0
1534,30.66049,675,30.66049,0
1535,30.68049,624,30.68049,0
1536,30.70049,719,30.70049,0
1537,30.72049,643,30.72049,0
1538,30.74049,594,30.74049,0
1539,30.76049,658,30.76049,0
1540,30.78049,633,30.78049,0
1541,30.80049,642,30.80049,0
1542,30.82049,602,30.82049,0
1543,30.84049,644,30.84049,0
1544,30.86049,652,30.86049,0
1545,30.88049,663,30.88049,0
1546,30.90049,653,30.90049,0
1547,30.92049,592,30.92049,0
1548,30.94049,632,30.94049,0
1549,30.96049,617,30.96049,0
1550,30.98049,623,30.98049,0
1551,31.00049,600,31.00049,0
1552,31.02049,622,31.02049,0
1553,31.04049,613,31.04049,0
1554,31.06049,625,31.06049,0
1555,31.08049,619,31.08049,0
1556,31.10049,585,31.10049,0
1557,31.12049,531,31.12049,0
1558,31.14049,593,31.14049,0
1559,31.16049,560,31.16049,0
1560,31.18049,589,31.18049,0
1561,31.20049,585,31.20049,0
1562,31.22049,560,31.22049,0
1563,31.24049,545,31.24049,0
1564,31.26049,558,31.26049,0
1565,31.28049,574,31.28049,0
1566,31.30049,533,31.30049,0
1567,31.32049,572,31.32049,0
1568,31.34049,614,31.34049,0
1569,31.36049,597,31.36049,0
1570,31.38049,560,31.38049,0
1571,31.40049,564,31.40049,0
1572,31.42049,560,31.42049,0
1573,31.44049,551,31.44049,0
1574,31.46049,575,31.46049,0
1575,31.48049,528,31.48049,0
1576,31.50049,537,31.50049,0
1577,31.52049,512,31.52049,0
1578,31.54049,498,31.54049,0
1579,31.56049,527,31.56049,0
1580,31.58049,530,31.58049,0
1581,31.60049,522,31.60049,0
1582,31.62049,556,31.62049,0
1583,31.64049,544,31.64049,0
1584,31.66049,527,31.66049,0
1585,31.68049,524,31.68049,0
1586,31.70049,573,31.70049,0
1587,31.72049,519,31.72049,0
1588,31.74049,513,31.74049,0
1589,31.76049,501,31.76049,0
1590,31.78049,514,31.78049,0
1591,31.80049,518,31.80049,0
1592,31.82049,484,31.82049,0
1593,31.84049,494,31.84049,0
1594,31.86049,522,31.86049,0
1595,31.88049,495,31.88049,0
1596,31.90049,497,31.90049,0
1597,31.92049,506,31.92049,0
1598,31.94049,454,31.94049,0
1599,31.96049,471,31.96049,0
1600,31.98049,454,31.98049,0
1601,32.00049,498,32.00049,0
1602,32.02049,494,32.02049,0
1603,32.04049,454,32.04049,0
1604,32.06049,513,32.06049,0
1605,32.08049,464,32.08049,0
1606,32.10049,488,32.10049,0
1607,32.12049,506,32.12049,0
1608,32.1405,479,32.1405,0
1609,32.16049,444,32.16049,0
1610,32.18049,444,32.18049,0
1611,32.20049,473,32.20049,0
1612,32.22049,475,32.22049,0
1613,32.24049,471,32.24049,0
1614,32.26049,467,32.26049,0
1615,32.28049,443,32.28049,0
1616,32.3005,462,32.3005,0
1617,32.32049,446,32.32049,0
1618,32.34049,428,32.34049,0
1619,32.36049,460,32.36049,0
1620,32.38049,483,32.38049,0
1621,32.40049,456,32.40049,0
1622,32.42049,432,32.42049,0
1623,32.44049,448,32.44049,0
1624,32.46049,425,32.46049,0
1625,32.4805,443,32.4805,0
1626,32.50049,448,32.50049,0
1627,32.52049,417,32.52049,0
1628,32.54049,420,32.54049,0
1629,32.56049,384,32.56049,0
1630,32.58049,415,32.58049,0
1631,32.60049,399,32.60049,0
1632,32.62049,409,32.62049,0
1633,32.6405,424,32.6405,0
1634,32.66049,452,32.66049,0
1635,32.68049,398,32.68049,0
1636,32.70049,397,32.70049,0
1637,32.72049,419,32.72049,0
1638,32.74049,409,32.74049,0
1639,32.76049,411,32.76049,0
1640,32.78049,362,32.78049,0
1641,32.8005,392,32.8005,0
1642,32.82049,391,32.82049,0
1643,32.84049,373,32.84049,0
1644,32.86049,397,32.86049,0
1645,32.88049,390,32.88049,0
1646,32.90049,376,32.90049,0
1647,32.92049,382,32.92049,0
1648,32.94049,342,32.94049,0
1649,32.96049,342,32.96049,0
1650,32.9805,381,32.9805,0
1651,33.00049,347,33.00049,0
1652,33.02049,362,33.02049,0
1653,33.04049,319,33.04049,0
1654,33.06049,369,33.06049,0
1655,33.08049,343,33.08049,0
1656,33.10049,350,33.10049,0
1657,33.12049,352,33.12049,0
1658,33.1405,319,33.1405,0
1659,33.16049,327,33.16049,0
1660,33.18049,321,33.18049,0
1661,33.20049,308,33.20049,0
1662,33.22049,366,33.22049,0
1663,33.24049,351,33.24049,0
1664,33.26049,309,33.26049,0
1665,33.28049,309,33.28049,0
1666,33.3005,304,33.3005,0
1667,33.32049,353,33.32049,0
1668,33.34049,313,33.34049,0
1669,33.36049,314,33.36049,0
1670,33.38049,315,33.38049,0
1671,33.40049,326,33.40049,0
1672,33.42049,290,33.42049,0
1673,33.44049,317,33.44049,0
1674,33.46049,300,33.46049,0
1675,33.4805,309,33.4805,0
1676,33.50049,289,33.50049,0
1677,33.52049,273,33.52049,0
1678,33.54049,308,33.54049,0
1679,33.56049,311,33.56049,0
1680,33.58049,296,33.58049,0
1681,33.60049,300,33.60049,0
1682,33.62049,285,33.62049,0
1683,33.6405,271,33.6405,0
1684,33.66049,255,33.66049,0
1685,33.68049,243,33.68049,0
1686,33.70049,291,33.70049,0
1687,33.72049,254,33.72049,0
1688,33.74049,240,33.74049,0
1689,33.76049,269,33.76049,0
1690,33.78049,253,33.78049,0
1691,33.8005,261,33.8005,0
1692,33.82049,263,33.82049,0
1693,33.84049,249,33.84049,0
1694,33.86049,256,33.86049,0
1695,33.88049,247,33.88049,0
1696,33.90049,237,33.90049,0
1697,33.92049,226,33.92049,0
1698,33.94049,239,33.94049,0
1699,33.96049,233,33.96049,0
1700,33.9805,219,33.9805,0
1701,34.00049,224,34.00049,0
1702,34.02049,226,34.02049,0
1703,34.04049,234,34.04049,0
1704,34.06049,191,34.06049,0
1705,34.08049,223,34.08049,0
1706,34.10049,235,34.10049,0
1707,34.12049,211,34.12049,0
1708,34.1405,209,34.1405,0
1709,34.16049,199,34.16049,0
1710,34.18049,202,34.18049,0
1711,34.20049,208,34.20049,0
1712,34.22049,207,34.22049,0
1713,34.24049,198,34.24049,0
1714,34.26049,199,34.26049,0
1715,34.28049,208,34.28049,0
1716,34.3005,189,34.3005,0
1717,34.32049,193,34.32049,0
1718,34.34049,183,34.34049,0
1719,34.36049,198,34.36049,0
1720,34.38049,168,34.38049,0
1721,34.40049,179,34.40049,0
1722,34.42049,183,34.42049,0
1723,34.44049,164,34.44049,0
1724,34.46049,163,34.46049,0
1725,34.4805,159,34.4805,0
1726,34.50049,188,34.50049,0
1727,34.52049,174,34.52049,0
1728,34.54049,167,34.54049,0
1729,34.56049,142,34.56049,0
1730,34.58049,142,34.58049,0
1731,34.60049,155,34.60049,0
1732,34.62049,154,34.62049,0
1733,34.6405,146,34.6405,0
1734,34.66049,136,34.66049,0
1735,34.68049,142,34.68049,0
1736,34.70049,144,34.70049,0
1737,34.72049,155,34.72049,0
1738,34.74049,137,34.74049,0
1739,34.76049,132,34.76049,0
1740,34.78049,138,34.78049,0
1741,34.8005,149,34.8005,0
1742,34.82049,122,34.82049,0
1743,34.84049,134,34.84049,0
1744,34.86049,133,34.86049,0
1745,34.88049,114,34.88049,0
1746,34.90049,128,34.90049,0
1747,34.92049,105,34.92049,0
1748,34.94049,118,34.94049,0
1749,34.96049,112,34.96049,0
1750,34.9805,121,34.9805,0
1751,35.00049,110,35.00049,0
1752,35.02049,113,35.02049,0
1753,35.04049,107,35.04049,0
1754,35.06049,102,35.06049,0
1755,35.08049,84,35.08049,0
1756,35.10049,72,35.10049,0
1757,35.12049,91,35.12049,0
1758,35.1405,98,35.1405,0
1759,35.16049,89,35.16049,0
1760,35.18049,98,35.18049,0
1761,35.20049,73,35.20049,0
1762,35.22049,85,35.22049,0
1763,35.24049,80,35.24049,0
1764,35.26049,82,35.26049,0
1765,35.28049,75,35.28049,0
1766,35.3005,76,35.3005,0
1767,35.32049,85,35.32049,0
1768,35.34049,82,35.34049,0
1769,35.36049,69,35.36049,0
1770,35.38049,80,35.38049,0
1771,35.40049,60,35.40049,0
1772,35.42049,68,35.42049,0
1773,35.44049,72,35.44049,0
1774,35.46049,55,35.46049,0
1775,35.4805,50,35.4805,0
1776,35.50049,70,35.50049,0
1777,35.52049,65,35.52049,0
1778,35.54049,58,35.54049,0
1779,35.56049,62,35.56049,0
1780,35.58049,60,35.58049,0
1781,35.60049,46,35.60049,0
1782,35.62049,72,35.62049,0
1783,35.6405,65,35.6405,0
1784,35.66049,64,35.66049,0
1785,35.68049,51,35.68049,0
1786,35.70049,50,35.70049,0
1787,35.72049,59,35.72049,0
1788,35.74049,61,35.74049,0
1789,35.76049,58,35.76049,0
1790,35.78049,51,35.78049,0
1791,35.8005,51,35.8005,0
1792,35.82049,53,35.82049,0
1793,35.84049,59,35.84049,0
1794,35.86049,50,35.86049,0
1795,35.88049,40,35.88049,0
1796,35.90049,56,35.90049,0
1797,35.92049,44,35.92049,0
1798,35.94049,40,35.94049,0
1799,35.96049,47,35.96049,0
1800,35.9805,43,35.9805,0
1801,36.00049,39,36.00049,0
1802,36.02049,34,36.02049,0
1803,36.04049,34,36.04049,0
1804,36.06049,32,36.06049,0
1805,36.08049,32,36.08049,0
1806,36.10049,53,36.10049,0
1807,36.12049,45,36.12049,0
1808,36.1405,41,36.1405,0
1809,36.16049,37,36.16049,0
1810,36.18049,39,36.18049,0
1811,36.20049,52,36.20049,0
1812,36.22049,32,36.22049,0
1813,36.24049,40,36.24049,0
1814,36.26049,29,36.26049,0
1815,36.28049,32,36.28049,0
1816,36.3005,33,36.3005,0
1817,36.32049,34,36.32049,0
1818,36.34049,39,36.34049,0
1819,36.36049,27,36.36049,0
1820,36.38049,34,36.38049,0
1821,36.40049,29,36.40049,0
1822,36.42049,30,36.42049,0
1823,36.44049,26,36.44049,0
1824,36.46049,28,36.46049,0
1825,36.4805,32,36.4805,0
1826,36.50049,34,36.50049,0
1827,36.52049,37,36.52049,0
1828,36.54049,31,36.54049,0
1829,36.56049,23,36.56049,0
1830,36.58049,26,36.58049,0
1831,36.60049,29,36.60049,0
1832,36.62049,29,36.62049,0
1833,36.6405,19,36.6405,0
1834,36.66049,21,36.66049,0
1835,36.68049,19,36.68049,0
1836,36.70049,23,36.70049,0
1837,36.72049,28,36.72049,0
1838,36.74049,30,36.74049,0
1839,36.76049,23,36.76049,0
1840,36.78049,29,36.78049,0
1841,36.8005,24,36.8005,0
1842,36.82049,21,36.82049,0
1843,36.84049,20,36.84049,0
1844,36.86049,32,36.86049,0
1845,36.88049,19,36.88049,0
1846,36.90049,28,36.90049,0
1847,36.92049,22,36.92049,0
1848,36.94049,28,36.94049,0
1849,36.96049,18,36.96049,0
1850,36.9805,23,36.9805,0
1851,37.00049,10,37.00049,0
1852,37.02049,17,37.02049,0
1853,37.04049,21,37.04049,0
1854,37.06049,19,37.06049,0
1855,37.08049,25,37.08049,0
1856,37.10049,25,37.10049,0
1857,37.12049,20,37.12049,0
1858,37.1405,26,37.1405,0
1859,37.16049,20,37.16049,0
1860,37.18049,20,37.18049,0
1861,37.20049,19,37.20049,0
1862,37.22049,17,37.22049,0
1863,37.24049,27,37.24049,0
1864,37.26049,19,37.26049,0
1865,37.28049,19,37.28049,0
1866,37.3005,19,37.3005,0
1867,37.32049,15,37.32049,0
1868,37.34049,27,37.34049,0
1869,37.36049,20,37.36049,0
1870,37.38049,17,37.38049,0
1871,37.40049,23,37.40049,0
1872,37.42049,21,37.42049,0
1873,37.44049,16,37.44049,0
1874,37.46049,27,37.46049,0
1875,37.4805,24,37.4805,0
1876,37.50049,30,37.50049,0
1877,37.52049,26,37.52049,0
1878,37.54049,24,37.54049,0
1879,37.56049,31,37.56049,0
1880,37.58049,18,37.58049,0
1881,37.60049,12,37.60049,0
1882,37.62049,19,37.62049,0
1883,37.6405,18,37.6405,0
1884,37.66049,18,37.66049,0
1885,37.68049,14,37.68049,0
1886,37.70049,13,37.70049,0
1887,37.72049,20,37.72049,0
1888,37.74049,18,37.74049,0
1889,37.76049,16,37.76049,0
1890,37.78049,23,37.78049,0
1891,37.8005,22,37.8005,0
1892,37.82049,12,37.82049,0
1893,37.84049,17,37.84049,0
1894,37.86049,21,37.86049,0
1895,37.88049,16,37.88049,0
1896,37.90049,27,37.90049,0
1897,37.92049,25,37.92049,0
1898,37.94049,15,37.94049,0
1899,37.96049,23,37.96049,0
1900,37.9805,21,37.9805,0
1901,38.00049,28,38.00049,0
1902,38.02049,22,38.02049,0
1903,38.04049,14,38.04049,0
1904,38.06049,17,38.06049,0
1905,38.08049,13,38.08049,0
1906,38.10049,21,38.10049,0
1907,38.12049,23,38.12049,0
1908,38.1405,20,38.1405,0
1909,38.16049,23,38.16049,0
1910,38.18049,15,38.18049,0
1911,38.20049,19,38.20049,0
1912,38.22049,17,38.22049,0
1913,38.24049,17,38.24049,0
1914,38.26049,13,38.26049,0
1915,38.28049,20,38.28049,0
1916,38.3005,15,38.3005,0
1917,38.32049,19,38.32049,0
1918,38.34049,17,38.34049,0
1919,38.36049,16,38.36049,0
1920,38.38049,18,38.38049,0
1921,38.40049,18,38.40049,0
1922,38.42049,22,38.42049,0
1923,38.44049,18,38.44049,0
1924,38.46049,13,38.46049,0
1925,38.4805,20,38.4805,0
1926,38.50049,15,38.50049,0
1927,38.52049,12,38.52049,0
1928,38.54049,23,38.54049,0
1929,38.56049,11,38.56049,0
1930,38.58049,17,38.58049,0
1931,38.60049,16,38.60049,0
1932,38.62049,13,38.62049,0
1933,38.6405,9,38.6405,0
1934,38.66049,14,38.66049,0
1935,38.68049,18,38.68049,0
1936,38.70049,22,38.70049,0
1937,38.72049,13,38.72049,0
1938,38.74049,13,38.74049,0
1939,38.76049,16,38.76049,0
1940,38.78049,17,38.78049,0
1941,38.8005,13,38.8005,0
1942,38.82049,17,38.82049,0
1943,38.84049,12,38.84049,0
1944,38.86049,15,38.86049,0
1945,38.88049,19,38.88049,0
1946,38.90049,12,38.90049,0
1947,38.92049,11,38.92049,0
1948,38.94049,13,38.94049,0
1949,38.96049,11,38.96049,0
1950,38.9805,11,38.9805,0
1951,39.00049,17,39.00049,0
1952,39.02049,19,39.02049,0
1953,39.04049,16,39.04049,0
1954,39.06049,21,39.06049,0
1955,39.08049,18,39.08049,0
1956,39.10049,13,39.10049,0
1957,39.12049,18,39.12049,0
1958,39.1405,12,39.1405,0
1959,39.16049,12,39.16049,0
1960,39.18049,13,39.18049,0
1961,39.20049,20,39.20049,0
1962,39.22049,7,39.22049,0
1963,39.24049,9,39.24049,0
1964,39.26049,13,39.26049,0
1965,39.28049,7,39.28049,0
1966,39.3005,8,39.3005,0
1967,39.32049,12,39.32049,0
1968,39.34049,14,39.34049,0
1969,39.36049,7,39.36049,0
1970,39.38049,11,39.38049,0
1971,39.40049,13,39.40049,0
1972,39.42049,10,39.42049,0
1973,39.44049,6,39.44049,0
1974,39.46049,10,39.46049,0
1975,39.4805,16,39.4805,0
1976,39.50049,11,39.50049,0
1977,39.52049,6,39.52049,0
1978,39.54049,11,39.54049,0
1979,39.56049,10,39.56049,0
1980,39.58049,12,39.58049,0
1981,39.60049,4,39.60049,0
1982,39.62049,10,39.62049,0
1983,39.6405,6,39.6405,0
1984,39.66049,9,39.66049,0
1985,39.68049,10,39.68049,0
1986,39.70049,15,39.70049,0
1987,39.72049,12,39.72049,0
1988,39.74049,10,39.74049,0
1989,39.76049,7,39.76049,0
1990,39.78049,9,39.78049,0
1991,39.8005,7,39.8005,0
1992,39.82049,11,39.82049,0
1993,39.84049,13,39.84049,0
1994,39.86049,12,39.86049,0
1995,39.88049,14,39.88049,0
1996,39.90049,13,39.90049,0
1997,39.92049,8,39.92049,0
1998,39.94049,12,39.94049,0
1999,39.96049,7,39.96049,0
2000,39.9805,17,39.9805,0
2001,40.00049,11,40.00049,0
2002,40.02049,10,40.02049,0
2003,40.04049,12,40.04049,0
2004,40.06049,7,40.06049,0
2005,40.08049,15,40.08049,0
2006,40.10049,12,40.10049,0
2007,40.12049,7,40.12049,0
2008,40.1405,8,40.1405,0
2009,40.16049,11,40.16049,0
2010,40.18049,13,40.18049,0
2011,40.20049,5,40.20049,0
2012,40.22049,6,40.22049,0
2013,40.24049,10,40.24049,0
2014,40.26049,13,40.26049,0
2015,40.28049,7,40.28049,0
2016,40.3005,10,40.3005,0
2017,40.32049,5,40.32049,0
2018,40.34049,9,40.34049,0
2019,40.36049,4,40.36049,0
2020,40.38049,6,40.38049,0
2021,40.40049,8,40.40049,0
2022,40.42049,11,40.42049,0
2023,40.44049,11,40.44049,0
2024,40.46049,4,40.46049,0
2025,40.4805,4,40.4805,0
2026,40.50049,12,40.50049,0
2027,40.52049,15,40.52049,0
2028,40.54049,11,40.54049,0
2029,40.56049,9,40.56049,0
2030,40.58049,15,40.58049,0
2031,40.60049,8,40.60049,0
2032,40.62049,10,40.62049,0
2033,40.6405,10,40.6405,0
2034,40.66049,11,40.66049,0
2035,40.68049,6,40.68049,0
2036,40.70049,10,40.70049,0
2037,40.72049,3,40.72049,0
2038,40.74049,8,40.74049,0
2039,40.76049,5,40.76049,0
2040,40.78049,5,40.78049,0
2041,40.8005,7,40.8005,0
2042,40.82049,8,40.82049,0
2043,40.84049,14,40.84049,0
2044,40.86049,12,40.86049,0
2045,40.88049,9,40.88049,0
2046,40.90049,14,40.90049,0
2047,40.92049,6,40.92049,0
2048,40.94049,7,40.94049,0
