Bruker AXS HMP Instrument Tools Complete CSV
FileName,C:\MeinZeugs\Uni\Publikationen\2025\MeIn pXRF\DAQ\Device_monitoring_sample_element_precision_Schauer\data_raw\Example_LOD\04535-Mudrock Dual.pdz
SerialString,SG2-6390
TubeTargetElement,45
NumberOfSpectra,2
SampleID,
AcquisitionDateTime,1/1/2006 3:43:29 PM
TotalElapsedTimeInSeconds,120
AnodeTakeOffAngle,45
SampleIncidenceAngle,45
BeThicknessInMicroMeters,125
SampleTakeOffAngle,65
SpotSizeUsed,8
NumberOfUserCustomFields,5
UserCustomFieldHeader,FieldName,FieldValue
UserCustomField,Operator,Supervisor
UserCustomField,Material,Standard
UserCustomField,ID,
UserCustomField,Probe,Mudrock Standard
UserCustomField,Projekt,ESPRIT
AnalysisMode,32
AnalysisType,1
UsedAutoCalSelect,False
ResultUnits,PPM
ErrorMultiplier,2
CalFileName,MudrockDual
CalPackageName,
CalPackagePartNumber,
TypeStandardizationSetName,
NumberOfElementsInCalculatedResults,27
CalculatedResults:AtomicNum,ElementSymbol,Units,Value,TypeStandardizedValue,Error,RangeMin,RangeMax,Tramp,Nominal
12,Mg,PPM,0.9247186,0.9247186,0.05771166,0,0,False,False
13,Al,PPM,9.588247,9.588247,0.04232029,0,0,False,False
14,Si,PPM,22.90856,22.90856,0.04293838,0,0,False,False
15,P,PPM,0,0,0.002760569,0,0,False,False
16,S,PPM,0.04147022,0.04147022,0.002089959,0,0,False,False
19,K,PPM,5.013795,5.013795,0.007828306,0,0,False,False
20,Ca,PPM,0.3212785,0.3212785,0.001731016,0,0,False,False
22,Ti,PPM,0.3106982,0.3106982,0.001437055,0,0,False,False
23,V,PPM,0.0120547,0.0120547,0.0006450025,0,0,False,False
24,Cr,PPM,0.005876485,0.005876485,0.0003488204,0,0,False,False
25,Mn,PPM,0.01377633,0.01377633,0.0004248806,0,0,False,False
26,Fe,PPM,2.801142,2.801142,0.003288415,0,0,False,False
27,Co,PPM,0.0002180451,0.0002180451,9.105625E-05,0,0,False,False
28,Ni,PPM,0.001981354,0.001981354,0.0001445563,0,0,False,False
29,Cu,PPM,0.003895144,0.003895144,0.000151182,0,0,False,False
30,Zn,PPM,0.002594835,0.002594835,0.0001317124,0,0,False,False
33,As,PPM,0.003240953,0.003240953,0.0001098607,0,0,False,False
37,Rb,PPM,0.02344766,0.02344766,0.00013244,0,0,False,False
38,Sr,PPM,0.003672589,0.003672589,0.0001026103,0,0,False,False
39,Y,PPM,0.003601338,0.003601338,0.0001197647,0,0,False,False
40,Zr,PPM,0.0154645,0.0154645,0.0001177792,0,0,False,False
41,Nb,PPM,0.001401922,0.001401922,9.51601E-05,0,0,False,False
42,Mo,PPM,0.0009320761,0.0009320761,0.0001028789,0,0,False,False
56,Ba,PPM,0.1459467,0.1459467,0.008235606,0,0,False,False
82,Pb,PPM,0.00100858,0.00100858,0.0001359133,0,0,False,False
90,Th,PPM,0.002235933,0.002235933,2.662928E-05,0,0,False,False
92,U,PPM,0.001193141,0.001193141,0.0002484315,0,0,False,False
MatchSpreadThreshold,0.05
IsTrampEnabled,False
IsNominalEnabled,False
NumberOfGradeIDMatchResults,3
GradeIDMatchResultsHeader,GradeID,MatchConfidence
GradeIDMatchResult,,0
GradeIDMatchResult,,0
GradeIDMatchResult,,0
ParametersForEachSpectrum,Spectrum 1,,Spectrum 2,
XrayVoltageInkV,40,,15,
XrayFilamentCurrentInMicroAmps,38.85,,27.9,
RawCounts,3250873,,3810969,
ValidCounts,2746332,,3293187,
eVPerChannel,20,,20,
StartingKeV,0.0003809713,,0.0003809713,
ZeroOffsetInKeV,-0.0003809713,,-0.0003809713,
StartingChannel,0.01904856,,0.01904856,
NumberOfChannels,2048,,2048,
CountsPerSecond,64665.65,,70285.88,
XilinxFirmwareVersion,,,,
IlluminationID,MudRock Trace40,,MudRock Maj15,
Filter1ElementAtomicNum,22,,0,
Filter1Thickness,25,,0,
Filter2ElementAtomicNum,13,,0,
Filter2Thickness,300,,0,
Filter3ElementAtomicNum,0,,0,
Filter3Thickness,0,,0,
AcquisitionDateTime,1/1/2006 3:43:29 PM,,1/1/2006 3:43:29 PM,
LiveTimeInSeconds,42.72602,,45.74701,
DeadTimeInSeconds,7.545998,,8.473998,
ResetTimeInSeconds,6.039998,,2.1,
DetectorTempInC,-27,,-27,
AmbientTempInF,121.5,,121.5,
NosePressureInMilliBars,999.0001,,999.0001,
NoseTemperatureInC,43,,43,
ActiveTimeInSeconds,50.27202,,54.22098,
PacketTimeInSeconds,56.31202,,56.32098,
CommunicationTimeInSeconds,,,,
ElapsedClockTimeInSeconds,60,,60,
Spectrum:ChannelNumber,ChannelStartInKeV,ChannelCount,ChannelStartInKeV,ChannelCount
1,0.0003809713,0,0.0003809713,0
2,0.02038097,0,0.02038097,0
3,0.04038097,0,0.04038097,0
4,0.06038097,0,0.06038097,0
5,0.08038097,0,0.08038097,0
6,0.100381,0,0.100381,0
7,0.120381,0,0.120381,0
8,0.140381,0,0.140381,0
9,0.160381,0,0.160381,0
10,0.180381,0,0.180381,0
11,0.200381,0,0.200381,0
12,0.220381,0,0.220381,0
13,0.240381,0,0.240381,1
14,0.260381,1,0.260381,1
15,0.280381,11,0.280381,4
16,0.300381,93,0.300381,74
17,0.320381,600,0.320381,598
18,0.340381,2573,0.340381,2742
19,0.360381,6932,0.360381,7406
20,0.380381,11085,0.380381,12117
21,0.400381,11056,0.400381,12080
22,0.420381,6635,0.420381,7116
23,0.440381,2516,0.440381,2443
24,0.460381,598,0.460381,510
25,0.480381,103,0.480381,81
26,0.500381,18,0.500381,13
27,0.520381,4,0.520381,2
28,0.540381,1,0.540381,0
29,0.560381,6,0.560381,2
30,0.580381,0,0.580381,1
31,0.600381,2,0.600381,0
32,0.620381,1,0.620381,0
33,0.640381,1,0.640381,0
34,0.660381,1,0.660381,0
35,0.680381,691,0.680381,74
36,0.700381,676,0.700381,69
37,0.720381,605,0.720381,60
38,0.7403809,633,0.7403809,81
39,0.760381,644,0.760381,76
40,0.780381,611,0.780381,82
41,0.8003809,668,0.8003809,73
42,0.820381,632,0.820381,73
43,0.840381,618,0.840381,87
44,0.8603809,569,0.8603809,87
45,0.880381,628,0.880381,115
46,0.900381,656,0.900381,178
47,0.9203809,604,0.9203809,204
48,0.940381,595,0.940381,274
49,0.960381,563,0.960381,239
50,0.980381,583,0.980381,188
51,1.000381,625,1.000381,153
52,1.020381,573,1.020381,137
53,1.040381,606,1.040381,146
54,1.060381,565,1.060381,156
55,1.080381,552,1.080381,170
56,1.100381,621,1.100381,177
57,1.120381,581,1.120381,168
58,1.140381,548,1.140381,149
59,1.160381,567,1.160381,173
60,1.180381,577,1.180381,213
61,1.200381,581,1.200381,294
62,1.220381,574,1.220381,359
63,1.240381,588,1.240381,395
64,1.260381,548,1.260381,352
65,1.280381,556,1.280381,276
66,1.300381,530,1.300381,234
67,1.320381,565,1.320381,198
68,1.340381,523,1.340381,205
69,1.360381,448,1.360381,253
70,1.380381,504,1.380381,578
71,1.400381,550,1.400381,1486
72,1.420381,598,1.420381,3882
73,1.440381,634,1.440381,7495
74,1.460381,738,1.460381,11672
75,1.480381,761,1.480381,13511
76,1.500381,710,1.500381,11993
77,1.520381,702,1.520381,8628
78,1.540381,648,1.540381,5439
79,1.560381,575,1.560381,3350
80,1.580381,519,1.580381,2192
81,1.600381,501,1.600381,1720
82,1.620381,547,1.620381,2177
83,1.640381,493,1.640381,5339
84,1.660381,634,1.660381,14592
85,1.680381,865,1.680381,33148
86,1.700381,1203,1.700381,57894
87,1.720381,1400,1.720381,79474
88,1.740381,1480,1.740381,83815
89,1.760381,1208,1.760381,68883
90,1.780381,964,1.780381,44441
91,1.800381,699,1.800381,23705
92,1.820381,623,1.820381,11396
93,1.840381,531,1.840381,6192
94,1.860381,459,1.860381,3464
95,1.880381,448,1.880381,1790
96,1.900381,421,1.900381,976
97,1.920381,416,1.920381,514
98,1.940381,404,1.940381,305
99,1.960381,387,1.960381,272
100,1.980381,386,1.980381,260
101,2.000381,402,2.000381,268
102,2.020381,388,2.020381,304
103,2.040381,392,2.040381,284
104,2.060381,373,2.060381,272
105,2.080381,386,2.080381,255
106,2.100381,364,2.100381,259
107,2.120381,406,2.120381,278
108,2.140381,391,2.140381,288
109,2.160381,366,2.160381,325
110,2.180381,351,2.180381,302
111,2.200381,354,2.200381,301
112,2.220381,336,2.220381,343
113,2.240381,365,2.240381,363
114,2.260381,376,2.260381,368
115,2.280381,359,2.280381,484
116,2.300381,377,2.300381,571
117,2.320381,313,2.320381,653
118,2.340381,368,2.340381,603
119,2.360381,305,2.360381,716
120,2.380381,328,2.380381,694
121,2.400381,356,2.400381,663
122,2.420381,298,2.420381,629
123,2.440381,327,2.440381,573
124,2.460381,316,2.460381,577
125,2.480381,318,2.480381,620
126,2.500381,299,2.500381,573
127,2.520381,307,2.520381,630
128,2.540381,296,2.540381,662
129,2.560381,317,2.560381,807
130,2.580381,295,2.580381,1175
131,2.600381,287,2.600381,2055
132,2.620381,273,2.620381,3604
133,2.640381,321,2.640381,5993
134,2.660381,296,2.660381,8845
135,2.680381,300,2.680381,10930
136,2.700381,295,2.700381,11271
137,2.720381,296,2.720381,9826
138,2.740381,295,2.740381,7807
139,2.760381,316,2.760381,5900
140,2.780381,285,2.780381,5315
141,2.800381,283,2.800381,5611
142,2.820381,261,2.820381,6203
143,2.840381,288,2.840381,6624
144,2.860381,290,2.860381,6515
145,2.880381,335,2.880381,6520
146,2.900381,384,2.900381,6851
147,2.920381,466,2.920381,7681
148,2.940381,515,2.940381,8610
149,2.960381,504,2.960381,8756
150,2.980381,476,2.980381,7656
151,3.000381,450,3.000381,5734
152,3.020381,361,3.020381,3839
153,3.040381,285,3.040381,2426
154,3.060381,246,3.060381,1621
155,3.080381,247,3.080381,1166
156,3.100381,224,3.100381,1181
157,3.120381,233,3.120381,1318
158,3.140381,272,3.140381,1557
159,3.160381,328,3.160381,2100
160,3.180381,467,3.180381,3454
161,3.200381,726,3.200381,6939
162,3.220381,1421,3.220381,14564
163,3.240381,2471,3.240381,28987
164,3.260381,4274,3.260381,49372
165,3.280381,5807,3.280381,70856
166,3.300381,6851,3.300381,85661
167,3.320381,7104,3.320381,86783
168,3.340381,6040,3.340381,73338
169,3.360381,4334,3.360381,52116
170,3.380381,2668,3.380381,31394
171,3.400381,1436,3.400381,16025
172,3.420381,705,3.420381,7206
173,3.440381,400,3.440381,3324
174,3.460381,279,3.460381,2197
175,3.480381,318,3.480381,2305
176,3.500381,426,3.500381,3306
177,3.520381,575,3.520381,5336
178,3.540381,808,3.540381,8029
179,3.560381,1008,3.560381,10706
180,3.580381,1170,3.580381,12172
181,3.600381,1171,3.600381,12598
182,3.620381,996,3.620381,10872
183,3.640381,845,3.640381,8507
184,3.660381,642,3.660381,6404
185,3.680381,558,3.680381,4774
186,3.700381,437,3.700381,3523
187,3.720381,328,3.720381,2664
188,3.740381,270,3.740381,1874
189,3.760381,212,3.760381,1404
190,3.780381,171,3.780381,1021
191,3.800381,136,3.800381,756
192,3.820381,134,3.820381,717
193,3.840381,125,3.840381,649
194,3.860381,133,3.860381,676
195,3.880381,112,3.880381,694
196,3.900381,113,3.900381,755
197,3.920381,114,3.920381,795
198,3.940381,135,3.940381,804
199,3.960381,136,3.960381,878
200,3.980381,137,3.980381,1009
201,4.000381,149,4.000381,1023
202,4.020381,135,4.020381,1017
203,4.040381,118,4.040381,1030
204,4.060381,117,4.060381,995
205,4.080381,116,4.080381,858
206,4.100381,118,4.100381,884
207,4.120381,110,4.120381,779
208,4.140381,91,4.140381,816
209,4.160381,78,4.160381,758
210,4.180381,89,4.180381,714
211,4.200381,90,4.200381,798
212,4.220381,79,4.220381,816
213,4.240381,82,4.240381,820
214,4.260381,87,4.260381,852
215,4.280381,83,4.280381,865
216,4.300381,86,4.300381,885
217,4.320381,112,4.320381,957
218,4.340381,115,4.340381,1116
219,4.360381,184,4.360381,1377
220,4.380381,289,4.380381,2061
221,4.400381,546,4.400381,3098
222,4.420381,894,4.420381,4974
223,4.440381,1419,4.440381,7181
224,4.460381,1986,4.460381,9807
225,4.480381,2409,4.480381,11918
226,4.500381,2757,4.500381,12970
227,4.520381,2533,4.520381,12578
228,4.540381,2183,4.540381,10494
229,4.560381,1591,4.560381,8098
230,4.580381,1137,4.580381,5455
231,4.600381,760,4.600381,3738
232,4.620381,515,4.620381,2692
233,4.640381,467,4.640381,2148
234,4.660381,399,4.660381,1831
235,4.680381,332,4.680381,1751
236,4.700381,291,4.700381,1586
237,4.720381,263,4.720381,1565
238,4.740381,237,4.740381,1572
239,4.760381,233,4.760381,1711
240,4.780381,255,4.780381,1900
241,4.800381,321,4.800381,2179
242,4.820381,351,4.820381,2536
243,4.840381,476,4.840381,2777
244,4.860381,527,4.860381,3010
245,4.880381,600,4.880381,3208
246,4.900381,684,4.900381,3533
247,4.920381,652,4.920381,3749
248,4.940381,631,4.940381,3648
249,4.960381,502,4.960381,3239
250,4.980381,436,4.980381,3028
251,5.000381,288,5.000381,2675
252,5.020381,224,5.020381,2282
253,5.040381,151,5.040381,2007
254,5.060381,111,5.060381,1909
255,5.080381,115,5.080381,1878
256,5.100381,123,5.100381,1883
257,5.120381,142,5.120381,1944
258,5.140381,131,5.140381,1943
259,5.160381,146,5.160381,1875
260,5.180381,139,5.180381,1955
261,5.200381,139,5.200381,1869
262,5.220381,132,5.220381,1868
263,5.240381,135,5.240381,1742
264,5.260381,142,5.260381,1821
265,5.280381,131,5.280381,1817
266,5.300381,129,5.300381,1887
267,5.320381,151,5.320381,1880
268,5.340381,158,5.340381,1980
269,5.360381,186,5.360381,2084
270,5.380381,212,5.380381,2144
271,5.400381,243,5.400381,2331
272,5.420381,228,5.420381,2256
273,5.440381,205,5.440381,2261
274,5.460381,197,5.460381,2071
275,5.480381,186,5.480381,2015
276,5.500381,144,5.500381,1979
277,5.520381,145,5.520381,1976
278,5.540381,116,5.540381,1898
279,5.560381,103,5.560381,1894
280,5.580381,88,5.580381,1820
281,5.600381,95,5.600381,1791
282,5.620381,70,5.620381,1716
283,5.640381,65,5.640381,1721
284,5.660381,78,5.660381,1744
285,5.680381,74,5.680381,1711
286,5.700381,72,5.700381,1690
287,5.720381,103,5.720381,1736
288,5.740381,99,5.740381,1722
289,5.760381,111,5.760381,1684
290,5.780381,124,5.780381,1783
291,5.800381,139,5.800381,1834
292,5.820381,177,5.820381,1778
293,5.840381,147,5.840381,1832
294,5.860381,187,5.860381,1849
295,5.880381,208,5.880381,1905
296,5.900381,207,5.900381,1976
297,5.920381,195,5.920381,1970
298,5.940381,167,5.940381,1856
299,5.960381,166,5.960381,1817
300,5.980381,166,5.980381,1778
301,6.000381,155,6.000381,1787
302,6.020381,134,6.020381,1673
303,6.040381,147,6.040381,1753
304,6.060381,151,6.060381,1729
305,6.080381,182,6.080381,1813
306,6.100381,162,6.100381,1746
307,6.120381,203,6.120381,1727
308,6.140381,228,6.140381,1857
309,6.160381,288,6.160381,1944
310,6.180381,419,6.180381,2150
311,6.200381,690,6.200381,2653
312,6.220381,1411,6.220381,3898
313,6.240381,3029,6.240381,6678
314,6.260381,6288,6.260381,12479
315,6.280381,12407,6.280381,23325
316,6.300381,21611,6.300381,40193
317,6.320381,35053,6.320381,64255
318,6.340381,49648,6.340381,92295
319,6.360381,63660,6.360381,119655
320,6.380381,73411,6.380381,137104
321,6.400381,75499,6.400381,141966
322,6.420381,69642,6.420381,131317
323,6.440381,57488,6.440381,108596
324,6.460381,42880,6.460381,80576
325,6.480381,28112,6.480381,53731
326,6.500381,16802,6.500381,32379
327,6.520381,9126,6.520381,18047
328,6.540381,4622,6.540381,9313
329,6.560381,2054,6.560381,5174
330,6.580381,1060,6.580381,3126
331,6.600381,509,6.600381,2279
332,6.620381,335,6.620381,1991
333,6.640381,220,6.640381,1839
334,6.660381,226,6.660381,1792
335,6.680381,205,6.680381,1780
336,6.700381,199,6.700381,1711
337,6.720381,235,6.720381,1687
338,6.740381,194,6.740381,1788
339,6.760381,244,6.760381,1793
340,6.780381,266,6.780381,1761
341,6.800381,257,6.800381,1953
342,6.820381,337,6.820381,2025
343,6.840381,382,6.840381,2148
344,6.860381,571,6.860381,2369
345,6.880381,808,6.880381,2658
346,6.900381,1225,6.900381,3447
347,6.920381,1948,6.920381,4708
348,6.940381,3132,6.940381,6697
349,6.960381,4752,6.960381,9420
350,6.980381,6884,6.980381,12980
351,7.000381,9156,7.000381,16958
352,7.020381,11241,7.020381,20367
353,7.040381,12194,7.040381,22241
354,7.060381,12261,7.060381,22313
355,7.080381,11322,7.080381,20370
356,7.100381,8993,7.100381,17071
357,7.120381,6904,7.120381,12776
358,7.140381,4675,7.140381,9373
359,7.160381,2835,7.160381,6242
360,7.180381,1670,7.180381,4039
361,7.200381,857,7.200381,2735
362,7.220381,451,7.220381,2032
363,7.240381,268,7.240381,1792
364,7.260381,138,7.260381,1667
365,7.280381,84,7.280381,1574
366,7.300381,77,7.300381,1635
367,7.320381,85,7.320381,1509
368,7.340381,68,7.340381,1624
369,7.360381,70,7.360381,1707
370,7.380381,101,7.380381,1974
371,7.400381,113,7.400381,2161
372,7.420381,161,7.420381,2181
373,7.440381,132,7.440381,2376
374,7.460381,165,7.460381,2494
375,7.480381,177,7.480381,2438
376,7.500381,122,7.500381,2224
377,7.520381,123,7.520381,2078
378,7.540381,100,7.540381,1960
379,7.560381,61,7.560381,1649
380,7.580381,69,7.580381,1554
381,7.600381,65,7.600381,1474
382,7.620381,67,7.620381,1416
383,7.640381,63,7.640381,1440
384,7.660381,52,7.660381,1325
385,7.680381,46,7.680381,1327
386,7.700381,44,7.700381,1281
387,7.720381,64,7.720381,1243
388,7.740381,58,7.740381,1282
389,7.760381,59,7.760381,1254
390,7.780381,63,7.780381,1371
391,7.800381,56,7.800381,1302
392,7.820381,59,7.820381,1388
393,7.840381,80,7.840381,1331
394,7.860381,87,7.860381,1335
395,7.880381,85,7.880381,1348
396,7.900381,92,7.900381,1312
397,7.920381,121,7.920381,1362
398,7.940381,157,7.940381,1375
399,7.960381,186,7.960381,1376
400,7.980381,224,7.980381,1421
401,8.000381,256,8.000381,1458
402,8.020381,314,8.020381,1605
403,8.040381,266,8.040381,1545
404,8.060381,297,8.060381,1630
405,8.080381,234,8.080381,1637
406,8.100381,228,8.100381,1723
407,8.120381,162,8.120381,1673
408,8.140381,130,8.140381,1636
409,8.160381,121,8.160381,1713
410,8.180381,104,8.180381,1698
411,8.200381,78,8.200381,1678
412,8.220381,90,8.220381,1683
413,8.240381,88,8.240381,1524
414,8.260381,75,8.260381,1555
415,8.280381,93,8.280381,1491
416,8.300381,79,8.300381,1439
417,8.320381,88,8.320381,1455
418,8.340381,75,8.340381,1451
419,8.360381,95,8.360381,1398
420,8.380381,74,8.380381,1305
421,8.400381,106,8.400381,1347
422,8.420381,84,8.420381,1335
423,8.440381,77,8.440381,1317
424,8.460381,109,8.460381,1315
425,8.480381,122,8.480381,1319
426,8.500381,144,8.500381,1330
427,8.520381,160,8.520381,1433
428,8.540381,246,8.540381,1387
429,8.560381,306,8.560381,1398
430,8.580381,321,8.580381,1441
431,8.600381,393,8.600381,1511
432,8.620381,453,8.620381,1509
433,8.640381,453,8.640381,1480
434,8.660381,372,8.660381,1463
435,8.680381,323,8.680381,1520
436,8.700381,267,8.700381,1436
437,8.720381,226,8.720381,1350
438,8.740381,172,8.740381,1413
439,8.760381,136,8.760381,1396
440,8.780381,104,8.780381,1450
441,8.800381,116,8.800381,1488
442,8.820381,102,8.820381,1394
443,8.840381,125,8.840381,1401
444,8.860381,114,8.860381,1349
445,8.880381,161,8.880381,1395
446,8.900381,126,8.900381,1349
447,8.920381,123,8.920381,1348
448,8.940381,140,8.940381,1382
449,8.960381,135,8.960381,1410
450,8.980381,122,8.980381,1412
451,9.000381,128,9.000381,1471
452,9.020381,104,9.020381,1462
453,9.040381,102,9.040381,1437
454,9.060381,125,9.060381,1388
455,9.080381,120,9.080381,1395
456,9.100381,157,9.100381,1364
457,9.120381,183,9.120381,1475
458,9.140381,230,9.140381,1469
459,9.160381,262,9.160381,1455
460,9.180381,319,9.180381,1469
461,9.200381,306,9.200381,1461
462,9.220381,372,9.220381,1485
463,9.240381,362,9.240381,1406
464,9.260381,408,9.260381,1507
465,9.280381,354,9.280381,1456
466,9.300381,294,9.300381,1488
467,9.320381,273,9.320381,1467
468,9.340381,231,9.340381,1422
469,9.360381,219,9.360381,1384
470,9.380381,177,9.380381,1396
471,9.400381,156,9.400381,1468
472,9.420381,166,9.420381,1392
473,9.440381,145,9.440381,1383
474,9.460381,162,9.460381,1382
475,9.480381,193,9.480381,1412
476,9.500381,190,9.500381,1377
477,9.520381,201,9.520381,1405
478,9.540381,211,9.540381,1431
479,9.560381,234,9.560381,1366
480,9.580381,213,9.580381,1428
481,9.600381,209,9.600381,1500
482,9.620381,201,9.620381,1555
483,9.640381,216,9.640381,1663
484,9.660381,217,9.660381,1523
485,9.680381,211,9.680381,1704
486,9.700381,198,9.700381,1652
487,9.720381,218,9.720381,1698
488,9.740381,203,9.740381,1652
489,9.760381,212,9.760381,1660
490,9.780381,207,9.780381,1591
491,9.800381,236,9.800381,1521
492,9.820381,225,9.820381,1486
493,9.840381,222,9.840381,1481
494,9.860381,267,9.860381,1334
495,9.880381,243,9.880381,1304
496,9.900381,244,9.900381,1352
497,9.920381,223,9.920381,1399
498,9.940381,227,9.940381,1318
499,9.960381,232,9.960381,1334
500,9.980381,221,9.980381,1371
501,10.00038,224,10.00038,1318
502,10.02038,213,10.02038,1380
503,10.04038,242,10.04038,1305
504,10.06038,209,10.06038,1342
505,10.08038,224,10.08038,1274
506,10.10038,250,10.10038,1305
507,10.12038,244,10.12038,1294
508,10.14038,236,10.14038,1301
509,10.16038,238,10.16038,1268
510,10.18038,238,10.18038,1228
511,10.20038,294,10.20038,1302
512,10.22038,307,10.22038,1264
513,10.24038,285,10.24038,1285
514,10.26038,313,10.26038,1284
515,10.28038,304,10.28038,1250
516,10.30038,287,10.30038,1332
517,10.32038,290,10.32038,1285
518,10.34038,296,10.34038,1260
519,10.36038,327,10.36038,1257
520,10.38038,390,10.38038,1230
521,10.40038,423,10.40038,1290
522,10.42038,483,10.42038,1283
523,10.44038,566,10.44038,1253
524,10.46038,662,10.46038,1242
525,10.48038,743,10.48038,1308
526,10.50038,792,10.50038,1191
527,10.52038,807,10.52038,1213
528,10.54038,886,10.54038,1251
529,10.56038,776,10.56038,1284
530,10.58038,671,10.58038,1233
531,10.60038,659,10.60038,1224
532,10.62038,566,10.62038,1227
533,10.64038,490,10.64038,1148
534,10.66038,443,10.66038,1180
535,10.68038,388,10.68038,1189
536,10.70038,372,10.70038,1144
537,10.72038,351,10.72038,1112
538,10.74038,374,10.74038,1148
539,10.76038,323,10.76038,1139
540,10.78038,359,10.78038,1046
541,10.80038,390,10.80038,1105
542,10.82038,342,10.82038,1125
543,10.84038,374,10.84038,1196
544,10.86038,360,10.86038,1101
545,10.88038,368,10.88038,1171
546,10.90038,359,10.90038,1074
547,10.92038,387,10.92038,1157
548,10.94038,403,10.94038,1162
549,10.96038,416,10.96038,1122
550,10.98038,425,10.98038,1067
551,11.00038,416,11.00038,1087
552,11.02038,375,11.02038,1094
553,11.04038,444,11.04038,1034
554,11.06038,474,11.06038,1118
555,11.08038,411,11.08038,1014
556,11.10038,474,11.10038,989
557,11.12038,428,11.12038,1041
558,11.14038,467,11.14038,1033
559,11.16038,425,11.16038,1009
560,11.18038,495,11.18038,1060
561,11.20038,434,11.20038,995
562,11.22038,446,11.22038,994
563,11.24038,448,11.24038,1050
564,11.26038,450,11.26038,968
565,11.28038,484,11.28038,1014
566,11.30038,466,11.30038,978
567,11.32038,491,11.32038,1028
568,11.34038,528,11.34038,1046
569,11.36038,537,11.36038,980
570,11.38038,532,11.38038,979
571,11.40038,498,11.40038,998
572,11.42038,494,11.42038,946
573,11.44038,539,11.44038,904
574,11.46038,509,11.46038,922
575,11.48038,524,11.48038,965
576,11.50038,537,11.50038,944
577,11.52038,555,11.52038,894
578,11.54038,571,11.54038,936
579,11.56038,543,11.56038,908
580,11.58038,570,11.58038,946
581,11.60038,574,11.60038,926
582,11.62038,588,11.62038,937
583,11.64038,607,11.64038,911
584,11.66038,639,11.66038,937
585,11.68038,675,11.68038,839
586,11.70038,656,11.70038,904
587,11.72038,677,11.72038,934
588,11.74038,657,11.74038,879
589,11.76038,663,11.76038,922
590,11.78038,645,11.78038,849
591,11.80038,629,11.80038,877
592,11.82038,598,11.82038,898
593,11.84038,649,11.84038,875
594,11.86038,664,11.86038,816
595,11.88038,628,11.88038,813
596,11.90038,613,11.90038,835
597,11.92038,614,11.92038,802
598,11.94038,632,11.94038,844
599,11.96038,631,11.96038,824
600,11.98038,631,11.98038,803
601,12.00038,630,12.00038,820
602,12.02038,640,12.02038,798
603,12.04038,662,12.04038,810
604,12.06038,640,12.06038,769
605,12.08038,613,12.08038,777
606,12.10038,648,12.10038,815
607,12.12038,648,12.12038,749
608,12.14038,647,12.14038,756
609,12.16038,626,12.16038,774
610,12.18038,676,12.18038,705
611,12.20038,682,12.20038,705
612,12.22038,693,12.22038,656
613,12.24038,686,12.24038,783
614,12.26038,686,12.26038,676
615,12.28038,771,12.28038,683
616,12.30038,753,12.30038,727
617,12.32038,700,12.32038,722
618,12.34038,691,12.34038,721
619,12.36038,727,12.36038,708
620,12.38038,752,12.38038,755
621,12.40038,744,12.40038,710
622,12.42038,700,12.42038,704
623,12.44038,760,12.44038,678
624,12.46038,722,12.46038,705
625,12.48038,758,12.48038,682
626,12.50038,790,12.50038,690
627,12.52038,779,12.52038,706
628,12.54038,836,12.54038,648
629,12.56038,811,12.56038,774
630,12.58038,826,12.58038,664
631,12.60038,926,12.60038,661
632,12.62038,923,12.62038,642
633,12.64038,894,12.64038,675
634,12.66038,896,12.66038,667
635,12.68038,860,12.68038,760
636,12.70038,907,12.70038,735
637,12.72038,935,12.72038,819
638,12.74038,890,12.74038,802
639,12.76038,999,12.76038,839
640,12.78038,999,12.78038,862
641,12.80038,1043,12.80038,864
642,12.82038,1035,12.82038,904
643,12.84038,1006,12.84038,857
644,12.86038,1125,12.86038,769
645,12.88038,1062,12.88038,691
646,12.90038,1137,12.90038,709
647,12.92038,1122,12.92038,665
648,12.94038,1109,12.94038,658
649,12.96038,1191,12.96038,598
650,12.98038,1149,12.98038,598
651,13.00038,1115,13.00038,534
652,13.02038,1095,13.02038,477
653,13.04038,1051,13.04038,514
654,13.06038,1073,13.06038,537
655,13.08038,1029,13.08038,495
656,13.10038,1013,13.10038,486
657,13.12038,1051,13.12038,448
658,13.14038,1125,13.14038,466
659,13.16038,1347,13.16038,478
660,13.18038,1537,13.18038,491
661,13.20038,1911,13.20038,487
662,13.22038,2220,13.22038,467
663,13.24038,2766,13.24038,464
664,13.26038,3491,13.26038,468
665,13.28038,4068,13.28038,486
666,13.30038,4886,13.30038,446
667,13.32038,5411,13.32038,474
668,13.34038,5820,13.34038,469
669,13.36038,6093,13.36038,501
670,13.38038,6137,13.38038,504
671,13.40038,5864,13.40038,512
672,13.42038,5267,13.42038,510
673,13.44038,4552,13.44038,487
674,13.46038,3881,13.46038,455
675,13.48038,3142,13.48038,463
676,13.50038,2564,13.50038,488
677,13.52038,2030,13.52038,429
678,13.54038,1719,13.54038,416
679,13.56038,1517,13.56038,406
680,13.58038,1331,13.58038,376
681,13.60038,1233,13.60038,360
682,13.62038,1195,13.62038,371
683,13.64038,1100,13.64038,350
684,13.66038,1135,13.66038,319
685,13.68038,1081,13.68038,336
686,13.70038,1099,13.70038,319
687,13.72038,1101,13.72038,337
688,13.74038,1176,13.74038,302
689,13.76038,1098,13.76038,316
690,13.78038,1210,13.78038,298
691,13.80038,1186,13.80038,319
692,13.82038,1134,13.82038,269
693,13.84038,1111,13.84038,278
694,13.86038,1143,13.86038,275
695,13.88038,1142,13.88038,284
696,13.90038,1184,13.90038,284
697,13.92038,1216,13.92038,224
698,13.94038,1234,13.94038,241
699,13.96038,1313,13.96038,216
700,13.98038,1326,13.98038,235
701,14.00038,1407,14.00038,221
702,14.02038,1625,14.02038,230
703,14.04038,1686,14.04038,240
704,14.06038,1804,14.06038,184
705,14.08038,1819,14.08038,216
706,14.10038,2038,14.10038,212
707,14.12038,1986,14.12038,211
708,14.14038,1946,14.14038,206
709,14.16038,1911,14.16038,185
710,14.18038,1870,14.18038,171
711,14.20038,1815,14.20038,172
712,14.22038,1629,14.22038,162
713,14.24038,1531,14.24038,141
714,14.26038,1549,14.26038,142
715,14.28038,1457,14.28038,135
716,14.30038,1345,14.30038,123
717,14.32038,1374,14.32038,132
718,14.34038,1361,14.34038,140
719,14.36038,1340,14.36038,113
720,14.38038,1275,14.38038,108
721,14.40038,1238,14.40038,132
722,14.42038,1323,14.42038,109
723,14.44038,1259,14.44038,98
724,14.46038,1263,14.46038,109
725,14.48038,1283,14.48038,113
726,14.50038,1319,14.50038,87
727,14.52038,1283,14.52038,88
728,14.54038,1247,14.54038,127
729,14.56038,1405,14.56038,64
730,14.58038,1364,14.58038,70
731,14.60038,1368,14.60038,63
732,14.62038,1369,14.62038,64
733,14.64038,1352,14.64038,71
734,14.66038,1354,14.66038,66
735,14.68038,1305,14.68038,59
736,14.70038,1393,14.70038,76
737,14.72038,1406,14.72038,44
738,14.74038,1563,14.74038,63
739,14.76038,1591,14.76038,51
740,14.78038,1770,14.78038,55
741,14.80038,1892,14.80038,53
742,14.82038,2029,14.82038,31
743,14.84038,2145,14.84038,38
744,14.86038,2274,14.86038,25
745,14.88038,2521,14.88038,26
746,14.90038,2680,14.90038,22
747,14.92038,2721,14.92038,27
748,14.94038,2665,14.94038,18
749,14.96038,2701,14.96038,18
750,14.98038,2649,14.98038,21
751,15.00038,2466,15.00038,25
752,15.02038,2360,15.02038,15
753,15.04038,2196,15.04038,15
754,15.06038,1989,15.06038,14
755,15.08038,1908,15.08038,20
756,15.10038,1729,15.10038,14
757,15.12038,1668,15.12038,18
758,15.14038,1540,15.14038,19
759,15.16038,1536,15.16038,17
760,15.18038,1584,15.18038,20
761,15.20038,1521,15.20038,16
762,15.22038,1608,15.22038,11
763,15.24038,1558,15.24038,13
764,15.26038,1485,15.26038,20
765,15.28038,1467,15.28038,11
766,15.30038,1521,15.30038,11
767,15.32038,1460,15.32038,15
768,15.34038,1530,15.34038,12
769,15.36038,1425,15.36038,12
770,15.38038,1500,15.38038,15
771,15.40038,1481,15.40038,14
772,15.42038,1465,15.42038,20
773,15.44038,1515,15.44038,14
774,15.46038,1690,15.46038,18
775,15.48038,1625,15.48038,14
776,15.50038,1704,15.50038,11
777,15.52038,1956,15.52038,12
778,15.54038,2223,15.54038,13
779,15.56038,2462,15.56038,8
780,15.58038,2795,15.58038,11
781,15.60038,3297,15.60038,12
782,15.62038,3804,15.62038,6
783,15.64038,4307,15.64038,12
784,15.66038,4889,15.66038,12
785,15.68038,5253,15.68038,15
786,15.70038,5727,15.70038,20
787,15.72038,5992,15.72038,8
788,15.74038,5993,15.74038,17
789,15.76038,5948,15.76038,19
790,15.78038,5622,15.78038,7
791,15.80038,5198,15.80038,12
792,15.82038,4538,15.82038,18
793,15.84038,4030,15.84038,15
794,15.86038,3569,15.86038,11
795,15.88038,3020,15.88038,9
796,15.90038,2544,15.90038,16
797,15.92038,2242,15.92038,13
798,15.94038,2050,15.94038,14
799,15.96038,1814,15.96038,12
800,15.98038,1751,15.98038,11
801,16.00038,1752,16.00038,9
802,16.02038,1631,16.02038,9
803,16.04038,1593,16.04038,25
804,16.06038,1617,16.06038,18
805,16.08038,1569,16.08038,20
806,16.10038,1618,16.10038,9
807,16.12038,1795,16.12038,10
808,16.14038,1786,16.14038,17
809,16.16038,1686,16.16038,13
810,16.18038,1724,16.18038,15
811,16.20038,1681,16.20038,8
812,16.22038,1759,16.22038,9
813,16.24038,1651,16.24038,16
814,16.26038,1742,16.26038,15
815,16.28038,1659,16.28038,13
816,16.30038,1723,16.30038,18
817,16.32038,1660,16.32038,13
818,16.34038,1640,16.34038,13
819,16.36038,1716,16.36038,4
820,16.38038,1663,16.38038,11
821,16.40038,1754,16.40038,13
822,16.42038,1734,16.42038,12
823,16.44038,1831,16.44038,10
824,16.46038,1830,16.46038,17
825,16.48038,1785,16.48038,14
826,16.50038,1863,16.50038,6
827,16.52038,1851,16.52038,11
828,16.54038,1889,16.54038,11
829,16.56038,1911,16.56038,9
830,16.58038,1925,16.58038,15
831,16.60038,1971,16.60038,10
832,16.62038,2016,16.62038,9
833,16.64038,1946,16.64038,12
834,16.66038,1897,16.66038,10
835,16.68038,1900,16.68038,9
836,16.70038,1904,16.70038,16
837,16.72038,1791,16.72038,9
838,16.74038,1807,16.74038,9
839,16.76038,1821,16.76038,8
840,16.78038,1839,16.78038,14
841,16.80038,1691,16.80038,13
842,16.82038,1741,16.82038,7
843,16.84038,1720,16.84038,8
844,16.86038,1674,16.86038,10
845,16.88038,1623,16.88038,11
846,16.90038,1687,16.90038,6
847,16.92038,1682,16.92038,8
848,16.94038,1667,16.94038,9
849,16.96038,1654,16.96038,13
850,16.98038,1678,16.98038,13
851,17.00038,1683,17.00038,9
852,17.02038,1757,17.02038,15
853,17.04038,1722,17.04038,8
854,17.06038,1709,17.06038,12
855,17.08038,1652,17.08038,8
856,17.10038,1730,17.10038,7
857,17.12038,1704,17.12038,12
858,17.14038,1647,17.14038,15
859,17.16038,1780,17.16038,11
860,17.18038,1724,17.18038,8
861,17.20038,1677,17.20038,8
862,17.22038,1737,17.22038,7
863,17.24038,1741,17.24038,15
864,17.26038,1766,17.26038,9
865,17.28038,1766,17.28038,7
866,17.30038,1738,17.30038,8
867,17.32038,1774,17.32038,9
868,17.34038,1813,17.34038,7
869,17.36038,1789,17.36038,11
870,17.38038,1765,17.38038,12
871,17.40038,1844,17.40038,8
872,17.42038,1816,17.42038,3
873,17.44038,1883,17.44038,13
874,17.46038,1892,17.46038,11
875,17.48038,1927,17.48038,8
876,17.50038,2031,17.50038,8
877,17.52038,2185,17.52038,5
878,17.54038,2249,17.54038,10
879,17.56038,2276,17.56038,9
880,17.58038,2383,17.58038,13
881,17.60038,2560,17.60038,6
882,17.62038,2569,17.62038,12
883,17.64038,2587,17.64038,16
884,17.66038,2588,17.66038,8
885,17.68038,2621,17.68038,7
886,17.70038,2471,17.70038,8
887,17.72038,2453,17.72038,8
888,17.74038,2329,17.74038,3
889,17.76038,2282,17.76038,7
890,17.78038,2249,17.78038,9
891,17.80038,2231,17.80038,8
892,17.82038,2207,17.82038,5
893,17.84038,2154,17.84038,5
894,17.86038,2100,17.86038,4
895,17.88038,2119,17.88038,5
896,17.90038,2098,17.90038,9
897,17.92038,2181,17.92038,13
898,17.94038,2094,17.94038,8
899,17.96038,2200,17.96038,10
900,17.98038,2143,17.98038,8
901,18.00038,2098,18.00038,5
902,18.02038,2273,18.02038,4
903,18.04038,2203,18.04038,6
904,18.06038,2338,18.06038,4
905,18.08038,2245,18.08038,7
906,18.10038,2320,18.10038,11
907,18.12038,2227,18.12038,4
908,18.14038,2366,18.14038,4
909,18.16038,2303,18.16038,8
910,18.18038,2378,18.18038,4
911,18.20038,2268,18.20038,6
912,18.22038,2435,18.22038,7
913,18.24038,2362,18.24038,9
914,18.26038,2282,18.26038,2
915,18.28038,2487,18.28038,7
916,18.30038,2461,18.30038,10
917,18.32038,2585,18.32038,3
918,18.34038,2643,18.34038,5
919,18.36038,2716,18.36038,5
920,18.38038,2790,18.38038,5
921,18.40038,2775,18.40038,6
922,18.42038,2880,18.42038,3
923,18.44038,2989,18.44038,6
924,18.46038,2906,18.46038,4
925,18.48038,3119,18.48038,9
926,18.50038,3437,18.50038,4
927,18.52038,3356,18.52038,6
928,18.54038,3508,18.54038,3
929,18.56038,3660,18.56038,8
930,18.58038,3780,18.58038,2
931,18.60038,3811,18.60038,3
932,18.62038,4177,18.62038,4
933,18.64038,4346,18.64038,4
934,18.66038,4456,18.66038,5
935,18.68038,4752,18.68038,3
936,18.70038,4855,18.70038,2
937,18.72038,4985,18.72038,2
938,18.74038,5337,18.74038,2
939,18.76038,5372,18.76038,12
940,18.78038,5509,18.78038,2
941,18.80038,5935,18.80038,10
942,18.82038,6052,18.82038,8
943,18.84038,6120,18.84038,8
944,18.86038,6388,18.86038,2
945,18.88038,6565,18.88038,7
946,18.90038,6893,18.90038,8
947,18.92038,6878,18.92038,6
948,18.94038,7098,18.94038,4
949,18.96038,7182,18.96038,5
950,18.98038,7336,18.98038,3
951,19.00038,7145,19.00038,4
952,19.02038,7350,19.02038,5
953,19.04038,7277,19.04038,7
954,19.06038,7351,19.06038,7
955,19.08038,7253,19.08038,1
956,19.10038,7142,19.10038,5
957,19.12038,6921,19.12038,2
958,19.14038,6806,19.14038,6
959,19.16038,6732,19.16038,4
960,19.18038,6557,19.18038,5
961,19.20038,6460,19.20038,4
962,19.22038,6263,19.22038,1
963,19.24038,5994,19.24038,2
964,19.26038,5811,19.26038,4
965,19.28038,5388,19.28038,5
966,19.30038,5348,19.30038,5
967,19.32038,5123,19.32038,3
968,19.34038,4786,19.34038,4
969,19.36038,4777,19.36038,3
970,19.38038,4478,19.38038,9
971,19.40038,4334,19.40038,2
972,19.42038,4203,19.42038,3
973,19.44038,4067,19.44038,1
974,19.46038,3768,19.46038,5
975,19.48038,3645,19.48038,4
976,19.50038,3502,19.50038,10
977,19.52038,3290,19.52038,5
978,19.54038,3260,19.54038,5
979,19.56038,3111,19.56038,7
980,19.58038,3050,19.58038,4
981,19.60038,2981,19.60038,5
982,19.62038,2879,19.62038,3
983,19.64038,2773,19.64038,3
984,19.66038,2670,19.66038,2
985,19.68038,2521,19.68038,4
986,19.70038,2523,19.70038,4
987,19.72038,2522,19.72038,5
988,19.74038,2305,19.74038,4
989,19.76038,2331,19.76038,5
990,19.78038,2410,19.78038,3
991,19.80038,2398,19.80038,7
992,19.82038,2339,19.82038,4
993,19.84038,2465,19.84038,4
994,19.86038,2474,19.86038,9
995,19.88038,2460,19.88038,8
996,19.90038,2680,19.90038,3
997,19.92038,2876,19.92038,2
998,19.94038,3030,19.94038,2
999,19.96038,3308,19.96038,5
1000,19.98038,3752,19.98038,5
1001,20.00038,4078,20.00038,4
1002,20.02038,4320,20.02038,3
1003,20.04038,4638,20.04038,4
1004,20.06038,4921,20.06038,4
1005,20.08038,5332,20.08038,2
1006,20.10038,5670,20.10038,4
1007,20.12038,5901,20.12038,4
1008,20.14038,6005,20.14038,3
1009,20.16038,6041,20.16038,2
1010,20.18038,5998,20.18038,3
1011,20.20038,5841,20.20038,1
1012,20.22038,5604,20.22038,2
1013,20.24038,5253,20.24038,1
1014,20.26038,4737,20.26038,2
1015,20.28038,4205,20.28038,5
1016,20.30038,3741,20.30038,2
1017,20.32038,3376,20.32038,2
1018,20.34038,3035,20.34038,1
1019,20.36038,2710,20.36038,1
1020,20.38038,2360,20.38038,4
1021,20.40038,2208,20.40038,2
1022,20.42038,2108,20.42038,3
1023,20.44038,2003,20.44038,0
1024,20.46038,1945,20.46038,1
1025,20.48038,1887,20.48038,1
1026,20.50038,1854,20.50038,1
1027,20.52038,1837,20.52038,1
1028,20.54038,1863,20.54038,3
1029,20.56038,1809,20.56038,3
1030,20.58038,1882,20.58038,3
1031,20.60038,1906,20.60038,0
1032,20.62038,1887,20.62038,3
1033,20.64038,1838,20.64038,0
1034,20.66038,1818,20.66038,3
1035,20.68038,1973,20.68038,2
1036,20.70038,1895,20.70038,3
1037,20.72038,1960,20.72038,2
1038,20.74038,2003,20.74038,2
1039,20.76038,1924,20.76038,2
1040,20.78038,2079,20.78038,2
1041,20.80038,2135,20.80038,0
1042,20.82038,2041,20.82038,1
1043,20.84038,2127,20.84038,3
1044,20.86038,2128,20.86038,0
1045,20.88038,2157,20.88038,1
1046,20.90038,2211,20.90038,1
1047,20.92038,2218,20.92038,0
1048,20.94038,2235,20.94038,1
1049,20.96038,2335,20.96038,2
1050,20.98038,2270,20.98038,3
1051,21.00038,2379,21.00038,0
1052,21.02038,2413,21.02038,0
1053,21.04038,2514,21.04038,0
1054,21.06038,2418,21.06038,1
1055,21.08038,2562,21.08038,1
1056,21.10038,2555,21.10038,0
1057,21.12038,2617,21.12038,1
1058,21.14038,2605,21.14038,1
1059,21.16038,2538,21.16038,2
1060,21.18038,2581,21.18038,1
1061,21.20038,2612,21.20038,1
1062,21.22038,2603,21.22038,1
1063,21.24038,2720,21.24038,2
1064,21.26038,2698,21.26038,0
1065,21.28038,2762,21.28038,1
1066,21.30038,2625,21.30038,1
1067,21.32038,2707,21.32038,0
1068,21.34038,2740,21.34038,0
1069,21.36038,2634,21.36038,2
1070,21.38038,2631,21.38038,1
1071,21.40038,2603,21.40038,0
1072,21.42038,2703,21.42038,0
1073,21.44038,2570,21.44038,1
1074,21.46038,2574,21.46038,0
1075,21.48038,2607,21.48038,1
1076,21.50038,2497,21.50038,0
1077,21.52038,2461,21.52038,1
1078,21.54038,2451,21.54038,0
1079,21.56038,2393,21.56038,2
1080,21.58038,2377,21.58038,1
1081,21.60038,2268,21.60038,1
1082,21.62038,2302,21.62038,0
1083,21.64038,2205,21.64038,1
1084,21.66038,2248,21.66038,0
1085,21.68038,2240,21.68038,0
1086,21.70038,2099,21.70038,0
1087,21.72038,2202,21.72038,2
1088,21.74038,2052,21.74038,0
1089,21.76038,2045,21.76038,3
1090,21.78038,2080,21.78038,0
1091,21.80038,1965,21.80038,0
1092,21.82038,1932,21.82038,1
1093,21.84038,1874,21.84038,0
1094,21.86038,1914,21.86038,1
1095,21.88038,1858,21.88038,2
1096,21.90038,1895,21.90038,2
1097,21.92038,1856,21.92038,1
1098,21.94038,1780,21.94038,1
1099,21.96038,1825,21.96038,0
1100,21.98038,1876,21.98038,1
1101,22.00038,1841,22.00038,0
1102,22.02038,1804,22.02038,0
1103,22.04038,1809,22.04038,0
1104,22.06038,1704,22.06038,1
1105,22.08038,1726,22.08038,0
1106,22.10038,1702,22.10038,0
1107,22.12038,1674,22.12038,0
1108,22.14038,1723,22.14038,0
1109,22.16038,1649,22.16038,0
1110,22.18038,1698,22.18038,1
1111,22.20038,1608,22.20038,0
1112,22.22038,1674,22.22038,1
1113,22.24038,1594,22.24038,0
1114,22.26038,1564,22.26038,1
1115,22.28038,1593,22.28038,0
1116,22.30038,1643,22.30038,2
1117,22.32038,1611,22.32038,2
1118,22.34038,1557,22.34038,2
1119,22.36038,1515,22.36038,0
1120,22.38038,1506,22.38038,0
1121,22.40038,1524,22.40038,1
1122,22.42038,1494,22.42038,0
1123,22.44038,1637,22.44038,0
1124,22.46038,1635,22.46038,0
1125,22.48038,1656,22.48038,0
1126,22.50038,1665,22.50038,0
1127,22.52038,1677,22.52038,1
1128,22.54038,1707,22.54038,1
1129,22.56038,1804,22.56038,0
1130,22.58038,1915,22.58038,2
1131,22.60038,1997,22.60038,0
1132,22.62038,2018,22.62038,0
1133,22.64038,2154,22.64038,0
1134,22.66038,2207,22.66038,0
1135,22.68038,2247,22.68038,0
1136,22.70038,2173,22.70038,1
1137,22.72038,2123,22.72038,0
1138,22.74038,2145,22.74038,2
1139,22.76038,2021,22.76038,1
1140,22.78038,1879,22.78038,0
1141,22.80038,1940,22.80038,0
1142,22.82038,1873,22.82038,0
1143,22.84038,1711,22.84038,0
1144,22.86038,1646,22.86038,0
1145,22.88038,1645,22.88038,1
1146,22.90038,1563,22.90038,1
1147,22.92038,1548,22.92038,2
1148,22.94038,1531,22.94038,0
1149,22.96038,1443,22.96038,2
1150,22.98038,1523,22.98038,0
1151,23.00038,1455,23.00038,1
1152,23.02038,1437,23.02038,1
1153,23.04038,1407,23.04038,0
1154,23.06038,1514,23.06038,0
1155,23.08038,1554,23.08038,0
1156,23.10038,1464,23.10038,1
1157,23.12038,1531,23.12038,0
1158,23.14038,1536,23.14038,0
1159,23.16038,1543,23.16038,1
1160,23.18038,1532,23.18038,1
1161,23.20038,1514,23.20038,1
1162,23.22038,1397,23.22038,0
1163,23.24038,1530,23.24038,0
1164,23.26038,1479,23.26038,0
1165,23.28038,1378,23.28038,0
1166,23.30038,1391,23.30038,1
1167,23.32038,1409,23.32038,1
1168,23.34038,1356,23.34038,0
1169,23.36038,1375,23.36038,0
1170,23.38038,1408,23.38038,1
1171,23.40038,1475,23.40038,1
1172,23.42038,1366,23.42038,0
1173,23.44038,1325,23.44038,0
1174,23.46038,1430,23.46038,0
1175,23.48038,1365,23.48038,1
1176,23.50038,1440,23.50038,0
1177,23.52038,1363,23.52038,0
1178,23.54038,1352,23.54038,0
1179,23.56038,1388,23.56038,0
1180,23.58038,1348,23.58038,0
1181,23.60038,1435,23.60038,1
1182,23.62038,1330,23.62038,0
1183,23.64038,1372,23.64038,1
1184,23.66038,1373,23.66038,1
1185,23.68038,1323,23.68038,0
1186,23.70038,1304,23.70038,0
1187,23.72038,1347,23.72038,0
1188,23.74038,1307,23.74038,0
1189,23.76038,1378,23.76038,0
1190,23.78038,1431,23.78038,0
1191,23.80038,1349,23.80038,0
1192,23.82038,1244,23.82038,0
1193,23.84038,1285,23.84038,0
1194,23.86038,1351,23.86038,0
1195,23.88038,1250,23.88038,0
1196,23.90038,1326,23.90038,1
1197,23.92038,1288,23.92038,0
1198,23.94038,1275,23.94038,0
1199,23.96038,1375,23.96038,0
1200,23.98038,1314,23.98038,0
1201,24.00038,1342,24.00038,0
1202,24.02038,1310,24.02038,0
1203,24.04038,1279,24.04038,1
1204,24.06038,1313,24.06038,0
1205,24.08038,1376,24.08038,1
1206,24.10038,1314,24.10038,0
1207,24.12038,1338,24.12038,0
1208,24.14038,1332,24.14038,0
1209,24.16038,1286,24.16038,0
1210,24.18038,1226,24.18038,0
1211,24.20038,1276,24.20038,0
1212,24.22038,1364,24.22038,0
1213,24.24038,1305,24.24038,0
1214,24.26038,1257,24.26038,1
1215,24.28038,1277,24.28038,0
1216,24.30038,1247,24.30038,1
1217,24.32038,1239,24.32038,0
1218,24.34038,1339,24.34038,0
1219,24.36038,1296,24.36038,0
1220,24.38038,1259,24.38038,0
1221,24.40038,1252,24.40038,0
1222,24.42038,1262,24.42038,1
1223,24.44038,1271,24.44038,0
1224,24.46038,1352,24.46038,1
1225,24.48038,1208,24.48038,1
1226,24.50038,1273,24.50038,0
1227,24.52038,1292,24.52038,0
1228,24.54038,1295,24.54038,0
1229,24.56038,1257,24.56038,0
1230,24.58038,1271,24.58038,0
1231,24.60038,1322,24.60038,0
1232,24.62038,1311,24.62038,0
1233,24.64038,1260,24.64038,1
1234,24.66038,1206,24.66038,0
1235,24.68038,1263,24.68038,1
1236,24.70038,1191,24.70038,0
1237,24.72038,1232,24.72038,0
1238,24.74038,1231,24.74038,0
1239,24.76038,1267,24.76038,0
1240,24.78038,1285,24.78038,0
1241,24.80038,1262,24.80038,0
1242,24.82038,1287,24.82038,1
1243,24.84038,1249,24.84038,0
1244,24.86038,1253,24.86038,0
1245,24.88038,1260,24.88038,0
1246,24.90038,1291,24.90038,0
1247,24.92038,1283,24.92038,0
1248,24.94038,1333,24.94038,0
1249,24.96038,1295,24.96038,0
1250,24.98038,1291,24.98038,0
1251,25.00038,1283,25.00038,0
1252,25.02038,1256,25.02038,0
1253,25.04038,1218,25.04038,0
1254,25.06038,1278,25.06038,0
1255,25.08038,1266,25.08038,0
1256,25.10038,1316,25.10038,1
1257,25.12038,1275,25.12038,0
1258,25.14038,1316,25.14038,2
1259,25.16038,1346,25.16038,0
1260,25.18038,1278,25.18038,0
1261,25.20038,1251,25.20038,0
1262,25.22038,1283,25.22038,0
1263,25.24038,1300,25.24038,0
1264,25.26038,1264,25.26038,0
1265,25.28038,1271,25.28038,0
1266,25.30038,1287,25.30038,0
1267,25.32038,1234,25.32038,0
1268,25.34038,1300,25.34038,1
1269,25.36038,1249,25.36038,0
1270,25.38038,1268,25.38038,0
1271,25.40038,1246,25.40038,0
1272,25.42038,1281,25.42038,1
1273,25.44038,1204,25.44038,0
1274,25.46038,1248,25.46038,0
1275,25.48038,1185,25.48038,0
1276,25.50038,1183,25.50038,0
1277,25.52038,1199,25.52038,0
1278,25.54038,1210,25.54038,0
1279,25.56038,1185,25.56038,0
1280,25.58038,1228,25.58038,0
1281,25.60038,1176,25.60038,0
1282,25.62038,1165,25.62038,1
1283,25.64038,1170,25.64038,0
1284,25.66038,1227,25.66038,0
1285,25.68038,1196,25.68038,0
1286,25.70038,1158,25.70038,0
1287,25.72038,1126,25.72038,0
1288,25.74038,1163,25.74038,0
1289,25.76038,1184,25.76038,1
1290,25.78038,1221,25.78038,0
1291,25.80038,1232,25.80038,0
1292,25.82038,1189,25.82038,0
1293,25.84038,1204,25.84038,0
1294,25.86038,1150,25.86038,0
1295,25.88038,1148,25.88038,0
1296,25.90038,1167,25.90038,0
1297,25.92038,1159,25.92038,0
1298,25.94038,1213,25.94038,0
1299,25.96038,1138,25.96038,0
1300,25.98038,1166,25.98038,0
1301,26.00038,1102,26.00038,0
1302,26.02038,1092,26.02038,0
1303,26.04038,1109,26.04038,0
1304,26.06038,1150,26.06038,0
1305,26.08038,1065,26.08038,0
1306,26.10038,1141,26.10038,0
1307,26.12038,1180,26.12038,0
1308,26.14038,1128,26.14038,0
1309,26.16038,1161,26.16038,0
1310,26.18038,1095,26.18038,0
1311,26.20038,1129,26.20038,0
1312,26.22038,1062,26.22038,0
1313,26.24038,1111,26.24038,0
1314,26.26038,1067,26.26038,0
1315,26.28038,1173,26.28038,0
1316,26.30038,1110,26.30038,0
1317,26.32038,1188,26.32038,0
1318,26.34038,1115,26.34038,0
1319,26.36038,1067,26.36038,0
1320,26.38038,1146,26.38038,0
1321,26.40038,1118,26.40038,0
1322,26.42038,1106,26.42038,0
1323,26.44038,1086,26.44038,0
1324,26.46038,1122,26.46038,0
1325,26.48038,1036,26.48038,0
1326,26.50038,1099,26.50038,0
1327,26.52038,1042,26.52038,0
1328,26.54038,1044,26.54038,0
1329,26.56038,1092,26.56038,0
1330,26.58038,1096,26.58038,0
1331,26.60038,1138,26.60038,0
1332,26.62038,1165,26.62038,0
1333,26.64038,1121,26.64038,0
1334,26.66038,1123,26.66038,0
1335,26.68038,1090,26.68038,0
1336,26.70038,1092,26.70038,0
1337,26.72038,1099,26.72038,0
1338,26.74038,1051,26.74038,0
1339,26.76038,1069,26.76038,0
1340,26.78038,1050,26.78038,0
1341,26.80038,1061,26.80038,0
1342,26.82038,1081,26.82038,0
1343,26.84038,1125,26.84038,0
1344,26.86038,1066,26.86038,0
1345,26.88038,1059,26.88038,0
1346,26.90038,1020,26.90038,0
1347,26.92038,996,26.92038,0
1348,26.94038,1017,26.94038,0
1349,26.96038,1098,26.96038,0
1350,26.98038,1068,26.98038,0
1351,27.00038,1059,27.00038,0
1352,27.02038,1059,27.02038,0
1353,27.04038,1004,27.04038,0
1354,27.06038,1075,27.06038,0
1355,27.08038,1018,27.08038,0
1356,27.10038,1042,27.10038,0
1357,27.12038,987,27.12038,0
1358,27.14038,1030,27.14038,0
1359,27.16038,1005,27.16038,0
1360,27.18038,1028,27.18038,0
1361,27.20038,988,27.20038,0
1362,27.22038,1025,27.22038,0
1363,27.24038,1030,27.24038,0
1364,27.26038,1064,27.26038,0
1365,27.28038,1032,27.28038,0
1366,27.30038,1064,27.30038,0
1367,27.32038,997,27.32038,0
1368,27.34038,1028,27.34038,0
1369,27.36038,1065,27.36038,0
1370,27.38038,1006,27.38038,0
1371,27.40038,1021,27.40038,0
1372,27.42038,984,27.42038,0
1373,27.44038,962,27.44038,0
1374,27.46038,999,27.46038,0
1375,27.48038,1058,27.48038,0
1376,27.50038,972,27.50038,0
1377,27.52038,1005,27.52038,0
1378,27.54038,1042,27.54038,0
1379,27.56038,991,27.56038,0
1380,27.58038,990,27.58038,0
1381,27.60038,1047,27.60038,0
1382,27.62038,1003,27.62038,0
1383,27.64038,999,27.64038,0
1384,27.66038,986,27.66038,0
1385,27.68038,937,27.68038,0
1386,27.70038,1021,27.70038,0
1387,27.72038,987,27.72038,0
1388,27.74038,919,27.74038,0
1389,27.76038,984,27.76038,0
1390,27.78038,970,27.78038,0
1391,27.80038,943,27.80038,0
1392,27.82038,901,27.82038,0
1393,27.84038,931,27.84038,0
1394,27.86038,978,27.86038,0
1395,27.88038,965,27.88038,0
1396,27.90038,935,27.90038,0
1397,27.92038,974,27.92038,0
1398,27.94038,951,27.94038,0
1399,27.96038,933,27.96038,0
1400,27.98038,983,27.98038,0
1401,28.00038,959,28.00038,0
1402,28.02038,939,28.02038,0
1403,28.04038,921,28.04038,0
1404,28.06038,957,28.06038,0
1405,28.08038,911,28.08038,0
1406,28.10038,952,28.10038,0
1407,28.12038,895,28.12038,0
1408,28.14038,994,28.14038,0
1409,28.16038,878,28.16038,0
1410,28.18038,945,28.18038,0
1411,28.20038,893,28.20038,0
1412,28.22038,891,28.22038,0
1413,28.24038,901,28.24038,0
1414,28.26038,907,28.26038,0
1415,28.28038,889,28.28038,0
1416,28.30038,908,28.30038,0
1417,28.32038,886,28.32038,0
1418,28.34038,895,28.34038,0
1419,28.36038,849,28.36038,0
1420,28.38038,950,28.38038,0
1421,28.40038,946,28.40038,0
1422,28.42038,885,28.42038,0
1423,28.44038,903,28.44038,0
1424,28.46038,950,28.46038,0
1425,28.48038,892,28.48038,0
1426,28.50038,912,28.50038,0
1427,28.52038,894,28.52038,0
1428,28.54038,898,28.54038,0
1429,28.56038,918,28.56038,0
1430,28.58038,912,28.58038,0
1431,28.60038,861,28.60038,0
1432,28.62038,875,28.62038,0
1433,28.64038,895,28.64038,0
1434,28.66038,843,28.66038,0
1435,28.68038,886,28.68038,0
1436,28.70038,848,28.70038,0
1437,28.72038,847,28.72038,0
1438,28.74038,872,28.74038,0
1439,28.76038,820,28.76038,0
1440,28.78038,849,28.78038,0
1441,28.80038,883,28.80038,0
1442,28.82038,797,28.82038,0
1443,28.84038,885,28.84038,0
1444,28.86038,879,28.86038,0
1445,28.88038,816,28.88038,0
1446,28.90038,833,28.90038,0
1447,28.92038,869,28.92038,0
1448,28.94038,811,28.94038,0
1449,28.96038,800,28.96038,0
1450,28.98038,861,28.98038,0
1451,29.00038,825,29.00038,0
1452,29.02038,846,29.02038,0
1453,29.04038,774,29.04038,0
1454,29.06038,834,29.06038,0
1455,29.08038,863,29.08038,0
1456,29.10038,815,29.10038,0
1457,29.12038,821,29.12038,0
1458,29.14038,832,29.14038,0
1459,29.16038,824,29.16038,0
1460,29.18038,850,29.18038,0
1461,29.20038,805,29.20038,0
1462,29.22038,819,29.22038,0
1463,29.24038,881,29.24038,0
1464,29.26038,822,29.26038,0
1465,29.28038,796,29.28038,0
1466,29.30038,802,29.30038,0
1467,29.32038,791,29.32038,0
1468,29.34038,799,29.34038,0
1469,29.36038,819,29.36038,0
1470,29.38038,831,29.38038,0
1471,29.40038,776,29.40038,0
1472,29.42038,754,29.42038,0
1473,29.44038,781,29.44038,0
1474,29.46038,746,29.46038,0
1475,29.48038,836,29.48038,0
1476,29.50038,762,29.50038,0
1477,29.52038,767,29.52038,0
1478,29.54038,842,29.54038,0
1479,29.56038,768,29.56038,0
1480,29.58038,759,29.58038,0
1481,29.60038,773,29.60038,0
1482,29.62038,767,29.62038,0
1483,29.64038,802,29.64038,0
1484,29.66038,798,29.66038,0
1485,29.68038,772,29.68038,0
1486,29.70038,751,29.70038,0
1487,29.72038,699,29.72038,0
1488,29.74038,737,29.74038,0
1489,29.76038,752,29.76038,0
1490,29.78038,771,29.78038,0
1491,29.80038,743,29.80038,0
1492,29.82038,718,29.82038,0
1493,29.84038,723,29.84038,0
1494,29.86038,739,29.86038,0
1495,29.88038,794,29.88038,0
1496,29.90038,707,29.90038,0
1497,29.92038,659,29.92038,0
1498,29.94038,732,29.94038,0
1499,29.96038,677,29.96038,0
1500,29.98038,744,29.98038,0
1501,30.00038,731,30.00038,0
1502,30.02038,695,30.02038,0
1503,30.04038,770,30.04038,0
1504,30.06038,712,30.06038,0
1505,30.08038,701,30.08038,0
1506,30.10038,708,30.10038,0
1507,30.12038,708,30.12038,0
1508,30.14038,726,30.14038,0
1509,30.16038,678,30.16038,0
1510,30.18038,730,30.18038,0
1511,30.20038,641,30.20038,0
1512,30.22038,665,30.22038,0
1513,30.24038,698,30.24038,0
1514,30.26038,699,30.26038,0
1515,30.28038,710,30.28038,0
1516,30.30038,690,30.30038,0
1517,30.32038,666,30.32038,0
1518,30.34038,650,30.34038,0
1519,30.36038,685,30.36038,0
1520,30.38038,701,30.38038,0
1521,30.40038,658,30.40038,0
1522,30.42038,715,30.42038,0
1523,30.44038,623,30.44038,0
1524,30.46038,660,30.46038,0
1525,30.48038,629,30.48038,0
1526,30.50038,675,30.50038,0
1527,30.52038,666,30.52038,0
1528,30.54038,605,30.54038,0
1529,30.56038,667,30.56038,0
1530,30.58038,699,30.58038,0
1531,30.60038,682,30.60038,0
1532,30.62038,677,30.62038,0
1533,30.64038,641,30.64038,0
1534,30.66038,641,30.66038,0
1535,30.68038,636,30.68038,0
1536,30.70038,647,30.70038,0
1537,30.72038,677,30.72038,0
1538,30.74038,662,30.74038,0
1539,30.76038,655,30.76038,0
1540,30.78038,612,30.78038,0
1541,30.80038,601,30.80038,0
1542,30.82038,675,30.82038,0
1543,30.84038,655,30.84038,0
1544,30.86038,649,30.86038,0
1545,30.88038,632,30.88038,0
1546,30.90038,586,30.90038,0
1547,30.92038,633,30.92038,0
1548,30.94038,634,30.94038,0
1549,30.96038,588,30.96038,0
1550,30.98038,655,30.98038,0
1551,31.00038,615,31.00038,0
1552,31.02038,584,31.02038,0
1553,31.04038,601,31.04038,0
1554,31.06038,639,31.06038,0
1555,31.08038,609,31.08038,0
1556,31.10038,609,31.10038,0
1557,31.12038,570,31.12038,0
1558,31.14038,645,31.14038,0
1559,31.16038,570,31.16038,0
1560,31.18038,625,31.18038,0
1561,31.20038,559,31.20038,0
1562,31.22038,602,31.22038,0
1563,31.24038,600,31.24038,0
1564,31.26038,584,31.26038,0
1565,31.28038,591,31.28038,0
1566,31.30038,614,31.30038,0
1567,31.32038,640,31.32038,0
1568,31.34038,546,31.34038,0
1569,31.36038,569,31.36038,0
1570,31.38038,562,31.38038,0
1571,31.40038,522,31.40038,0
1572,31.42038,531,31.42038,0
1573,31.44038,586,31.44038,0
1574,31.46038,550,31.46038,0
1575,31.48038,553,31.48038,0
1576,31.50038,565,31.50038,0
1577,31.52038,555,31.52038,0
1578,31.54038,571,31.54038,0
1579,31.56038,531,31.56038,0
1580,31.58038,560,31.58038,0
1581,31.60038,553,31.60038,0
1582,31.62038,577,31.62038,0
1583,31.64038,583,31.64038,0
1584,31.66038,610,31.66038,0
1585,31.68038,565,31.68038,0
1586,31.70038,601,31.70038,0
1587,31.72038,566,31.72038,0
1588,31.74038,608,31.74038,0
1589,31.76038,598,31.76038,0
1590,31.78038,582,31.78038,0
1591,31.80038,572,31.80038,0
1592,31.82038,588,31.82038,0
1593,31.84038,603,31.84038,0
1594,31.86038,578,31.86038,0
1595,31.88038,638,31.88038,0
1596,31.90038,539,31.90038,0
1597,31.92038,550,31.92038,0
1598,31.94038,587,31.94038,0
1599,31.96038,529,31.96038,0
1600,31.98038,535,31.98038,0
1601,32.00038,562,32.00038,0
1602,32.02038,572,32.02038,0
1603,32.04038,592,32.04038,0
1604,32.06038,586,32.06038,0
1605,32.08038,564,32.08038,0
1606,32.10038,604,32.10038,0
1607,32.12038,556,32.12038,0
1608,32.14038,629,32.14038,0
1609,32.16038,622,32.16038,0
1610,32.18038,606,32.18038,0
1611,32.20038,561,32.20038,0
1612,32.22038,567,32.22038,0
1613,32.24038,558,32.24038,0
1614,32.26038,549,32.26038,0
1615,32.28038,497,32.28038,0
1616,32.30038,536,32.30038,0
1617,32.32038,502,32.32038,0
1618,32.34038,504,32.34038,0
1619,32.36038,470,32.36038,0
1620,32.38038,455,32.38038,0
1621,32.40038,442,32.40038,0
1622,32.42038,467,32.42038,0
1623,32.44038,475,32.44038,0
1624,32.46038,419,32.46038,0
1625,32.48038,466,32.48038,0
1626,32.50038,428,32.50038,0
1627,32.52038,406,32.52038,0
1628,32.54038,427,32.54038,0
1629,32.56038,365,32.56038,0
1630,32.58038,457,32.58038,0
1631,32.60038,400,32.60038,0
1632,32.62038,421,32.62038,0
1633,32.64038,402,32.64038,0
1634,32.66038,437,32.66038,0
1635,32.68038,411,32.68038,0
1636,32.70038,417,32.70038,0
1637,32.72038,437,32.72038,0
1638,32.74038,427,32.74038,0
1639,32.76038,393,32.76038,0
1640,32.78038,428,32.78038,0
1641,32.80038,420,32.80038,0
1642,32.82038,386,32.82038,0
1643,32.84038,408,32.84038,0
1644,32.86038,409,32.86038,0
1645,32.88038,381,32.88038,0
1646,32.90038,442,32.90038,0
1647,32.92038,410,32.92038,0
1648,32.94038,407,32.94038,0
1649,32.96038,393,32.96038,0
1650,32.98038,373,32.98038,0
1651,33.00038,384,33.00038,0
1652,33.02038,405,33.02038,0
1653,33.04038,342,33.04038,0
1654,33.06038,365,33.06038,0
1655,33.08038,372,33.08038,0
1656,33.10038,388,33.10038,0
1657,33.12038,357,33.12038,0
1658,33.14038,369,33.14038,0
1659,33.16038,396,33.16038,0
1660,33.18038,353,33.18038,0
1661,33.20038,390,33.20038,0
1662,33.22038,340,33.22038,0
1663,33.24038,337,33.24038,0
1664,33.26038,357,33.26038,0
1665,33.28038,316,33.28038,0
1666,33.30038,345,33.30038,0
1667,33.32038,311,33.32038,0
1668,33.34038,306,33.34038,0
1669,33.36038,320,33.36038,0
1670,33.38038,354,33.38038,0
1671,33.40038,349,33.40038,0
1672,33.42038,320,33.42038,0
1673,33.44038,311,33.44038,0
1674,33.46038,285,33.46038,0
1675,33.48038,317,33.48038,0
1676,33.50038,304,33.50038,0
1677,33.52038,313,33.52038,0
1678,33.54038,333,33.54038,0
1679,33.56038,311,33.56038,0
1680,33.58038,330,33.58038,0
1681,33.60038,360,33.60038,0
1682,33.62038,291,33.62038,0
1683,33.64038,290,33.64038,0
1684,33.66038,326,33.66038,0
1685,33.68038,306,33.68038,0
1686,33.70038,311,33.70038,0
1687,33.72038,266,33.72038,0
1688,33.74038,295,33.74038,0
1689,33.76038,276,33.76038,0
1690,33.78038,291,33.78038,0
1691,33.80038,281,33.80038,0
1692,33.82038,266,33.82038,0
1693,33.84038,254,33.84038,0
1694,33.86038,279,33.86038,0
1695,33.88038,262,33.88038,0
1696,33.90038,247,33.90038,0
1697,33.92038,272,33.92038,0
1698,33.94038,257,33.94038,0
1699,33.96038,240,33.96038,0
1700,33.98038,272,33.98038,0
1701,34.00038,242,34.00038,0
1702,34.02038,244,34.02038,0
1703,34.04038,274,34.04038,0
1704,34.06038,265,34.06038,0
1705,34.08038,213,34.08038,0
1706,34.10038,255,34.10038,0
1707,34.12038,219,34.12038,0
1708,34.14038,245,34.14038,0
1709,34.16038,236,34.16038,0
1710,34.18038,249,34.18038,0
1711,34.20038,201,34.20038,0
1712,34.22038,233,34.22038,0
1713,34.24038,240,34.24038,0
1714,34.26038,224,34.26038,0
1715,34.28038,214,34.28038,0
1716,34.30038,247,34.30038,0
1717,34.32038,197,34.32038,0
1718,34.34038,192,34.34038,0
1719,34.36038,205,34.36038,0
1720,34.38038,183,34.38038,0
1721,34.40038,206,34.40038,0
1722,34.42038,179,34.42038,0
1723,34.44038,208,34.44038,0
1724,34.46038,218,34.46038,0
1725,34.48038,190,34.48038,0
1726,34.50038,179,34.50038,0
1727,34.52038,185,34.52038,0
1728,34.54038,164,34.54038,0
1729,34.56038,166,34.56038,0
1730,34.58038,175,34.58038,0
1731,34.60038,171,34.60038,0
1732,34.62038,152,34.62038,0
1733,34.64038,172,34.64038,0
1734,34.66038,146,34.66038,0
1735,34.68038,152,34.68038,0
1736,34.70038,161,34.70038,0
1737,34.72038,156,34.72038,0
1738,34.74038,161,34.74038,0
1739,34.76038,182,34.76038,0
1740,34.78038,156,34.78038,0
1741,34.80038,139,34.80038,0
1742,34.82038,131,34.82038,0
1743,34.84038,135,34.84038,0
1744,34.86038,141,34.86038,0
1745,34.88038,155,34.88038,0
1746,34.90038,161,34.90038,0
1747,34.92038,153,34.92038,0
1748,34.94038,113,34.94038,0
1749,34.96038,124,34.96038,0
1750,34.98038,113,34.98038,0
1751,35.00038,118,35.00038,0
1752,35.02038,113,35.02038,0
1753,35.04038,112,35.04038,0
1754,35.06038,124,35.06038,0
1755,35.08038,114,35.08038,0
1756,35.10038,106,35.10038,0
1757,35.12038,116,35.12038,0
1758,35.14038,111,35.14038,0
1759,35.16038,101,35.16038,0
1760,35.18038,100,35.18038,0
1761,35.20038,111,35.20038,0
1762,35.22038,112,35.22038,0
1763,35.24038,99,35.24038,0
1764,35.26038,96,35.26038,0
1765,35.28038,100,35.28038,0
1766,35.30038,88,35.30038,0
1767,35.32038,105,35.32038,0
1768,35.34038,100,35.34038,0
1769,35.36038,86,35.36038,0
1770,35.38038,86,35.38038,0
1771,35.40038,96,35.40038,0
1772,35.42038,82,35.42038,0
1773,35.44038,94,35.44038,0
1774,35.46038,80,35.46038,0
1775,35.48038,77,35.48038,0
1776,35.50038,67,35.50038,0
1777,35.52038,75,35.52038,0
1778,35.54038,80,35.54038,0
1779,35.56038,71,35.56038,0
1780,35.58038,71,35.58038,0
1781,35.60038,76,35.60038,0
1782,35.62038,75,35.62038,0
1783,35.64038,82,35.64038,0
1784,35.66038,48,35.66038,0
1785,35.68038,61,35.68038,0
1786,35.70038,58,35.70038,0
1787,35.72038,74,35.72038,0
1788,35.74038,79,35.74038,0
1789,35.76038,47,35.76038,0
1790,35.78038,64,35.78038,0
1791,35.80038,69,35.80038,0
1792,35.82038,58,35.82038,0
1793,35.84038,60,35.84038,0
1794,35.86038,63,35.86038,0
1795,35.88038,67,35.88038,0
1796,35.90038,64,35.90038,0
1797,35.92038,67,35.92038,0
1798,35.94038,56,35.94038,0
1799,35.96038,63,35.96038,0
1800,35.98038,60,35.98038,0
1801,36.00038,48,36.00038,0
1802,36.02038,45,36.02038,0
1803,36.04038,58,36.04038,0
1804,36.06038,59,36.06038,0
1805,36.08038,38,36.08038,0
1806,36.10038,49,36.10038,0
1807,36.12038,53,36.12038,0
1808,36.14038,55,36.14038,0
1809,36.16038,54,36.16038,0
1810,36.18038,51,36.18038,0
1811,36.20038,56,36.20038,0
1812,36.22038,57,36.22038,0
1813,36.24038,58,36.24038,0
1814,36.26038,48,36.26038,0
1815,36.28038,70,36.28038,0
1816,36.30038,46,36.30038,0
1817,36.32038,73,36.32038,0
1818,36.34038,61,36.34038,0
1819,36.36038,51,36.36038,0
1820,36.38038,53,36.38038,0
1821,36.40038,63,36.40038,0
1822,36.42038,41,36.42038,0
1823,36.44038,45,36.44038,0
1824,36.46038,58,36.46038,0
1825,36.48038,51,36.48038,0
1826,36.50038,40,36.50038,0
1827,36.52038,49,36.52038,0
1828,36.54038,31,36.54038,0
1829,36.56038,38,36.56038,0
1830,36.58038,42,36.58038,0
1831,36.60038,28,36.60038,0
1832,36.62038,42,36.62038,0
1833,36.64038,28,36.64038,0
1834,36.66038,18,36.66038,0
1835,36.68038,34,36.68038,0
1836,36.70038,19,36.70038,0
1837,36.72038,33,36.72038,0
1838,36.74038,25,36.74038,0
1839,36.76038,30,36.76038,0
1840,36.78038,23,36.78038,0
1841,36.80038,37,36.80038,0
1842,36.82038,36,36.82038,0
1843,36.84038,29,36.84038,0
1844,36.86038,27,36.86038,0
1845,36.88038,39,36.88038,0
1846,36.90038,35,36.90038,0
1847,36.92038,37,36.92038,0
1848,36.94038,40,36.94038,0
1849,36.96038,27,36.96038,0
1850,36.98038,30,36.98038,0
1851,37.00038,33,37.00038,0
1852,37.02038,24,37.02038,0
1853,37.04038,22,37.04038,0
1854,37.06038,34,37.06038,0
1855,37.08038,45,37.08038,0
1856,37.10038,29,37.10038,0
1857,37.12038,32,37.12038,0
1858,37.14038,33,37.14038,0
1859,37.16038,19,37.16038,0
1860,37.18038,26,37.18038,0
1861,37.20038,26,37.20038,0
1862,37.22038,32,37.22038,0
1863,37.24038,32,37.24038,0
1864,37.26038,27,37.26038,0
1865,37.28038,31,37.28038,0
1866,37.30038,34,37.30038,0
1867,37.32038,20,37.32038,0
1868,37.34038,19,37.34038,0
1869,37.36038,25,37.36038,0
1870,37.38038,29,37.38038,0
1871,37.40038,37,37.40038,0
1872,37.42038,26,37.42038,0
1873,37.44038,30,37.44038,0
1874,37.46038,18,37.46038,0
1875,37.48038,18,37.48038,0
1876,37.50038,25,37.50038,0
1877,37.52038,20,37.52038,0
1878,37.54038,16,37.54038,0
1879,37.56038,19,37.56038,0
1880,37.58038,31,37.58038,0
1881,37.60038,23,37.60038,0
1882,37.62038,23,37.62038,0
1883,37.64038,21,37.64038,0
1884,37.66038,15,37.66038,0
1885,37.68038,20,37.68038,0
1886,37.70038,26,37.70038,0
1887,37.72038,15,37.72038,0
1888,37.74038,21,37.74038,0
1889,37.76038,27,37.76038,0
1890,37.78038,19,37.78038,0
1891,37.80038,24,37.80038,0
1892,37.82038,21,37.82038,0
1893,37.84038,25,37.84038,0
1894,37.86038,14,37.86038,0
1895,37.88038,13,37.88038,0
1896,37.90038,17,37.90038,0
1897,37.92038,27,37.92038,0
1898,37.94038,21,37.94038,0
1899,37.96038,25,37.96038,0
1900,37.98038,12,37.98038,0
1901,38.00038,18,38.00038,0
1902,38.02038,17,38.02038,0
1903,38.04038,21,38.04038,0
1904,38.06038,19,38.06038,0
1905,38.08038,21,38.08038,0
1906,38.10038,20,38.10038,0
1907,38.12038,12,38.12038,0
1908,38.14038,16,38.14038,0
1909,38.16038,13,38.16038,0
1910,38.18038,26,38.18038,0
1911,38.20038,20,38.20038,0
1912,38.22038,15,38.22038,0
1913,38.24038,13,38.24038,0
1914,38.26038,18,38.26038,0
1915,38.28038,18,38.28038,0
1916,38.30038,13,38.30038,0
1917,38.32038,18,38.32038,0
1918,38.34038,12,38.34038,0
1919,38.36038,19,38.36038,0
1920,38.38038,14,38.38038,0
1921,38.40038,9,38.40038,0
1922,38.42038,22,38.42038,0
1923,38.44038,18,38.44038,0
1924,38.46038,11,38.46038,0
1925,38.48038,24,38.48038,0
1926,38.50038,13,38.50038,0
1927,38.52038,17,38.52038,0
1928,38.54038,13,38.54038,0
1929,38.56038,13,38.56038,0
1930,38.58038,16,38.58038,0
1931,38.60038,12,38.60038,0
1932,38.62038,15,38.62038,0
1933,38.64038,14,38.64038,0
1934,38.66038,16,38.66038,0
1935,38.68038,11,38.68038,0
1936,38.70038,20,38.70038,0
1937,38.72038,15,38.72038,0
1938,38.74038,11,38.74038,0
1939,38.76038,11,38.76038,0
1940,38.78038,24,38.78038,0
1941,38.80038,8,38.80038,0
1942,38.82038,13,38.82038,0
1943,38.84038,13,38.84038,0
1944,38.86038,12,38.86038,0
1945,38.88038,11,38.88038,0
1946,38.90038,8,38.90038,0
1947,38.92038,14,38.92038,0
1948,38.94038,14,38.94038,0
1949,38.96038,9,38.96038,0
1950,38.98038,15,38.98038,0
1951,39.00038,12,39.00038,0
1952,39.02038,8,39.02038,0
1953,39.04038,14,39.04038,0
1954,39.06038,8,39.06038,0
1955,39.08038,14,39.08038,0
1956,39.10038,8,39.10038,0
1957,39.12038,16,39.12038,0
1958,39.14038,12,39.14038,0
1959,39.16038,11,39.16038,0
1960,39.18038,11,39.18038,0
1961,39.20038,11,39.20038,0
1962,39.22038,9,39.22038,0
1963,39.24038,11,39.24038,0
1964,39.26038,8,39.26038,0
1965,39.28038,8,39.28038,0
1966,39.30038,9,39.30038,0
1967,39.32038,15,39.32038,0
1968,39.34038,9,39.34038,0
1969,39.36038,7,39.36038,0
1970,39.38038,12,39.38038,0
1971,39.40038,7,39.40038,0
1972,39.42038,3,39.42038,0
1973,39.44038,7,39.44038,0
1974,39.46038,15,39.46038,0
1975,39.48038,4,39.48038,0
1976,39.50038,8,39.50038,0
1977,39.52038,8,39.52038,0
1978,39.54038,6,39.54038,0
1979,39.56038,11,39.56038,0
1980,39.58038,6,39.58038,0
1981,39.60038,9,39.60038,0
1982,39.62038,3,39.62038,0
1983,39.64038,8,39.64038,0
1984,39.66038,7,39.66038,0
1985,39.68038,6,39.68038,0
1986,39.70038,8,39.70038,0
1987,39.72038,10,39.72038,0
1988,39.74038,10,39.74038,0
1989,39.76038,9,39.76038,0
1990,39.78038,10,39.78038,0
1991,39.80038,9,39.80038,0
1992,39.82038,9,39.82038,0
1993,39.84038,8,39.84038,0
1994,39.86038,4,39.86038,0
1995,39.88038,10,39.88038,0
1996,39.90038,8,39.90038,0
1997,39.92038,7,39.92038,0
1998,39.94038,9,39.94038,0
1999,39.96038,8,39.96038,0
2000,39.98038,7,39.98038,0
2001,40.00038,4,40.00038,0
2002,40.02038,6,40.02038,0
2003,40.04038,3,40.04038,0
2004,40.06038,7,40.06038,0
2005,40.08038,11,40.08038,0
2006,40.10038,10,40.10038,0
2007,40.12038,4,40.12038,0
2008,40.14038,4,40.14038,0
2009,40.16038,7,40.16038,0
2010,40.18038,8,40.18038,0
2011,40.20038,9,40.20038,0
2012,40.22038,7,40.22038,0
2013,40.24038,6,40.24038,0
2014,40.26038,8,40.26038,0
2015,40.28038,5,40.28038,0
2016,40.30038,9,40.30038,0
2017,40.32038,6,40.32038,0
2018,40.34038,10,40.34038,0
2019,40.36038,5,40.36038,0
2020,40.38038,14,40.38038,0
2021,40.40038,4,40.40038,0
2022,40.42038,8,40.42038,0
2023,40.44038,10,40.44038,0
2024,40.46038,9,40.46038,0
2025,40.48038,6,40.48038,0
2026,40.50038,6,40.50038,0
2027,40.52038,10,40.52038,0
2028,40.54038,6,40.54038,0
2029,40.56038,7,40.56038,0
2030,40.58038,4,40.58038,0
2031,40.60038,7,40.60038,0
2032,40.62038,8,40.62038,0
2033,40.64038,12,40.64038,0
2034,40.66038,8,40.66038,0
2035,40.68038,10,40.68038,0
2036,40.70038,6,40.70038,0
2037,40.72038,8,40.72038,0
2038,40.74038,7,40.74038,0
2039,40.76038,6,40.76038,0
2040,40.78038,10,40.78038,0
2041,40.80038,8,40.80038,0
2042,40.82038,4,40.82038,0
2043,40.84038,6,40.84038,0
2044,40.86038,3,40.86038,0
2045,40.88038,4,40.88038,0
2046,40.90038,2,40.90038,0
2047,40.92038,7,40.92038,0
2048,40.94038,8,40.94038,0
