Bruker AXS HMP Instrument Tools Complete CSV
FileName,C:\MeinZeugs\Uni\Publikationen\2025\MeIn pXRF\DAQ\Device_monitoring_sample_element_precision_Schauer\data_raw\Example_LOD\04533-Mudrock Dual.pdz
SerialString,SG2-6390
TubeTargetElement,45
NumberOfSpectra,2
SampleID,
AcquisitionDateTime,1/1/2006 3:38:39 PM
TotalElapsedTimeInSeconds,120
AnodeTakeOffAngle,45
SampleIncidenceAngle,45
BeThicknessInMicroMeters,125
SampleTakeOffAngle,65
SpotSizeUsed,8
NumberOfUserCustomFields,5
UserCustomFieldHeader,FieldName,FieldValue
UserCustomField,Operator,Supervisor
UserCustomField,Material,Standard
UserCustomField,ID,
UserCustomField,Probe,Mudrock Standard
UserCustomField,Projekt,ESPRIT
AnalysisMode,32
AnalysisType,1
UsedAutoCalSelect,False
ResultUnits,PPM
ErrorMultiplier,2
CalFileName,MudrockDual
CalPackageName,
CalPackagePartNumber,
TypeStandardizationSetName,
NumberOfElementsInCalculatedResults,27
CalculatedResults:AtomicNum,ElementSymbol,Units,Value,TypeStandardizedValue,Error,RangeMin,RangeMax,Tramp,Nominal
12,Mg,PPM,0.7813151,0.7813151,0.05504696,0,0,False,False
13,Al,PPM,8.272102,8.272102,0.03934133,0,0,False,False
14,Si,PPM,19.79156,19.79156,0.03952755,0,0,False,False
15,P,PPM,0,0,0.002610694,0,0,False,False
16,S,PPM,0.04111291,0.04111291,0.001982446,0,0,False,False
19,K,PPM,4.391368,4.391368,0.007165046,0,0,False,False
20,Ca,PPM,0.3051693,0.3051693,0.001647586,0,0,False,False
22,Ti,PPM,0.303955,0.303955,0.00141207,0,0,False,False
23,V,PPM,0.0108749,0.0108749,0.0006235842,0,0,False,False
24,Cr,PPM,0.00579717,0.00579717,0.0003330483,0,0,False,False
25,Mn,PPM,0.0138518,0.0138518,0.0004037972,0,0,False,False
26,Fe,PPM,2.736284,2.736284,0.003282236,0,0,False,False
27,Co,PPM,0,0,9.27713E-05,0,0,False,False
28,Ni,PPM,0.001700014,0.001700014,0.00015085,0,0,False,False
29,Cu,PPM,0.003976421,0.003976421,0.0001612075,0,0,False,False
30,Zn,PPM,0.002748867,0.002748867,0.000139696,0,0,False,False
33,As,PPM,0.00312031,0.00312031,0.000111746,0,0,False,False
37,Rb,PPM,0.02241872,0.02241872,0.0001305061,0,0,False,False
38,Sr,PPM,0.003779855,0.003779855,0.0001070819,0,0,False,False
39,Y,PPM,0.003598753,0.003598753,0.000124648,0,0,False,False
40,Zr,PPM,0.01416861,0.01416861,0.0001129612,0,0,False,False
41,Nb,PPM,0.001485676,0.001485676,9.151631E-05,0,0,False,False
42,Mo,PPM,0.0009125126,0.0009125126,9.921549E-05,0,0,False,False
56,Ba,PPM,0.1503173,0.1503173,0.008200341,0,0,False,False
82,Pb,PPM,0.0007117068,0.0007117068,0.0001317078,0,0,False,False
90,Th,PPM,0.002264616,0.002264616,2.776535E-05,0,0,False,False
92,U,PPM,0.0009934767,0.0009934767,0.0002461206,0,0,False,False
MatchSpreadThreshold,0.05
IsTrampEnabled,False
IsNominalEnabled,False
NumberOfGradeIDMatchResults,3
GradeIDMatchResultsHeader,GradeID,MatchConfidence
GradeIDMatchResult,,0
GradeIDMatchResult,,0
GradeIDMatchResult,,0
ParametersForEachSpectrum,Spectrum 1,,Spectrum 2,
XrayVoltageInkV,40,,15,
XrayFilamentCurrentInMicroAmps,38.85,,27.9,
RawCounts,3053327,,3547506,
ValidCounts,2605816,,3095796,
eVPerChannel,20,,20,
StartingKeV,0.0005941475,,0.0005941475,
ZeroOffsetInKeV,-0.0005941475,,-0.0005941475,
StartingChannel,0.02970737,,0.02970737,
NumberOfChannels,2048,,2048,
CountsPerSecond,60238.84,,65254.69,
XilinxFirmwareVersion,,,,
IlluminationID,MudRock Trace40,,MudRock Maj15,
Filter1ElementAtomicNum,22,,0,
Filter1Thickness,25,,0,
Filter2ElementAtomicNum,13,,0,
Filter2Thickness,300,,0,
Filter3ElementAtomicNum,0,,0,
Filter3Thickness,0,,0,
AcquisitionDateTime,1/1/2006 3:38:39 PM,,1/1/2006 3:38:39 PM,
LiveTimeInSeconds,43.577,,46.452,
DeadTimeInSeconds,7.11,,7.911999,
ResetTimeInSeconds,5.632999,,1.972,
DetectorTempInC,-27,,-27,
AmbientTempInF,120.3,,120.3,
NosePressureInMilliBars,999.0001,,999.0001,
NoseTemperatureInC,42,,42,
ActiveTimeInSeconds,50.68701,,54.364,
PacketTimeInSeconds,56.32001,,56.336,
CommunicationTimeInSeconds,,,,
ElapsedClockTimeInSeconds,60,,60,
Spectrum:ChannelNumber,ChannelStartInKeV,ChannelCount,ChannelStartInKeV,ChannelCount
1,0.0005941475,0,0.0005941475,0
2,0.02059415,0,0.02059415,0
3,0.04059415,0,0.04059415,0
4,0.06059415,0,0.06059415,0
5,0.08059414,0,0.08059414,0
6,0.1005941,0,0.1005941,0
7,0.1205941,0,0.1205941,0
8,0.1405942,0,0.1405942,0
9,0.1605942,0,0.1605942,0
10,0.1805941,0,0.1805941,0
11,0.2005941,0,0.2005941,0
12,0.2205942,0,0.2205942,0
13,0.2405941,0,0.2405941,0
14,0.2605942,1,0.2605942,0
15,0.2805941,9,0.2805941,11
16,0.3005942,93,0.3005942,76
17,0.3205942,602,0.3205942,567
18,0.3405941,2687,0.3405941,2619
19,0.3605942,7056,0.3605942,7433
20,0.3805941,11344,0.3805941,12446
21,0.4005941,11252,0.4005941,12306
22,0.4205942,6641,0.4205942,7272
23,0.4405941,2558,0.4405941,2497
24,0.4605941,605,0.4605941,570
25,0.4805942,108,0.4805942,99
26,0.5005941,16,0.5005941,16
27,0.5205941,5,0.5205941,2
28,0.5405942,4,0.5405942,2
29,0.5605941,4,0.5605941,1
30,0.5805941,3,0.5805941,1
31,0.6005942,3,0.6005942,1
32,0.6205941,0,0.6205941,0
33,0.6405941,2,0.6405941,0
34,0.6605942,2,0.6605942,1
35,0.6805941,657,0.6805941,82
36,0.7005941,644,0.7005941,63
37,0.7205942,624,0.7205942,72
38,0.7405941,594,0.7405941,68
39,0.7605941,624,0.7605941,67
40,0.7805942,630,0.7805942,67
41,0.8005942,620,0.8005942,84
42,0.8205941,613,0.8205941,94
43,0.8405942,577,0.8405942,84
44,0.8605942,611,0.8605942,81
45,0.8805941,578,0.8805941,119
46,0.9005942,614,0.9005942,141
47,0.9205942,634,0.9205942,235
48,0.9405941,574,0.9405941,254
49,0.9605942,581,0.9605942,270
50,0.9805942,587,0.9805942,228
51,1.000594,616,1.000594,136
52,1.020594,535,1.020594,101
53,1.040594,565,1.040594,156
54,1.060594,540,1.060594,154
55,1.080594,556,1.080594,179
56,1.100594,554,1.100594,182
57,1.120594,582,1.120594,163
58,1.140594,528,1.140594,150
59,1.160594,545,1.160594,169
60,1.180594,529,1.180594,239
61,1.200594,494,1.200594,294
62,1.220594,543,1.220594,323
63,1.240594,554,1.240594,342
64,1.260594,511,1.260594,311
65,1.280594,548,1.280594,259
66,1.300594,489,1.300594,207
67,1.320594,516,1.320594,173
68,1.340594,489,1.340594,182
69,1.360594,497,1.360594,250
70,1.380594,493,1.380594,523
71,1.400594,512,1.400594,1440
72,1.420594,533,1.420594,3458
73,1.440594,629,1.440594,6632
74,1.460594,729,1.460594,10167
75,1.480594,736,1.480594,11962
76,1.500594,647,1.500594,10573
77,1.520594,669,1.520594,7867
78,1.540594,612,1.540594,4892
79,1.560594,531,1.560594,3051
80,1.580594,548,1.580594,2053
81,1.600594,497,1.600594,1528
82,1.620594,515,1.620594,1972
83,1.640594,501,1.640594,4868
84,1.660594,647,1.660594,13296
85,1.680594,791,1.680594,29623
86,1.700594,1056,1.700594,52102
87,1.720594,1319,1.720594,71769
88,1.740594,1321,1.740594,75949
89,1.760594,1165,1.760594,61925
90,1.780594,941,1.780594,40439
91,1.800594,687,1.800594,21511
92,1.820594,513,1.820594,10675
93,1.840594,484,1.840594,5428
94,1.860594,449,1.860594,3095
95,1.880594,461,1.880594,1768
96,1.900594,430,1.900594,895
97,1.920594,417,1.920594,455
98,1.940594,416,1.940594,324
99,1.960594,373,1.960594,282
100,1.980594,401,1.980594,262
101,2.000594,394,2.000594,305
102,2.020594,360,2.020594,290
103,2.040594,374,2.040594,265
104,2.060594,343,2.060594,283
105,2.080594,389,2.080594,280
106,2.100594,377,2.100594,268
107,2.120594,362,2.120594,275
108,2.140594,375,2.140594,254
109,2.160594,342,2.160594,287
110,2.180594,318,2.180594,273
111,2.200594,349,2.200594,286
112,2.220594,341,2.220594,350
113,2.240594,309,2.240594,353
114,2.260594,335,2.260594,422
115,2.280594,337,2.280594,454
116,2.300594,333,2.300594,529
117,2.320594,345,2.320594,571
118,2.340594,330,2.340594,690
119,2.360594,324,2.360594,730
120,2.380594,322,2.380594,652
121,2.400594,310,2.400594,586
122,2.420594,295,2.420594,560
123,2.440594,309,2.440594,555
124,2.460594,300,2.460594,532
125,2.480594,298,2.480594,531
126,2.500594,295,2.500594,551
127,2.520594,319,2.520594,584
128,2.540594,308,2.540594,679
129,2.560594,301,2.560594,826
130,2.580594,288,2.580594,1155
131,2.600594,282,2.600594,1973
132,2.620594,259,2.620594,3670
133,2.640594,285,2.640594,6112
134,2.660594,251,2.660594,8937
135,2.680594,297,2.680594,11263
136,2.700594,284,2.700594,11597
137,2.720594,290,2.720594,10223
138,2.740594,265,2.740594,7728
139,2.760594,247,2.760594,6073
140,2.780594,274,2.780594,5367
141,2.800594,278,2.800594,5756
142,2.820594,262,2.820594,6475
143,2.840594,290,2.840594,6745
144,2.860594,292,2.860594,6543
145,2.880594,325,2.880594,6613
146,2.900594,395,2.900594,7071
147,2.920594,453,2.920594,8195
148,2.940594,570,2.940594,9141
149,2.960594,528,2.960594,9253
150,2.980594,536,2.980594,8058
151,3.000594,416,3.000594,5939
152,3.020594,321,3.020594,4094
153,3.040594,246,3.040594,2495
154,3.060594,265,3.060594,1597
155,3.080594,215,3.080594,1177
156,3.100594,235,3.100594,1088
157,3.120594,234,3.120594,1275
158,3.140594,263,3.140594,1623
159,3.160594,314,3.160594,2053
160,3.180594,399,3.180594,3335
161,3.200594,695,3.200594,6464
162,3.220594,1284,3.220594,13693
163,3.240594,2349,3.240594,26588
164,3.260594,3901,3.260594,45246
165,3.280594,5475,3.280594,65932
166,3.300594,6537,3.300594,79019
167,3.320594,6433,3.320594,80263
168,3.340594,5621,3.340594,68510
169,3.360594,3995,3.360594,48845
170,3.380594,2525,3.380594,28952
171,3.400594,1407,3.400594,14664
172,3.420594,712,3.420594,6747
173,3.440594,366,3.440594,3047
174,3.460594,269,3.460594,1970
175,3.480594,288,3.480594,2137
176,3.500594,374,3.500594,3200
177,3.520594,583,3.520594,5094
178,3.540594,749,3.540594,7522
179,3.560594,968,3.560594,9889
180,3.580594,1152,3.580594,11588
181,3.600594,1080,3.600594,11739
182,3.620594,952,3.620594,10236
183,3.640594,806,3.640594,8213
184,3.660594,639,3.660594,6426
185,3.680594,509,3.680594,4812
186,3.700594,463,3.700594,3782
187,3.720594,306,3.720594,2843
188,3.740594,268,3.740594,2100
189,3.760594,208,3.760594,1369
190,3.780594,160,3.780594,988
191,3.800594,141,3.800594,745
192,3.820594,114,3.820594,737
193,3.840594,113,3.840594,635
194,3.860594,120,3.860594,630
195,3.880594,105,3.880594,613
196,3.900594,115,3.900594,663
197,3.920594,115,3.920594,789
198,3.940594,124,3.940594,840
199,3.960594,130,3.960594,868
200,3.980594,137,3.980594,966
201,4.000594,123,4.000594,1009
202,4.020594,120,4.020594,1069
203,4.040594,127,4.040594,993
204,4.060594,119,4.060594,919
205,4.080594,122,4.080594,909
206,4.100594,118,4.100594,784
207,4.120594,73,4.120594,827
208,4.140594,92,4.140594,767
209,4.160594,81,4.160594,782
210,4.180594,65,4.180594,757
211,4.200594,79,4.200594,769
212,4.220594,89,4.220594,782
213,4.240594,86,4.240594,835
214,4.260594,81,4.260594,792
215,4.280594,80,4.280594,893
216,4.300594,93,4.300594,901
217,4.320594,88,4.320594,981
218,4.340594,129,4.340594,1144
219,4.360594,153,4.360594,1415
220,4.380594,345,4.380594,1966
221,4.400594,528,4.400594,3096
222,4.420594,874,4.420594,4783
223,4.440594,1438,4.440594,7107
224,4.460594,2024,4.460594,9913
225,4.480594,2483,4.480594,12000
226,4.500594,2618,4.500594,13039
227,4.520594,2646,4.520594,12579
228,4.540594,2176,4.540594,10413
229,4.560594,1585,4.560594,8080
230,4.580594,1137,4.580594,5373
231,4.600594,755,4.600594,3698
232,4.620594,524,4.620594,2599
233,4.640594,420,4.640594,2038
234,4.660594,363,4.660594,1870
235,4.680594,314,4.680594,1606
236,4.700594,255,4.700594,1470
237,4.720594,230,4.720594,1497
238,4.740594,224,4.740594,1519
239,4.760594,236,4.760594,1634
240,4.780594,244,4.780594,1935
241,4.800594,312,4.800594,2229
242,4.820594,395,4.820594,2374
243,4.840594,435,4.840594,2625
244,4.860594,469,4.860594,2912
245,4.880594,591,4.880594,3259
246,4.900594,628,4.900594,3364
247,4.920594,590,4.920594,3660
248,4.940594,667,4.940594,3466
249,4.960594,525,4.960594,3365
250,4.980594,452,4.980594,2945
251,5.000594,335,5.000594,2462
252,5.020594,220,5.020594,2201
253,5.040594,147,5.040594,1993
254,5.060594,117,5.060594,1895
255,5.080594,121,5.080594,1871
256,5.100594,85,5.100594,1844
257,5.120594,96,5.120594,1776
258,5.140594,112,5.140594,1879
259,5.160594,145,5.160594,1857
260,5.180594,140,5.180594,1913
261,5.200594,122,5.200594,1799
262,5.220594,125,5.220594,1715
263,5.240594,114,5.240594,1802
264,5.260594,125,5.260594,1764
265,5.280594,106,5.280594,1694
266,5.300594,163,5.300594,1793
267,5.320594,136,5.320594,1856
268,5.340594,146,5.340594,1939
269,5.360594,174,5.360594,1982
270,5.380594,199,5.380594,2174
271,5.400594,196,5.400594,2095
272,5.420594,230,5.420594,2174
273,5.440594,218,5.440594,2083
274,5.460594,186,5.460594,2019
275,5.480594,149,5.480594,1915
276,5.500594,152,5.500594,1817
277,5.520594,133,5.520594,1842
278,5.540594,121,5.540594,1829
279,5.560594,127,5.560594,1733
280,5.580594,95,5.580594,1788
281,5.600594,89,5.600594,1759
282,5.620594,97,5.620594,1597
283,5.640594,63,5.640594,1707
284,5.660594,69,5.660594,1631
285,5.680594,75,5.680594,1656
286,5.700594,74,5.700594,1563
287,5.720594,84,5.720594,1557
288,5.740594,88,5.740594,1615
289,5.760594,96,5.760594,1661
290,5.780594,121,5.780594,1670
291,5.800594,123,5.800594,1622
292,5.820594,143,5.820594,1704
293,5.840594,160,5.840594,1791
294,5.860594,173,5.860594,1778
295,5.880594,175,5.880594,1876
296,5.900594,188,5.900594,1886
297,5.920594,182,5.920594,1768
298,5.940594,168,5.940594,1792
299,5.960594,143,5.960594,1723
300,5.980594,157,5.980594,1626
301,6.000594,139,6.000594,1651
302,6.020594,114,6.020594,1598
303,6.040594,133,6.040594,1635
304,6.060594,128,6.060594,1633
305,6.080594,152,6.080594,1553
306,6.100594,172,6.100594,1660
307,6.120594,168,6.120594,1691
308,6.140594,228,6.140594,1714
309,6.160594,269,6.160594,1845
310,6.180594,382,6.180594,2013
311,6.200594,681,6.200594,2467
312,6.220594,1288,6.220594,3563
313,6.240594,2911,6.240594,6400
314,6.260594,5937,6.260594,11716
315,6.280594,11315,6.280594,21705
316,6.300594,20080,6.300594,37841
317,6.320594,32222,6.320594,60209
318,6.340594,46300,6.340594,86298
319,6.360594,59216,6.360594,112289
320,6.380594,68428,6.380594,129732
321,6.400594,71155,6.400594,133584
322,6.420594,64631,6.420594,123286
323,6.440594,53755,6.440594,100818
324,6.460594,39248,6.460594,75282
325,6.480594,26157,6.480594,50117
326,6.500594,15943,6.500594,30260
327,6.520594,8463,6.520594,16877
328,6.540594,4198,6.540594,8782
329,6.560594,1916,6.560594,4844
330,6.580594,904,6.580594,2917
331,6.600594,445,6.600594,2128
332,6.620594,301,6.620594,1856
333,6.640594,250,6.640594,1753
334,6.660594,220,6.660594,1740
335,6.680594,197,6.680594,1676
336,6.700594,188,6.700594,1698
337,6.720594,174,6.720594,1579
338,6.740594,190,6.740594,1625
339,6.760594,227,6.760594,1658
340,6.780594,229,6.780594,1780
341,6.800594,254,6.800594,1745
342,6.820594,297,6.820594,1867
343,6.840594,387,6.840594,2021
344,6.860594,502,6.860594,2299
345,6.880594,692,6.880594,2575
346,6.900594,1053,6.900594,3355
347,6.920594,1769,6.920594,4364
348,6.940594,2895,6.940594,6295
349,6.960594,4465,6.960594,8912
350,6.980594,6309,6.980594,12295
351,7.000594,8702,7.000594,15848
352,7.020594,10228,7.020594,18768
353,7.040594,11383,7.040594,20957
354,7.060594,11492,7.060594,20880
355,7.080594,10364,7.080594,19311
356,7.100594,8357,7.100594,16061
357,7.120594,6369,7.120594,12170
358,7.140594,4251,7.140594,8402
359,7.160594,2702,7.160594,5695
360,7.180594,1499,7.180594,3880
361,7.200594,885,7.200594,2653
362,7.220594,426,7.220594,1996
363,7.240594,239,7.240594,1702
364,7.260594,125,7.260594,1524
365,7.280594,70,7.280594,1533
366,7.300594,78,7.300594,1490
367,7.320594,58,7.320594,1536
368,7.340594,59,7.340594,1508
369,7.360594,91,7.360594,1719
370,7.380594,96,7.380594,1841
371,7.400594,101,7.400594,1949
372,7.420594,121,7.420594,2184
373,7.440594,137,7.440594,2310
374,7.460594,151,7.460594,2358
375,7.480594,136,7.480594,2276
376,7.500594,114,7.500594,2281
377,7.520594,114,7.520594,1928
378,7.540594,99,7.540594,1763
379,7.560594,92,7.560594,1528
380,7.580594,56,7.580594,1469
381,7.600594,69,7.600594,1347
382,7.620594,55,7.620594,1299
383,7.640594,50,7.640594,1263
384,7.660594,56,7.660594,1162
385,7.680594,74,7.680594,1266
386,7.700594,63,7.700594,1245
387,7.720594,62,7.720594,1242
388,7.740594,67,7.740594,1187
389,7.760594,59,7.760594,1237
390,7.780594,56,7.780594,1236
391,7.800594,69,7.800594,1245
392,7.820594,76,7.820594,1298
393,7.840594,95,7.840594,1346
394,7.860594,70,7.860594,1325
395,7.880594,80,7.880594,1314
396,7.900594,102,7.900594,1302
397,7.920594,116,7.920594,1292
398,7.940594,148,7.940594,1284
399,7.960594,191,7.960594,1346
400,7.980594,201,7.980594,1392
401,8.000594,261,8.000594,1410
402,8.020595,272,8.020595,1425
403,8.040594,299,8.040594,1486
404,8.060595,275,8.060595,1570
405,8.080594,255,8.080594,1539
406,8.100595,221,8.100595,1567
407,8.120594,176,8.120594,1561
408,8.140594,123,8.140594,1604
409,8.160594,100,8.160594,1602
410,8.180594,85,8.180594,1498
411,8.200594,92,8.200594,1613
412,8.220594,83,8.220594,1566
413,8.240594,85,8.240594,1502
414,8.260594,81,8.260594,1497
415,8.280594,102,8.280594,1412
416,8.300594,76,8.300594,1401
417,8.320594,86,8.320594,1414
418,8.340594,89,8.340594,1333
419,8.360594,87,8.360594,1339
420,8.380594,90,8.380594,1312
421,8.400594,108,8.400594,1273
422,8.420594,77,8.420594,1221
423,8.440594,99,8.440594,1334
424,8.460594,98,8.460594,1260
425,8.480594,122,8.480594,1287
426,8.500594,128,8.500594,1312
427,8.520595,193,8.520595,1306
428,8.540594,231,8.540594,1292
429,8.560595,293,8.560595,1419
430,8.580594,334,8.580594,1380
431,8.600595,397,8.600595,1414
432,8.620594,384,8.620594,1453
433,8.640594,433,8.640594,1463
434,8.660594,387,8.660594,1398
435,8.680594,373,8.680594,1401
436,8.700594,246,8.700594,1385
437,8.720594,207,8.720594,1387
438,8.740594,181,8.740594,1322
439,8.760594,152,8.760594,1298
440,8.780594,109,8.780594,1340
441,8.800594,106,8.800594,1400
442,8.820594,97,8.820594,1316
443,8.840594,125,8.840594,1351
444,8.860594,103,8.860594,1416
445,8.880594,129,8.880594,1347
446,8.900594,122,8.900594,1338
447,8.920594,116,8.920594,1344
448,8.940594,113,8.940594,1339
449,8.960594,122,8.960594,1336
450,8.980594,123,8.980594,1297
451,9.000594,121,9.000594,1300
452,9.020595,108,9.020595,1337
453,9.040594,107,9.040594,1318
454,9.060595,119,9.060595,1360
455,9.080594,141,9.080594,1331
456,9.100595,162,9.100595,1325
457,9.120594,190,9.120594,1368
458,9.140594,199,9.140594,1324
459,9.160594,258,9.160594,1475
460,9.180594,284,9.180594,1405
461,9.200594,338,9.200594,1435
462,9.220594,358,9.220594,1442
463,9.240594,341,9.240594,1418
464,9.260594,353,9.260594,1445
465,9.280594,306,9.280594,1359
466,9.300594,262,9.300594,1333
467,9.320594,248,9.320594,1382
468,9.340594,231,9.340594,1375
469,9.360594,192,9.360594,1338
470,9.380594,151,9.380594,1365
471,9.400594,166,9.400594,1329
472,9.420594,148,9.420594,1295
473,9.440594,142,9.440594,1314
474,9.460594,162,9.460594,1409
475,9.480594,162,9.480594,1331
476,9.500594,183,9.500594,1318
477,9.520595,201,9.520595,1296
478,9.540594,185,9.540594,1294
479,9.560595,178,9.560595,1395
480,9.580594,192,9.580594,1314
481,9.600595,202,9.600595,1362
482,9.620594,202,9.620594,1413
483,9.640594,205,9.640594,1422
484,9.660594,214,9.660594,1429
485,9.680594,224,9.680594,1588
486,9.700594,183,9.700594,1509
487,9.720594,242,9.720594,1514
488,9.740594,207,9.740594,1488
489,9.760594,204,9.760594,1528
490,9.780594,215,9.780594,1447
491,9.800594,220,9.800594,1455
492,9.820594,198,9.820594,1342
493,9.840594,192,9.840594,1351
494,9.860594,209,9.860594,1296
495,9.880594,212,9.880594,1325
496,9.900594,239,9.900594,1298
497,9.920594,227,9.920594,1309
498,9.940594,250,9.940594,1281
499,9.960594,214,9.960594,1222
500,9.980594,218,9.980594,1308
501,10.00059,209,10.00059,1220
502,10.02059,226,10.02059,1300
503,10.04059,188,10.04059,1259
504,10.06059,212,10.06059,1188
505,10.08059,191,10.08059,1198
506,10.10059,203,10.10059,1236
507,10.12059,230,10.12059,1214
508,10.14059,246,10.14059,1162
509,10.16059,258,10.16059,1197
510,10.18059,269,10.18059,1213
511,10.20059,262,10.20059,1213
512,10.22059,291,10.22059,1226
513,10.24059,276,10.24059,1185
514,10.26059,304,10.26059,1230
515,10.28059,286,10.28059,1218
516,10.30059,318,10.30059,1215
517,10.32059,300,10.32059,1215
518,10.34059,301,10.34059,1200
519,10.36059,333,10.36059,1185
520,10.38059,358,10.38059,1208
521,10.40059,372,10.40059,1241
522,10.42059,461,10.42059,1237
523,10.44059,512,10.44059,1170
524,10.46059,627,10.46059,1191
525,10.48059,674,10.48059,1185
526,10.50059,725,10.50059,1111
527,10.52059,784,10.52059,1158
528,10.54059,767,10.54059,1220
529,10.56059,673,10.56059,1177
530,10.58059,657,10.58059,1211
531,10.60059,556,10.60059,1103
532,10.62059,510,10.62059,1067
533,10.64059,433,10.64059,1077
534,10.66059,422,10.66059,1135
535,10.68059,356,10.68059,1073
536,10.70059,366,10.70059,1081
537,10.72059,362,10.72059,1083
538,10.74059,355,10.74059,1108
539,10.76059,354,10.76059,1066
540,10.78059,343,10.78059,1120
541,10.80059,341,10.80059,1075
542,10.82059,303,10.82059,1112
543,10.84059,337,10.84059,1079
544,10.86059,350,10.86059,1037
545,10.88059,357,10.88059,1025
546,10.90059,386,10.90059,1036
547,10.92059,353,10.92059,1052
548,10.94059,357,10.94059,1083
549,10.96059,368,10.96059,1082
550,10.98059,384,10.98059,1012
551,11.00059,406,11.00059,1044
552,11.02059,411,11.02059,1044
553,11.04059,418,11.04059,1060
554,11.06059,415,11.06059,981
555,11.08059,433,11.08059,1002
556,11.10059,406,11.10059,963
557,11.12059,413,11.12059,964
558,11.14059,417,11.14059,942
559,11.16059,457,11.16059,962
560,11.18059,394,11.18059,974
561,11.20059,468,11.20059,951
562,11.22059,415,11.22059,962
563,11.24059,429,11.24059,965
564,11.26059,420,11.26059,884
565,11.28059,433,11.28059,933
566,11.30059,430,11.30059,944
567,11.32059,477,11.32059,975
568,11.34059,496,11.34059,953
569,11.36059,454,11.36059,918
570,11.38059,497,11.38059,934
571,11.40059,438,11.40059,875
572,11.42059,507,11.42059,912
573,11.44059,463,11.44059,955
574,11.46059,527,11.46059,886
575,11.48059,532,11.48059,864
576,11.50059,531,11.50059,884
577,11.52059,551,11.52059,850
578,11.54059,540,11.54059,890
579,11.56059,524,11.56059,880
580,11.58059,569,11.58059,878
581,11.60059,561,11.60059,869
582,11.62059,561,11.62059,900
583,11.64059,621,11.64059,851
584,11.66059,607,11.66059,898
585,11.68059,599,11.68059,904
586,11.70059,598,11.70059,866
587,11.72059,588,11.72059,832
588,11.74059,643,11.74059,848
589,11.76059,620,11.76059,879
590,11.78059,654,11.78059,834
591,11.80059,616,11.80059,862
592,11.82059,583,11.82059,809
593,11.84059,564,11.84059,842
594,11.86059,542,11.86059,757
595,11.88059,553,11.88059,756
596,11.90059,573,11.90059,795
597,11.92059,611,11.92059,835
598,11.94059,591,11.94059,786
599,11.96059,642,11.96059,805
600,11.98059,597,11.98059,788
601,12.00059,575,12.00059,792
602,12.02059,585,12.02059,740
603,12.04059,561,12.04059,744
604,12.06059,622,12.06059,802
605,12.08059,655,12.08059,777
606,12.10059,618,12.10059,685
607,12.12059,663,12.12059,800
608,12.14059,647,12.14059,729
609,12.16059,638,12.16059,789
610,12.18059,630,12.18059,712
611,12.20059,683,12.20059,724
612,12.22059,717,12.22059,728
613,12.24059,702,12.24059,679
614,12.26059,719,12.26059,684
615,12.28059,691,12.28059,709
616,12.30059,732,12.30059,676
617,12.32059,669,12.32059,710
618,12.34059,674,12.34059,687
619,12.36059,697,12.36059,682
620,12.38059,724,12.38059,683
621,12.40059,675,12.40059,709
622,12.42059,754,12.42059,632
623,12.44059,743,12.44059,644
624,12.46059,738,12.46059,674
625,12.48059,728,12.48059,645
626,12.50059,756,12.50059,613
627,12.52059,737,12.52059,628
628,12.54059,769,12.54059,633
629,12.56059,765,12.56059,630
630,12.58059,748,12.58059,636
631,12.60059,796,12.60059,679
632,12.62059,733,12.62059,630
633,12.64059,759,12.64059,625
634,12.66059,864,12.66059,662
635,12.68059,832,12.68059,711
636,12.70059,836,12.70059,616
637,12.72059,935,12.72059,703
638,12.74059,921,12.74059,709
639,12.76059,916,12.76059,776
640,12.78059,963,12.78059,808
641,12.80059,1002,12.80059,766
642,12.82059,989,12.82059,782
643,12.84059,997,12.84059,776
644,12.86059,1011,12.86059,702
645,12.88059,1067,12.88059,621
646,12.90059,1164,12.90059,644
647,12.92059,1090,12.92059,630
648,12.94059,1092,12.94059,565
649,12.96059,1029,12.96059,520
650,12.98059,1116,12.98059,521
651,13.00059,1082,13.00059,530
652,13.02059,1023,13.02059,523
653,13.04059,1062,13.04059,493
654,13.06059,1047,13.06059,492
655,13.08059,976,13.08059,489
656,13.10059,1023,13.10059,500
657,13.12059,1026,13.12059,468
658,13.14059,1120,13.14059,484
659,13.16059,1256,13.16059,450
660,13.18059,1519,13.18059,448
661,13.20059,1659,13.20059,448
662,13.22059,2088,13.22059,462
663,13.24059,2756,13.24059,437
664,13.26059,3313,13.26059,424
665,13.28059,3999,13.28059,420
666,13.30059,4722,13.30059,463
667,13.32059,5188,13.32059,433
668,13.34059,5614,13.34059,464
669,13.36059,5716,13.36059,444
670,13.38059,5905,13.38059,412
671,13.40059,5514,13.40059,476
672,13.42059,4811,13.42059,478
673,13.44059,4274,13.44059,426
674,13.46059,3570,13.46059,443
675,13.48059,2930,13.48059,441
676,13.50059,2449,13.50059,449
677,13.52059,1989,13.52059,386
678,13.54059,1694,13.54059,389
679,13.56059,1353,13.56059,408
680,13.58059,1221,13.58059,408
681,13.60059,1180,13.60059,323
682,13.62059,1134,13.62059,367
683,13.64059,1057,13.64059,320
684,13.66059,1086,13.66059,318
685,13.68059,1029,13.68059,313
686,13.70059,1069,13.70059,315
687,13.72059,1051,13.72059,274
688,13.74059,1070,13.74059,308
689,13.76059,1093,13.76059,296
690,13.78059,1063,13.78059,297
691,13.80059,1074,13.80059,276
692,13.82059,1081,13.82059,276
693,13.84059,1126,13.84059,268
694,13.86059,1134,13.86059,224
695,13.88059,1102,13.88059,236
696,13.90059,1063,13.90059,254
697,13.92059,1219,13.92059,241
698,13.94059,1191,13.94059,233
699,13.96059,1283,13.96059,195
700,13.98059,1341,13.98059,222
701,14.00059,1319,14.00059,212
702,14.02059,1479,14.02059,215
703,14.04059,1542,14.04059,227
704,14.06059,1756,14.06059,212
705,14.08059,1786,14.08059,197
706,14.10059,1913,14.10059,187
707,14.12059,1896,14.12059,188
708,14.14059,1944,14.14059,191
709,14.16059,1856,14.16059,200
710,14.18059,1889,14.18059,169
711,14.20059,1781,14.20059,144
712,14.22059,1673,14.22059,153
713,14.24059,1539,14.24059,158
714,14.26059,1425,14.26059,107
715,14.28059,1327,14.28059,132
716,14.30059,1360,14.30059,141
717,14.32059,1245,14.32059,113
718,14.34059,1288,14.34059,127
719,14.36059,1238,14.36059,107
720,14.38059,1222,14.38059,107
721,14.40059,1224,14.40059,98
722,14.42059,1242,14.42059,108
723,14.44059,1251,14.44059,89
724,14.46059,1305,14.46059,97
725,14.48059,1204,14.48059,104
726,14.50059,1250,14.50059,87
727,14.52059,1264,14.52059,78
728,14.54059,1231,14.54059,81
729,14.56059,1280,14.56059,83
730,14.58059,1211,14.58059,71
731,14.60059,1310,14.60059,60
732,14.62059,1246,14.62059,54
733,14.64059,1312,14.64059,61
734,14.66059,1343,14.66059,51
735,14.68059,1295,14.68059,54
736,14.70059,1296,14.70059,54
737,14.72059,1395,14.72059,50
738,14.74059,1465,14.74059,46
739,14.76059,1435,14.76059,43
740,14.78059,1563,14.78059,45
741,14.80059,1767,14.80059,36
742,14.82059,1944,14.82059,43
743,14.84059,2060,14.84059,37
744,14.86059,2277,14.86059,33
745,14.88059,2412,14.88059,19
746,14.90059,2580,14.90059,20
747,14.92059,2657,14.92059,21
748,14.94059,2589,14.94059,23
749,14.96059,2569,14.96059,21
750,14.98059,2504,14.98059,16
751,15.00059,2331,15.00059,18
752,15.02059,2174,15.02059,14
753,15.04059,2151,15.04059,16
754,15.06059,1964,15.06059,14
755,15.08059,1665,15.08059,9
756,15.10059,1645,15.10059,14
757,15.12059,1591,15.12059,21
758,15.14059,1499,15.14059,5
759,15.16059,1456,15.16059,13
760,15.18059,1553,15.18059,10
761,15.20059,1505,15.20059,13
762,15.22059,1457,15.22059,11
763,15.24059,1462,15.24059,15
764,15.26059,1440,15.26059,10
765,15.28059,1407,15.28059,19
766,15.30059,1389,15.30059,19
767,15.32059,1440,15.32059,13
768,15.34059,1416,15.34059,13
769,15.36059,1410,15.36059,13
770,15.38059,1432,15.38059,15
771,15.40059,1516,15.40059,11
772,15.42059,1389,15.42059,6
773,15.44059,1484,15.44059,12
774,15.46059,1507,15.46059,9
775,15.48059,1570,15.48059,19
776,15.50059,1749,15.50059,12
777,15.52059,1935,15.52059,19
778,15.54059,2039,15.54059,12
779,15.56059,2393,15.56059,11
780,15.58059,2771,15.58059,13
781,15.60059,3088,15.60059,13
782,15.62059,3643,15.62059,10
783,15.64059,4267,15.64059,12
784,15.66059,4578,15.66059,15
785,15.68059,5129,15.68059,10
786,15.70059,5413,15.70059,10
787,15.72059,5720,15.72059,17
788,15.74059,5647,15.74059,15
789,15.76059,5582,15.76059,7
790,15.78059,5396,15.78059,10
791,15.80059,4823,15.80059,7
792,15.82059,4431,15.82059,4
793,15.84059,3777,15.84059,12
794,15.86059,3398,15.86059,14
795,15.88059,2849,15.88059,10
796,15.90059,2526,15.90059,13
797,15.92059,2204,15.92059,13
798,15.94059,1917,15.94059,18
799,15.96059,1710,15.96059,16
800,15.98059,1693,15.98059,4
801,16.0006,1597,16.0006,13
802,16.02059,1585,16.02059,12
803,16.04059,1557,16.04059,9
804,16.06059,1583,16.06059,12
805,16.0806,1583,16.0806,9
806,16.10059,1620,16.10059,12
807,16.12059,1638,16.12059,16
808,16.14059,1567,16.14059,8
809,16.16059,1663,16.16059,9
810,16.18059,1667,16.18059,8
811,16.20059,1652,16.20059,16
812,16.22059,1675,16.22059,21
813,16.24059,1630,16.24059,14
814,16.26059,1602,16.26059,7
815,16.28059,1635,16.28059,8
816,16.30059,1611,16.30059,10
817,16.32059,1621,16.32059,2
818,16.34059,1554,16.34059,8
819,16.36059,1578,16.36059,10
820,16.38059,1649,16.38059,13
821,16.40059,1598,16.40059,10
822,16.42059,1635,16.42059,10
823,16.44059,1662,16.44059,9
824,16.46059,1783,16.46059,8
825,16.48059,1732,16.48059,10
826,16.5006,1821,16.5006,8
827,16.52059,1878,16.52059,9
828,16.54059,1853,16.54059,12
829,16.56059,1984,16.56059,13
830,16.5806,1825,16.5806,9
831,16.60059,1972,16.60059,8
832,16.62059,1874,16.62059,12
833,16.64059,1864,16.64059,13
834,16.66059,1927,16.66059,9
835,16.68059,1810,16.68059,5
836,16.70059,1829,16.70059,5
837,16.72059,1729,16.72059,6
838,16.74059,1763,16.74059,7
839,16.76059,1698,16.76059,13
840,16.78059,1689,16.78059,11
841,16.80059,1694,16.80059,3
842,16.82059,1672,16.82059,7
843,16.84059,1649,16.84059,15
844,16.86059,1643,16.86059,11
845,16.88059,1632,16.88059,5
846,16.90059,1574,16.90059,10
847,16.92059,1565,16.92059,11
848,16.94059,1587,16.94059,7
849,16.96059,1567,16.96059,12
850,16.98059,1587,16.98059,9
851,17.0006,1610,17.0006,7
852,17.02059,1666,17.02059,11
853,17.04059,1651,17.04059,10
854,17.06059,1693,17.06059,4
855,17.0806,1599,17.0806,3
856,17.10059,1608,17.10059,13
857,17.12059,1611,17.12059,8
858,17.14059,1659,17.14059,11
859,17.16059,1671,17.16059,8
860,17.18059,1593,17.18059,14
861,17.20059,1648,17.20059,8
862,17.22059,1668,17.22059,10
863,17.24059,1728,17.24059,7
864,17.26059,1682,17.26059,9
865,17.28059,1783,17.28059,7
866,17.30059,1789,17.30059,8
867,17.32059,1662,17.32059,5
868,17.34059,1696,17.34059,5
869,17.36059,1685,17.36059,6
870,17.38059,1795,17.38059,9
871,17.40059,1816,17.40059,9
872,17.42059,1799,17.42059,9
873,17.44059,1838,17.44059,7
874,17.46059,1863,17.46059,7
875,17.48059,1897,17.48059,11
876,17.5006,1922,17.5006,5
877,17.52059,2065,17.52059,8
878,17.54059,2159,17.54059,9
879,17.56059,2209,17.56059,7
880,17.5806,2445,17.5806,2
881,17.60059,2377,17.60059,3
882,17.62059,2443,17.62059,3
883,17.64059,2444,17.64059,7
884,17.66059,2582,17.66059,8
885,17.68059,2451,17.68059,5
886,17.70059,2442,17.70059,8
887,17.72059,2444,17.72059,7
888,17.74059,2300,17.74059,1
889,17.76059,2171,17.76059,8
890,17.78059,2194,17.78059,5
891,17.80059,2080,17.80059,9
892,17.82059,1968,17.82059,12
893,17.84059,2031,17.84059,6
894,17.86059,2060,17.86059,4
895,17.88059,1992,17.88059,3
896,17.90059,2040,17.90059,8
897,17.92059,2098,17.92059,4
898,17.94059,2066,17.94059,8
899,17.96059,2168,17.96059,6
900,17.98059,2230,17.98059,2
901,18.0006,2170,18.0006,7
902,18.02059,2136,18.02059,8
903,18.04059,2180,18.04059,2
904,18.06059,2182,18.06059,6
905,18.0806,2139,18.0806,4
906,18.10059,2240,18.10059,4
907,18.12059,2180,18.12059,4
908,18.14059,2299,18.14059,4
909,18.16059,2194,18.16059,7
910,18.18059,2241,18.18059,3
911,18.20059,2244,18.20059,6
912,18.22059,2317,18.22059,8
913,18.24059,2313,18.24059,5
914,18.26059,2433,18.26059,3
915,18.28059,2450,18.28059,7
916,18.30059,2553,18.30059,5
917,18.32059,2502,18.32059,2
918,18.34059,2572,18.34059,5
919,18.36059,2729,18.36059,5
920,18.38059,2646,18.38059,7
921,18.40059,2778,18.40059,9
922,18.42059,2792,18.42059,9
923,18.44059,2880,18.44059,2
924,18.46059,3044,18.46059,4
925,18.48059,3113,18.48059,6
926,18.5006,3186,18.5006,4
927,18.52059,3285,18.52059,5
928,18.54059,3456,18.54059,6
929,18.56059,3658,18.56059,5
930,18.5806,3766,18.5806,11
931,18.60059,3879,18.60059,5
932,18.62059,4082,18.62059,3
933,18.64059,4212,18.64059,3
934,18.66059,4379,18.66059,3
935,18.68059,4541,18.68059,6
936,18.70059,4885,18.70059,11
937,18.72059,4994,18.72059,6
938,18.74059,5156,18.74059,10
939,18.76059,5374,18.76059,4
940,18.78059,5556,18.78059,6
941,18.80059,5839,18.80059,5
942,18.82059,5867,18.82059,8
943,18.84059,6160,18.84059,5
944,18.86059,6358,18.86059,1
945,18.88059,6444,18.88059,8
946,18.90059,6534,18.90059,8
947,18.92059,6803,18.92059,3
948,18.94059,6940,18.94059,6
949,18.96059,6855,18.96059,4
950,18.98059,6999,18.98059,8
951,19.0006,6854,19.0006,1
952,19.02059,6913,19.02059,8
953,19.04059,6935,19.04059,3
954,19.06059,6976,19.06059,5
955,19.0806,6798,19.0806,3
956,19.10059,6707,19.10059,3
957,19.12059,6699,19.12059,2
958,19.14059,6407,19.14059,6
959,19.16059,6411,19.16059,5
960,19.18059,6176,19.18059,6
961,19.20059,5903,19.20059,8
962,19.22059,5710,19.22059,2
963,19.24059,5617,19.24059,6
964,19.26059,5365,19.26059,2
965,19.28059,5047,19.28059,1
966,19.30059,5023,19.30059,4
967,19.32059,4766,19.32059,2
968,19.34059,4537,19.34059,3
969,19.36059,4337,19.36059,2
970,19.38059,4077,19.38059,5
971,19.40059,3994,19.40059,1
972,19.42059,3756,19.42059,4
973,19.44059,3684,19.44059,3
974,19.46059,3536,19.46059,5
975,19.48059,3332,19.48059,4
976,19.5006,3306,19.5006,2
977,19.52059,3263,19.52059,1
978,19.54059,3010,19.54059,4
979,19.56059,2954,19.56059,4
980,19.5806,2795,19.5806,7
981,19.60059,2860,19.60059,1
982,19.62059,2712,19.62059,8
983,19.64059,2598,19.64059,4
984,19.66059,2429,19.66059,4
985,19.68059,2440,19.68059,5
986,19.70059,2411,19.70059,8
987,19.72059,2326,19.72059,2
988,19.74059,2374,19.74059,4
989,19.76059,2152,19.76059,5
990,19.78059,2182,19.78059,5
991,19.80059,2161,19.80059,0
992,19.82059,2155,19.82059,4
993,19.84059,2372,19.84059,3
994,19.86059,2349,19.86059,2
995,19.88059,2479,19.88059,2
996,19.90059,2559,19.90059,2
997,19.92059,2808,19.92059,2
998,19.94059,2907,19.94059,1
999,19.96059,3164,19.96059,7
1000,19.98059,3580,19.98059,4
1001,20.0006,3826,20.0006,1
1002,20.02059,4077,20.02059,1
1003,20.04059,4428,20.04059,7
1004,20.06059,4808,20.06059,5
1005,20.0806,5125,20.0806,1
1006,20.10059,5365,20.10059,4
1007,20.12059,5510,20.12059,2
1008,20.14059,5619,20.14059,2
1009,20.16059,5632,20.16059,4
1010,20.18059,5681,20.18059,0
1011,20.20059,5515,20.20059,0
1012,20.22059,5273,20.22059,0
1013,20.24059,4882,20.24059,2
1014,20.26059,4533,20.26059,4
1015,20.28059,4068,20.28059,3
1016,20.30059,3516,20.30059,2
1017,20.32059,3195,20.32059,3
1018,20.34059,2800,20.34059,3
1019,20.36059,2476,20.36059,2
1020,20.38059,2361,20.38059,0
1021,20.40059,2085,20.40059,2
1022,20.42059,1917,20.42059,0
1023,20.44059,1908,20.44059,2
1024,20.46059,1892,20.46059,1
1025,20.48059,1856,20.48059,4
1026,20.5006,1804,20.5006,3
1027,20.52059,1827,20.52059,3
1028,20.54059,1733,20.54059,4
1029,20.56059,1802,20.56059,1
1030,20.5806,1775,20.5806,2
1031,20.60059,1835,20.60059,0
1032,20.62059,1779,20.62059,2
1033,20.64059,1906,20.64059,2
1034,20.66059,1900,20.66059,3
1035,20.68059,1851,20.68059,1
1036,20.70059,1881,20.70059,2
1037,20.72059,1791,20.72059,0
1038,20.74059,1882,20.74059,2
1039,20.76059,1831,20.76059,1
1040,20.78059,1942,20.78059,0
1041,20.80059,1936,20.80059,2
1042,20.82059,2073,20.82059,0
1043,20.84059,2121,20.84059,3
1044,20.86059,1993,20.86059,0
1045,20.88059,2164,20.88059,2
1046,20.90059,2209,20.90059,2
1047,20.92059,2184,20.92059,1
1048,20.94059,2155,20.94059,3
1049,20.96059,2189,20.96059,0
1050,20.98059,2237,20.98059,2
1051,21.0006,2297,21.0006,1
1052,21.02059,2310,21.02059,0
1053,21.04059,2324,21.04059,2
1054,21.06059,2463,21.06059,4
1055,21.0806,2499,21.0806,0
1056,21.10059,2378,21.10059,1
1057,21.12059,2435,21.12059,3
1058,21.14059,2437,21.14059,0
1059,21.16059,2512,21.16059,3
1060,21.18059,2575,21.18059,1
1061,21.20059,2441,21.20059,1
1062,21.22059,2618,21.22059,0
1063,21.24059,2574,21.24059,2
1064,21.26059,2532,21.26059,0
1065,21.28059,2659,21.28059,1
1066,21.30059,2524,21.30059,3
1067,21.32059,2557,21.32059,0
1068,21.34059,2599,21.34059,0
1069,21.36059,2563,21.36059,0
1070,21.38059,2587,21.38059,3
1071,21.40059,2494,21.40059,1
1072,21.42059,2459,21.42059,0
1073,21.44059,2530,21.44059,0
1074,21.46059,2320,21.46059,0
1075,21.48059,2390,21.48059,1
1076,21.5006,2272,21.5006,2
1077,21.52059,2324,21.52059,2
1078,21.54059,2303,21.54059,2
1079,21.56059,2346,21.56059,0
1080,21.5806,2224,21.5806,0
1081,21.60059,2222,21.60059,0
1082,21.62059,2146,21.62059,0
1083,21.64059,2097,21.64059,1
1084,21.66059,2020,21.66059,0
1085,21.68059,2063,21.68059,2
1086,21.70059,2041,21.70059,0
1087,21.72059,1989,21.72059,1
1088,21.74059,1945,21.74059,0
1089,21.76059,1904,21.76059,1
1090,21.78059,1907,21.78059,1
1091,21.80059,1896,21.80059,2
1092,21.82059,1892,21.82059,1
1093,21.84059,1797,21.84059,1
1094,21.86059,1839,21.86059,1
1095,21.88059,1765,21.88059,1
1096,21.90059,1799,21.90059,0
1097,21.92059,1829,21.92059,0
1098,21.94059,1745,21.94059,1
1099,21.96059,1732,21.96059,1
1100,21.98059,1797,21.98059,0
1101,22.0006,1694,22.0006,0
1102,22.02059,1703,22.02059,1
1103,22.04059,1611,22.04059,0
1104,22.06059,1649,22.06059,0
1105,22.0806,1670,22.0806,0
1106,22.10059,1663,22.10059,1
1107,22.12059,1634,22.12059,0
1108,22.14059,1533,22.14059,0
1109,22.16059,1588,22.16059,0
1110,22.18059,1507,22.18059,1
1111,22.20059,1631,22.20059,3
1112,22.22059,1544,22.22059,1
1113,22.24059,1494,22.24059,0
1114,22.26059,1506,22.26059,0
1115,22.28059,1495,22.28059,0
1116,22.30059,1472,22.30059,0
1117,22.32059,1503,22.32059,0
1118,22.34059,1545,22.34059,0
1119,22.36059,1502,22.36059,0
1120,22.38059,1519,22.38059,0
1121,22.40059,1480,22.40059,3
1122,22.42059,1489,22.42059,0
1123,22.44059,1496,22.44059,0
1124,22.46059,1522,22.46059,1
1125,22.48059,1586,22.48059,0
1126,22.5006,1590,22.5006,1
1127,22.52059,1576,22.52059,0
1128,22.54059,1709,22.54059,0
1129,22.56059,1707,22.56059,0
1130,22.5806,1889,22.5806,3
1131,22.60059,1901,22.60059,0
1132,22.62059,1931,22.62059,1
1133,22.64059,2055,22.64059,1
1134,22.66059,2116,22.66059,0
1135,22.68059,2076,22.68059,2
1136,22.70059,2103,22.70059,2
1137,22.72059,2050,22.72059,1
1138,22.74059,2062,22.74059,0
1139,22.76059,1890,22.76059,0
1140,22.78059,1833,22.78059,0
1141,22.80059,1730,22.80059,0
1142,22.82059,1719,22.82059,0
1143,22.84059,1634,22.84059,0
1144,22.86059,1532,22.86059,0
1145,22.88059,1550,22.88059,0
1146,22.90059,1476,22.90059,0
1147,22.92059,1407,22.92059,0
1148,22.94059,1406,22.94059,0
1149,22.96059,1430,22.96059,2
1150,22.98059,1414,22.98059,0
1151,23.0006,1480,23.0006,0
1152,23.02059,1428,23.02059,0
1153,23.04059,1360,23.04059,0
1154,23.06059,1409,23.06059,0
1155,23.0806,1491,23.0806,0
1156,23.10059,1377,23.10059,0
1157,23.12059,1428,23.12059,0
1158,23.14059,1467,23.14059,2
1159,23.16059,1475,23.16059,0
1160,23.18059,1464,23.18059,1
1161,23.20059,1469,23.20059,1
1162,23.22059,1396,23.22059,0
1163,23.24059,1415,23.24059,1
1164,23.26059,1354,23.26059,0
1165,23.28059,1399,23.28059,0
1166,23.30059,1376,23.30059,0
1167,23.32059,1405,23.32059,0
1168,23.34059,1362,23.34059,0
1169,23.36059,1378,23.36059,1
1170,23.38059,1344,23.38059,1
1171,23.40059,1324,23.40059,1
1172,23.42059,1345,23.42059,0
1173,23.44059,1254,23.44059,0
1174,23.46059,1250,23.46059,0
1175,23.48059,1292,23.48059,0
1176,23.5006,1261,23.5006,0
1177,23.52059,1295,23.52059,0
1178,23.54059,1295,23.54059,0
1179,23.56059,1293,23.56059,0
1180,23.5806,1298,23.5806,1
1181,23.60059,1335,23.60059,0
1182,23.62059,1307,23.62059,0
1183,23.64059,1308,23.64059,0
1184,23.66059,1272,23.66059,0
1185,23.68059,1312,23.68059,1
1186,23.70059,1317,23.70059,2
1187,23.72059,1324,23.72059,0
1188,23.74059,1312,23.74059,0
1189,23.76059,1321,23.76059,0
1190,23.78059,1305,23.78059,2
1191,23.80059,1271,23.80059,0
1192,23.82059,1284,23.82059,0
1193,23.84059,1210,23.84059,0
1194,23.86059,1286,23.86059,0
1195,23.88059,1260,23.88059,0
1196,23.90059,1282,23.90059,1
1197,23.92059,1264,23.92059,0
1198,23.94059,1289,23.94059,0
1199,23.96059,1217,23.96059,0
1200,23.98059,1299,23.98059,0
1201,24.0006,1258,24.0006,0
1202,24.02059,1258,24.02059,0
1203,24.04059,1240,24.04059,0
1204,24.06059,1279,24.06059,0
1205,24.0806,1321,24.0806,1
1206,24.10059,1237,24.10059,0
1207,24.12059,1244,24.12059,0
1208,24.14059,1222,24.14059,1
1209,24.16059,1261,24.16059,0
1210,24.18059,1281,24.18059,1
1211,24.20059,1173,24.20059,0
1212,24.22059,1219,24.22059,0
1213,24.24059,1266,24.24059,0
1214,24.26059,1270,24.26059,0
1215,24.28059,1288,24.28059,0
1216,24.30059,1295,24.30059,0
1217,24.32059,1149,24.32059,2
1218,24.34059,1195,24.34059,0
1219,24.36059,1271,24.36059,0
1220,24.38059,1161,24.38059,0
1221,24.40059,1254,24.40059,0
1222,24.42059,1290,24.42059,0
1223,24.44059,1179,24.44059,1
1224,24.46059,1188,24.46059,0
1225,24.48059,1196,24.48059,0
1226,24.5006,1165,24.5006,0
1227,24.52059,1170,24.52059,1
1228,24.54059,1243,24.54059,0
1229,24.56059,1216,24.56059,0
1230,24.5806,1206,24.5806,0
1231,24.60059,1177,24.60059,0
1232,24.62059,1192,24.62059,0
1233,24.64059,1256,24.64059,0
1234,24.66059,1182,24.66059,0
1235,24.68059,1178,24.68059,0
1236,24.70059,1159,24.70059,0
1237,24.72059,1171,24.72059,0
1238,24.74059,1206,24.74059,0
1239,24.76059,1154,24.76059,0
1240,24.78059,1201,24.78059,0
1241,24.80059,1171,24.80059,1
1242,24.82059,1195,24.82059,0
1243,24.84059,1224,24.84059,0
1244,24.86059,1217,24.86059,0
1245,24.88059,1105,24.88059,0
1246,24.90059,1263,24.90059,0
1247,24.92059,1222,24.92059,0
1248,24.94059,1241,24.94059,1
1249,24.96059,1182,24.96059,0
1250,24.98059,1233,24.98059,0
1251,25.0006,1300,25.0006,0
1252,25.02059,1233,25.02059,0
1253,25.04059,1238,25.04059,0
1254,25.06059,1251,25.06059,0
1255,25.0806,1260,25.0806,0
1256,25.10059,1195,25.10059,0
1257,25.12059,1245,25.12059,0
1258,25.14059,1291,25.14059,0
1259,25.16059,1248,25.16059,0
1260,25.18059,1186,25.18059,0
1261,25.20059,1284,25.20059,0
1262,25.22059,1188,25.22059,1
1263,25.24059,1255,25.24059,0
1264,25.26059,1270,25.26059,0
1265,25.28059,1281,25.28059,0
1266,25.30059,1234,25.30059,0
1267,25.32059,1210,25.32059,0
1268,25.34059,1220,25.34059,0
1269,25.36059,1144,25.36059,0
1270,25.38059,1215,25.38059,0
1271,25.40059,1137,25.40059,0
1272,25.42059,1138,25.42059,0
1273,25.44059,1158,25.44059,0
1274,25.46059,1155,25.46059,0
1275,25.48059,1120,25.48059,0
1276,25.5006,1103,25.5006,0
1277,25.52059,1108,25.52059,0
1278,25.54059,1131,25.54059,0
1279,25.56059,1122,25.56059,1
1280,25.5806,1183,25.5806,0
1281,25.60059,1129,25.60059,0
1282,25.62059,1134,25.62059,0
1283,25.64059,1068,25.64059,0
1284,25.66059,1075,25.66059,0
1285,25.68059,1157,25.68059,0
1286,25.70059,1105,25.70059,0
1287,25.72059,1106,25.72059,0
1288,25.74059,1121,25.74059,0
1289,25.76059,1139,25.76059,0
1290,25.78059,1133,25.78059,1
1291,25.80059,1132,25.80059,1
1292,25.82059,1104,25.82059,0
1293,25.84059,1048,25.84059,0
1294,25.86059,1084,25.86059,0
1295,25.88059,1158,25.88059,1
1296,25.90059,1106,25.90059,0
1297,25.92059,1035,25.92059,0
1298,25.94059,1148,25.94059,0
1299,25.96059,1110,25.96059,0
1300,25.98059,1078,25.98059,0
1301,26.0006,1116,26.0006,1
1302,26.02059,1095,26.02059,0
1303,26.04059,1108,26.04059,0
1304,26.06059,1063,26.06059,0
1305,26.0806,1103,26.0806,0
1306,26.10059,1102,26.10059,0
1307,26.12059,1097,26.12059,0
1308,26.14059,1033,26.14059,0
1309,26.16059,1102,26.16059,0
1310,26.18059,1086,26.18059,0
1311,26.20059,1050,26.20059,0
1312,26.22059,1066,26.22059,0
1313,26.24059,1055,26.24059,0
1314,26.26059,1024,26.26059,0
1315,26.28059,1060,26.28059,0
1316,26.30059,1018,26.30059,0
1317,26.32059,1115,26.32059,0
1318,26.34059,1116,26.34059,0
1319,26.36059,1045,26.36059,0
1320,26.38059,1008,26.38059,0
1321,26.40059,1144,26.40059,0
1322,26.42059,1035,26.42059,0
1323,26.44059,1045,26.44059,1
1324,26.46059,1094,26.46059,0
1325,26.48059,1039,26.48059,0
1326,26.5006,1109,26.5006,0
1327,26.52059,1019,26.52059,0
1328,26.54059,1065,26.54059,0
1329,26.56059,1111,26.56059,0
1330,26.5806,1025,26.5806,0
1331,26.60059,988,26.60059,0
1332,26.62059,1064,26.62059,0
1333,26.64059,1029,26.64059,0
1334,26.66059,1017,26.66059,0
1335,26.68059,970,26.68059,0
1336,26.70059,1019,26.70059,0
1337,26.72059,1048,26.72059,0
1338,26.74059,1066,26.74059,0
1339,26.76059,964,26.76059,0
1340,26.78059,987,26.78059,0
1341,26.80059,1028,26.80059,0
1342,26.82059,988,26.82059,0
1343,26.84059,1059,26.84059,0
1344,26.86059,1016,26.86059,0
1345,26.88059,964,26.88059,0
1346,26.90059,1005,26.90059,0
1347,26.92059,1008,26.92059,0
1348,26.94059,977,26.94059,0
1349,26.96059,1009,26.96059,0
1350,26.98059,1019,26.98059,0
1351,27.0006,943,27.0006,0
1352,27.02059,910,27.02059,0
1353,27.04059,981,27.04059,0
1354,27.06059,1009,27.06059,0
1355,27.0806,960,27.0806,0
1356,27.10059,984,27.10059,0
1357,27.12059,970,27.12059,0
1358,27.14059,995,27.14059,0
1359,27.16059,942,27.16059,0
1360,27.18059,942,27.18059,0
1361,27.20059,977,27.20059,0
1362,27.22059,925,27.22059,0
1363,27.24059,954,27.24059,0
1364,27.26059,990,27.26059,0
1365,27.28059,990,27.28059,0
1366,27.30059,915,27.30059,0
1367,27.32059,969,27.32059,0
1368,27.34059,940,27.34059,0
1369,27.36059,1002,27.36059,0
1370,27.38059,963,27.38059,0
1371,27.40059,944,27.40059,0
1372,27.42059,941,27.42059,0
1373,27.44059,969,27.44059,0
1374,27.46059,935,27.46059,0
1375,27.48059,999,27.48059,0
1376,27.5006,964,27.5006,0
1377,27.52059,889,27.52059,0
1378,27.54059,908,27.54059,0
1379,27.56059,938,27.56059,0
1380,27.5806,925,27.5806,0
1381,27.60059,969,27.60059,0
1382,27.62059,909,27.62059,0
1383,27.64059,962,27.64059,0
1384,27.66059,946,27.66059,0
1385,27.68059,934,27.68059,0
1386,27.70059,923,27.70059,0
1387,27.72059,902,27.72059,0
1388,27.74059,903,27.74059,0
1389,27.76059,916,27.76059,0
1390,27.78059,893,27.78059,0
1391,27.80059,887,27.80059,0
1392,27.82059,942,27.82059,0
1393,27.84059,847,27.84059,0
1394,27.86059,878,27.86059,0
1395,27.88059,851,27.88059,0
1396,27.90059,904,27.90059,0
1397,27.92059,935,27.92059,0
1398,27.94059,855,27.94059,0
1399,27.96059,936,27.96059,0
1400,27.98059,896,27.98059,0
1401,28.0006,859,28.0006,0
1402,28.02059,901,28.02059,0
1403,28.04059,855,28.04059,0
1404,28.06059,909,28.06059,0
1405,28.0806,873,28.0806,0
1406,28.10059,905,28.10059,0
1407,28.12059,838,28.12059,0
1408,28.14059,938,28.14059,0
1409,28.16059,858,28.16059,0
1410,28.18059,875,28.18059,0
1411,28.20059,858,28.20059,0
1412,28.22059,826,28.22059,0
1413,28.24059,896,28.24059,0
1414,28.26059,851,28.26059,0
1415,28.28059,886,28.28059,0
1416,28.30059,870,28.30059,0
1417,28.32059,846,28.32059,0
1418,28.34059,849,28.34059,0
1419,28.36059,883,28.36059,0
1420,28.38059,853,28.38059,0
1421,28.40059,876,28.40059,0
1422,28.42059,881,28.42059,0
1423,28.44059,847,28.44059,0
1424,28.46059,792,28.46059,0
1425,28.48059,853,28.48059,0
1426,28.5006,808,28.5006,0
1427,28.52059,837,28.52059,0
1428,28.54059,829,28.54059,0
1429,28.56059,786,28.56059,0
1430,28.5806,821,28.5806,0
1431,28.60059,845,28.60059,0
1432,28.62059,811,28.62059,0
1433,28.64059,832,28.64059,0
1434,28.66059,882,28.66059,0
1435,28.68059,815,28.68059,0
1436,28.70059,838,28.70059,0
1437,28.72059,834,28.72059,0
1438,28.74059,803,28.74059,0
1439,28.76059,858,28.76059,0
1440,28.78059,786,28.78059,0
1441,28.80059,871,28.80059,0
1442,28.82059,833,28.82059,0
1443,28.84059,804,28.84059,0
1444,28.86059,817,28.86059,0
1445,28.88059,836,28.88059,0
1446,28.90059,831,28.90059,0
1447,28.92059,799,28.92059,0
1448,28.94059,835,28.94059,0
1449,28.96059,795,28.96059,0
1450,28.98059,792,28.98059,0
1451,29.0006,806,29.0006,0
1452,29.02059,785,29.02059,0
1453,29.04059,792,29.04059,0
1454,29.06059,805,29.06059,0
1455,29.0806,794,29.0806,0
1456,29.10059,828,29.10059,0
1457,29.12059,779,29.12059,0
1458,29.14059,756,29.14059,0
1459,29.16059,788,29.16059,0
1460,29.18059,772,29.18059,0
1461,29.20059,780,29.20059,0
1462,29.22059,777,29.22059,0
1463,29.24059,833,29.24059,0
1464,29.26059,764,29.26059,0
1465,29.28059,767,29.28059,0
1466,29.30059,764,29.30059,0
1467,29.32059,767,29.32059,0
1468,29.34059,730,29.34059,0
1469,29.36059,795,29.36059,0
1470,29.38059,793,29.38059,0
1471,29.40059,728,29.40059,0
1472,29.42059,744,29.42059,0
1473,29.44059,747,29.44059,0
1474,29.46059,739,29.46059,0
1475,29.48059,758,29.48059,0
1476,29.5006,735,29.5006,0
1477,29.52059,724,29.52059,0
1478,29.54059,715,29.54059,0
1479,29.56059,738,29.56059,0
1480,29.5806,755,29.5806,0
1481,29.60059,781,29.60059,0
1482,29.62059,701,29.62059,0
1483,29.64059,731,29.64059,0
1484,29.66059,751,29.66059,0
1485,29.68059,724,29.68059,0
1486,29.70059,705,29.70059,0
1487,29.72059,716,29.72059,0
1488,29.74059,690,29.74059,0
1489,29.76059,693,29.76059,0
1490,29.78059,732,29.78059,0
1491,29.80059,748,29.80059,0
1492,29.82059,736,29.82059,0
1493,29.84059,715,29.84059,0
1494,29.86059,694,29.86059,0
1495,29.88059,701,29.88059,0
1496,29.90059,664,29.90059,0
1497,29.92059,719,29.92059,0
1498,29.94059,704,29.94059,0
1499,29.96059,682,29.96059,0
1500,29.98059,690,29.98059,0
1501,30.0006,671,30.0006,0
1502,30.02059,677,30.02059,0
1503,30.04059,664,30.04059,0
1504,30.06059,675,30.06059,0
1505,30.0806,686,30.0806,0
1506,30.10059,653,30.10059,0
1507,30.12059,674,30.12059,0
1508,30.14059,718,30.14059,0
1509,30.16059,722,30.16059,0
1510,30.18059,640,30.18059,0
1511,30.20059,618,30.20059,0
1512,30.22059,670,30.22059,0
1513,30.24059,672,30.24059,0
1514,30.26059,707,30.26059,0
1515,30.28059,661,30.28059,0
1516,30.30059,672,30.30059,0
1517,30.32059,664,30.32059,0
1518,30.34059,605,30.34059,0
1519,30.36059,612,30.36059,0
1520,30.38059,669,30.38059,0
1521,30.40059,674,30.40059,0
1522,30.42059,647,30.42059,0
1523,30.44059,601,30.44059,0
1524,30.46059,630,30.46059,0
1525,30.48059,665,30.48059,0
1526,30.5006,631,30.5006,0
1527,30.52059,642,30.52059,0
1528,30.54059,648,30.54059,0
1529,30.56059,643,30.56059,0
1530,30.5806,611,30.5806,0
1531,30.60059,634,30.60059,0
1532,30.62059,590,30.62059,0
1533,30.64059,615,30.64059,0
1534,30.66059,620,30.66059,0
1535,30.68059,654,30.68059,0
1536,30.70059,631,30.70059,0
1537,30.72059,635,30.72059,0
1538,30.74059,598,30.74059,0
1539,30.76059,595,30.76059,0
1540,30.78059,600,30.78059,0
1541,30.80059,576,30.80059,0
1542,30.82059,596,30.82059,0
1543,30.84059,577,30.84059,0
1544,30.86059,588,30.86059,0
1545,30.88059,585,30.88059,0
1546,30.90059,655,30.90059,0
1547,30.92059,602,30.92059,0
1548,30.94059,608,30.94059,0
1549,30.96059,634,30.96059,0
1550,30.98059,614,30.98059,0
1551,31.0006,580,31.0006,0
1552,31.02059,612,31.02059,0
1553,31.04059,603,31.04059,0
1554,31.06059,592,31.06059,0
1555,31.0806,559,31.0806,0
1556,31.10059,558,31.10059,0
1557,31.12059,580,31.12059,0
1558,31.14059,559,31.14059,0
1559,31.16059,559,31.16059,0
1560,31.18059,593,31.18059,0
1561,31.20059,527,31.20059,0
1562,31.22059,525,31.22059,0
1563,31.24059,509,31.24059,0
1564,31.26059,560,31.26059,0
1565,31.28059,564,31.28059,0
1566,31.30059,551,31.30059,0
1567,31.32059,587,31.32059,0
1568,31.34059,563,31.34059,0
1569,31.36059,577,31.36059,0
1570,31.38059,520,31.38059,0
1571,31.40059,578,31.40059,0
1572,31.42059,494,31.42059,0
1573,31.44059,515,31.44059,0
1574,31.46059,557,31.46059,0
1575,31.48059,526,31.48059,0
1576,31.5006,549,31.5006,0
1577,31.52059,517,31.52059,0
1578,31.54059,524,31.54059,0
1579,31.56059,527,31.56059,0
1580,31.5806,559,31.5806,0
1581,31.60059,524,31.60059,0
1582,31.62059,494,31.62059,0
1583,31.64059,550,31.64059,0
1584,31.66059,558,31.66059,0
1585,31.68059,498,31.68059,0
1586,31.70059,547,31.70059,0
1587,31.72059,566,31.72059,0
1588,31.74059,589,31.74059,0
1589,31.76059,529,31.76059,0
1590,31.78059,489,31.78059,0
1591,31.80059,540,31.80059,0
1592,31.82059,579,31.82059,0
1593,31.84059,562,31.84059,0
1594,31.86059,544,31.86059,0
1595,31.88059,527,31.88059,0
1596,31.90059,528,31.90059,0
1597,31.92059,530,31.92059,0
1598,31.94059,530,31.94059,0
1599,31.96059,503,31.96059,0
1600,31.98059,565,31.98059,0
1601,32.0006,536,32.0006,0
1602,32.0206,535,32.0206,0
1603,32.0406,575,32.0406,0
1604,32.06059,572,32.06059,0
1605,32.08059,566,32.08059,0
1606,32.10059,567,32.10059,0
1607,32.12059,596,32.12059,0
1608,32.14059,550,32.14059,0
1609,32.16059,548,32.16059,0
1610,32.1806,547,32.1806,0
1611,32.2006,522,32.2006,0
1612,32.22059,538,32.22059,0
1613,32.24059,515,32.24059,0
1614,32.26059,514,32.26059,0
1615,32.28059,504,32.28059,0
1616,32.30059,501,32.30059,0
1617,32.32059,471,32.32059,0
1618,32.3406,481,32.3406,0
1619,32.3606,482,32.3606,0
1620,32.38059,424,32.38059,0
1621,32.40059,448,32.40059,0
1622,32.42059,414,32.42059,0
1623,32.44059,426,32.44059,0
1624,32.46059,452,32.46059,0
1625,32.48059,457,32.48059,0
1626,32.5006,421,32.5006,0
1627,32.5206,428,32.5206,0
1628,32.5406,454,32.5406,0
1629,32.56059,387,32.56059,0
1630,32.58059,409,32.58059,0
1631,32.60059,395,32.60059,0
1632,32.62059,396,32.62059,0
1633,32.64059,405,32.64059,0
1634,32.66059,418,32.66059,0
1635,32.6806,381,32.6806,0
1636,32.7006,386,32.7006,0
1637,32.72059,412,32.72059,0
1638,32.74059,375,32.74059,0
1639,32.76059,373,32.76059,0
1640,32.78059,394,32.78059,0
1641,32.80059,353,32.80059,0
1642,32.82059,405,32.82059,0
1643,32.8406,385,32.8406,0
1644,32.8606,379,32.8606,0
1645,32.88059,393,32.88059,0
1646,32.90059,352,32.90059,0
1647,32.92059,389,32.92059,0
1648,32.94059,352,32.94059,0
1649,32.96059,355,32.96059,0
1650,32.98059,363,32.98059,0
1651,33.0006,373,33.0006,0
1652,33.0206,345,33.0206,0
1653,33.0406,348,33.0406,0
1654,33.06059,373,33.06059,0
1655,33.08059,346,33.08059,0
1656,33.10059,345,33.10059,0
1657,33.12059,351,33.12059,0
1658,33.14059,359,33.14059,0
1659,33.16059,324,33.16059,0
1660,33.1806,351,33.1806,0
1661,33.2006,319,33.2006,0
1662,33.22059,330,33.22059,0
1663,33.24059,345,33.24059,0
1664,33.26059,290,33.26059,0
1665,33.28059,319,33.28059,0
1666,33.30059,330,33.30059,0
1667,33.32059,340,33.32059,0
1668,33.3406,319,33.3406,0
1669,33.3606,360,33.3606,0
1670,33.38059,310,33.38059,0
1671,33.40059,274,33.40059,0
1672,33.42059,304,33.42059,0
1673,33.44059,327,33.44059,0
1674,33.46059,324,33.46059,0
1675,33.48059,279,33.48059,0
1676,33.5006,280,33.5006,0
1677,33.5206,288,33.5206,0
1678,33.5406,267,33.5406,0
1679,33.56059,283,33.56059,0
1680,33.58059,277,33.58059,0
1681,33.60059,261,33.60059,0
1682,33.62059,259,33.62059,0
1683,33.64059,271,33.64059,0
1684,33.66059,297,33.66059,0
1685,33.6806,287,33.6806,0
1686,33.7006,268,33.7006,0
1687,33.72059,270,33.72059,0
1688,33.74059,282,33.74059,0
1689,33.76059,275,33.76059,0
1690,33.78059,250,33.78059,0
1691,33.80059,241,33.80059,0
1692,33.82059,256,33.82059,0
1693,33.8406,250,33.8406,0
1694,33.8606,274,33.8606,0
1695,33.88059,261,33.88059,0
1696,33.90059,244,33.90059,0
1697,33.92059,226,33.92059,0
1698,33.94059,200,33.94059,0
1699,33.96059,238,33.96059,0
1700,33.98059,217,33.98059,0
1701,34.0006,245,34.0006,0
1702,34.0206,226,34.0206,0
1703,34.0406,231,34.0406,0
1704,34.06059,231,34.06059,0
1705,34.08059,220,34.08059,0
1706,34.10059,207,34.10059,0
1707,34.12059,223,34.12059,0
1708,34.14059,204,34.14059,0
1709,34.16059,224,34.16059,0
1710,34.1806,236,34.1806,0
1711,34.2006,213,34.2006,0
1712,34.22059,200,34.22059,0
1713,34.24059,192,34.24059,0
1714,34.26059,200,34.26059,0
1715,34.28059,185,34.28059,0
1716,34.30059,200,34.30059,0
1717,34.32059,204,34.32059,0
1718,34.3406,197,34.3406,0
1719,34.3606,181,34.3606,0
1720,34.38059,180,34.38059,0
1721,34.40059,196,34.40059,0
1722,34.42059,178,34.42059,0
1723,34.44059,171,34.44059,0
1724,34.46059,155,34.46059,0
1725,34.48059,169,34.48059,0
1726,34.5006,160,34.5006,0
1727,34.5206,177,34.5206,0
1728,34.5406,165,34.5406,0
1729,34.56059,163,34.56059,0
1730,34.58059,158,34.58059,0
1731,34.60059,152,34.60059,0
1732,34.62059,171,34.62059,0
1733,34.64059,149,34.64059,0
1734,34.66059,144,34.66059,0
1735,34.6806,162,34.6806,0
1736,34.7006,138,34.7006,0
1737,34.72059,131,34.72059,0
1738,34.74059,168,34.74059,0
1739,34.76059,137,34.76059,0
1740,34.78059,133,34.78059,0
1741,34.80059,128,34.80059,0
1742,34.82059,132,34.82059,0
1743,34.8406,148,34.8406,0
1744,34.8606,143,34.8606,0
1745,34.88059,126,34.88059,0
1746,34.90059,135,34.90059,0
1747,34.92059,120,34.92059,0
1748,34.94059,123,34.94059,0
1749,34.96059,135,34.96059,0
1750,34.98059,111,34.98059,0
1751,35.0006,135,35.0006,0
1752,35.0206,113,35.0206,0
1753,35.0406,114,35.0406,0
1754,35.06059,111,35.06059,0
1755,35.08059,106,35.08059,0
1756,35.10059,116,35.10059,0
1757,35.12059,100,35.12059,0
1758,35.14059,111,35.14059,0
1759,35.16059,95,35.16059,0
1760,35.1806,89,35.1806,0
1761,35.2006,84,35.2006,0
1762,35.22059,84,35.22059,0
1763,35.24059,98,35.24059,0
1764,35.26059,85,35.26059,0
1765,35.28059,87,35.28059,0
1766,35.30059,75,35.30059,0
1767,35.32059,93,35.32059,0
1768,35.3406,71,35.3406,0
1769,35.3606,86,35.3606,0
1770,35.38059,88,35.38059,0
1771,35.40059,80,35.40059,0
1772,35.42059,66,35.42059,0
1773,35.44059,74,35.44059,0
1774,35.46059,65,35.46059,0
1775,35.48059,83,35.48059,0
1776,35.5006,80,35.5006,0
1777,35.5206,63,35.5206,0
1778,35.5406,77,35.5406,0
1779,35.56059,72,35.56059,0
1780,35.58059,80,35.58059,0
1781,35.60059,63,35.60059,0
1782,35.62059,65,35.62059,0
1783,35.64059,63,35.64059,0
1784,35.66059,54,35.66059,0
1785,35.6806,60,35.6806,0
1786,35.7006,80,35.7006,0
1787,35.72059,64,35.72059,0
1788,35.74059,61,35.74059,0
1789,35.76059,51,35.76059,0
1790,35.78059,48,35.78059,0
1791,35.80059,47,35.80059,0
1792,35.82059,57,35.82059,0
1793,35.8406,46,35.8406,0
1794,35.8606,53,35.8606,0
1795,35.88059,72,35.88059,0
1796,35.90059,52,35.90059,0
1797,35.92059,55,35.92059,0
1798,35.94059,60,35.94059,0
1799,35.96059,45,35.96059,0
1800,35.98059,53,35.98059,0
1801,36.0006,48,36.0006,0
1802,36.0206,40,36.0206,0
1803,36.0406,47,36.0406,0
1804,36.06059,44,36.06059,0
1805,36.08059,49,36.08059,0
1806,36.10059,58,36.10059,0
1807,36.12059,51,36.12059,0
1808,36.14059,57,36.14059,0
1809,36.16059,43,36.16059,0
1810,36.1806,49,36.1806,0
1811,36.2006,51,36.2006,0
1812,36.22059,59,36.22059,0
1813,36.24059,41,36.24059,0
1814,36.26059,56,36.26059,0
1815,36.28059,51,36.28059,0
1816,36.30059,54,36.30059,0
1817,36.32059,54,36.32059,0
1818,36.3406,67,36.3406,0
1819,36.3606,52,36.3606,0
1820,36.38059,61,36.38059,0
1821,36.40059,57,36.40059,0
1822,36.42059,53,36.42059,0
1823,36.44059,51,36.44059,0
1824,36.46059,38,36.46059,0
1825,36.48059,37,36.48059,0
1826,36.5006,44,36.5006,0
1827,36.5206,23,36.5206,0
1828,36.5406,40,36.5406,0
1829,36.56059,34,36.56059,0
1830,36.58059,27,36.58059,0
1831,36.60059,36,36.60059,0
1832,36.62059,32,36.62059,0
1833,36.64059,38,36.64059,0
1834,36.66059,28,36.66059,0
1835,36.6806,34,36.6806,0
1836,36.7006,29,36.7006,0
1837,36.72059,35,36.72059,0
1838,36.74059,23,36.74059,0
1839,36.76059,27,36.76059,0
1840,36.78059,27,36.78059,0
1841,36.80059,23,36.80059,0
1842,36.82059,18,36.82059,0
1843,36.8406,31,36.8406,0
1844,36.8606,26,36.8606,0
1845,36.88059,24,36.88059,0
1846,36.90059,24,36.90059,0
1847,36.92059,25,36.92059,0
1848,36.94059,34,36.94059,0
1849,36.96059,32,36.96059,0
1850,36.98059,28,36.98059,0
1851,37.0006,17,37.0006,0
1852,37.0206,31,37.0206,0
1853,37.0406,29,37.0406,0
1854,37.06059,31,37.06059,0
1855,37.08059,24,37.08059,0
1856,37.10059,23,37.10059,0
1857,37.12059,32,37.12059,0
1858,37.14059,28,37.14059,0
1859,37.16059,35,37.16059,0
1860,37.1806,28,37.1806,0
1861,37.2006,23,37.2006,0
1862,37.22059,24,37.22059,0
1863,37.24059,27,37.24059,0
1864,37.26059,26,37.26059,0
1865,37.28059,25,37.28059,0
1866,37.30059,25,37.30059,0
1867,37.32059,23,37.32059,0
1868,37.3406,24,37.3406,0
1869,37.3606,24,37.3606,0
1870,37.38059,25,37.38059,0
1871,37.40059,15,37.40059,0
1872,37.42059,26,37.42059,0
1873,37.44059,25,37.44059,0
1874,37.46059,21,37.46059,0
1875,37.48059,19,37.48059,0
1876,37.5006,18,37.5006,0
1877,37.5206,18,37.5206,0
1878,37.5406,19,37.5406,0
1879,37.56059,23,37.56059,0
1880,37.58059,17,37.58059,0
1881,37.60059,25,37.60059,0
1882,37.62059,17,37.62059,0
1883,37.64059,22,37.64059,0
1884,37.66059,16,37.66059,0
1885,37.6806,16,37.6806,0
1886,37.7006,25,37.7006,0
1887,37.72059,21,37.72059,0
1888,37.74059,12,37.74059,0
1889,37.76059,18,37.76059,0
1890,37.78059,18,37.78059,0
1891,37.80059,21,37.80059,0
1892,37.82059,13,37.82059,0
1893,37.8406,19,37.8406,0
1894,37.8606,16,37.8606,0
1895,37.88059,20,37.88059,0
1896,37.90059,8,37.90059,0
1897,37.92059,22,37.92059,0
1898,37.94059,23,37.94059,0
1899,37.96059,10,37.96059,0
1900,37.98059,17,37.98059,0
1901,38.0006,16,38.0006,0
1902,38.0206,19,38.0206,0
1903,38.0406,13,38.0406,0
1904,38.06059,26,38.06059,0
1905,38.08059,15,38.08059,0
1906,38.10059,22,38.10059,0
1907,38.12059,15,38.12059,0
1908,38.14059,13,38.14059,0
1909,38.16059,14,38.16059,0
1910,38.1806,19,38.1806,0
1911,38.2006,18,38.2006,0
1912,38.22059,13,38.22059,0
1913,38.24059,13,38.24059,0
1914,38.26059,17,38.26059,0
1915,38.28059,14,38.28059,0
1916,38.30059,14,38.30059,0
1917,38.32059,13,38.32059,0
1918,38.3406,10,38.3406,0
1919,38.3606,14,38.3606,0
1920,38.38059,20,38.38059,0
1921,38.40059,11,38.40059,0
1922,38.42059,16,38.42059,0
1923,38.44059,10,38.44059,0
1924,38.46059,13,38.46059,0
1925,38.48059,11,38.48059,0
1926,38.5006,13,38.5006,0
1927,38.5206,16,38.5206,0
1928,38.5406,10,38.5406,0
1929,38.56059,13,38.56059,0
1930,38.58059,8,38.58059,0
1931,38.60059,10,38.60059,0
1932,38.62059,9,38.62059,0
1933,38.64059,14,38.64059,0
1934,38.66059,16,38.66059,0
1935,38.6806,13,38.6806,0
1936,38.7006,11,38.7006,0
1937,38.72059,14,38.72059,0
1938,38.74059,11,38.74059,0
1939,38.76059,12,38.76059,0
1940,38.78059,13,38.78059,0
1941,38.80059,10,38.80059,0
1942,38.82059,18,38.82059,0
1943,38.8406,14,38.8406,0
1944,38.8606,12,38.8606,0
1945,38.88059,16,38.88059,0
1946,38.90059,12,38.90059,0
1947,38.92059,18,38.92059,0
1948,38.94059,9,38.94059,0
1949,38.96059,12,38.96059,0
1950,38.98059,9,38.98059,0
1951,39.0006,14,39.0006,0
1952,39.0206,8,39.0206,0
1953,39.0406,10,39.0406,0
1954,39.06059,12,39.06059,0
1955,39.08059,12,39.08059,0
1956,39.10059,10,39.10059,0
1957,39.12059,12,39.12059,0
1958,39.14059,17,39.14059,0
1959,39.16059,6,39.16059,0
1960,39.1806,9,39.1806,0
1961,39.2006,7,39.2006,0
1962,39.22059,11,39.22059,0
1963,39.24059,12,39.24059,0
1964,39.26059,8,39.26059,0
1965,39.28059,13,39.28059,0
1966,39.30059,6,39.30059,0
1967,39.32059,6,39.32059,0
1968,39.3406,4,39.3406,0
1969,39.3606,7,39.3606,0
1970,39.38059,8,39.38059,0
1971,39.40059,10,39.40059,0
1972,39.42059,11,39.42059,0
1973,39.44059,5,39.44059,0
1974,39.46059,5,39.46059,0
1975,39.48059,13,39.48059,0
1976,39.5006,6,39.5006,0
1977,39.5206,8,39.5206,0
1978,39.5406,6,39.5406,0
1979,39.56059,1,39.56059,0
1980,39.58059,10,39.58059,0
1981,39.60059,9,39.60059,0
1982,39.62059,4,39.62059,0
1983,39.64059,8,39.64059,0
1984,39.66059,9,39.66059,0
1985,39.6806,7,39.6806,0
1986,39.7006,6,39.7006,0
1987,39.72059,7,39.72059,0
1988,39.74059,10,39.74059,0
1989,39.76059,5,39.76059,0
1990,39.78059,9,39.78059,0
1991,39.80059,9,39.80059,0
1992,39.82059,5,39.82059,0
1993,39.8406,8,39.8406,0
1994,39.8606,6,39.8606,0
1995,39.88059,12,39.88059,0
1996,39.90059,11,39.90059,0
1997,39.92059,8,39.92059,0
1998,39.94059,6,39.94059,0
1999,39.96059,2,39.96059,0
2000,39.98059,4,39.98059,0
2001,40.0006,13,40.0006,0
2002,40.0206,7,40.0206,0
2003,40.0406,9,40.0406,0
2004,40.06059,3,40.06059,0
2005,40.08059,7,40.08059,0
2006,40.10059,6,40.10059,0
2007,40.12059,4,40.12059,0
2008,40.14059,7,40.14059,0
2009,40.16059,7,40.16059,0
2010,40.1806,6,40.1806,0
2011,40.2006,6,40.2006,0
2012,40.22059,5,40.22059,0
2013,40.24059,6,40.24059,0
2014,40.26059,5,40.26059,0
2015,40.28059,7,40.28059,0
2016,40.30059,5,40.30059,0
2017,40.32059,8,40.32059,0
2018,40.3406,11,40.3406,0
2019,40.3606,7,40.3606,0
2020,40.38059,6,40.38059,0
2021,40.40059,6,40.40059,0
2022,40.42059,9,40.42059,0
2023,40.44059,6,40.44059,0
2024,40.46059,4,40.46059,0
2025,40.48059,8,40.48059,0
2026,40.5006,5,40.5006,0
2027,40.5206,7,40.5206,0
2028,40.5406,5,40.5406,0
2029,40.56059,5,40.56059,0
2030,40.58059,5,40.58059,0
2031,40.60059,11,40.60059,0
2032,40.62059,7,40.62059,0
2033,40.64059,3,40.64059,0
2034,40.66059,4,40.66059,0
2035,40.6806,6,40.6806,0
2036,40.7006,6,40.7006,0
2037,40.72059,2,40.72059,0
2038,40.74059,8,40.74059,0
2039,40.76059,6,40.76059,0
2040,40.78059,6,40.78059,0
2041,40.80059,6,40.80059,0
2042,40.82059,8,40.82059,0
2043,40.8406,4,40.8406,0
2044,40.8606,8,40.8606,0
2045,40.88059,7,40.88059,0
2046,40.90059,3,40.90059,0
2047,40.92059,5,40.92059,0
2048,40.94059,10,40.94059,0
