Bruker AXS HMP Instrument Tools Complete CSV
FileName,C:\MeinZeugs\Uni\Publikationen\2025\MeIn pXRF\DAQ\Device_monitoring_sample_element_precision_Schauer\data_raw\Example_LOD\04536-Mudrock Dual.pdz
SerialString,SG2-6390
TubeTargetElement,45
NumberOfSpectra,2
SampleID,
AcquisitionDateTime,1/1/2006 3:47:50 PM
TotalElapsedTimeInSeconds,120
AnodeTakeOffAngle,45
SampleIncidenceAngle,45
BeThicknessInMicroMeters,125
SampleTakeOffAngle,65
SpotSizeUsed,8
NumberOfUserCustomFields,5
UserCustomFieldHeader,FieldName,FieldValue
UserCustomField,Operator,Supervisor
UserCustomField,Material,Standard
UserCustomField,ID,
UserCustomField,Probe,Mudrock Standard
UserCustomField,Projekt,ESPRIT
AnalysisMode,32
AnalysisType,1
UsedAutoCalSelect,False
ResultUnits,PPM
ErrorMultiplier,2
CalFileName,MudrockDual
CalPackageName,
CalPackagePartNumber,
TypeStandardizationSetName,
NumberOfElementsInCalculatedResults,27
CalculatedResults:AtomicNum,ElementSymbol,Units,Value,TypeStandardizedValue,Error,RangeMin,RangeMax,Tramp,Nominal
12,Mg,PPM,0.8559545,0.8559545,0.05530185,0,0,False,False
13,Al,PPM,8.464406,8.464406,0.03972092,0,0,False,False
14,Si,PPM,20.27526,20.27526,0.04001573,0,0,False,False
15,P,PPM,0,0,0.002610482,0,0,False,False
16,S,PPM,0.04541137,0.04541137,0.002018261,0,0,False,False
19,K,PPM,4.466181,4.466181,0.007244696,0,0,False,False
20,Ca,PPM,0.2839286,0.2839286,0.001610682,0,0,False,False
22,Ti,PPM,0.3374607,0.3374607,0.00146252,0,0,False,False
23,V,PPM,0.01217479,0.01217479,0.0006350711,0,0,False,False
24,Cr,PPM,0.004622589,0.004622589,0.0003297832,0,0,False,False
25,Mn,PPM,0.0143284,0.0143284,0.0004044126,0,0,False,False
26,Fe,PPM,2.696565,2.696565,0.003246515,0,0,False,False
27,Co,PPM,0.0001315858,0.0001315858,9.1195E-05,0,0,False,False
28,Ni,PPM,0.001870935,0.001870935,0.0001475481,0,0,False,False
29,Cu,PPM,0.003751088,0.003751088,0.0001545589,0,0,False,False
30,Zn,PPM,0.002644948,0.002644948,0.0001377048,0,0,False,False
33,As,PPM,0.00281309,0.00281309,0.0001093237,0,0,False,False
37,Rb,PPM,0.02252651,0.02252651,0.0001300329,0,0,False,False
38,Sr,PPM,0.003818174,0.003818174,0.0001051313,0,0,False,False
39,Y,PPM,0.003179403,0.003179403,0.0001215017,0,0,False,False
40,Zr,PPM,0.01422698,0.01422698,0.0001130023,0,0,False,False
41,Nb,PPM,0.001191716,0.001191716,9.179241E-05,0,0,False,False
42,Mo,PPM,0.000874903,0.000874903,9.917063E-05,0,0,False,False
56,Ba,PPM,0.1261757,0.1261757,0.008205048,0,0,False,False
82,Pb,PPM,0.0007767626,0.0007767626,0.0001320231,0,0,False,False
90,Th,PPM,0.002222615,0.002222615,2.712946E-05,0,0,False,False
92,U,PPM,0.001322881,0.001322881,0.0002443065,0,0,False,False
MatchSpreadThreshold,0.05
IsTrampEnabled,False
IsNominalEnabled,False
NumberOfGradeIDMatchResults,3
GradeIDMatchResultsHeader,GradeID,MatchConfidence
GradeIDMatchResult,,0
GradeIDMatchResult,,0
GradeIDMatchResult,,0
ParametersForEachSpectrum,Spectrum 1,,Spectrum 2,
XrayVoltageInkV,40,,15,
XrayFilamentCurrentInMicroAmps,38.85,,27.9,
RawCounts,3058626,,3555356,
ValidCounts,2607618,,3104032,
eVPerChannel,20,,20,
StartingKeV,0.0006929951,,0.0006929951,
ZeroOffsetInKeV,-0.0006929951,,-0.0006929951,
StartingChannel,0.03464976,,0.03464976,
NumberOfChannels,2048,,2048,
CountsPerSecond,60404.17,,65409.93,
XilinxFirmwareVersion,,,,
IlluminationID,MudRock Trace40,,MudRock Maj15,
Filter1ElementAtomicNum,22,,0,
Filter1Thickness,25,,0,
Filter2ElementAtomicNum,13,,0,
Filter2Thickness,300,,0,
Filter3ElementAtomicNum,0,,0,
Filter3Thickness,0,,0,
AcquisitionDateTime,1/1/2006 3:47:50 PM,,1/1/2006 3:47:50 PM,
LiveTimeInSeconds,43.51401,,46.42699,
DeadTimeInSeconds,7.121999,,7.927998,
ResetTimeInSeconds,5.653999,,1.966999,
DetectorTempInC,-27,,-27,
AmbientTempInF,119.7,,119.7,
NosePressureInMilliBars,999.0001,,999.0001,
NoseTemperatureInC,43,,43,
ActiveTimeInSeconds,50.63601,,54.35499,
PacketTimeInSeconds,56.29001,,56.32199,
CommunicationTimeInSeconds,,,,
ElapsedClockTimeInSeconds,60,,60,
Spectrum:ChannelNumber,ChannelStartInKeV,ChannelCount,ChannelStartInKeV,ChannelCount
1,0.0006929951,0,0.0006929951,0
2,0.02069299,0,0.02069299,0
3,0.040693,0,0.040693,0
4,0.060693,0,0.060693,0
5,0.08069299,0,0.08069299,0
6,0.100693,0,0.100693,0
7,0.120693,0,0.120693,0
8,0.140693,0,0.140693,0
9,0.160693,0,0.160693,0
10,0.180693,0,0.180693,0
11,0.200693,0,0.200693,0
12,0.220693,0,0.220693,0
13,0.240693,0,0.240693,0
14,0.260693,2,0.260693,1
15,0.280693,7,0.280693,9
16,0.300693,98,0.300693,66
17,0.320693,639,0.320693,628
18,0.340693,2739,0.340693,2651
19,0.360693,7157,0.360693,7508
20,0.380693,11254,0.380693,12302
21,0.400693,11118,0.400693,12203
22,0.420693,6749,0.420693,7298
23,0.440693,2534,0.440693,2562
24,0.460693,603,0.460693,567
25,0.480693,93,0.480693,82
26,0.500693,16,0.500693,6
27,0.520693,8,0.520693,1
28,0.540693,1,0.540693,0
29,0.560693,1,0.560693,0
30,0.580693,4,0.580693,1
31,0.600693,1,0.600693,0
32,0.620693,4,0.620693,2
33,0.640693,1,0.640693,1
34,0.660693,1,0.660693,0
35,0.680693,628,0.680693,57
36,0.700693,662,0.700693,56
37,0.720693,665,0.720693,85
38,0.740693,614,0.740693,92
39,0.760693,616,0.760693,58
40,0.780693,572,0.780693,75
41,0.800693,642,0.800693,67
42,0.820693,641,0.820693,75
43,0.840693,550,0.840693,95
44,0.860693,618,0.860693,111
45,0.880693,597,0.880693,122
46,0.900693,613,0.900693,184
47,0.920693,606,0.920693,213
48,0.940693,579,0.940693,274
49,0.960693,600,0.960693,251
50,0.980693,593,0.980693,206
51,1.000693,553,1.000693,133
52,1.020693,578,1.020693,123
53,1.040693,557,1.040693,136
54,1.060693,600,1.060693,147
55,1.080693,549,1.080693,147
56,1.100693,545,1.100693,211
57,1.120693,528,1.120693,179
58,1.140693,563,1.140693,164
59,1.160693,539,1.160693,173
60,1.180693,551,1.180693,237
61,1.200693,520,1.200693,253
62,1.220693,529,1.220693,357
63,1.240693,510,1.240693,374
64,1.260693,487,1.260693,327
65,1.280693,495,1.280693,262
66,1.300693,534,1.300693,195
67,1.320693,490,1.320693,168
68,1.340693,555,1.340693,201
69,1.360693,482,1.360693,253
70,1.380693,494,1.380693,546
71,1.400693,506,1.400693,1407
72,1.420693,538,1.420693,3531
73,1.440693,610,1.440693,6889
74,1.460693,662,1.460693,10331
75,1.480693,739,1.480693,12243
76,1.500693,721,1.500693,10820
77,1.520693,675,1.520693,7729
78,1.540693,600,1.540693,5102
79,1.560693,588,1.560693,3145
80,1.580693,557,1.580693,2037
81,1.600693,545,1.600693,1531
82,1.620693,459,1.620693,2043
83,1.640693,467,1.640693,4939
84,1.660693,576,1.660693,13519
85,1.680693,803,1.680693,30430
86,1.700693,1058,1.700693,53440
87,1.720693,1393,1.720693,72984
88,1.740693,1380,1.740693,77512
89,1.760693,1256,1.760693,63155
90,1.780693,949,1.780693,41173
91,1.800693,653,1.800693,22127
92,1.820693,529,1.820693,10933
93,1.840693,468,1.840693,5637
94,1.860693,456,1.860693,3166
95,1.880693,446,1.880693,1802
96,1.900693,413,1.900693,948
97,1.920693,407,1.920693,486
98,1.940693,412,1.940693,324
99,1.960693,406,1.960693,239
100,1.980693,398,1.980693,259
101,2.000693,391,2.000693,282
102,2.020693,401,2.020693,294
103,2.040693,380,2.040693,288
104,2.060693,383,2.060693,232
105,2.080693,401,2.080693,257
106,2.100693,375,2.100693,274
107,2.120693,368,2.120693,252
108,2.140693,366,2.140693,296
109,2.160693,374,2.160693,303
110,2.180693,369,2.180693,287
111,2.200693,363,2.200693,298
112,2.220693,334,2.220693,338
113,2.240693,347,2.240693,376
114,2.260693,359,2.260693,416
115,2.280693,332,2.280693,493
116,2.300693,365,2.300693,579
117,2.320693,336,2.320693,588
118,2.340693,345,2.340693,687
119,2.360693,320,2.360693,731
120,2.380693,321,2.380693,685
121,2.400693,318,2.400693,676
122,2.420693,321,2.420693,575
123,2.440693,305,2.440693,555
124,2.460693,309,2.460693,505
125,2.480693,268,2.480693,525
126,2.500693,309,2.500693,535
127,2.520693,295,2.520693,593
128,2.540693,286,2.540693,681
129,2.560693,295,2.560693,793
130,2.580693,300,2.580693,1225
131,2.600693,328,2.600693,2094
132,2.620693,277,2.620693,3661
133,2.640693,274,2.640693,6191
134,2.660693,242,2.660693,8999
135,2.680693,271,2.680693,11111
136,2.700693,323,2.700693,11406
137,2.720693,291,2.720693,10134
138,2.740693,312,2.740693,7931
139,2.760693,281,2.760693,6031
140,2.780693,275,2.780693,5270
141,2.800693,267,2.800693,5739
142,2.820693,262,2.820693,6184
143,2.840693,304,2.840693,6738
144,2.860693,316,2.860693,6628
145,2.880693,363,2.880693,6524
146,2.900693,350,2.900693,6889
147,2.920693,479,2.920693,8350
148,2.940693,516,2.940693,9204
149,2.960693,514,2.960693,9087
150,2.980693,479,2.980693,7809
151,3.000693,410,3.000693,6023
152,3.020693,350,3.020693,4049
153,3.040693,290,3.040693,2474
154,3.060693,260,3.060693,1649
155,3.080693,234,3.080693,1180
156,3.100693,237,3.100693,1103
157,3.120693,242,3.120693,1214
158,3.140693,260,3.140693,1574
159,3.160693,271,3.160693,2082
160,3.180693,403,3.180693,3309
161,3.200693,650,3.200693,6673
162,3.220693,1362,3.220693,13783
163,3.240693,2333,3.240693,26778
164,3.260693,3985,3.260693,45950
165,3.280693,5470,3.280693,66074
166,3.300693,6570,3.300693,80537
167,3.320693,6577,3.320693,81665
168,3.340693,5605,3.340693,68683
169,3.360693,3969,3.360693,48893
170,3.380693,2454,3.380693,29240
171,3.400693,1400,3.400693,15304
172,3.420693,724,3.420693,6780
173,3.440693,382,3.440693,3103
174,3.460693,289,3.460693,1968
175,3.480693,331,3.480693,2047
176,3.500693,371,3.500693,3182
177,3.520693,539,3.520693,5062
178,3.540693,775,3.540693,7520
179,3.560693,970,3.560693,10193
180,3.580693,1086,3.580693,11706
181,3.600693,1112,3.600693,11425
182,3.620693,997,3.620693,10200
183,3.640693,826,3.640693,7999
184,3.660693,594,3.660693,5897
185,3.680693,495,3.680693,4291
186,3.700693,424,3.700693,3183
187,3.720693,293,3.720693,2340
188,3.740693,220,3.740693,1700
189,3.760693,195,3.760693,1318
190,3.780693,147,3.780693,949
191,3.800693,133,3.800693,752
192,3.820693,109,3.820693,676
193,3.840693,102,3.840693,656
194,3.860693,97,3.860693,652
195,3.880693,123,3.880693,663
196,3.900693,99,3.900693,707
197,3.920693,119,3.920693,738
198,3.940693,132,3.940693,812
199,3.960693,134,3.960693,863
200,3.980693,113,3.980693,910
201,4.000693,114,4.000693,927
202,4.020693,131,4.020693,953
203,4.040693,122,4.040693,960
204,4.060693,131,4.060693,911
205,4.080693,90,4.080693,883
206,4.100693,107,4.100693,810
207,4.120693,90,4.120693,829
208,4.140693,99,4.140693,758
209,4.160693,74,4.160693,756
210,4.180693,91,4.180693,774
211,4.200693,82,4.200693,764
212,4.220693,86,4.220693,795
213,4.240693,83,4.240693,825
214,4.260693,91,4.260693,813
215,4.280693,90,4.280693,859
216,4.300693,106,4.300693,868
217,4.320693,119,4.320693,1019
218,4.340693,118,4.340693,1162
219,4.360693,193,4.360693,1417
220,4.380693,340,4.380693,1963
221,4.400693,583,4.400693,3174
222,4.420693,956,4.420693,5027
223,4.440693,1546,4.440693,7577
224,4.460693,2118,4.460693,10573
225,4.480693,2682,4.480693,13112
226,4.500693,2995,4.500693,14114
227,4.520693,2804,4.520693,13276
228,4.540693,2376,4.540693,11571
229,4.560693,1721,4.560693,8571
230,4.580693,1141,4.580693,5849
231,4.600693,826,4.600693,3868
232,4.620693,595,4.620693,2733
233,4.640693,471,4.640693,2077
234,4.660693,361,4.660693,1816
235,4.680693,318,4.680693,1660
236,4.700693,274,4.700693,1590
237,4.720693,222,4.720693,1535
238,4.740693,233,4.740693,1595
239,4.760693,221,4.760693,1707
240,4.780693,284,4.780693,1828
241,4.800693,317,4.800693,2156
242,4.820693,402,4.820693,2335
243,4.840693,455,4.840693,2574
244,4.860693,556,4.860693,2978
245,4.880693,574,4.880693,3319
246,4.900693,649,4.900693,3678
247,4.920693,680,4.920693,3817
248,4.940693,654,4.940693,3673
249,4.960693,584,4.960693,3514
250,4.980693,480,4.980693,2968
251,5.000693,326,5.000693,2695
252,5.020693,225,5.020693,2268
253,5.040693,165,5.040693,1943
254,5.060693,117,5.060693,1829
255,5.080693,89,5.080693,1843
256,5.100693,110,5.100693,1846
257,5.120693,122,5.120693,1896
258,5.140693,124,5.140693,1818
259,5.160693,140,5.160693,1855
260,5.180693,128,5.180693,1862
261,5.200693,151,5.200693,1882
262,5.220693,116,5.220693,1738
263,5.240693,129,5.240693,1784
264,5.260693,130,5.260693,1705
265,5.280693,146,5.280693,1659
266,5.300693,137,5.300693,1765
267,5.320693,132,5.320693,1871
268,5.340693,171,5.340693,1823
269,5.360693,163,5.360693,1953
270,5.380693,189,5.380693,2055
271,5.400693,230,5.400693,2103
272,5.420693,221,5.420693,2006
273,5.440693,186,5.440693,2045
274,5.460693,147,5.460693,1972
275,5.480693,164,5.480693,1912
276,5.500693,134,5.500693,1834
277,5.520693,160,5.520693,1814
278,5.540693,121,5.540693,1834
279,5.560693,98,5.560693,1737
280,5.580693,103,5.580693,1712
281,5.600693,86,5.600693,1649
282,5.620693,96,5.620693,1680
283,5.640693,66,5.640693,1614
284,5.660693,80,5.660693,1669
285,5.680693,71,5.680693,1579
286,5.700693,87,5.700693,1618
287,5.720693,91,5.720693,1557
288,5.740693,94,5.740693,1648
289,5.760693,105,5.760693,1674
290,5.780693,97,5.780693,1700
291,5.800693,130,5.800693,1650
292,5.820693,143,5.820693,1729
293,5.840693,178,5.840693,1759
294,5.860693,177,5.860693,1805
295,5.880693,196,5.880693,1770
296,5.900693,181,5.900693,1898
297,5.920693,171,5.920693,1885
298,5.940693,146,5.940693,1776
299,5.960693,140,5.960693,1746
300,5.980693,143,5.980693,1695
301,6.000693,150,6.000693,1632
302,6.020693,120,6.020693,1590
303,6.040693,109,6.040693,1577
304,6.060693,139,6.060693,1535
305,6.080693,163,6.080693,1668
306,6.100693,153,6.100693,1557
307,6.120693,186,6.120693,1789
308,6.140693,202,6.140693,1728
309,6.160693,277,6.160693,1848
310,6.180693,390,6.180693,1990
311,6.200693,646,6.200693,2559
312,6.220693,1342,6.220693,3612
313,6.240693,2818,6.240693,6252
314,6.260693,5878,6.260693,11616
315,6.280693,11236,6.280693,21743
316,6.300693,20287,6.300693,37563
317,6.320693,32161,6.320693,60142
318,6.340693,46270,6.340693,85140
319,6.360693,58921,6.360693,110365
320,6.380693,68077,6.380693,127710
321,6.400693,69518,6.400693,132054
322,6.420693,64238,6.420693,121949
323,6.440693,52661,6.440693,100889
324,6.460693,39095,6.460693,74771
325,6.480693,25898,6.480693,50327
326,6.500693,15452,6.500693,30177
327,6.520693,8359,6.520693,16698
328,6.540693,4055,6.540693,8765
329,6.560693,1904,6.560693,4666
330,6.580693,953,6.580693,2870
331,6.600693,410,6.600693,2132
332,6.620693,308,6.620693,1846
333,6.640693,234,6.640693,1742
334,6.660693,224,6.660693,1662
335,6.680693,212,6.680693,1707
336,6.700693,196,6.700693,1705
337,6.720693,209,6.720693,1618
338,6.740693,192,6.740693,1640
339,6.760693,230,6.760693,1713
340,6.780693,232,6.780693,1709
341,6.800693,284,6.800693,1832
342,6.820693,298,6.820693,1892
343,6.840693,387,6.840693,2058
344,6.860693,473,6.860693,2189
345,6.880693,718,6.880693,2713
346,6.900693,1114,6.900693,3264
347,6.920693,1811,6.920693,4427
348,6.940693,2952,6.940693,6059
349,6.960693,4478,6.960693,8792
350,6.980693,6320,6.980693,12088
351,7.000693,8420,7.000693,15869
352,7.020693,10413,7.020693,18926
353,7.040693,11258,7.040693,20597
354,7.060693,11340,7.060693,20819
355,7.080693,10291,7.080693,18726
356,7.100693,8452,7.100693,15533
357,7.120693,6177,7.120693,12081
358,7.140693,4132,7.140693,8441
359,7.160693,2649,7.160693,5668
360,7.180693,1521,7.180693,3792
361,7.200693,757,7.200693,2648
362,7.220693,410,7.220693,1913
363,7.240693,215,7.240693,1663
364,7.260693,126,7.260693,1516
365,7.280693,97,7.280693,1425
366,7.300693,64,7.300693,1514
367,7.320693,69,7.320693,1510
368,7.340693,94,7.340693,1621
369,7.360693,78,7.360693,1641
370,7.380693,79,7.380693,1820
371,7.400693,110,7.400693,1976
372,7.420693,134,7.420693,2115
373,7.440693,135,7.440693,2294
374,7.460693,149,7.460693,2471
375,7.480693,153,7.480693,2377
376,7.500693,133,7.500693,2166
377,7.520693,92,7.520693,1974
378,7.540693,93,7.540693,1772
379,7.560693,95,7.560693,1604
380,7.580693,76,7.580693,1478
381,7.600693,74,7.600693,1377
382,7.620693,68,7.620693,1358
383,7.640693,57,7.640693,1291
384,7.660693,41,7.660693,1275
385,7.680693,57,7.680693,1184
386,7.700693,53,7.700693,1235
387,7.720693,50,7.720693,1209
388,7.740693,51,7.740693,1262
389,7.760693,63,7.760693,1211
390,7.780693,75,7.780693,1266
391,7.800693,60,7.800693,1272
392,7.820693,57,7.820693,1253
393,7.840693,77,7.840693,1295
394,7.860693,67,7.860693,1274
395,7.880693,83,7.880693,1253
396,7.900693,106,7.900693,1370
397,7.920693,125,7.920693,1270
398,7.940693,146,7.940693,1332
399,7.960693,184,7.960693,1322
400,7.980693,221,7.980693,1428
401,8.000693,241,8.000693,1384
402,8.020693,272,8.020693,1448
403,8.040693,263,8.040693,1488
404,8.060693,272,8.060693,1516
405,8.080693,231,8.080693,1540
406,8.100693,198,8.100693,1602
407,8.120693,152,8.120693,1675
408,8.140693,149,8.140693,1683
409,8.160693,120,8.160693,1560
410,8.180693,99,8.180693,1588
411,8.200693,85,8.200693,1542
412,8.220693,59,8.220693,1450
413,8.240693,82,8.240693,1465
414,8.260693,80,8.260693,1488
415,8.280693,93,8.280693,1427
416,8.300693,93,8.300693,1397
417,8.320693,104,8.320693,1355
418,8.340693,83,8.340693,1342
419,8.360693,99,8.360693,1267
420,8.380693,100,8.380693,1307
421,8.400693,92,8.400693,1305
422,8.420693,90,8.420693,1215
423,8.440693,98,8.440693,1267
424,8.460693,101,8.460693,1256
425,8.480693,109,8.480693,1293
426,8.500693,135,8.500693,1259
427,8.520693,157,8.520693,1329
428,8.540693,230,8.540693,1272
429,8.560693,304,8.560693,1338
430,8.580693,355,8.580693,1367
431,8.600693,401,8.600693,1448
432,8.620693,415,8.620693,1358
433,8.640693,427,8.640693,1453
434,8.660693,411,8.660693,1445
435,8.680693,331,8.680693,1471
436,8.700693,283,8.700693,1361
437,8.720693,207,8.720693,1331
438,8.740693,141,8.740693,1332
439,8.760693,138,8.760693,1394
440,8.780693,111,8.780693,1349
441,8.800693,99,8.800693,1386
442,8.820693,119,8.820693,1353
443,8.840693,114,8.840693,1353
444,8.860693,126,8.860693,1338
445,8.880693,111,8.880693,1351
446,8.900693,152,8.900693,1431
447,8.920693,135,8.920693,1366
448,8.940693,118,8.940693,1356
449,8.960693,97,8.960693,1332
450,8.980693,135,8.980693,1349
451,9.000693,119,9.000693,1418
452,9.020693,123,9.020693,1254
453,9.040693,128,9.040693,1395
454,9.060693,110,9.060693,1368
455,9.080693,122,9.080693,1353
456,9.100693,128,9.100693,1328
457,9.120693,167,9.120693,1356
458,9.140693,199,9.140693,1376
459,9.160693,255,9.160693,1385
460,9.180693,287,9.180693,1453
461,9.200693,344,9.200693,1436
462,9.220693,372,9.220693,1437
463,9.240693,390,9.240693,1448
464,9.260693,409,9.260693,1464
465,9.280693,303,9.280693,1384
466,9.300693,313,9.300693,1391
467,9.320693,264,9.320693,1399
468,9.340693,224,9.340693,1349
469,9.360693,193,9.360693,1383
470,9.380693,184,9.380693,1311
471,9.400693,175,9.400693,1342
472,9.420693,152,9.420693,1375
473,9.440693,128,9.440693,1382
474,9.460693,146,9.460693,1306
475,9.480693,157,9.480693,1363
476,9.500693,179,9.500693,1337
477,9.520693,183,9.520693,1251
478,9.540693,182,9.540693,1314
479,9.560693,206,9.560693,1369
480,9.580693,211,9.580693,1383
481,9.600693,193,9.600693,1418
482,9.620693,213,9.620693,1399
483,9.640693,184,9.640693,1431
484,9.660693,208,9.660693,1558
485,9.680693,188,9.680693,1579
486,9.700693,200,9.700693,1571
487,9.720693,244,9.720693,1577
488,9.740693,217,9.740693,1612
489,9.760693,201,9.760693,1540
490,9.780693,202,9.780693,1424
491,9.800693,233,9.800693,1466
492,9.820693,226,9.820693,1377
493,9.840693,200,9.840693,1318
494,9.860693,212,9.860693,1275
495,9.880693,213,9.880693,1298
496,9.900693,193,9.900693,1262
497,9.920693,244,9.920693,1330
498,9.940693,212,9.940693,1347
499,9.960693,222,9.960693,1266
500,9.980693,219,9.980693,1255
501,10.00069,193,10.00069,1244
502,10.02069,221,10.02069,1306
503,10.04069,197,10.04069,1297
504,10.06069,254,10.06069,1257
505,10.08069,216,10.08069,1212
506,10.10069,209,10.10069,1301
507,10.12069,215,10.12069,1172
508,10.14069,247,10.14069,1209
509,10.16069,243,10.16069,1239
510,10.18069,268,10.18069,1227
511,10.20069,273,10.20069,1169
512,10.22069,286,10.22069,1204
513,10.24069,314,10.24069,1210
514,10.26069,299,10.26069,1234
515,10.28069,280,10.28069,1201
516,10.30069,298,10.30069,1217
517,10.32069,293,10.32069,1166
518,10.34069,335,10.34069,1217
519,10.36069,320,10.36069,1153
520,10.38069,356,10.38069,1227
521,10.40069,404,10.40069,1258
522,10.42069,431,10.42069,1172
523,10.44069,538,10.44069,1209
524,10.46069,571,10.46069,1173
525,10.48069,642,10.48069,1187
526,10.50069,722,10.50069,1158
527,10.52069,774,10.52069,1129
528,10.54069,742,10.54069,1164
529,10.56069,680,10.56069,1165
530,10.58069,627,10.58069,1148
531,10.60069,583,10.60069,1112
532,10.62069,495,10.62069,1139
533,10.64069,424,10.64069,1110
534,10.66069,407,10.66069,1134
535,10.68069,377,10.68069,1036
536,10.70069,332,10.70069,1035
537,10.72069,323,10.72069,1097
538,10.74069,299,10.74069,1034
539,10.76069,341,10.76069,1046
540,10.78069,339,10.78069,1066
541,10.80069,328,10.80069,1105
542,10.82069,340,10.82069,1047
543,10.84069,346,10.84069,1111
544,10.86069,341,10.86069,1079
545,10.88069,371,10.88069,1050
546,10.90069,359,10.90069,1046
547,10.92069,413,10.92069,1070
548,10.94069,367,10.94069,1081
549,10.96069,363,10.96069,1142
550,10.98069,359,10.98069,1100
551,11.00069,379,11.00069,1041
552,11.02069,391,11.02069,1006
553,11.04069,390,11.04069,1015
554,11.06069,398,11.06069,1027
555,11.08069,348,11.08069,1007
556,11.10069,447,11.10069,999
557,11.12069,433,11.12069,906
558,11.14069,418,11.14069,987
559,11.16069,444,11.16069,971
560,11.18069,431,11.18069,950
561,11.20069,487,11.20069,931
562,11.22069,410,11.22069,997
563,11.24069,400,11.24069,956
564,11.26069,438,11.26069,990
565,11.28069,461,11.28069,927
566,11.30069,449,11.30069,899
567,11.32069,461,11.32069,961
568,11.34069,502,11.34069,938
569,11.36069,489,11.36069,904
570,11.38069,483,11.38069,927
571,11.40069,484,11.40069,906
572,11.42069,431,11.42069,968
573,11.44069,523,11.44069,921
574,11.46069,554,11.46069,912
575,11.48069,526,11.48069,875
576,11.50069,500,11.50069,885
577,11.52069,529,11.52069,884
578,11.54069,520,11.54069,865
579,11.56069,511,11.56069,854
580,11.58069,543,11.58069,883
581,11.60069,571,11.60069,887
582,11.62069,586,11.62069,858
583,11.64069,556,11.64069,833
584,11.66069,588,11.66069,891
585,11.68069,613,11.68069,840
586,11.70069,631,11.70069,820
587,11.72069,624,11.72069,829
588,11.74069,596,11.74069,803
589,11.76069,602,11.76069,794
590,11.78069,598,11.78069,817
591,11.80069,630,11.80069,826
592,11.82069,565,11.82069,834
593,11.84069,584,11.84069,809
594,11.86069,602,11.86069,839
595,11.88069,561,11.88069,832
596,11.90069,611,11.90069,845
597,11.92069,571,11.92069,811
598,11.94069,609,11.94069,829
599,11.96069,633,11.96069,764
600,11.98069,614,11.98069,759
601,12.00069,649,12.00069,712
602,12.02069,565,12.02069,783
603,12.04069,601,12.04069,695
604,12.06069,654,12.06069,756
605,12.08069,620,12.08069,751
606,12.10069,609,12.10069,787
607,12.12069,613,12.12069,732
608,12.14069,668,12.14069,763
609,12.16069,619,12.16069,740
610,12.18069,644,12.18069,690
611,12.20069,642,12.20069,722
612,12.22069,640,12.22069,724
613,12.24069,665,12.24069,693
614,12.26069,688,12.26069,710
615,12.28069,701,12.28069,671
616,12.30069,711,12.30069,666
617,12.32069,677,12.32069,713
618,12.34069,677,12.34069,674
619,12.36069,687,12.36069,690
620,12.38069,680,12.38069,658
621,12.40069,732,12.40069,625
622,12.42069,757,12.42069,691
623,12.44069,713,12.44069,620
624,12.46069,718,12.46069,610
625,12.48069,790,12.48069,605
626,12.50069,757,12.50069,649
627,12.52069,763,12.52069,610
628,12.54069,740,12.54069,597
629,12.56069,829,12.56069,593
630,12.58069,783,12.58069,671
631,12.60069,806,12.60069,639
632,12.62069,796,12.62069,697
633,12.64069,845,12.64069,615
634,12.66069,838,12.66069,651
635,12.68069,818,12.68069,702
636,12.70069,877,12.70069,681
637,12.72069,850,12.72069,742
638,12.74069,902,12.74069,749
639,12.76069,1001,12.76069,828
640,12.78069,952,12.78069,790
641,12.80069,981,12.80069,769
642,12.82069,944,12.82069,804
643,12.84069,962,12.84069,715
644,12.86069,943,12.86069,753
645,12.88069,981,12.88069,660
646,12.90069,1059,12.90069,653
647,12.92069,1185,12.92069,587
648,12.94069,1087,12.94069,600
649,12.96069,1056,12.96069,564
650,12.98069,1145,12.98069,542
651,13.00069,1136,13.00069,513
652,13.02069,1040,13.02069,503
653,13.04069,968,13.04069,503
654,13.06069,991,13.06069,545
655,13.08069,1021,13.08069,482
656,13.10069,995,13.10069,467
657,13.12069,1046,13.12069,478
658,13.14069,1125,13.14069,463
659,13.16069,1264,13.16069,474
660,13.18069,1530,13.18069,461
661,13.20069,1819,13.20069,469
662,13.22069,2208,13.22069,467
663,13.24069,2762,13.24069,475
664,13.26069,3337,13.26069,420
665,13.28069,3966,13.28069,433
666,13.30069,4676,13.30069,440
667,13.32069,5332,13.32069,443
668,13.34069,5704,13.34069,455
669,13.36069,5721,13.36069,452
670,13.38069,5675,13.38069,434
671,13.40069,5419,13.40069,416
672,13.42069,4963,13.42069,451
673,13.44069,4254,13.44069,410
674,13.46069,3689,13.46069,416
675,13.48069,2892,13.48069,436
676,13.50069,2403,13.50069,422
677,13.52069,1916,13.52069,393
678,13.54069,1545,13.54069,459
679,13.56069,1447,13.56069,371
680,13.58069,1279,13.58069,350
681,13.60069,1240,13.60069,348
682,13.62069,1174,13.62069,377
683,13.64069,1093,13.64069,334
684,13.66069,1039,13.66069,323
685,13.68069,1036,13.68069,319
686,13.70069,1021,13.70069,314
687,13.72069,1039,13.72069,265
688,13.74069,1058,13.74069,280
689,13.76069,1165,13.76069,263
690,13.78069,1097,13.78069,295
691,13.80069,1086,13.80069,248
692,13.82069,1136,13.82069,275
693,13.84069,1123,13.84069,274
694,13.86069,1185,13.86069,262
695,13.88069,1092,13.88069,264
696,13.90069,1182,13.90069,250
697,13.92069,1189,13.92069,232
698,13.94069,1193,13.94069,244
699,13.96069,1284,13.96069,249
700,13.98069,1320,13.98069,220
701,14.00069,1408,14.00069,199
702,14.02069,1523,14.02069,245
703,14.04069,1610,14.04069,220
704,14.06069,1736,14.06069,196
705,14.08069,1844,14.08069,159
706,14.10069,1841,14.10069,188
707,14.12069,1931,14.12069,158
708,14.14069,1864,14.14069,175
709,14.16069,1859,14.16069,170
710,14.18069,1842,14.18069,158
711,14.20069,1757,14.20069,166
712,14.22069,1653,14.22069,172
713,14.24069,1498,14.24069,143
714,14.26069,1464,14.26069,123
715,14.28069,1395,14.28069,133
716,14.30069,1332,14.30069,125
717,14.32069,1306,14.32069,124
718,14.34069,1199,14.34069,102
719,14.36069,1206,14.36069,126
720,14.38069,1290,14.38069,101
721,14.40069,1278,14.40069,96
722,14.42069,1148,14.42069,103
723,14.44069,1255,14.44069,93
724,14.46069,1263,14.46069,83
725,14.48069,1256,14.48069,90
726,14.50069,1233,14.50069,95
727,14.52069,1247,14.52069,91
728,14.54069,1293,14.54069,69
729,14.56069,1265,14.56069,56
730,14.58069,1304,14.58069,81
731,14.60069,1332,14.60069,69
732,14.62069,1256,14.62069,65
733,14.64069,1284,14.64069,51
734,14.66069,1255,14.66069,49
735,14.68069,1337,14.68069,76
736,14.70069,1326,14.70069,46
737,14.72069,1415,14.72069,53
738,14.74069,1512,14.74069,52
739,14.76069,1502,14.76069,44
740,14.78069,1600,14.78069,29
741,14.80069,1668,14.80069,20
742,14.82069,1877,14.82069,34
743,14.84069,2069,14.84069,34
744,14.86069,2115,14.86069,21
745,14.88069,2391,14.88069,28
746,14.90069,2492,14.90069,17
747,14.92069,2534,14.92069,18
748,14.94069,2578,14.94069,24
749,14.96069,2539,14.96069,12
750,14.98069,2419,14.98069,21
751,15.00069,2414,15.00069,14
752,15.02069,2174,15.02069,13
753,15.04069,2018,15.04069,13
754,15.06069,1847,15.06069,18
755,15.08069,1817,15.08069,13
756,15.10069,1640,15.10069,19
757,15.12069,1559,15.12069,15
758,15.14069,1578,15.14069,7
759,15.16069,1504,15.16069,11
760,15.18069,1528,15.18069,16
761,15.20069,1473,15.20069,13
762,15.22069,1450,15.22069,9
763,15.24069,1457,15.24069,13
764,15.26069,1473,15.26069,16
765,15.28069,1414,15.28069,14
766,15.30069,1520,15.30069,11
767,15.32069,1352,15.32069,14
768,15.34069,1378,15.34069,11
769,15.36069,1443,15.36069,10
770,15.38069,1374,15.38069,10
771,15.40069,1466,15.40069,9
772,15.42069,1440,15.42069,17
773,15.44069,1414,15.44069,6
774,15.46069,1523,15.46069,13
775,15.48069,1583,15.48069,9
776,15.50069,1780,15.50069,13
777,15.52069,1828,15.52069,12
778,15.54069,2127,15.54069,17
779,15.56069,2363,15.56069,11
780,15.58069,2742,15.58069,6
781,15.60069,3140,15.60069,14
782,15.62069,3849,15.62069,12
783,15.64069,4159,15.64069,9
784,15.66069,4681,15.66069,8
785,15.68069,5048,15.68069,13
786,15.70069,5374,15.70069,12
787,15.72069,5744,15.72069,13
788,15.74069,5600,15.74069,13
789,15.76069,5630,15.76069,13
790,15.78069,5201,15.78069,11
791,15.80069,4904,15.80069,13
792,15.82069,4385,15.82069,11
793,15.84069,3898,15.84069,6
794,15.86069,3279,15.86069,5
795,15.88069,2788,15.88069,14
796,15.90069,2502,15.90069,14
797,15.92069,2100,15.92069,13
798,15.94069,1875,15.94069,10
799,15.96069,1808,15.96069,10
800,15.98069,1652,15.98069,14
801,16.00069,1597,16.00069,18
802,16.02069,1567,16.02069,11
803,16.04069,1563,16.04069,10
804,16.06069,1515,16.06069,9
805,16.08069,1557,16.08069,12
806,16.10069,1617,16.10069,15
807,16.12069,1608,16.12069,6
808,16.14069,1667,16.14069,15
809,16.16069,1590,16.16069,16
810,16.18069,1639,16.18069,13
811,16.20069,1606,16.20069,13
812,16.22069,1681,16.22069,10
813,16.24069,1568,16.24069,11
814,16.26069,1656,16.26069,8
815,16.28069,1560,16.28069,12
816,16.30069,1543,16.30069,12
817,16.32069,1581,16.32069,8
818,16.34069,1603,16.34069,11
819,16.36069,1569,16.36069,9
820,16.38069,1606,16.38069,7
821,16.40069,1606,16.40069,7
822,16.42069,1630,16.42069,5
823,16.44069,1727,16.44069,11
824,16.46069,1694,16.46069,7
825,16.48069,1735,16.48069,11
826,16.50069,1799,16.50069,10
827,16.52069,1896,16.52069,15
828,16.54069,1863,16.54069,12
829,16.56069,1838,16.56069,11
830,16.58069,1969,16.58069,14
831,16.60069,1827,16.60069,16
832,16.62069,1906,16.62069,5
833,16.64069,1851,16.64069,12
834,16.66069,1929,16.66069,15
835,16.68069,1754,16.68069,13
836,16.70069,1717,16.70069,11
837,16.72069,1807,16.72069,10
838,16.74069,1700,16.74069,4
839,16.76069,1728,16.76069,9
840,16.78069,1651,16.78069,6
841,16.80069,1653,16.80069,9
842,16.82069,1721,16.82069,11
843,16.84069,1635,16.84069,18
844,16.86069,1729,16.86069,11
845,16.88069,1589,16.88069,7
846,16.90069,1585,16.90069,10
847,16.92069,1649,16.92069,9
848,16.94069,1636,16.94069,16
849,16.96069,1642,16.96069,11
850,16.98069,1674,16.98069,12
851,17.00069,1621,17.00069,12
852,17.02069,1597,17.02069,9
853,17.04069,1679,17.04069,13
854,17.06069,1686,17.06069,8
855,17.08069,1626,17.08069,9
856,17.10069,1625,17.10069,9
857,17.12069,1618,17.12069,6
858,17.14069,1677,17.14069,6
859,17.16069,1627,17.16069,7
860,17.18069,1660,17.18069,8
861,17.20069,1782,17.20069,4
862,17.22069,1662,17.22069,10
863,17.24069,1711,17.24069,11
864,17.26069,1666,17.26069,6
865,17.28069,1662,17.28069,8
866,17.30069,1635,17.30069,11
867,17.32069,1709,17.32069,10
868,17.34069,1716,17.34069,7
869,17.36069,1741,17.36069,8
870,17.38069,1819,17.38069,12
871,17.40069,1762,17.40069,2
872,17.42069,1748,17.42069,8
873,17.44069,1833,17.44069,9
874,17.46069,1900,17.46069,5
875,17.48069,1853,17.48069,12
876,17.50069,1940,17.50069,13
877,17.52069,2023,17.52069,9
878,17.54069,2092,17.54069,9
879,17.56069,2186,17.56069,5
880,17.58069,2365,17.58069,6
881,17.60069,2407,17.60069,7
882,17.62069,2479,17.62069,13
883,17.64069,2491,17.64069,2
884,17.66069,2566,17.66069,11
885,17.68069,2481,17.68069,4
886,17.70069,2467,17.70069,4
887,17.72069,2290,17.72069,9
888,17.74069,2279,17.74069,13
889,17.76069,2256,17.76069,10
890,17.78069,2113,17.78069,3
891,17.80069,2093,17.80069,6
892,17.82069,2150,17.82069,11
893,17.84069,2092,17.84069,2
894,17.86069,2086,17.86069,9
895,17.88069,2121,17.88069,3
896,17.90069,2114,17.90069,3
897,17.92069,2105,17.92069,6
898,17.94069,2189,17.94069,7
899,17.96069,2122,17.96069,3
900,17.98069,2163,17.98069,5
901,18.00069,2150,18.00069,9
902,18.02069,2064,18.02069,6
903,18.04069,2113,18.04069,4
904,18.06069,2173,18.06069,9
905,18.08069,2161,18.08069,8
906,18.10069,2194,18.10069,6
907,18.12069,2228,18.12069,9
908,18.14069,2218,18.14069,6
909,18.16069,2232,18.16069,8
910,18.18069,2192,18.18069,2
911,18.20069,2290,18.20069,3
912,18.22069,2307,18.22069,5
913,18.24069,2439,18.24069,7
914,18.26069,2481,18.26069,5
915,18.28069,2397,18.28069,4
916,18.30069,2437,18.30069,9
917,18.32069,2551,18.32069,7
918,18.34069,2595,18.34069,4
919,18.36069,2717,18.36069,5
920,18.38069,2727,18.38069,5
921,18.40069,2787,18.40069,9
922,18.42069,2781,18.42069,5
923,18.44069,2885,18.44069,2
924,18.46069,3041,18.46069,5
925,18.48069,3035,18.48069,6
926,18.50069,3291,18.50069,7
927,18.52069,3279,18.52069,7
928,18.54069,3414,18.54069,5
929,18.56069,3595,18.56069,8
930,18.58069,3730,18.58069,7
931,18.60069,3851,18.60069,8
932,18.62069,4047,18.62069,3
933,18.64069,4296,18.64069,11
934,18.66069,4505,18.66069,5
935,18.68069,4564,18.68069,5
936,18.70069,4745,18.70069,5
937,18.72069,4980,18.72069,1
938,18.74069,5346,18.74069,4
939,18.76069,5360,18.76069,1
940,18.78069,5513,18.78069,2
941,18.80069,5691,18.80069,5
942,18.82069,5946,18.82069,3
943,18.84069,6201,18.84069,6
944,18.86069,6188,18.86069,5
945,18.88069,6482,18.88069,4
946,18.90069,6625,18.90069,6
947,18.92069,6771,18.92069,4
948,18.94069,6915,18.94069,5
949,18.96069,7013,18.96069,2
950,18.98069,7036,18.98069,4
951,19.00069,7058,19.00069,4
952,19.02069,7059,19.02069,4
953,19.04069,7028,19.04069,6
954,19.06069,6932,19.06069,4
955,19.08069,6963,19.08069,4
956,19.10069,6807,19.10069,4
957,19.12069,6676,19.12069,1
958,19.14069,6416,19.14069,4
959,19.16069,6383,19.16069,7
960,19.18069,6215,19.18069,3
961,19.20069,5963,19.20069,4
962,19.22069,5806,19.22069,2
963,19.24069,5464,19.24069,2
964,19.26069,5469,19.26069,3
965,19.28069,5388,19.28069,1
966,19.30069,4896,19.30069,7
967,19.32069,4731,19.32069,5
968,19.34069,4553,19.34069,4
969,19.36069,4486,19.36069,5
970,19.38069,4166,19.38069,6
971,19.40069,4053,19.40069,3
972,19.42069,3868,19.42069,3
973,19.44069,3813,19.44069,5
974,19.46069,3526,19.46069,1
975,19.48069,3366,19.48069,1
976,19.50069,3198,19.50069,3
977,19.52069,3137,19.52069,6
978,19.54069,3079,19.54069,0
979,19.56069,2951,19.56069,1
980,19.58069,2946,19.58069,5
981,19.60069,2772,19.60069,6
982,19.62069,2680,19.62069,3
983,19.64069,2567,19.64069,4
984,19.66069,2436,19.66069,4
985,19.68069,2557,19.68069,2
986,19.70069,2471,19.70069,3
987,19.72069,2389,19.72069,3
988,19.74069,2283,19.74069,4
989,19.76069,2290,19.76069,2
990,19.78069,2219,19.78069,3
991,19.80069,2188,19.80069,2
992,19.82069,2181,19.82069,3
993,19.84069,2239,19.84069,0
994,19.86069,2389,19.86069,1
995,19.88069,2473,19.88069,1
996,19.90069,2441,19.90069,1
997,19.92069,2624,19.92069,2
998,19.94069,2841,19.94069,3
999,19.96069,3329,19.96069,3
1000,19.98069,3410,19.98069,1
1001,20.00069,3770,20.00069,6
1002,20.02069,4179,20.02069,5
1003,20.04069,4438,20.04069,3
1004,20.06069,4789,20.06069,2
1005,20.08069,5200,20.08069,2
1006,20.10069,5290,20.10069,6
1007,20.12069,5607,20.12069,3
1008,20.14069,5690,20.14069,1
1009,20.16069,5761,20.16069,2
1010,20.18069,5710,20.18069,5
1011,20.20069,5489,20.20069,4
1012,20.22069,5288,20.22069,1
1013,20.24069,4864,20.24069,3
1014,20.26069,4398,20.26069,2
1015,20.28069,4120,20.28069,1
1016,20.30069,3713,20.30069,3
1017,20.32069,3199,20.32069,3
1018,20.34069,2776,20.34069,1
1019,20.36069,2578,20.36069,1
1020,20.38069,2274,20.38069,1
1021,20.40069,2100,20.40069,1
1022,20.42069,1969,20.42069,1
1023,20.44069,1890,20.44069,3
1024,20.46069,1864,20.46069,3
1025,20.48069,1848,20.48069,1
1026,20.50069,1771,20.50069,1
1027,20.52069,1827,20.52069,1
1028,20.54069,1745,20.54069,1
1029,20.56069,1801,20.56069,1
1030,20.58069,1861,20.58069,1
1031,20.60069,1859,20.60069,4
1032,20.62069,1871,20.62069,0
1033,20.64069,1835,20.64069,1
1034,20.66069,1898,20.66069,1
1035,20.68069,1837,20.68069,2
1036,20.70069,1852,20.70069,1
1037,20.72069,1888,20.72069,3
1038,20.74069,1816,20.74069,3
1039,20.76069,1902,20.76069,1
1040,20.78069,1956,20.78069,0
1041,20.80069,1936,20.80069,0
1042,20.82069,2013,20.82069,0
1043,20.84069,2014,20.84069,1
1044,20.86069,2138,20.86069,0
1045,20.88069,2050,20.88069,2
1046,20.90069,2165,20.90069,1
1047,20.92069,2069,20.92069,3
1048,20.94069,2222,20.94069,0
1049,20.96069,2272,20.96069,1
1050,20.98069,2231,20.98069,2
1051,21.00069,2317,21.00069,0
1052,21.02069,2428,21.02069,0
1053,21.04069,2331,21.04069,1
1054,21.06069,2413,21.06069,0
1055,21.08069,2386,21.08069,0
1056,21.10069,2419,21.10069,1
1057,21.12069,2501,21.12069,1
1058,21.14069,2535,21.14069,4
1059,21.16069,2501,21.16069,0
1060,21.18069,2580,21.18069,3
1061,21.20069,2551,21.20069,1
1062,21.22069,2522,21.22069,1
1063,21.24069,2622,21.24069,1
1064,21.26069,2524,21.26069,3
1065,21.28069,2544,21.28069,1
1066,21.30069,2586,21.30069,0
1067,21.32069,2562,21.32069,0
1068,21.34069,2524,21.34069,2
1069,21.36069,2644,21.36069,2
1070,21.38069,2558,21.38069,3
1071,21.40069,2511,21.40069,0
1072,21.42069,2447,21.42069,0
1073,21.44069,2384,21.44069,0
1074,21.46069,2408,21.46069,0
1075,21.48069,2487,21.48069,0
1076,21.50069,2370,21.50069,1
1077,21.52069,2311,21.52069,0
1078,21.54069,2302,21.54069,0
1079,21.56069,2269,21.56069,1
1080,21.58069,2194,21.58069,0
1081,21.60069,2186,21.60069,0
1082,21.62069,2113,21.62069,0
1083,21.64069,2161,21.64069,0
1084,21.66069,2077,21.66069,0
1085,21.68069,1903,21.68069,1
1086,21.70069,2041,21.70069,1
1087,21.72069,2006,21.72069,0
1088,21.74069,2004,21.74069,1
1089,21.76069,1953,21.76069,0
1090,21.78069,1898,21.78069,2
1091,21.80069,1921,21.80069,0
1092,21.82069,1882,21.82069,0
1093,21.84069,1810,21.84069,1
1094,21.86069,1881,21.86069,2
1095,21.88069,1786,21.88069,0
1096,21.90069,1772,21.90069,0
1097,21.92069,1812,21.92069,0
1098,21.94069,1719,21.94069,0
1099,21.96069,1668,21.96069,0
1100,21.98069,1720,21.98069,1
1101,22.00069,1707,22.00069,0
1102,22.02069,1738,22.02069,0
1103,22.04069,1694,22.04069,0
1104,22.06069,1733,22.06069,0
1105,22.08069,1705,22.08069,0
1106,22.10069,1657,22.10069,0
1107,22.12069,1597,22.12069,0
1108,22.14069,1588,22.14069,0
1109,22.16069,1589,22.16069,0
1110,22.18069,1662,22.18069,1
1111,22.20069,1513,22.20069,1
1112,22.22069,1526,22.22069,0
1113,22.24069,1577,22.24069,0
1114,22.26069,1568,22.26069,0
1115,22.28069,1542,22.28069,0
1116,22.30069,1481,22.30069,1
1117,22.32069,1592,22.32069,0
1118,22.34069,1507,22.34069,1
1119,22.36069,1417,22.36069,1
1120,22.38069,1473,22.38069,1
1121,22.40069,1476,22.40069,0
1122,22.42069,1548,22.42069,0
1123,22.44069,1500,22.44069,0
1124,22.46069,1462,22.46069,0
1125,22.48069,1548,22.48069,0
1126,22.50069,1550,22.50069,1
1127,22.52069,1569,22.52069,0
1128,22.54069,1689,22.54069,0
1129,22.56069,1728,22.56069,0
1130,22.58069,1852,22.58069,0
1131,22.60069,1846,22.60069,0
1132,22.62069,1948,22.62069,0
1133,22.64069,2059,22.64069,0
1134,22.66069,2107,22.66069,2
1135,22.68069,2177,22.68069,1
1136,22.70069,2065,22.70069,0
1137,22.72069,2187,22.72069,1
1138,22.74069,2005,22.74069,0
1139,22.76069,1998,22.76069,0
1140,22.78069,1885,22.78069,0
1141,22.80069,1796,22.80069,0
1142,22.82069,1693,22.82069,1
1143,22.84069,1527,22.84069,1
1144,22.86069,1503,22.86069,1
1145,22.88069,1496,22.88069,0
1146,22.90069,1443,22.90069,1
1147,22.92069,1451,22.92069,0
1148,22.94069,1391,22.94069,0
1149,22.96069,1401,22.96069,0
1150,22.98069,1447,22.98069,0
1151,23.00069,1469,23.00069,0
1152,23.02069,1456,23.02069,1
1153,23.04069,1448,23.04069,0
1154,23.06069,1405,23.06069,0
1155,23.08069,1472,23.08069,1
1156,23.10069,1510,23.10069,1
1157,23.12069,1447,23.12069,2
1158,23.14069,1421,23.14069,1
1159,23.16069,1511,23.16069,0
1160,23.18069,1459,23.18069,1
1161,23.20069,1504,23.20069,0
1162,23.22069,1449,23.22069,0
1163,23.24069,1445,23.24069,1
1164,23.26069,1446,23.26069,0
1165,23.28069,1367,23.28069,0
1166,23.30069,1375,23.30069,0
1167,23.32069,1403,23.32069,0
1168,23.34069,1352,23.34069,1
1169,23.36069,1336,23.36069,2
1170,23.38069,1322,23.38069,0
1171,23.40069,1314,23.40069,0
1172,23.42069,1336,23.42069,0
1173,23.44069,1405,23.44069,1
1174,23.46069,1363,23.46069,1
1175,23.48069,1331,23.48069,0
1176,23.50069,1301,23.50069,1
1177,23.52069,1292,23.52069,0
1178,23.54069,1274,23.54069,0
1179,23.56069,1250,23.56069,0
1180,23.58069,1304,23.58069,1
1181,23.60069,1376,23.60069,0
1182,23.62069,1301,23.62069,0
1183,23.64069,1285,23.64069,1
1184,23.66069,1247,23.66069,0
1185,23.68069,1314,23.68069,0
1186,23.70069,1285,23.70069,0
1187,23.72069,1315,23.72069,0
1188,23.74069,1334,23.74069,0
1189,23.76069,1322,23.76069,1
1190,23.78069,1276,23.78069,1
1191,23.80069,1284,23.80069,0
1192,23.82069,1262,23.82069,0
1193,23.84069,1283,23.84069,1
1194,23.86069,1289,23.86069,0
1195,23.88069,1281,23.88069,0
1196,23.90069,1305,23.90069,0
1197,23.92069,1343,23.92069,0
1198,23.94069,1266,23.94069,0
1199,23.96069,1249,23.96069,0
1200,23.98069,1185,23.98069,0
1201,24.00069,1259,24.00069,0
1202,24.02069,1248,24.02069,1
1203,24.04069,1268,24.04069,0
1204,24.06069,1245,24.06069,0
1205,24.08069,1283,24.08069,0
1206,24.10069,1294,24.10069,1
1207,24.12069,1281,24.12069,0
1208,24.14069,1333,24.14069,1
1209,24.16069,1282,24.16069,3
1210,24.18069,1261,24.18069,1
1211,24.20069,1253,24.20069,1
1212,24.22069,1261,24.22069,0
1213,24.24069,1282,24.24069,0
1214,24.26069,1280,24.26069,0
1215,24.28069,1281,24.28069,0
1216,24.30069,1277,24.30069,0
1217,24.32069,1189,24.32069,0
1218,24.34069,1195,24.34069,0
1219,24.36069,1206,24.36069,0
1220,24.38069,1261,24.38069,0
1221,24.40069,1243,24.40069,0
1222,24.42069,1251,24.42069,1
1223,24.44069,1233,24.44069,0
1224,24.46069,1215,24.46069,1
1225,24.48069,1259,24.48069,0
1226,24.50069,1224,24.50069,0
1227,24.52069,1186,24.52069,0
1228,24.54069,1202,24.54069,0
1229,24.56069,1242,24.56069,0
1230,24.58069,1209,24.58069,0
1231,24.60069,1158,24.60069,0
1232,24.62069,1229,24.62069,0
1233,24.64069,1190,24.64069,1
1234,24.66069,1242,24.66069,0
1235,24.68069,1234,24.68069,1
1236,24.70069,1164,24.70069,0
1237,24.72069,1173,24.72069,1
1238,24.74069,1208,24.74069,0
1239,24.76069,1229,24.76069,0
1240,24.78069,1215,24.78069,0
1241,24.80069,1223,24.80069,0
1242,24.82069,1220,24.82069,0
1243,24.84069,1216,24.84069,0
1244,24.86069,1206,24.86069,0
1245,24.88069,1224,24.88069,0
1246,24.90069,1222,24.90069,1
1247,24.92069,1193,24.92069,0
1248,24.94069,1175,24.94069,0
1249,24.96069,1196,24.96069,0
1250,24.98069,1248,24.98069,1
1251,25.00069,1268,25.00069,0
1252,25.02069,1216,25.02069,0
1253,25.04069,1260,25.04069,0
1254,25.06069,1281,25.06069,0
1255,25.08069,1229,25.08069,0
1256,25.10069,1289,25.10069,0
1257,25.12069,1200,25.12069,0
1258,25.14069,1263,25.14069,0
1259,25.16069,1294,25.16069,1
1260,25.18069,1198,25.18069,0
1261,25.20069,1274,25.20069,0
1262,25.22069,1258,25.22069,0
1263,25.24069,1252,25.24069,0
1264,25.26069,1249,25.26069,0
1265,25.28069,1284,25.28069,0
1266,25.30069,1251,25.30069,0
1267,25.32069,1256,25.32069,0
1268,25.34069,1301,25.34069,0
1269,25.36069,1228,25.36069,0
1270,25.38069,1106,25.38069,0
1271,25.40069,1187,25.40069,0
1272,25.42069,1203,25.42069,0
1273,25.44069,1153,25.44069,0
1274,25.46069,1152,25.46069,0
1275,25.48069,1090,25.48069,0
1276,25.50069,1160,25.50069,0
1277,25.52069,1118,25.52069,0
1278,25.54069,1140,25.54069,0
1279,25.56069,1153,25.56069,0
1280,25.58069,1122,25.58069,1
1281,25.60069,1108,25.60069,1
1282,25.62069,1130,25.62069,0
1283,25.64069,1146,25.64069,0
1284,25.66069,1127,25.66069,0
1285,25.68069,1112,25.68069,0
1286,25.70069,1098,25.70069,1
1287,25.72069,1141,25.72069,0
1288,25.74069,1174,25.74069,0
1289,25.76069,1126,25.76069,0
1290,25.78069,1118,25.78069,0
1291,25.80069,1113,25.80069,0
1292,25.82069,1130,25.82069,0
1293,25.84069,1073,25.84069,0
1294,25.86069,1150,25.86069,0
1295,25.88069,1190,25.88069,0
1296,25.90069,1199,25.90069,0
1297,25.92069,1112,25.92069,0
1298,25.94069,1098,25.94069,0
1299,25.96069,1071,25.96069,0
1300,25.98069,1084,25.98069,0
1301,26.00069,1098,26.00069,0
1302,26.02069,1108,26.02069,0
1303,26.04069,1118,26.04069,0
1304,26.06069,1117,26.06069,0
1305,26.08069,1078,26.08069,0
1306,26.10069,1107,26.10069,0
1307,26.12069,1063,26.12069,0
1308,26.14069,1020,26.14069,0
1309,26.16069,1065,26.16069,0
1310,26.18069,1035,26.18069,0
1311,26.20069,1015,26.20069,0
1312,26.22069,1124,26.22069,0
1313,26.24069,1102,26.24069,0
1314,26.26069,1124,26.26069,0
1315,26.28069,1085,26.28069,0
1316,26.30069,1030,26.30069,0
1317,26.32069,1060,26.32069,0
1318,26.34069,1063,26.34069,0
1319,26.36069,1073,26.36069,0
1320,26.38069,1046,26.38069,0
1321,26.40069,996,26.40069,1
1322,26.42069,1058,26.42069,0
1323,26.44069,1029,26.44069,0
1324,26.46069,1077,26.46069,0
1325,26.48069,1054,26.48069,0
1326,26.50069,1021,26.50069,0
1327,26.52069,1037,26.52069,0
1328,26.54069,1040,26.54069,0
1329,26.56069,1086,26.56069,0
1330,26.58069,1021,26.58069,0
1331,26.60069,987,26.60069,0
1332,26.62069,1083,26.62069,0
1333,26.64069,1014,26.64069,0
1334,26.66069,995,26.66069,0
1335,26.68069,1025,26.68069,0
1336,26.70069,1070,26.70069,0
1337,26.72069,1012,26.72069,0
1338,26.74069,960,26.74069,0
1339,26.76069,1060,26.76069,0
1340,26.78069,1087,26.78069,0
1341,26.80069,998,26.80069,0
1342,26.82069,1024,26.82069,0
1343,26.84069,1005,26.84069,0
1344,26.86069,961,26.86069,0
1345,26.88069,988,26.88069,0
1346,26.90069,1000,26.90069,0
1347,26.92069,1003,26.92069,0
1348,26.94069,1025,26.94069,1
1349,26.96069,946,26.96069,0
1350,26.98069,976,26.98069,0
1351,27.00069,1044,27.00069,0
1352,27.02069,996,27.02069,0
1353,27.04069,945,27.04069,0
1354,27.06069,977,27.06069,0
1355,27.08069,934,27.08069,0
1356,27.10069,998,27.10069,0
1357,27.12069,984,27.12069,0
1358,27.14069,1024,27.14069,0
1359,27.16069,1005,27.16069,0
1360,27.18069,977,27.18069,0
1361,27.20069,989,27.20069,1
1362,27.22069,978,27.22069,0
1363,27.24069,996,27.24069,0
1364,27.26069,995,27.26069,0
1365,27.28069,970,27.28069,0
1366,27.30069,940,27.30069,0
1367,27.32069,905,27.32069,0
1368,27.34069,965,27.34069,0
1369,27.36069,967,27.36069,0
1370,27.38069,931,27.38069,0
1371,27.40069,926,27.40069,0
1372,27.42069,947,27.42069,0
1373,27.44069,935,27.44069,0
1374,27.46069,1018,27.46069,0
1375,27.48069,935,27.48069,0
1376,27.50069,998,27.50069,0
1377,27.52069,921,27.52069,0
1378,27.54069,946,27.54069,0
1379,27.56069,980,27.56069,0
1380,27.58069,919,27.58069,0
1381,27.60069,903,27.60069,0
1382,27.62069,983,27.62069,0
1383,27.64069,951,27.64069,0
1384,27.66069,959,27.66069,0
1385,27.68069,892,27.68069,0
1386,27.70069,953,27.70069,0
1387,27.72069,922,27.72069,0
1388,27.74069,950,27.74069,0
1389,27.76069,933,27.76069,0
1390,27.78069,897,27.78069,1
1391,27.80069,929,27.80069,0
1392,27.82069,919,27.82069,0
1393,27.84069,919,27.84069,0
1394,27.86069,931,27.86069,0
1395,27.88069,911,27.88069,0
1396,27.90069,911,27.90069,0
1397,27.92069,892,27.92069,0
1398,27.94069,883,27.94069,0
1399,27.96069,903,27.96069,0
1400,27.98069,973,27.98069,0
1401,28.00069,968,28.00069,0
1402,28.02069,952,28.02069,0
1403,28.04069,899,28.04069,0
1404,28.06069,839,28.06069,0
1405,28.08069,898,28.08069,0
1406,28.10069,965,28.10069,0
1407,28.12069,824,28.12069,0
1408,28.14069,887,28.14069,0
1409,28.16069,857,28.16069,0
1410,28.18069,840,28.18069,0
1411,28.20069,873,28.20069,0
1412,28.22069,876,28.22069,0
1413,28.24069,865,28.24069,0
1414,28.26069,910,28.26069,0
1415,28.28069,871,28.28069,0
1416,28.30069,886,28.30069,0
1417,28.32069,856,28.32069,0
1418,28.34069,892,28.34069,0
1419,28.36069,847,28.36069,0
1420,28.38069,901,28.38069,0
1421,28.40069,885,28.40069,0
1422,28.42069,905,28.42069,0
1423,28.44069,852,28.44069,0
1424,28.46069,855,28.46069,0
1425,28.48069,895,28.48069,0
1426,28.50069,912,28.50069,0
1427,28.52069,871,28.52069,0
1428,28.54069,838,28.54069,0
1429,28.56069,847,28.56069,0
1430,28.58069,840,28.58069,0
1431,28.60069,855,28.60069,0
1432,28.62069,819,28.62069,0
1433,28.64069,793,28.64069,0
1434,28.66069,831,28.66069,0
1435,28.68069,808,28.68069,0
1436,28.70069,773,28.70069,0
1437,28.72069,814,28.72069,0
1438,28.74069,778,28.74069,0
1439,28.76069,831,28.76069,0
1440,28.78069,818,28.78069,0
1441,28.80069,798,28.80069,0
1442,28.82069,789,28.82069,0
1443,28.84069,786,28.84069,0
1444,28.86069,823,28.86069,0
1445,28.88069,792,28.88069,0
1446,28.90069,732,28.90069,0
1447,28.92069,823,28.92069,0
1448,28.94069,778,28.94069,0
1449,28.96069,781,28.96069,0
1450,28.98069,797,28.98069,0
1451,29.00069,799,29.00069,0
1452,29.02069,749,29.02069,0
1453,29.04069,788,29.04069,0
1454,29.06069,782,29.06069,0
1455,29.08069,772,29.08069,0
1456,29.10069,757,29.10069,0
1457,29.12069,842,29.12069,0
1458,29.14069,793,29.14069,0
1459,29.16069,754,29.16069,0
1460,29.18069,784,29.18069,0
1461,29.20069,739,29.20069,0
1462,29.22069,737,29.22069,0
1463,29.24069,797,29.24069,0
1464,29.26069,746,29.26069,0
1465,29.28069,778,29.28069,0
1466,29.30069,746,29.30069,0
1467,29.32069,769,29.32069,0
1468,29.34069,745,29.34069,0
1469,29.36069,752,29.36069,0
1470,29.38069,785,29.38069,0
1471,29.40069,701,29.40069,0
1472,29.42069,739,29.42069,0
1473,29.44069,777,29.44069,0
1474,29.46069,708,29.46069,0
1475,29.48069,792,29.48069,0
1476,29.50069,747,29.50069,0
1477,29.52069,740,29.52069,0
1478,29.54069,750,29.54069,0
1479,29.56069,744,29.56069,0
1480,29.58069,706,29.58069,0
1481,29.60069,735,29.60069,0
1482,29.62069,761,29.62069,0
1483,29.64069,741,29.64069,0
1484,29.66069,778,29.66069,0
1485,29.68069,734,29.68069,0
1486,29.70069,716,29.70069,0
1487,29.72069,679,29.72069,0
1488,29.74069,741,29.74069,0
1489,29.76069,684,29.76069,0
1490,29.78069,727,29.78069,0
1491,29.80069,735,29.80069,0
1492,29.82069,724,29.82069,0
1493,29.84069,767,29.84069,0
1494,29.86069,666,29.86069,0
1495,29.88069,704,29.88069,0
1496,29.90069,727,29.90069,0
1497,29.92069,730,29.92069,0
1498,29.94069,707,29.94069,0
1499,29.96069,718,29.96069,0
1500,29.98069,686,29.98069,0
1501,30.00069,717,30.00069,0
1502,30.02069,692,30.02069,0
1503,30.04069,643,30.04069,0
1504,30.06069,709,30.06069,0
1505,30.08069,662,30.08069,0
1506,30.10069,665,30.10069,0
1507,30.12069,731,30.12069,0
1508,30.14069,669,30.14069,0
1509,30.16069,656,30.16069,0
1510,30.18069,622,30.18069,0
1511,30.20069,674,30.20069,0
1512,30.22069,694,30.22069,0
1513,30.24069,693,30.24069,0
1514,30.26069,675,30.26069,0
1515,30.28069,669,30.28069,0
1516,30.30069,671,30.30069,0
1517,30.32069,658,30.32069,0
1518,30.34069,650,30.34069,0
1519,30.36069,676,30.36069,0
1520,30.38069,628,30.38069,0
1521,30.40069,666,30.40069,0
1522,30.42069,625,30.42069,0
1523,30.44069,640,30.44069,0
1524,30.46069,653,30.46069,0
1525,30.48069,623,30.48069,0
1526,30.50069,670,30.50069,0
1527,30.52069,569,30.52069,0
1528,30.54069,689,30.54069,0
1529,30.56069,684,30.56069,0
1530,30.58069,671,30.58069,0
1531,30.60069,602,30.60069,0
1532,30.62069,634,30.62069,0
1533,30.64069,573,30.64069,0
1534,30.66069,633,30.66069,0
1535,30.68069,625,30.68069,0
1536,30.70069,630,30.70069,0
1537,30.72069,606,30.72069,0
1538,30.74069,609,30.74069,0
1539,30.76069,609,30.76069,0
1540,30.78069,580,30.78069,0
1541,30.80069,620,30.80069,0
1542,30.82069,588,30.82069,0
1543,30.84069,611,30.84069,0
1544,30.86069,671,30.86069,0
1545,30.88069,624,30.88069,0
1546,30.90069,636,30.90069,0
1547,30.92069,597,30.92069,0
1548,30.94069,604,30.94069,0
1549,30.96069,530,30.96069,0
1550,30.98069,584,30.98069,0
1551,31.00069,570,31.00069,0
1552,31.02069,559,31.02069,0
1553,31.04069,592,31.04069,0
1554,31.06069,556,31.06069,0
1555,31.08069,597,31.08069,0
1556,31.10069,600,31.10069,0
1557,31.12069,615,31.12069,0
1558,31.14069,568,31.14069,0
1559,31.16069,559,31.16069,0
1560,31.18069,512,31.18069,0
1561,31.20069,500,31.20069,0
1562,31.22069,560,31.22069,0
1563,31.24069,599,31.24069,0
1564,31.26069,549,31.26069,0
1565,31.28069,546,31.28069,0
1566,31.30069,575,31.30069,0
1567,31.32069,547,31.32069,0
1568,31.34069,545,31.34069,0
1569,31.36069,540,31.36069,0
1570,31.38069,537,31.38069,0
1571,31.40069,549,31.40069,0
1572,31.42069,555,31.42069,0
1573,31.44069,546,31.44069,0
1574,31.46069,553,31.46069,0
1575,31.48069,533,31.48069,0
1576,31.50069,519,31.50069,0
1577,31.52069,536,31.52069,0
1578,31.54069,541,31.54069,0
1579,31.56069,544,31.56069,0
1580,31.58069,527,31.58069,0
1581,31.60069,520,31.60069,0
1582,31.62069,573,31.62069,0
1583,31.64069,516,31.64069,0
1584,31.66069,561,31.66069,0
1585,31.68069,545,31.68069,0
1586,31.70069,557,31.70069,0
1587,31.72069,571,31.72069,0
1588,31.74069,565,31.74069,0
1589,31.76069,542,31.76069,0
1590,31.78069,593,31.78069,0
1591,31.80069,539,31.80069,0
1592,31.82069,504,31.82069,0
1593,31.84069,583,31.84069,0
1594,31.86069,494,31.86069,0
1595,31.88069,549,31.88069,0
1596,31.90069,507,31.90069,0
1597,31.92069,514,31.92069,0
1598,31.94069,556,31.94069,0
1599,31.96069,514,31.96069,0
1600,31.98069,489,31.98069,0
1601,32.00069,577,32.00069,0
1602,32.02069,534,32.02069,0
1603,32.04069,521,32.04069,0
1604,32.06069,560,32.06069,0
1605,32.08069,551,32.08069,0
1606,32.10069,556,32.10069,0
1607,32.12069,518,32.12069,0
1608,32.14069,563,32.14069,0
1609,32.16069,513,32.16069,0
1610,32.18069,554,32.18069,0
1611,32.20069,566,32.20069,0
1612,32.22069,517,32.22069,0
1613,32.24069,522,32.24069,0
1614,32.26069,543,32.26069,0
1615,32.28069,526,32.28069,0
1616,32.30069,520,32.30069,0
1617,32.32069,472,32.32069,0
1618,32.34069,432,32.34069,0
1619,32.36069,495,32.36069,0
1620,32.38069,458,32.38069,0
1621,32.40069,460,32.40069,0
1622,32.42069,411,32.42069,0
1623,32.44069,448,32.44069,0
1624,32.46069,457,32.46069,0
1625,32.48069,423,32.48069,0
1626,32.50069,431,32.50069,0
1627,32.52069,430,32.52069,0
1628,32.54069,434,32.54069,0
1629,32.56069,424,32.56069,0
1630,32.58069,420,32.58069,0
1631,32.60069,420,32.60069,0
1632,32.62069,395,32.62069,0
1633,32.64069,384,32.64069,0
1634,32.66069,405,32.66069,0
1635,32.68069,422,32.68069,0
1636,32.70069,381,32.70069,0
1637,32.72069,393,32.72069,0
1638,32.74069,440,32.74069,0
1639,32.76069,365,32.76069,0
1640,32.78069,445,32.78069,0
1641,32.80069,376,32.80069,0
1642,32.82069,393,32.82069,0
1643,32.84069,381,32.84069,0
1644,32.86069,354,32.86069,0
1645,32.88069,373,32.88069,0
1646,32.90069,358,32.90069,0
1647,32.92069,340,32.92069,0
1648,32.94069,330,32.94069,0
1649,32.96069,359,32.96069,0
1650,32.98069,376,32.98069,0
1651,33.00069,340,33.00069,0
1652,33.02069,344,33.02069,0
1653,33.04069,342,33.04069,0
1654,33.06069,349,33.06069,0
1655,33.08069,365,33.08069,0
1656,33.10069,346,33.10069,0
1657,33.12069,331,33.12069,0
1658,33.14069,330,33.14069,0
1659,33.16069,347,33.16069,0
1660,33.18069,363,33.18069,0
1661,33.20069,312,33.20069,0
1662,33.22069,329,33.22069,0
1663,33.24069,293,33.24069,0
1664,33.26069,364,33.26069,0
1665,33.28069,324,33.28069,0
1666,33.30069,299,33.30069,0
1667,33.32069,301,33.32069,0
1668,33.34069,323,33.34069,0
1669,33.36069,312,33.36069,0
1670,33.38069,297,33.38069,0
1671,33.40069,324,33.40069,0
1672,33.42069,297,33.42069,0
1673,33.44069,327,33.44069,0
1674,33.46069,318,33.46069,0
1675,33.48069,316,33.48069,0
1676,33.50069,293,33.50069,0
1677,33.52069,298,33.52069,0
1678,33.54069,322,33.54069,0
1679,33.56069,324,33.56069,0
1680,33.58069,279,33.58069,0
1681,33.60069,310,33.60069,0
1682,33.62069,238,33.62069,0
1683,33.64069,268,33.64069,0
1684,33.66069,294,33.66069,0
1685,33.68069,249,33.68069,0
1686,33.70069,273,33.70069,0
1687,33.72069,287,33.72069,0
1688,33.74069,277,33.74069,0
1689,33.76069,265,33.76069,0
1690,33.78069,267,33.78069,0
1691,33.80069,228,33.80069,0
1692,33.82069,256,33.82069,0
1693,33.84069,253,33.84069,0
1694,33.86069,258,33.86069,0
1695,33.88069,242,33.88069,0
1696,33.90069,262,33.90069,0
1697,33.92069,229,33.92069,0
1698,33.94069,227,33.94069,0
1699,33.96069,262,33.96069,0
1700,33.98069,226,33.98069,0
1701,34.00069,237,34.00069,0
1702,34.02069,215,34.02069,0
1703,34.04069,259,34.04069,0
1704,34.06069,254,34.06069,0
1705,34.08069,209,34.08069,0
1706,34.10069,202,34.10069,0
1707,34.12069,189,34.12069,0
1708,34.14069,206,34.14069,0
1709,34.16069,198,34.16069,0
1710,34.18069,215,34.18069,0
1711,34.20069,209,34.20069,0
1712,34.22069,195,34.22069,0
1713,34.24069,184,34.24069,0
1714,34.26069,199,34.26069,0
1715,34.28069,229,34.28069,0
1716,34.30069,209,34.30069,0
1717,34.32069,202,34.32069,0
1718,34.34069,189,34.34069,0
1719,34.36069,194,34.36069,0
1720,34.38069,214,34.38069,0
1721,34.40069,191,34.40069,0
1722,34.42069,169,34.42069,0
1723,34.44069,183,34.44069,0
1724,34.46069,184,34.46069,0
1725,34.48069,182,34.48069,0
1726,34.50069,184,34.50069,0
1727,34.52069,165,34.52069,0
1728,34.54069,178,34.54069,0
1729,34.56069,165,34.56069,0
1730,34.58069,162,34.58069,0
1731,34.60069,171,34.60069,0
1732,34.62069,149,34.62069,0
1733,34.64069,181,34.64069,0
1734,34.66069,150,34.66069,0
1735,34.68069,150,34.68069,0
1736,34.70069,161,34.70069,0
1737,34.72069,147,34.72069,0
1738,34.74069,152,34.74069,0
1739,34.76069,138,34.76069,0
1740,34.78069,146,34.78069,0
1741,34.80069,160,34.80069,0
1742,34.82069,133,34.82069,0
1743,34.84069,146,34.84069,0
1744,34.86069,134,34.86069,0
1745,34.88069,129,34.88069,0
1746,34.90069,120,34.90069,0
1747,34.92069,143,34.92069,0
1748,34.94069,120,34.94069,0
1749,34.96069,101,34.96069,0
1750,34.98069,102,34.98069,0
1751,35.00069,112,35.00069,0
1752,35.02069,88,35.02069,0
1753,35.04069,134,35.04069,0
1754,35.06069,100,35.06069,0
1755,35.08069,110,35.08069,0
1756,35.10069,105,35.10069,0
1757,35.12069,93,35.12069,0
1758,35.14069,109,35.14069,0
1759,35.16069,106,35.16069,0
1760,35.18069,106,35.18069,0
1761,35.20069,88,35.20069,0
1762,35.22069,88,35.22069,0
1763,35.24069,98,35.24069,0
1764,35.26069,90,35.26069,0
1765,35.28069,96,35.28069,0
1766,35.30069,111,35.30069,0
1767,35.32069,70,35.32069,0
1768,35.34069,92,35.34069,0
1769,35.36069,79,35.36069,0
1770,35.38069,83,35.38069,0
1771,35.40069,95,35.40069,0
1772,35.42069,88,35.42069,0
1773,35.44069,83,35.44069,0
1774,35.46069,80,35.46069,0
1775,35.48069,71,35.48069,0
1776,35.50069,58,35.50069,0
1777,35.52069,61,35.52069,0
1778,35.54069,59,35.54069,0
1779,35.56069,61,35.56069,0
1780,35.58069,57,35.58069,0
1781,35.60069,56,35.60069,0
1782,35.62069,54,35.62069,0
1783,35.64069,63,35.64069,0
1784,35.66069,60,35.66069,0
1785,35.68069,73,35.68069,0
1786,35.70069,56,35.70069,0
1787,35.72069,61,35.72069,0
1788,35.74069,62,35.74069,0
1789,35.76069,58,35.76069,0
1790,35.78069,55,35.78069,0
1791,35.80069,50,35.80069,0
1792,35.82069,53,35.82069,0
1793,35.84069,54,35.84069,0
1794,35.86069,63,35.86069,0
1795,35.88069,45,35.88069,0
1796,35.90069,48,35.90069,0
1797,35.92069,46,35.92069,0
1798,35.94069,55,35.94069,0
1799,35.96069,52,35.96069,0
1800,35.98069,51,35.98069,0
1801,36.00069,40,36.00069,0
1802,36.02069,54,36.02069,0
1803,36.04069,43,36.04069,0
1804,36.06069,48,36.06069,0
1805,36.08069,44,36.08069,0
1806,36.10069,51,36.10069,0
1807,36.12069,39,36.12069,0
1808,36.14069,48,36.14069,0
1809,36.16069,48,36.16069,0
1810,36.18069,53,36.18069,0
1811,36.20069,48,36.20069,0
1812,36.22069,59,36.22069,0
1813,36.24069,44,36.24069,0
1814,36.26069,61,36.26069,0
1815,36.28069,62,36.28069,0
1816,36.30069,54,36.30069,0
1817,36.32069,63,36.32069,0
1818,36.34069,64,36.34069,0
1819,36.36069,47,36.36069,0
1820,36.38069,57,36.38069,0
1821,36.40069,48,36.40069,0
1822,36.42069,36,36.42069,0
1823,36.44069,38,36.44069,0
1824,36.46069,49,36.46069,0
1825,36.48069,40,36.48069,0
1826,36.50069,43,36.50069,0
1827,36.52069,32,36.52069,0
1828,36.54069,49,36.54069,0
1829,36.56069,25,36.56069,0
1830,36.58069,46,36.58069,0
1831,36.60069,29,36.60069,0
1832,36.62069,24,36.62069,0
1833,36.64069,38,36.64069,0
1834,36.66069,39,36.66069,0
1835,36.68069,39,36.68069,0
1836,36.70069,29,36.70069,0
1837,36.72069,36,36.72069,0
1838,36.74069,35,36.74069,0
1839,36.76069,24,36.76069,0
1840,36.78069,22,36.78069,0
1841,36.80069,26,36.80069,0
1842,36.82069,26,36.82069,0
1843,36.84069,31,36.84069,0
1844,36.86069,29,36.86069,0
1845,36.88069,31,36.88069,0
1846,36.90069,27,36.90069,0
1847,36.92069,30,36.92069,0
1848,36.94069,20,36.94069,0
1849,36.96069,36,36.96069,0
1850,36.98069,16,36.98069,0
1851,37.00069,17,37.00069,0
1852,37.02069,32,37.02069,0
1853,37.04069,22,37.04069,0
1854,37.06069,25,37.06069,0
1855,37.08069,22,37.08069,0
1856,37.10069,24,37.10069,0
1857,37.12069,20,37.12069,0
1858,37.14069,21,37.14069,0
1859,37.16069,27,37.16069,0
1860,37.18069,29,37.18069,0
1861,37.20069,27,37.20069,0
1862,37.22069,27,37.22069,0
1863,37.24069,29,37.24069,0
1864,37.26069,22,37.26069,0
1865,37.28069,23,37.28069,0
1866,37.30069,22,37.30069,0
1867,37.32069,25,37.32069,0
1868,37.34069,29,37.34069,0
1869,37.36069,24,37.36069,0
1870,37.38069,21,37.38069,0
1871,37.40069,25,37.40069,0
1872,37.42069,23,37.42069,0
1873,37.44069,25,37.44069,0
1874,37.46069,20,37.46069,0
1875,37.48069,24,37.48069,0
1876,37.50069,15,37.50069,0
1877,37.52069,14,37.52069,0
1878,37.54069,15,37.54069,0
1879,37.56069,14,37.56069,0
1880,37.58069,20,37.58069,0
1881,37.60069,19,37.60069,0
1882,37.62069,19,37.62069,0
1883,37.64069,18,37.64069,0
1884,37.66069,25,37.66069,0
1885,37.68069,15,37.68069,0
1886,37.70069,19,37.70069,0
1887,37.72069,24,37.72069,0
1888,37.74069,15,37.74069,0
1889,37.76069,25,37.76069,0
1890,37.78069,24,37.78069,0
1891,37.80069,15,37.80069,0
1892,37.82069,15,37.82069,0
1893,37.84069,11,37.84069,0
1894,37.86069,23,37.86069,0
1895,37.88069,20,37.88069,0
1896,37.90069,21,37.90069,0
1897,37.92069,19,37.92069,0
1898,37.94069,17,37.94069,0
1899,37.96069,16,37.96069,0
1900,37.98069,19,37.98069,0
1901,38.00069,11,38.00069,0
1902,38.02069,10,38.02069,0
1903,38.04069,19,38.04069,0
1904,38.06069,15,38.06069,0
1905,38.08069,14,38.08069,0
1906,38.10069,16,38.10069,0
1907,38.12069,16,38.12069,0
1908,38.14069,9,38.14069,0
1909,38.16069,17,38.16069,0
1910,38.18069,13,38.18069,0
1911,38.20069,17,38.20069,0
1912,38.22069,18,38.22069,0
1913,38.24069,16,38.24069,0
1914,38.26069,18,38.26069,0
1915,38.28069,16,38.28069,0
1916,38.30069,16,38.30069,0
1917,38.32069,17,38.32069,0
1918,38.34069,16,38.34069,0
1919,38.36069,20,38.36069,0
1920,38.38069,10,38.38069,0
1921,38.40069,12,38.40069,0
1922,38.42069,22,38.42069,0
1923,38.44069,13,38.44069,0
1924,38.46069,15,38.46069,0
1925,38.48069,18,38.48069,0
1926,38.50069,14,38.50069,0
1927,38.52069,11,38.52069,0
1928,38.54069,8,38.54069,0
1929,38.56069,11,38.56069,0
1930,38.58069,16,38.58069,0
1931,38.60069,19,38.60069,0
1932,38.62069,11,38.62069,0
1933,38.64069,16,38.64069,0
1934,38.66069,15,38.66069,0
1935,38.68069,9,38.68069,0
1936,38.70069,12,38.70069,0
1937,38.72069,17,38.72069,0
1938,38.74069,14,38.74069,0
1939,38.76069,13,38.76069,0
1940,38.78069,19,38.78069,0
1941,38.80069,14,38.80069,0
1942,38.82069,11,38.82069,0
1943,38.84069,13,38.84069,0
1944,38.86069,8,38.86069,0
1945,38.88069,7,38.88069,0
1946,38.90069,15,38.90069,0
1947,38.92069,7,38.92069,0
1948,38.94069,8,38.94069,0
1949,38.96069,6,38.96069,0
1950,38.98069,12,38.98069,0
1951,39.00069,10,39.00069,0
1952,39.02069,13,39.02069,0
1953,39.04069,13,39.04069,0
1954,39.06069,15,39.06069,0
1955,39.08069,7,39.08069,0
1956,39.10069,8,39.10069,0
1957,39.12069,6,39.12069,0
1958,39.14069,14,39.14069,0
1959,39.16069,11,39.16069,0
1960,39.18069,8,39.18069,0
1961,39.20069,10,39.20069,0
1962,39.22069,8,39.22069,0
1963,39.24069,16,39.24069,0
1964,39.26069,4,39.26069,0
1965,39.28069,19,39.28069,0
1966,39.30069,4,39.30069,0
1967,39.32069,11,39.32069,0
1968,39.34069,11,39.34069,0
1969,39.36069,13,39.36069,0
1970,39.38069,15,39.38069,0
1971,39.40069,6,39.40069,0
1972,39.42069,6,39.42069,0
1973,39.44069,4,39.44069,0
1974,39.46069,3,39.46069,0
1975,39.48069,8,39.48069,0
1976,39.50069,8,39.50069,0
1977,39.52069,9,39.52069,0
1978,39.54069,9,39.54069,0
1979,39.56069,10,39.56069,0
1980,39.58069,10,39.58069,0
1981,39.60069,8,39.60069,0
1982,39.62069,10,39.62069,0
1983,39.64069,5,39.64069,0
1984,39.66069,2,39.66069,0
1985,39.68069,8,39.68069,0
1986,39.70069,8,39.70069,0
1987,39.72069,5,39.72069,0
1988,39.74069,8,39.74069,0
1989,39.76069,6,39.76069,0
1990,39.78069,10,39.78069,0
1991,39.80069,10,39.80069,0
1992,39.82069,2,39.82069,0
1993,39.84069,11,39.84069,0
1994,39.86069,12,39.86069,0
1995,39.88069,9,39.88069,0
1996,39.90069,5,39.90069,0
1997,39.92069,7,39.92069,0
1998,39.94069,6,39.94069,0
1999,39.96069,8,39.96069,0
2000,39.98069,8,39.98069,0
2001,40.00069,8,40.00069,0
2002,40.02069,8,40.02069,0
2003,40.04069,7,40.04069,0
2004,40.06069,7,40.06069,0
2005,40.08069,7,40.08069,0
2006,40.10069,7,40.10069,0
2007,40.12069,4,40.12069,0
2008,40.14069,9,40.14069,0
2009,40.16069,4,40.16069,0
2010,40.18069,9,40.18069,0
2011,40.20069,7,40.20069,0
2012,40.22069,4,40.22069,0
2013,40.24069,5,40.24069,0
2014,40.26069,5,40.26069,0
2015,40.28069,6,40.28069,0
2016,40.30069,4,40.30069,0
2017,40.32069,5,40.32069,0
2018,40.34069,5,40.34069,0
2019,40.36069,5,40.36069,0
2020,40.38069,7,40.38069,0
2021,40.40069,5,40.40069,0
2022,40.42069,10,40.42069,0
2023,40.44069,4,40.44069,0
2024,40.46069,9,40.46069,0
2025,40.48069,6,40.48069,0
2026,40.50069,8,40.50069,0
2027,40.52069,7,40.52069,0
2028,40.54069,9,40.54069,0
2029,40.56069,7,40.56069,0
2030,40.58069,10,40.58069,0
2031,40.60069,7,40.60069,0
2032,40.62069,8,40.62069,0
2033,40.64069,11,40.64069,0
2034,40.66069,5,40.66069,0
2035,40.68069,4,40.68069,0
2036,40.70069,5,40.70069,0
2037,40.72069,8,40.72069,0
2038,40.74069,6,40.74069,0
2039,40.76069,8,40.76069,0
2040,40.78069,8,40.78069,0
2041,40.80069,2,40.80069,0
2042,40.82069,8,40.82069,0
2043,40.84069,5,40.84069,0
2044,40.86069,6,40.86069,0
2045,40.88069,8,40.88069,0
2046,40.90069,4,40.90069,0
2047,40.92069,1,40.92069,0
2048,40.94069,8,40.94069,0
