File,DateTime,Operator,Name,ID,SAMPLE,Project,Application,Method,ElapsedTime,Alloy 1,Match Qual 1,Alloy 2,Match Qual 2,Alloy 3,Match Qual 3,Mg,Mg Err,Al,Al Err,Si,Si Err,P,P Err,S,S Err,K,K Err,Ca,Ca Err,Ti,Ti Err,V,V Err,Cr,Cr Err,Mn,Mn Err,Fe,Fe Err,Co,Co Err,Ni,Ni Err,Cu,Cu Err,Zn,Zn Err,As,As Err,Rb,Rb Err,Sr,Sr Err,Y,Y Err,Zr,Zr Err,Nb,Nb Err,Mo,Mo Err,Ba,Ba Err,Pb,Pb Err,Th,Th Err,U,U Err,Cal Check
3388,3/20/2025 12:02,Supervisor,Standard,,SdAR-M2,ESPRIT_Brennexperiment,Mudrock Dual,MudrockDual,120,,0,,0,,0,0.3841,0.1029,4.8582,0.063,25.6308,0.0861,0.0213,0.006,0.2148,0.0057,3.6408,0.0133,0.6848,0.0047,0.1421,0.0022,0.0072,0.0012,0.0045,0.0007,0.0929,0.0012,1.9057,0.0053,< LOD,0.0001,0.0051,0.0004,0.0279,0.0006,0.0896,0.0008,0.0411,0.0005,0.0155,0.0002,0.0153,0.0002,0.0054,0.0002,0.0223,0.0003,0.0021,0.0002,0.0024,0.0002,0.1451,0.0158,0.0468,0.0005,0.0018,0.0001,< LOD,0.0005,Passed
3389,3/20/2025 12:05,Supervisor,Standard,,SdAR-M2,ESPRIT_Brennexperiment,Mudrock Dual,MudrockDual,120,,0,,0,,0,0.321,0.1024,4.8162,0.0628,25.2334,0.0854,0.0147,0.0061,0.2022,0.0056,3.5647,0.0132,0.6692,0.0047,0.1447,0.0023,0.0064,0.0012,0.0031,0.0007,0.0899,0.0012,1.8844,0.0053,0.0002,0.0001,0.0052,0.0003,0.0284,0.0006,0.0876,0.0008,0.0409,0.0005,0.0151,0.0002,0.015,0.0002,0.0053,0.0002,0.0223,0.0003,0.0021,0.0002,0.0027,0.0002,0.1477,0.0159,0.0458,0.0005,0.0016,0.0001,< LOD,0.0005,Passed
3390,3/20/2025 12:07,Supervisor,Standard,,SdAR-M2,ESPRIT_Brennexperiment,Mudrock Dual,MudrockDual,120,,0,,0,,0,0.2903,0.0999,5.009,0.0637,26.1584,0.087,0.0282,0.006,0.212,0.0056,3.6939,0.0135,0.6926,0.0048,0.1557,0.0023,0.007,0.0012,0.0037,0.0007,0.0928,0.0012,1.9091,0.0053,< LOD,0.0001,0.0051,0.0003,0.0285,0.0006,0.0904,0.0008,0.041,0.0005,0.0156,0.0002,0.0151,0.0002,0.0056,0.0002,0.0227,0.0003,0.0022,0.0002,0.0025,0.0002,0.1309,0.0158,0.0471,0.0005,0.0017,0.0001,< LOD,0.0005,Passed
3398,3/20/2025 12:54,Supervisor,Sample,,TP_30aa,ESPRIT_Brennexperiment,Mudrock Dual,MudrockDual,120,,0,,0,,0,1.8961,0.1604,6.2586,0.0743,16.4642,0.0755,0.1348,0.0091,0.9516,0.0104,2.4474,0.0113,6.41,0.0138,0.3354,0.0032,0.0094,0.0013,0.0083,0.0008,0.0447,0.0011,3.9803,0.0089,0.0004,0.0002,0.0057,0.0004,0.0042,0.0003,0.0099,0.0004,0.0008,0.0003,0.0117,0.0002,0.026,0.0003,0.0033,0.0002,0.0116,0.0002,0.001,0.0002,0.0008,0.0002,< LOD,0.0169,0.0015,0.0003,0.0012,0.0001,0.0011,0.0005,Passed
3399,3/20/2025 12:57,Supervisor,Sample,,TP_30aa,ESPRIT_Brennexperiment,Mudrock Dual,MudrockDual,120,,0,,0,,0,1.579,0.1537,5.3818,0.0695,14.1366,0.0695,0.1236,0.0088,0.6262,0.0088,2.5972,0.0113,5.8483,0.013,0.3263,0.0031,0.0079,0.0012,0.0051,0.0007,0.04,0.001,3.8688,0.0087,< LOD,0.0003,0.0066,0.0004,0.004,0.0004,0.0109,0.0004,0.0013,0.0003,0.0119,0.0002,0.0279,0.0003,0.0031,0.0003,0.0108,0.0002,0.001,0.0002,0.0006,0.0002,< LOD,0.0168,0.0013,0.0003,0.0013,0.0001,0.0005,0.0005,Passed
3400,3/20/2025 13:02,Supervisor,Sample,,TP_30aa,ESPRIT_Brennexperiment,Mudrock Dual,MudrockDual,120,,0,,0,,0,1.6347,0.154,5.4998,0.0699,14.4232,0.07,0.1598,0.009,0.5893,0.0086,2.5342,0.0112,5.7038,0.0128,0.3087,0.003,0.0097,0.0012,0.0055,0.0007,0.0422,0.001,3.7559,0.0086,0.0006,0.0002,0.0056,0.0004,0.0038,0.0004,0.0099,0.0004,0.0007,0.0003,0.011,0.0002,0.0262,0.0003,0.003,0.0003,0.0106,0.0002,0.0009,0.0002,0.0005,0.0002,< LOD,0.0167,0.0012,0.0003,0.0011,0.0001,< LOD,0.0005,Passed
3401,3/20/2025 13:05,Supervisor,Sample,,TP_30a,ESPRIT_Brennexperiment,Mudrock Dual,MudrockDual,120,,0,,0,,0,1.4991,0.135,4.3482,0.0619,12.7483,0.0644,0.023,0.0069,< LOD,0.0042,1.3883,0.0084,4.8328,0.0115,0.296,0.0028,0.0077,0.0012,0.0054,0.0007,0.0362,0.0009,3.6158,0.0082,0.0004,0.0002,0.0057,0.0004,0.0039,0.0004,0.0093,0.0004,0.0009,0.0003,0.011,0.0002,0.0253,0.0003,0.0033,0.0003,0.0095,0.0002,0.001,0.0002,0.0007,0.0002,< LOD,0.0159,0.0016,0.0003,0.0013,0.0001,0.001,0.0005,Passed
3402,3/20/2025 13:07,Supervisor,Sample,,TP_30a,ESPRIT_Brennexperiment,Mudrock Dual,MudrockDual,120,,0,,0,,0,1.1112,0.1167,3.1011,0.0529,9.3059,0.0538,0.0114,0.0059,< LOD,0.0038,0.9988,0.007,3.7334,0.0098,0.2203,0.0024,0.0053,0.001,0.0012,0.0006,0.0261,0.0008,3.0602,0.0074,< LOD,0.0003,0.005,0.0004,0.0035,0.0004,0.0086,0.0004,0.0009,0.0003,0.0085,0.0002,0.024,0.0003,0.0031,0.0003,0.0069,0.0002,0.0007,0.0001,0.0005,0.0002,0.0243,0.0148,0.0007,0.0002,0.0011,0.0001,< LOD,0.0004,Passed
3403,3/20/2025 13:12,Supervisor,Sample,,TP_30a,ESPRIT_Brennexperiment,Mudrock Dual,MudrockDual,120,,0,,0,,0,1.5987,0.1361,4.5126,0.0628,13.0834,0.0655,0.0371,0.007,< LOD,0.0042,1.476,0.0087,5.0136,0.0118,0.3045,0.0029,0.0097,0.0012,0.0049,0.0007,0.0367,0.001,3.6696,0.0083,< LOD,0.0002,0.0063,0.0004,0.004,0.0004,0.0094,0.0004,0.001,0.0003,0.0108,0.0002,0.0249,0.0003,0.0031,0.0003,0.0096,0.0002,0.0009,0.0002,0.0006,0.0002,< LOD,0.0163,0.0014,0.0003,0.0012,0.0001,0.0006,0.0005,Passed
3405,3/20/2025 13:21,Supervisor,Sample,,TP_28aa,ESPRIT_Brennexperiment,Mudrock Dual,MudrockDual,120,,0,,0,,0,2.2121,0.1676,6.7441,0.0769,17.1424,0.0776,0.0957,0.009,1.044,0.0108,2.6909,0.0119,6.8491,0.0144,0.3588,0.0033,0.0101,0.0013,0.0073,0.0008,0.0497,0.0011,4.0562,0.009,< LOD,0.0002,0.0058,0.0004,0.0044,0.0004,0.0105,0.0004,0.0016,0.0003,0.0121,0.0002,0.0278,0.0003,0.0029,0.0003,0.0114,0.0002,0.0011,0.0002,0.0007,0.0002,< LOD,0.0172,0.0015,0.0003,0.0013,0.0001,0.0008,0.0005,Passed
3406,3/20/2025 13:24,Supervisor,Sample,,TP_28aa,ESPRIT_Brennexperiment,Mudrock Dual,MudrockDual,120,,0,,0,,0,1.975,0.1571,6.4196,0.0743,16.1241,0.0744,0.0693,0.0083,0.8588,0.0098,2.2832,0.0109,6.2121,0.0135,0.3445,0.0032,0.0086,0.0013,0.0071,0.0007,0.0413,0.001,3.8848,0.0087,< LOD,0.0002,0.0061,0.0004,0.0039,0.0004,0.0116,0.0004,0.0019,0.0003,0.0115,0.0002,0.0274,0.0003,0.0029,0.0003,0.0114,0.0002,0.001,0.0002,0.0008,0.0002,< LOD,0.0167,0.0018,0.0003,0.0012,0.0001,< LOD,0.0005,Passed
3407,3/20/2025 13:26,Supervisor,Sample,,TP_28aa,ESPRIT_Brennexperiment,Mudrock Dual,MudrockDual,120,,0,,0,,0,2.1143,0.1663,7.115,0.0786,17.7341,0.0789,0.0946,0.0089,0.8587,0.01,2.7732,0.0121,6.6653,0.0142,0.3559,0.0033,0.0089,0.0013,0.0079,0.0008,0.0458,0.0011,4.0314,0.0089,< LOD,0.0002,0.006,0.0004,0.0039,0.0003,0.0129,0.0004,0.0019,0.0003,0.0121,0.0002,0.0272,0.0003,0.0031,0.0002,0.0125,0.0002,0.0011,0.0002,0.0009,0.0002,< LOD,0.0171,0.0018,0.0003,0.0012,0.0001,< LOD,0.0005,Passed
3408,3/20/2025 13:31,Supervisor,Sample,,TP_28a,ESPRIT_Brennexperiment,Mudrock Dual,MudrockDual,120,,0,,0,,0,1.3539,0.1279,4.0022,0.0594,11.8507,0.0617,0.0128,0.0065,< LOD,0.0041,1.2592,0.008,4.3668,0.0108,0.271,0.0027,0.0072,0.0011,0.0038,0.0006,0.0343,0.0009,3.5411,0.0081,< LOD,0.0003,0.0059,0.0004,0.0042,0.0004,0.0092,0.0004,0.0013,0.0003,0.0099,0.0002,0.0243,0.0003,0.0031,0.0003,0.0091,0.0002,0.0008,0.0002,0.0005,0.0002,0.0213,0.0155,0.0012,0.0002,0.0012,0.0001,0.0006,0.0005,Passed
3409,3/20/2025 13:33,Supervisor,Sample,,TP_28a,ESPRIT_Brennexperiment,Mudrock Dual,MudrockDual,120,,0,,0,,0,1.2847,0.1261,3.816,0.0581,11.4453,0.0604,0.021,0.0064,< LOD,0.004,1.2256,0.0078,4.3061,0.0107,0.2685,0.0027,0.0073,0.0011,0.0033,0.0006,0.0314,0.0009,3.3831,0.0079,< LOD,0.0002,0.0057,0.0004,0.0038,0.0004,0.0091,0.0004,0.0008,0.0003,0.0094,0.0002,0.024,0.0003,0.0028,0.0003,0.0082,0.0002,0.0008,0.0002,0.0005,0.0002,< LOD,0.0155,0.001,0.0002,0.0011,0.0001,< LOD,0.0005,Passed
3410,3/20/2025 13:36,Supervisor,Sample,,TP_28a,ESPRIT_Brennexperiment,Mudrock Dual,MudrockDual,120,,0,,0,,0,1.9016,0.148,5.7248,0.0705,16.3347,0.0745,0.046,0.0078,< LOD,0.0046,1.7925,0.0098,5.8202,0.013,0.3538,0.0032,0.01,0.0013,0.0068,0.0007,0.0425,0.001,4.0023,0.0088,< LOD,0.0002,0.0056,0.0004,0.0039,0.0003,0.0093,0.0004,0.0005,0.0003,0.0124,0.0002,0.0255,0.0003,0.0035,0.0002,0.012,0.0002,0.0012,0.0002,0.0007,0.0002,< LOD,0.0169,0.0017,0.0003,0.0012,0.0001,0.0008,0.0005,Passed
3411,3/20/2025 13:39,Supervisor,Sample,,TP_39aa,ESPRIT_Brennexperiment,Mudrock Dual,MudrockDual,120,,0,,0,,0,2.259,0.1681,6.5493,0.076,18.0139,0.0791,0.1247,0.0092,0.2234,0.0069,2.8549,0.0123,6.5851,0.0141,0.3692,0.0033,0.0079,0.0013,0.0072,0.0008,0.0603,0.0012,3.8859,0.0087,0.0004,0.0002,0.006,0.0004,0.0043,0.0003,0.0126,0.0004,0.0013,0.0003,0.0126,0.0002,0.0268,0.0003,0.0032,0.0002,0.0124,0.0002,0.001,0.0002,0.0006,0.0002,< LOD,0.0171,0.0015,0.0003,0.0013,0.0001,0.0005,0.0005,Passed
3412,3/20/2025 13:42,Supervisor,Sample,,TP_39aa,ESPRIT_Brennexperiment,Mudrock Dual,MudrockDual,120,,0,,0,,0,2.2494,0.1684,5.3923,0.0701,14.8653,0.0713,0.3058,0.0102,0.1476,0.0064,2.7856,0.0118,6.255,0.0135,0.3195,0.0031,0.0085,0.0012,0.0067,0.0007,0.0758,0.0012,3.7064,0.0085,< LOD,0.0002,0.0054,0.0004,0.004,0.0004,0.0122,0.0004,0.0011,0.0003,0.012,0.0002,0.027,0.0003,0.0031,0.0003,0.0115,0.0002,0.0009,0.0002,0.0008,0.0002,0.0455,0.0169,0.0013,0.0003,0.0012,0.0001,0.0006,0.0005,Passed
3413,3/20/2025 13:45,Supervisor,Sample,,TP_39aa,ESPRIT_Brennexperiment,Mudrock Dual,MudrockDual,120,,0,,0,,0,1.9482,0.1501,5.8147,0.0706,15.6107,0.0725,0.0583,0.0078,0.1475,0.0059,2.4753,0.0111,5.4942,0.0126,0.3208,0.003,0.0107,0.0012,0.0076,0.0007,0.0453,0.001,3.6733,0.0083,< LOD,0.0002,0.0054,0.0004,0.0038,0.0003,0.011,0.0004,0.0014,0.0003,0.0114,0.0002,0.0255,0.0003,0.0031,0.0003,0.0115,0.0002,0.001,0.0002,0.0007,0.0002,0.0236,0.0165,0.0012,0.0003,0.0012,0.0001,0.0008,0.0005,Passed
3414,3/20/2025 13:49,Supervisor,Sample,,TP_39a,ESPRIT_Brennexperiment,Mudrock Dual,MudrockDual,120,,0,,0,,0,1.264,0.1202,3.6017,0.0561,11.1485,0.0589,0.0271,0.0061,0.0132,0.004,1.1295,0.0075,3.882,0.0101,0.2273,0.0025,0.0071,0.0011,0.0033,0.0006,0.0324,0.0009,3.0027,0.0073,< LOD,0.0003,0.0057,0.0005,0.0033,0.0004,0.0086,0.0004,0.0012,0.0003,0.0086,0.0002,0.0243,0.0004,0.0028,0.0003,0.0069,0.0002,0.0006,0.0001,0.0004,0.0002,0.0249,0.0147,0.0009,0.0002,0.0011,0.0001,< LOD,0.0004,Passed
3415,3/20/2025 13:51,Supervisor,Sample,,TP_39a,ESPRIT_Brennexperiment,Mudrock Dual,MudrockDual,120,,0,,0,,0,1.5543,0.1314,4.0022,0.0591,12.2446,0.0623,0.0318,0.0066,< LOD,0.0042,1.2465,0.0079,4.3922,0.0108,0.2635,0.0027,0.0071,0.0011,0.0044,0.0006,0.034,0.0009,3.2722,0.0077,< LOD,0.0003,0.0057,0.0004,0.004,0.0004,0.0092,0.0004,0.0014,0.0003,0.0093,0.0002,0.0251,0.0003,0.0029,0.0003,0.0086,0.0002,0.0007,0.0002,0.0004,0.0002,< LOD,0.0152,0.0009,0.0002,0.0011,0.0001,< LOD,0.0004,Passed
3416,3/20/2025 13:54,Supervisor,Sample,,TP_39a,ESPRIT_Brennexperiment,Mudrock Dual,MudrockDual,120,,0,,0,,0,1.5097,0.135,4.0993,0.0603,12.8398,0.0643,0.0375,0.007,0.0404,0.0047,1.3514,0.0083,4.8167,0.0115,0.2888,0.0028,0.007,0.0012,0.0043,0.0007,0.0389,0.001,3.4385,0.008,< LOD,0.0002,0.0063,0.0004,0.0036,0.0004,0.0089,0.0004,0.0011,0.0003,0.0106,0.0002,0.0258,0.0003,0.0032,0.0003,0.0098,0.0002,0.001,0.0002,0.0006,0.0002,< LOD,0.0158,0.0011,0.0003,0.0012,0.0001,< LOD,0.0005,Passed
3539,4/2/2025 13:40,Supervisor,Standard,,SdAR-M2,ESPRIT_Brennexperiment,Mudrock Dual,MudrockDual,120,,0,,0,,0,0.2681,0.099,4.628,0.0615,23.9087,0.0831,0.0274,0.0059,0.1992,0.0055,3.4168,0.0128,0.6578,0.0046,0.1373,0.0022,0.0069,0.0011,0.0053,0.0007,0.0883,0.0012,1.8871,0.0053,< LOD,0.0001,0.0051,0.0003,0.0286,0.0006,0.0915,0.0008,0.0406,0.0005,0.0148,0.0002,0.0151,0.0003,0.0053,0.0002,0.02,0.0003,0.0024,0.0002,0.0024,0.0002,0.1493,0.0157,0.0443,0.0005,0.0017,0.0001,0.0006,0.0005,Passed
3540,4/2/2025 13:43,Supervisor,Standard,,SdAR-M2,ESPRIT_Brennexperiment,Mudrock Dual,MudrockDual,120,,0,,0,,0,0.3042,0.0989,4.5121,0.0609,23.7686,0.0827,0.018,0.0058,0.1995,0.0055,3.4001,0.0128,0.6479,0.0046,0.1346,0.0022,0.0068,0.0011,0.0037,0.0007,0.0879,0.0012,1.8763,0.0053,< LOD,0.0001,0.0047,0.0003,0.0293,0.0006,0.0916,0.0009,0.0406,0.0005,0.015,0.0002,0.015,0.0003,0.0053,0.0002,0.0195,0.0003,0.002,0.0002,0.0022,0.0002,0.1471,0.0157,0.0442,0.0005,0.0017,0.0001,0.0006,0.0005,Passed
3541,4/2/2025 13:46,Supervisor,Standard,,SdAR-M2,ESPRIT_Brennexperiment,Mudrock Dual,MudrockDual,120,,0,,0,,0,0.3736,0.101,4.4539,0.0606,23.3394,0.082,0.0194,0.0059,0.1923,0.0054,3.3642,0.0127,0.643,0.0045,0.1358,0.0022,0.0073,0.0011,0.0048,0.0007,0.0876,0.0012,1.8727,0.0053,< LOD,0.0001,0.0051,0.0004,0.0297,0.0006,0.0953,0.0009,0.0421,0.0005,0.0146,0.0002,0.0154,0.0003,0.0054,0.0002,0.0193,0.0003,0.0022,0.0002,0.0024,0.0002,0.1391,0.0156,0.0429,0.0005,0.0018,0.0001,< LOD,0.0005,Passed
3566,4/2/2025 15:15,Supervisor,Sample,,TP_57aa,ESPRIT_Brennexperiment,Mudrock Dual,MudrockDual,120,,0,,0,,0,0.4867,0.1127,9.5199,0.086,18.6246,0.0799,0.0121,0.0059,0.252,0.006,3.6085,0.0134,0.5155,0.0042,0.5065,0.0035,0.0142,0.0014,0.0066,0.0007,0.0269,0.0009,4.0859,0.0085,< LOD,0.0002,0.0063,0.0004,0.0081,0.0004,0.0068,0.0003,0.0018,0.0002,0.0132,0.0002,0.0098,0.0002,0.0038,0.0002,0.0151,0.0002,0.0013,0.0002,0.001,0.0002,< LOD,0.0177,0.0019,0.0003,0.0014,0.0001,0.0009,0.0005,Passed
3567,4/2/2025 15:17,Supervisor,Sample,,TP_57aa,ESPRIT_Brennexperiment,Mudrock Dual,MudrockDual,120,,0,,0,,0,0.751,0.121,9.8498,0.0883,18.9211,0.0816,0.1039,0.0073,0.0992,0.0051,4.2861,0.0147,1.1905,0.0062,0.5389,0.0037,0.0157,0.0015,0.01,0.0007,0.0434,0.001,4.2563,0.0088,< LOD,0.0002,0.0066,0.0004,0.0084,0.0004,0.0084,0.0004,0.0018,0.0002,0.0146,0.0002,0.0105,0.0002,0.0038,0.0002,0.0181,0.0002,0.0014,0.0002,0.001,0.0002,0.0239,0.018,0.0027,0.0003,0.0015,0.0001,0.0013,0.0005,Passed
3568,4/2/2025 15:20,Supervisor,Sample,,TP_57aa,ESPRIT_Brennexperiment,Mudrock Dual,MudrockDual,120,,0,,0,,0,0.6644,0.1142,9.9695,0.0878,19.1399,0.0813,0.0311,0.0061,0.1076,0.0049,3.4063,0.0131,0.5729,0.0044,0.5084,0.0035,0.0147,0.0014,0.0089,0.0007,0.0301,0.0009,4.1154,0.0085,< LOD,0.0003,0.0069,0.0004,0.0081,0.0004,0.0065,0.0003,0.0014,0.0002,0.014,0.0002,0.0096,0.0003,0.004,0.0003,0.0176,0.0002,0.0014,0.0002,0.0009,0.0002,0.0261,0.0176,0.0024,0.0003,0.0015,0.0001,0.0012,0.0005,Passed
3569,4/2/2025 15:24,Supervisor,Sample,,TP_57a,ESPRIT_Brennexperiment,Mudrock Dual,MudrockDual,120,,0,,0,,0,0.3941,0.0916,5.4799,0.0652,13.2119,0.0642,< LOD,0.0046,0.0333,0.0035,1.1626,0.0076,0.4862,0.0038,0.3742,0.0029,0.0105,0.0012,0.0059,0.0006,0.0233,0.0008,3.5648,0.0078,< LOD,0.0003,0.0059,0.0004,0.0077,0.0004,0.0057,0.0004,0.0018,0.0003,0.0107,0.0002,0.0094,0.0003,0.0035,0.0003,0.0115,0.0002,0.001,0.0002,0.0007,0.0002,0.0211,0.0159,0.0016,0.0002,0.0013,0.0001,0.0006,0.0005,Passed
3570,4/2/2025 15:27,Supervisor,Sample,,TP_57a,ESPRIT_Brennexperiment,Mudrock Dual,MudrockDual,120,,0,,0,,0,0.4467,0.0959,6.2758,0.0697,13.7287,0.0663,< LOD,0.0049,0.0262,0.0037,1.2958,0.0081,0.7496,0.0047,0.4143,0.0031,0.0095,0.0013,0.0046,0.0007,0.0239,0.0009,3.8268,0.0082,< LOD,0.0003,0.0058,0.0004,0.0069,0.0004,0.0053,0.0003,0.0022,0.0002,0.0116,0.0002,0.0098,0.0003,0.0035,0.0003,0.0126,0.0002,0.0011,0.0002,0.0008,0.0002,< LOD,0.0166,0.002,0.0003,0.0013,0.0001,0.0007,0.0005,Passed
3571,4/2/2025 15:29,Supervisor,Sample,,TP_57a,ESPRIT_Brennexperiment,Mudrock Dual,MudrockDual,120,,0,,0,,0,0.4858,0.0954,5.7171,0.0667,13.2072,0.0646,< LOD,0.0047,0.0302,0.0036,1.1983,0.0078,0.5028,0.0039,0.3936,0.003,0.0118,0.0012,0.0041,0.0006,0.0228,0.0008,3.7287,0.0081,< LOD,0.0003,0.0057,0.0004,0.0073,0.0004,0.0055,0.0003,0.0026,0.0002,0.0113,0.0002,0.0087,0.0003,0.0037,0.0003,0.012,0.0002,0.0011,0.0002,0.001,0.0002,< LOD,0.0162,0.0024,0.0003,0.0013,0.0001,0.0007,0.0005,Passed
3572,4/2/2025 15:33,Supervisor,Sample,,TP_59aa,ESPRIT_Brennexperiment,Mudrock Dual,MudrockDual,120,,0,,0,,0,0.672,0.1125,11.57,0.0943,21.4093,0.087,0.0248,0.006,0.1293,0.0051,2.6758,0.012,0.3243,0.0036,0.5827,0.0037,0.0153,0.0015,0.01,0.0008,0.0352,0.001,4.2887,0.0087,< LOD,0.0002,0.0063,0.0004,0.007,0.0004,0.0058,0.0003,0.0023,0.0002,0.0142,0.0002,0.0081,0.0002,0.0038,0.0002,0.0171,0.0002,0.0014,0.0002,0.001,0.0002,< LOD,0.0179,0.0026,0.0003,0.0014,0.0001,0.0007,0.0005,Passed
3573,4/2/2025 15:35,Supervisor,Sample,,TP_59aa,ESPRIT_Brennexperiment,Mudrock Dual,MudrockDual,120,,0,,0,,0,0.5796,0.107,9.2519,0.084,18.2816,0.0784,0.01,0.0056,0.0625,0.0043,2.6551,0.0115,0.2873,0.0033,0.4739,0.0034,0.0164,0.0014,0.0087,0.0007,0.0307,0.0009,3.9581,0.0083,< LOD,0.0002,0.0062,0.0004,0.0075,0.0004,0.0064,0.0003,0.0024,0.0002,0.0129,0.0002,0.0085,0.0002,0.0037,0.0002,0.0162,0.0002,0.0015,0.0002,0.0009,0.0002,0.0424,0.0173,0.002,0.0003,0.0013,0.0001,0.0007,0.0005,Passed
3574,4/2/2025 15:38,Supervisor,Sample,,TP_59aa,ESPRIT_Brennexperiment,Mudrock Dual,MudrockDual,120,,0,,0,,0,0.6549,0.1136,11.5353,0.0943,21.3552,0.0869,0.0253,0.0061,0.1229,0.0051,2.6664,0.012,0.3178,0.0036,0.5823,0.0037,0.0173,0.0015,0.0101,0.0008,0.0367,0.001,4.3003,0.0087,< LOD,0.0002,0.0061,0.0004,0.0069,0.0004,0.0054,0.0003,0.0022,0.0002,0.014,0.0002,0.0082,0.0002,0.0037,0.0002,0.018,0.0002,0.0014,0.0002,0.0012,0.0002,< LOD,0.0179,0.0024,0.0003,0.0013,0.0001,0.0007,0.0005,Passed
3575,4/2/2025 15:41,Supervisor,Sample,,TP_59a,ESPRIT_Brennexperiment,Mudrock Dual,MudrockDual,120,,0,,0,,0,0.3936,0.099,7.4631,0.0758,15.8211,0.072,0.0135,0.0052,0.031,0.0038,1.5624,0.0089,0.3414,0.0034,0.4616,0.0033,0.0128,0.0013,0.0057,0.0007,0.0315,0.0009,4.0409,0.0085,< LOD,0.0002,0.006,0.0004,0.0074,0.0004,0.0065,0.0003,0.0024,0.0002,0.0128,0.0002,0.0085,0.0002,0.0037,0.0003,0.0145,0.0002,0.0013,0.0002,0.001,0.0002,< LOD,0.0171,0.0022,0.0003,0.0014,0.0001,0.0007,0.0005,Passed
3576,4/2/2025 15:43,Supervisor,Sample,,TP_59a,ESPRIT_Brennexperiment,Mudrock Dual,MudrockDual,120,,0,,0,,0,0.4566,0.0906,5.1909,0.0632,11.2073,0.0587,< LOD,0.0042,0.0369,0.0034,1.0182,0.0071,0.141,0.0023,0.3473,0.0028,0.0111,0.0012,0.0036,0.0006,0.0207,0.0008,3.3761,0.0076,< LOD,0.0003,0.0054,0.0004,0.0074,0.0004,0.0049,0.0003,0.0026,0.0003,0.0098,0.0002,0.0078,0.0003,0.0033,0.0003,0.0104,0.0002,0.0009,0.0002,0.0008,0.0002,0.0219,0.0154,0.0013,0.0002,0.0012,0.0001,0.0011,0.0005,Passed
3577,4/2/2025 15:46,Supervisor,Sample,,TP_59a,ESPRIT_Brennexperiment,Mudrock Dual,MudrockDual,120,,0,,0,,0,0.3525,0.0888,4.1969,0.0577,9.6881,0.0541,< LOD,0.004,0.034,0.0033,0.8768,0.0066,0.128,0.0022,0.3112,0.0026,0.0085,0.0011,0.0021,0.0006,0.017,0.0007,3.238,0.0074,< LOD,0.0003,0.0067,0.0005,0.0078,0.0005,0.0058,0.0004,0.0027,0.0003,0.0098,0.0002,0.0085,0.0003,0.0039,0.0003,0.0102,0.0002,0.0009,0.0001,0.0007,0.0002,< LOD,0.0149,0.0016,0.0002,0.0014,0.0001,0.0005,0.0004,Passed
3578,4/2/2025 15:50,Supervisor,Sample,,TP_67aa,ESPRIT_Brennexperiment,Mudrock Dual,MudrockDual,120,,0,,0,,0,0.9611,0.1146,8.854,0.0815,19.4577,0.0793,0.0124,0.0058,0.0866,0.0046,2.9815,0.0121,1.2556,0.0061,0.5192,0.0035,0.0095,0.0014,0.0077,0.0007,0.0253,0.0009,2.9153,0.0069,< LOD,0.0002,0.0072,0.0004,0.005,0.0004,0.0087,0.0004,0.0011,0.0002,0.0155,0.0002,0.015,0.0003,0.0039,0.0002,0.0171,0.0002,0.0019,0.0002,0.0009,0.0002,< LOD,0.0168,0.0016,0.0003,0.0016,0.0001,0.0009,0.0005,Passed
3579,4/2/2025 16:41,Supervisor,Sample,,TP_67aa,ESPRIT_Brennexperiment,Mudrock Dual,MudrockDual,120,,0,,0,,0,0.8019,0.1055,6.9856,0.0721,14.7452,0.0677,< LOD,0.005,0.0492,0.004,1.2665,0.008,1.0486,0.0054,0.4383,0.0032,0.0109,0.0013,0.0062,0.0006,0.0178,0.0008,2.7015,0.0066,< LOD,0.0002,0.0057,0.0004,0.0045,0.0003,0.0072,0.0003,0.0011,0.0002,0.0139,0.0002,0.0131,0.0003,0.0036,0.0002,0.015,0.0002,0.0018,0.0002,0.0009,0.0002,< LOD,0.0161,0.0013,0.0003,0.0013,0.0001,0.0007,0.0005,Passed
3580,4/2/2025 16:46,Supervisor,Sample,,TP_67aa,ESPRIT_Brennexperiment,Mudrock Dual,MudrockDual,120,,0,,0,,0,0.96,0.1146,8.6341,0.0805,18.8464,0.0779,< LOD,0.0057,0.0673,0.0045,2.6543,0.0114,1.2076,0.006,0.5126,0.0035,0.0119,0.0014,0.0075,0.0007,0.0227,0.0009,2.9121,0.0069,< LOD,0.0002,0.0067,0.0004,0.005,0.0004,0.008,0.0004,0.0012,0.0002,0.015,0.0002,0.0144,0.0003,0.0037,0.0002,0.0171,0.0002,0.002,0.0002,0.0011,0.0002,< LOD,0.0169,0.0016,0.0003,0.0015,0.0001,0.0013,0.0005,Passed
3581,4/2/2025 16:49,Supervisor,Sample,,TP_67a,ESPRIT_Brennexperiment,Mudrock Dual,MudrockDual,120,,0,,0,,0,0.9099,0.1158,8.9053,0.082,19.6613,0.0801,< LOD,0.0062,0.0163,0.0042,1.4149,0.0088,2.4121,0.0084,0.5373,0.0036,0.0099,0.0014,0.0087,0.0007,0.0235,0.0009,3.0154,0.007,< LOD,0.0002,0.0061,0.0004,0.0046,0.0003,0.0078,0.0003,0.001,0.0002,0.0161,0.0002,0.017,0.0003,0.0037,0.0002,0.0187,0.0002,0.002,0.0002,0.0009,0.0002,< LOD,0.0169,0.0016,0.0003,0.0014,0.0001,0.0007,0.0005,Passed
3582,4/2/2025 16:52,Supervisor,Sample,,TP_67a,ESPRIT_Brennexperiment,Mudrock Dual,MudrockDual,120,,0,,0,,0,0.8798,0.1076,7.3045,0.0739,16.1515,0.0712,< LOD,0.0053,0.0222,0.0039,1.0967,0.0077,1.7145,0.0069,0.4568,0.0033,0.0099,0.0013,0.0071,0.0007,0.0258,0.0009,2.7608,0.0067,< LOD,0.0002,0.0059,0.0004,0.0045,0.0003,0.0072,0.0003,0.0011,0.0002,0.0138,0.0002,0.0134,0.0003,0.0035,0.0002,0.0145,0.0002,0.0017,0.0002,0.001,0.0002,< LOD,0.0162,0.0011,0.0003,0.0014,0.0001,0.0007,0.0005,Passed
3583,4/2/2025 16:57,Supervisor,Sample,,TP_67a,ESPRIT_Brennexperiment,Mudrock Dual,MudrockDual,120,,0,,0,,0,0.6774,0.0926,4.3669,0.0578,9.83,0.0538,< LOD,0.0043,0.0308,0.0034,0.596,0.0057,1.3348,0.0058,0.2991,0.0026,0.004,0.0011,0.001,0.0006,0.0096,0.0007,2.0409,0.0058,< LOD,0.0002,0.0053,0.0005,0.005,0.0004,0.0071,0.0004,0.001,0.0003,0.0097,0.0002,0.0149,0.0003,0.0039,0.0003,0.009,0.0002,0.0012,0.0001,0.0005,0.0002,< LOD,0.0143,0.0008,0.0002,0.0014,0.0001,0.0008,0.0004,Passed
3665,4/3/2025 12:02,Supervisor,Standard,,SdAR-M2,ESPRIT_Brennexperiment,Mudrock Dual,MudrockDual,120,,0,,0,,0,0.322,0.1004,4.8633,0.0629,25.0464,0.0851,0.0203,0.006,0.2056,0.0056,3.5858,0.0132,0.681,0.0047,0.1424,0.0022,0.0076,0.0012,0.0039,0.0007,0.0925,0.0012,1.8919,0.0053,0.0002,0.0001,0.0053,0.0004,0.029,0.0006,0.0913,0.0008,0.042,0.0005,0.0152,0.0002,0.0153,0.0002,0.0054,0.0002,0.0214,0.0003,0.0022,0.0002,0.0024,0.0002,0.1537,0.0158,0.0459,0.0005,0.0018,0.0001,0.0011,0.0005,Passed
3666,4/3/2025 12:04,Supervisor,Standard,,SdAR-M2,ESPRIT_Brennexperiment,Mudrock Dual,MudrockDual,120,,0,,0,,0,0.3317,0.1019,4.9931,0.0637,25.8282,0.0865,0.0253,0.0061,0.2085,0.0056,3.6617,0.0134,0.6863,0.0047,0.1521,0.0023,0.0074,0.0012,0.0044,0.0007,0.0942,0.0012,1.9105,0.0053,< LOD,0.0001,0.0054,0.0003,0.0289,0.0006,0.0923,0.0008,0.0418,0.0005,0.0156,0.0002,0.0156,0.0002,0.0056,0.0002,0.0223,0.0003,0.0023,0.0002,0.0026,0.0002,0.1516,0.0158,0.0461,0.0005,0.0018,0.0001,0.0007,0.0005,Passed
3667,4/3/2025 12:06,Supervisor,Standard,,SdAR-M2,ESPRIT_Brennexperiment,Mudrock Dual,MudrockDual,120,,0,,0,,0,0.3085,0.1002,4.8253,0.0628,25.2697,0.0854,0.0194,0.0061,0.2076,0.0057,3.5582,0.0132,0.6677,0.0047,0.1461,0.0022,0.0076,0.0012,0.0038,0.0007,0.0904,0.0012,1.8811,0.0053,< LOD,0.0001,0.0052,0.0004,0.0288,0.0006,0.0895,0.0008,0.0412,0.0005,0.0154,0.0002,0.0157,0.0003,0.0056,0.0002,0.0219,0.0003,0.002,0.0002,0.0024,0.0002,0.1379,0.0158,0.046,0.0005,0.0018,0.0001,0.0008,0.0005,Passed
3669,4/3/2025 12:19,Supervisor,Sample,,TP_65a,ESPRIT_Brennexperiment,Mudrock Dual,MudrockDual,120,,0,,0,,0,0.8824,0.1053,7.2741,0.0734,17.034,0.0726,< LOD,0.005,0.0309,0.0037,1.2724,0.0081,0.8206,0.0049,0.4503,0.0032,0.011,0.0013,0.0063,0.0006,0.0217,0.0008,2.7163,0.0066,< LOD,0.0002,0.006,0.0004,0.0048,0.0004,0.0077,0.0004,0.001,0.0002,0.0131,0.0002,0.0093,0.0002,0.0037,0.0003,0.0137,0.0002,0.0018,0.0002,0.0008,0.0002,< LOD,0.0159,0.0011,0.0003,0.0014,0.0001,0.0007,0.0005,Passed
3670,4/3/2025 12:23,Supervisor,Sample,,TP_65a,ESPRIT_Brennexperiment,Mudrock Dual,MudrockDual,120,,0,,0,,0,0.8532,0.1036,7.576,0.0746,16.9427,0.0726,< LOD,0.0048,0.0374,0.0037,1.1637,0.0078,0.7135,0.0046,0.4598,0.0032,0.0093,0.0013,0.0067,0.0007,0.0294,0.0009,2.8188,0.0067,< LOD,0.0002,0.0065,0.0004,0.0048,0.0004,0.0075,0.0003,0.001,0.0002,0.015,0.0002,0.0103,0.0002,0.004,0.0002,0.0156,0.0002,0.0018,0.0002,0.0012,0.0002,< LOD,0.0159,0.0018,0.0003,0.0015,0.0001,0.0009,0.0005,Passed
3671,4/3/2025 12:33,Supervisor,Sample,,TP_65a,ESPRIT_Brennexperiment,Mudrock Dual,MudrockDual,120,,0,,0,,0,0.5554,0.087,4.462,0.058,9.7861,0.0535,< LOD,0.0039,0.0216,0.0031,0.593,0.0056,0.5369,0.0038,0.3056,0.0026,0.0057,0.001,0.0015,0.0005,0.0154,0.0007,2.1735,0.0059,< LOD,0.0002,0.0062,0.0004,0.0049,0.0004,0.0077,0.0004,0.001,0.0002,0.0129,0.0002,0.0108,0.0003,0.0042,0.0003,0.0124,0.0002,0.0017,0.0002,0.0009,0.0002,< LOD,0.0137,0.001,0.0002,0.0015,0.0001,0.0011,0.0004,Passed
3674,4/3/2025 12:57,Supervisor,Sample,,TP_65b,ESPRIT_Brennexperiment,Mudrock Dual,MudrockDual,120,,0,,0,,0,0.88,0.1078,8.2065,0.078,18.1974,0.0759,< LOD,0.0052,0.0338,0.0039,1.2792,0.0083,0.7636,0.0048,0.5022,0.0034,0.0101,0.0014,0.0077,0.0007,0.0187,0.0009,2.8922,0.0068,< LOD,0.0002,0.0048,0.0003,0.0041,0.0003,0.0058,0.0003,0.0005,0.0002,0.0142,0.0002,0.0079,0.0002,0.0029,0.0002,0.0154,0.0002,0.0016,0.0002,0.001,0.0002,< LOD,0.017,0.0015,0.0003,0.0012,0,0.0008,0.0005,Passed
3675,4/3/2025 13:00,Supervisor,Sample,,TP_65b,ESPRIT_Brennexperiment,Mudrock Dual,MudrockDual,120,,0,,0,,0,0.7241,0.1059,7.6014,0.0753,16.7586,0.0726,< LOD,0.005,0.0272,0.0039,1.1912,0.008,0.7361,0.0047,0.4794,0.0033,0.0097,0.0014,0.0054,0.0007,0.0165,0.0009,2.8681,0.0068,< LOD,0.0002,0.0048,0.0003,0.0042,0.0003,0.0058,0.0003,0.0008,0.0002,0.014,0.0002,0.0079,0.0002,0.0031,0.0002,0.0146,0.0002,0.0017,0.0002,0.001,0.0002,< LOD,0.0171,0.0012,0.0003,0.0011,0,0.0006,0.0005,Passed
3676,4/3/2025 13:03,Supervisor,Sample,,TP_65b,ESPRIT_Brennexperiment,Mudrock Dual,MudrockDual,120,,0,,0,,0,0.9612,0.1093,8.4027,0.079,18.5932,0.077,< LOD,0.0052,0.0281,0.0039,1.3728,0.0086,0.8204,0.005,0.5288,0.0035,0.0101,0.0014,0.0072,0.0007,0.0211,0.0009,3.0126,0.007,< LOD,0.0002,0.0055,0.0004,0.0047,0.0003,0.007,0.0003,0.0008,0.0002,0.0152,0.0002,0.0085,0.0002,0.0031,0.0002,0.0163,0.0002,0.002,0.0002,0.001,0.0002,< LOD,0.0173,0.0013,0.0003,0.0013,0.0001,0.0007,0.0005,Passed
3677,4/3/2025 13:07,Supervisor,Sample,,TP_67b,ESPRIT_Brennexperiment,Mudrock Dual,MudrockDual,120,,0,,0,,0,1.0325,0.1197,10.0586,0.087,22.5731,0.0862,< LOD,0.0063,0.0189,0.0043,1.5763,0.0094,1.9574,0.0077,0.5731,0.0037,0.0102,0.0014,0.0099,0.0008,0.0224,0.0009,2.9964,0.0069,0.0003,0.0002,0.0053,0.0003,0.0038,0.0003,0.0063,0.0003,0.0007,0.0002,0.0157,0.0002,0.0148,0.0002,0.0034,0.0002,0.0189,0.0003,0.0021,0.0002,0.001,0.0002,< LOD,0.0173,0.0016,0.0003,0.0012,0,0.0007,0.0005,Passed
3678,4/3/2025 13:09,Supervisor,Sample,,TP_67b,ESPRIT_Brennexperiment,Mudrock Dual,MudrockDual,120,,0,,0,,0,1.0939,0.1211,10.3037,0.088,23.0878,0.0874,< LOD,0.0063,0.0213,0.0044,1.6606,0.0097,1.8792,0.0076,0.593,0.0038,0.0103,0.0015,0.009,0.0008,0.021,0.0009,3.0316,0.0069,< LOD,0.0002,0.0059,0.0003,0.0039,0.0003,0.0066,0.0003,0.0006,0.0002,0.0157,0.0002,0.0147,0.0002,0.0034,0.0002,0.0188,0.0003,0.0022,0.0002,0.0013,0.0002,< LOD,0.0175,0.0018,0.0003,0.0013,0,0.0007,0.0005,Passed
3679,4/3/2025 13:11,Supervisor,Sample,,TP_67b,ESPRIT_Brennexperiment,Mudrock Dual,MudrockDual,120,,0,,0,,0,1.041,0.1179,9.6731,0.0851,21.7585,0.0842,0.0128,0.0061,0.0213,0.0042,1.5066,0.0092,1.7405,0.0072,0.5568,0.0037,0.0089,0.0014,0.0087,0.0008,0.0199,0.0009,2.959,0.0068,0.0002,0.0002,0.0052,0.0003,0.0042,0.0003,0.0064,0.0003,0.0008,0.0002,0.0151,0.0002,0.0144,0.0002,0.0029,0.0002,0.0179,0.0003,0.0021,0.0002,0.0012,0.0002,< LOD,0.0174,0.0013,0.0003,0.0012,0,< LOD,0.0005,Passed
3680,4/3/2025 13:14,Supervisor,Sample,,TP_69b,ESPRIT_Brennexperiment,Mudrock Dual,MudrockDual,120,,0,,0,,0,1.075,0.118,10.2594,0.0875,22.9248,0.0868,0.0198,0.006,0.0375,0.0043,1.6668,0.0097,0.9996,0.0057,0.5926,0.0037,0.0137,0.0015,0.01,0.0008,0.0298,0.001,3.107,0.007,< LOD,0.0002,0.0057,0.0003,0.0043,0.0003,0.0078,0.0003,0.0009,0.0002,0.017,0.0003,0.0087,0.0002,0.0036,0.0002,0.0197,0.0003,0.0021,0.0002,0.0015,0.0002,< LOD,0.0175,0.0018,0.0003,0.0013,0,0.0006,0.0005,Passed
3681,4/3/2025 13:16,Supervisor,Sample,,TP_69b,ESPRIT_Brennexperiment,Mudrock Dual,MudrockDual,120,,0,,0,,0,0.9951,0.1108,8.551,0.0796,19.188,0.0781,< LOD,0.0054,0.033,0.004,1.3319,0.0085,0.8284,0.0051,0.5193,0.0035,0.0106,0.0014,0.0091,0.0007,0.0226,0.0009,2.9358,0.0068,< LOD,0.0002,0.005,0.0003,0.0043,0.0003,0.0063,0.0003,0.0007,0.0002,0.0152,0.0002,0.0086,0.0002,0.0035,0.0002,0.0167,0.0002,0.002,0.0002,0.0012,0.0002,< LOD,0.017,0.0017,0.0003,0.0012,0,0.0008,0.0005,Passed
3682,4/3/2025 13:19,Supervisor,Sample,,TP_69b,ESPRIT_Brennexperiment,Mudrock Dual,MudrockDual,120,,0,,0,,0,1.0296,0.1163,10.1884,0.0871,22.4468,0.0858,0.0129,0.0059,0.0411,0.0043,1.592,0.0094,0.9415,0.0055,0.5773,0.0037,0.0125,0.0015,0.0101,0.0008,0.0288,0.001,3.0699,0.0069,< LOD,0.0002,0.005,0.0003,0.0039,0.0003,0.0064,0.0003,0.0008,0.0002,0.0167,0.0003,0.0089,0.0002,0.0034,0.0002,0.0192,0.0003,0.0025,0.0002,0.0013,0.0002,< LOD,0.0173,0.0017,0.0003,0.0013,0,0.001,0.0005,Passed
3683,4/3/2025 13:22,Supervisor,Sample,,TP_30b,ESPRIT_Brennexperiment,Mudrock Dual,MudrockDual,120,,0,,0,,0,2.0826,0.1553,6.6274,0.0752,17.7597,0.078,0.0898,0.0083,0.0102,0.005,1.9526,0.0103,6.0082,0.0133,0.3617,0.0032,0.0081,0.0013,0.0075,0.0008,0.0414,0.0011,3.8734,0.0085,0.0003,0.0002,0.0053,0.0004,0.0036,0.0003,0.0083,0.0003,0.001,0.0002,0.0118,0.0002,0.0239,0.0003,0.003,0.0002,0.0123,0.0002,0.0011,0.0002,0.0006,0.0002,< LOD,0.0169,0.0013,0.0003,0.0011,0.0001,< LOD,0.0005,Passed
3684,4/3/2025 13:24,Supervisor,Sample,,TP_30b,ESPRIT_Brennexperiment,Mudrock Dual,MudrockDual,120,,0,,0,,0,2.1589,0.1604,7.2248,0.0788,19.4104,0.0825,0.0951,0.0088,0.0107,0.0053,2.1618,0.011,6.5189,0.0141,0.3823,0.0034,0.0092,0.0013,0.0083,0.0008,0.0443,0.0011,4.0566,0.0088,< LOD,0.0002,0.0054,0.0004,0.0032,0.0003,0.0084,0.0003,0.0007,0.0002,0.0127,0.0002,0.0243,0.0003,0.003,0.0002,0.013,0.0002,0.0013,0.0002,0.0006,0.0002,< LOD,0.0174,0.0018,0.0003,0.0012,0.0001,0.0006,0.0005,Passed
3685,4/3/2025 13:26,Supervisor,Sample,,TP_30b,ESPRIT_Brennexperiment,Mudrock Dual,MudrockDual,120,,0,,0,,0,2.0647,0.1562,6.6581,0.0758,17.8456,0.0789,0.0751,0.0084,< LOD,0.005,2.058,0.0106,6.2529,0.0137,0.3882,0.0034,0.0095,0.0013,0.0072,0.0008,0.0433,0.0011,4.1149,0.0089,< LOD,0.0002,0.0058,0.0004,0.0043,0.0003,0.0092,0.0004,0.0008,0.0003,0.0132,0.0002,0.0248,0.0003,0.0028,0.0002,0.0132,0.0002,0.0012,0.0002,0.0007,0.0002,< LOD,0.0175,0.0016,0.0003,0.0012,0.0001,0.0007,0.0005,Passed
3686,4/3/2025 13:48,Supervisor,Sample,,TP_63b,ESPRIT_Brennexperiment,Mudrock Dual,MudrockDual,120,,0,,0,,0,1.0644,0.1164,10.3061,0.0877,23.0349,0.0871,0.0106,0.0058,0.0382,0.0042,1.6208,0.0096,0.9299,0.0055,0.5907,0.0037,0.0123,0.0015,0.0102,0.0008,0.0561,0.0011,3.1407,0.007,0.0003,0.0002,0.0064,0.0003,0.0045,0.0003,0.0065,0.0003,0.0016,0.0002,0.0175,0.0003,0.0089,0.0002,0.0035,0.0002,0.0207,0.0003,0.0026,0.0002,0.0015,0.0002,< LOD,0.0173,0.0028,0.0003,0.0013,0,0.0007,0.0005,Passed
3687,4/3/2025 13:50,Supervisor,Sample,,TP_63b,ESPRIT_Brennexperiment,Mudrock Dual,MudrockDual,120,,0,,0,,0,0.9573,0.1108,8.6963,0.0804,19.0092,0.0781,< LOD,0.0053,0.0283,0.0039,1.3631,0.0086,0.8219,0.005,0.5266,0.0035,0.0126,0.0014,0.0093,0.0007,0.0234,0.0009,3.054,0.007,< LOD,0.0002,0.0055,0.0003,0.004,0.0003,0.0063,0.0003,0.0008,0.0002,0.0162,0.0003,0.0085,0.0002,0.0033,0.0002,0.0179,0.0003,0.0021,0.0002,0.0012,0.0002,< LOD,0.0172,0.0014,0.0003,0.0013,0,< LOD,0.0005,Passed
3688,4/3/2025 13:53,Supervisor,Sample,,TP_63b,ESPRIT_Brennexperiment,Mudrock Dual,MudrockDual,120,,0,,0,,0,0.891,0.1104,9.1718,0.0827,20.2549,0.081,< LOD,0.0054,0.0316,0.004,1.4444,0.0089,0.866,0.0052,0.5559,0.0036,0.0114,0.0014,0.0087,0.0007,0.0407,0.001,3.1007,0.0071,< LOD,0.0002,0.0058,0.0003,0.0044,0.0003,0.0063,0.0003,0.0014,0.0002,0.017,0.0003,0.0087,0.0002,0.0032,0.0002,0.0191,0.0003,0.0021,0.0002,0.0009,0.0002,< LOD,0.0173,0.0024,0.0003,0.0013,0,0.0011,0.0005,Passed
3689,4/3/2025 13:56,Supervisor,Sample,,TP_39b,ESPRIT_Brennexperiment,Mudrock Dual,MudrockDual,120,,0,,0,,0,1.6525,0.1453,5.9361,0.0712,16.5325,0.0745,0.0634,0.0078,0.0371,0.0051,1.8544,0.0099,5.4652,0.0126,0.3609,0.0032,0.0084,0.0013,0.0062,0.0007,0.0419,0.0011,3.6879,0.0083,< LOD,0.0002,0.0049,0.0004,0.0038,0.0003,0.008,0.0003,0.0011,0.0003,0.0112,0.0002,0.0234,0.0003,0.0028,0.0002,0.0111,0.0002,0.0009,0.0002,0.0008,0.0002,< LOD,0.0169,0.0012,0.0003,0.0011,0.0001,< LOD,0.0005,Passed
3690,4/3/2025 14:04,Supervisor,Sample,,TP_39b,ESPRIT_Brennexperiment,Mudrock Dual,MudrockDual,120,,0,,0,,0,2.0339,0.1525,6.7154,0.0753,17.8833,0.0781,0.081,0.0082,0.0487,0.0053,1.9373,0.0102,5.7538,0.013,0.3636,0.0032,0.0106,0.0013,0.0099,0.0008,0.0491,0.0011,3.7743,0.0084,< LOD,0.0002,0.0056,0.0004,0.0034,0.0003,0.0081,0.0003,0.0011,0.0002,0.0117,0.0002,0.0232,0.0003,0.003,0.0002,0.0129,0.0002,0.001,0.0002,0.0008,0.0002,< LOD,0.0167,0.0015,0.0003,0.0011,0.0001,0.0007,0.0005,Passed
3691,4/3/2025 14:06,Supervisor,Sample,,TP_39b,ESPRIT_Brennexperiment,Mudrock Dual,MudrockDual,120,,0,,0,,0,2.1548,0.1589,7.328,0.0789,20.2133,0.0836,0.085,0.0086,0.0401,0.0054,2.1693,0.011,6.3628,0.0139,0.381,0.0034,0.0087,0.0013,0.0084,0.0008,0.0474,0.0011,3.8409,0.0085,< LOD,0.0002,0.0053,0.0004,0.0034,0.0003,0.0084,0.0003,0.0011,0.0002,0.0126,0.0002,0.024,0.0003,0.0029,0.0002,0.0133,0.0002,0.001,0.0002,0.0006,0.0002,< LOD,0.0172,0.0013,0.0003,0.0011,0.0001,0.0006,0.0005,Passed
3769,4/4/2025 13:23,Supervisor,Standard,,SdAR-M2,ESPRIT_Brennexperiment,Mudrock Dual,MudrockDual,120,,0,,0,,0,0.2563,0.1012,4.6831,0.0621,24.3803,0.084,0.0178,0.0059,0.2008,0.0056,3.4939,0.013,0.6635,0.0047,0.1379,0.0022,0.0058,0.0012,0.0023,0.0007,0.088,0.0012,1.9117,0.0054,< LOD,0.0001,0.005,0.0004,0.0287,0.0006,0.0926,0.0009,0.0413,0.0005,0.0152,0.0002,0.0153,0.0003,0.0053,0.0002,0.0206,0.0003,0.0021,0.0002,0.0021,0.0002,0.1259,0.016,0.0458,0.0005,0.0017,0.0001,< LOD,0.0005,Passed
3770,4/4/2025 13:26,Supervisor,Standard,,SdAR-M2,ESPRIT_Brennexperiment,Mudrock Dual,MudrockDual,120,,0,,0,,0,0.2344,0.1003,4.8623,0.0631,25.1969,0.0855,0.0207,0.006,0.2057,0.0056,3.6296,0.0133,0.6828,0.0047,0.1439,0.0022,0.0076,0.0012,0.0039,0.0007,0.0927,0.0012,1.9095,0.0053,< LOD,0.0001,0.0051,0.0003,0.029,0.0006,0.0912,0.0008,0.0416,0.0005,0.0156,0.0002,0.0154,0.0002,0.0058,0.0002,0.021,0.0003,0.0023,0.0002,0.0023,0.0002,0.1333,0.0158,0.0463,0.0005,0.0018,0.0001,0.0008,0.0005,Passed
3771,4/4/2025 13:28,Supervisor,Standard,,SdAR-M2,ESPRIT_Brennexperiment,Mudrock Dual,MudrockDual,120,,0,,0,,0,0.2681,0.1011,4.8655,0.0632,25.4151,0.0859,0.0252,0.0061,0.2108,0.0056,3.6387,0.0133,0.6892,0.0047,0.1425,0.0022,0.007,0.0012,0.0047,0.0007,0.0936,0.0012,1.9357,0.0054,< LOD,0.0001,0.0049,0.0003,0.0287,0.0006,0.0904,0.0008,0.0404,0.0005,0.0158,0.0002,0.0152,0.0002,0.0055,0.0002,0.0208,0.0003,0.0022,0.0002,0.0025,0.0002,0.1523,0.0158,0.0468,0.0005,0.0018,0.0001,0.0007,0.0005,Passed
3773,4/4/2025 13:36,Supervisor,Sample,,TP_64b,ESPRIT_Brennexperiment,Mudrock Dual,MudrockDual,120,,0,,0,,0,1.1474,0.1201,10.8061,0.0903,24.6317,0.0908,0.0112,0.006,0.0334,0.0043,1.8189,0.0102,1.0101,0.0058,0.6465,0.0039,0.0132,0.0015,0.0104,0.0008,0.0281,0.001,3.2776,0.0072,< LOD,0.0002,0.0054,0.0003,0.0051,0.0003,0.0066,0.0003,0.0009,0.0002,0.0186,0.0003,0.0088,0.0002,0.0034,0.0002,0.0221,0.0003,0.0026,0.0002,0.0015,0.0002,< LOD,0.0177,0.0016,0.0003,0.0013,0,0.0011,0.0006,Passed
3774,4/4/2025 13:39,Supervisor,Sample,,TP_64b,ESPRIT_Brennexperiment,Mudrock Dual,MudrockDual,120,,0,,0,,0,1.1421,0.1206,11.5026,0.093,25.5935,0.0929,0.017,0.0061,0.0385,0.0043,1.8646,0.0104,1.0297,0.0058,0.6453,0.0039,0.0127,0.0015,0.0107,0.0008,0.0302,0.001,3.2386,0.0071,0.0003,0.0002,0.0056,0.0003,0.0042,0.0003,0.0064,0.0003,0.0006,0.0002,0.0191,0.0003,0.0091,0.0002,0.0035,0.0002,0.0233,0.0003,0.0027,0.0002,0.0014,0.0003,< LOD,0.0176,0.0025,0.0003,0.0014,0,0.0011,0.0006,Passed
3775,4/4/2025 13:41,Supervisor,Sample,,TP_64b,ESPRIT_Brennexperiment,Mudrock Dual,MudrockDual,120,,0,,0,,0,1.028,0.118,10.8402,0.0903,24.4861,0.0904,0.0127,0.0059,0.0391,0.0043,1.7752,0.0101,0.9922,0.0057,0.6314,0.0039,0.0126,0.0015,0.0092,0.0008,0.0286,0.001,3.2452,0.0072,0.0003,0.0002,0.0057,0.0003,0.0046,0.0003,0.0066,0.0003,0.0006,0.0002,0.019,0.0003,0.0089,0.0002,0.0037,0.0002,0.023,0.0003,0.0027,0.0002,0.0014,0.0002,< LOD,0.0177,0.0024,0.0003,0.0013,0,0.0011,0.0006,Passed
3776,4/4/2025 13:46,Supervisor,Sample,,TP_66b,ESPRIT_Brennexperiment,Mudrock Dual,MudrockDual,120,,0,,0,,0,0.9654,0.1124,9.4587,0.0844,20.9105,0.083,< LOD,0.0057,0.0209,0.004,1.5401,0.0092,1.3513,0.0064,0.5803,0.0037,0.0122,0.0014,0.0088,0.0007,0.0259,0.0009,3.2185,0.0072,0.0002,0.0002,0.0056,0.0003,0.0041,0.0003,0.0068,0.0003,0.0007,0.0002,0.0186,0.0003,0.0126,0.0002,0.0035,0.0002,0.0218,0.0003,0.0025,0.0002,0.0013,0.0002,< LOD,0.0174,0.0021,0.0003,0.0014,0,0.001,0.0006,Passed
3777,4/4/2025 13:50,Supervisor,Sample,,TP_66b,ESPRIT_Brennexperiment,Mudrock Dual,MudrockDual,120,,0,,0,,0,1.0511,0.115,10.1661,0.0872,22.105,0.0856,0.0077,0.0058,0.026,0.0041,1.5999,0.0095,1.4585,0.0067,0.5819,0.0037,0.0106,0.0014,0.0092,0.0008,0.0269,0.001,3.1505,0.0071,0.0002,0.0002,0.0054,0.0003,0.0041,0.0003,0.0065,0.0003,0.0008,0.0002,0.018,0.0003,0.0149,0.0002,0.0033,0.0002,0.0218,0.0003,0.0023,0.0002,0.0013,0.0002,< LOD,0.0174,0.0017,0.0003,0.0013,0,0.0009,0.0006,Passed
3778,4/4/2025 13:52,Supervisor,Sample,,TP_66b,ESPRIT_Brennexperiment,Mudrock Dual,MudrockDual,120,,0,,0,,0,0.9352,0.1128,9.1304,0.0829,19.7778,0.0805,< LOD,0.0057,0.0238,0.0041,1.4845,0.009,1.4029,0.0065,0.5688,0.0037,0.0109,0.0014,0.0089,0.0007,0.0253,0.0009,3.1827,0.0072,0.0002,0.0002,0.0056,0.0003,0.0042,0.0003,0.0067,0.0003,0.0008,0.0002,0.0176,0.0003,0.0143,0.0002,0.0033,0.0002,0.0205,0.0003,0.0022,0.0002,0.0011,0.0002,< LOD,0.0174,0.002,0.0003,0.0013,0,0.0012,0.0006,Passed
3779,4/4/2025 13:56,Supervisor,Sample,,TP_68b,ESPRIT_Brennexperiment,Mudrock Dual,MudrockDual,120,,0,,0,,0,0.9644,0.111,9.2393,0.0832,20.3097,0.0815,0.0069,0.0055,0.036,0.004,1.5089,0.0091,0.9268,0.0054,0.575,0.0037,0.0112,0.0014,0.009,0.0007,0.0294,0.001,3.203,0.0072,0.0004,0.0002,0.0058,0.0003,0.0045,0.0003,0.0092,0.0003,0.0011,0.0002,0.0189,0.0003,0.0093,0.0002,0.0034,0.0002,0.0216,0.0003,0.0025,0.0002,0.0012,0.0002,< LOD,0.0175,0.0019,0.0003,0.0013,0,0.0012,0.0006,Passed
3780,4/4/2025 13:59,Supervisor,Sample,,TP_68b,ESPRIT_Brennexperiment,Mudrock Dual,MudrockDual,120,,0,,0,,0,1.0847,0.1161,10.5645,0.089,23.1578,0.0878,0.01,0.0058,0.0386,0.0042,1.669,0.0097,1.0722,0.0059,0.607,0.0038,0.0121,0.0015,0.0086,0.0008,0.0292,0.001,3.2293,0.0072,0.0002,0.0002,0.0052,0.0003,0.0044,0.0003,0.0066,0.0003,0.0007,0.0002,0.0194,0.0003,0.0093,0.0002,0.0037,0.0002,0.024,0.0003,0.0028,0.0002,0.0015,0.0002,< LOD,0.0175,0.0021,0.0003,0.0014,0,0.0009,0.0006,Passed
3781,4/4/2025 14:02,Supervisor,Sample,,TP_68b,ESPRIT_Brennexperiment,Mudrock Dual,MudrockDual,120,,0,,0,,0,1.0014,0.118,11.4584,0.0924,24.9729,0.0914,0.0156,0.0061,0.0458,0.0044,1.7637,0.0101,1.0666,0.0059,0.6166,0.0038,0.0102,0.0015,0.0082,0.0008,0.0279,0.001,3.1134,0.0069,< LOD,0.0002,0.0058,0.0003,0.0041,0.0003,0.0067,0.0003,0.0007,0.0002,0.0188,0.0003,0.0096,0.0002,0.0036,0.0002,0.0237,0.0003,0.0026,0.0002,0.0014,0.0002,< LOD,0.0173,0.002,0.0003,0.0014,0,0.0012,0.0005,Passed
3782,4/4/2025 14:05,Supervisor,Sample,,TP_42b,ESPRIT_Brennexperiment,Mudrock Dual,MudrockDual,120,,0,,0,,0,2.2451,0.1689,7.6776,0.0818,20.7443,0.0859,0.091,0.0093,0.7072,0.0097,2.2746,0.0114,7.2981,0.0152,0.4137,0.0035,0.0066,0.0014,0.0075,0.0008,0.0493,0.0012,4.0697,0.009,< LOD,0.0002,0.0053,0.0004,0.0035,0.0003,0.0085,0.0003,0.001,0.0003,0.0135,0.0002,0.0245,0.0003,0.0028,0.0002,0.015,0.0002,0.0012,0.0002,0.0009,0.0002,< LOD,0.0176,0.0019,0.0003,0.0012,0.0001,0.0009,0.0005,Passed
3783,4/4/2025 14:08,Supervisor,Sample,,TP_42b,ESPRIT_Brennexperiment,Mudrock Dual,MudrockDual,120,,0,,0,,0,2.2893,0.1628,8.1036,0.0825,20.4069,0.0846,0.0743,0.0086,0.0345,0.0054,2.2618,0.0113,6.41,0.014,0.3869,0.0034,0.0062,0.0013,0.0073,0.0008,0.0471,0.0011,3.8269,0.0084,< LOD,0.0002,0.0045,0.0003,0.0031,0.0003,0.0069,0.0003,0.0006,0.0002,0.0122,0.0002,0.0216,0.0003,0.0026,0.0002,0.0132,0.0002,0.0011,0.0002,0.0007,0.0002,< LOD,0.0171,0.0017,0.0003,0.001,0,0.0008,0.0005,Passed
3784,4/4/2025 14:11,Supervisor,Sample,,TP_42b,ESPRIT_Brennexperiment,Mudrock Dual,MudrockDual,120,,0,,0,,0,2.5065,0.1735,8.5765,0.0857,21.9811,0.0887,0.08,0.0092,0.6578,0.0094,2.4242,0.0118,7.1704,0.0151,0.4133,0.0035,0.0064,0.0014,0.0071,0.0008,0.0471,0.0012,4.0017,0.0088,< LOD,0.0002,0.0052,0.0004,0.0035,0.0003,0.0086,0.0003,0.0014,0.0002,0.0134,0.0002,0.0243,0.0003,0.0028,0.0002,0.016,0.0003,0.0014,0.0002,0.0009,0.0002,< LOD,0.0175,0.0016,0.0003,0.0011,0.0001,< LOD,0.0005,Passed
3785,4/4/2025 14:17,Supervisor,Sample,,TP_62b,ESPRIT_Brennexperiment,Mudrock Dual,MudrockDual,120,,0,,0,,0,1.0265,0.1144,10.2277,0.0874,22.4293,0.086,0.0061,0.0056,0.0354,0.004,1.5994,0.0095,0.9172,0.0054,0.5877,0.0037,0.0113,0.0014,0.0092,0.0007,0.0264,0.0009,3.2011,0.0071,0.0002,0.0002,0.0054,0.0003,0.0044,0.0003,0.0069,0.0003,0.0006,0.0002,0.0196,0.0003,0.0091,0.0002,0.0036,0.0002,0.023,0.0003,0.0027,0.0002,0.0016,0.0002,< LOD,0.0172,0.0022,0.0003,0.0014,0,0.0018,0.0006,Passed
3786,4/4/2025 14:20,Supervisor,Sample,,TP_62b,ESPRIT_Brennexperiment,Mudrock Dual,MudrockDual,120,,0,,0,,0,1.1076,0.1155,9.4438,0.0838,20.8424,0.0823,< LOD,0.0055,0.0317,0.004,1.4913,0.0091,0.8746,0.0052,0.56,0.0036,0.0096,0.0014,0.0089,0.0007,0.0258,0.0009,3.1039,0.007,< LOD,0.0002,0.0057,0.0003,0.0043,0.0003,0.0066,0.0003,0.0007,0.0002,0.0178,0.0003,0.0088,0.0002,0.0034,0.0002,0.0204,0.0003,0.0022,0.0002,0.0014,0.0002,< LOD,0.0171,0.002,0.0003,0.0013,0,0.0006,0.0006,Passed
3787,4/4/2025 14:23,Supervisor,Sample,,TP_62b,ESPRIT_Brennexperiment,Mudrock Dual,MudrockDual,120,,0,,0,,0,1.0899,0.1142,10.0323,0.0863,21.9561,0.0848,0.0062,0.0055,0.0327,0.004,1.5387,0.0093,0.8939,0.0053,0.5668,0.0036,0.0121,0.0014,0.0089,0.0007,0.025,0.0009,3.1218,0.007,< LOD,0.0002,0.0053,0.0003,0.004,0.0003,0.0066,0.0003,0.0004,0.0002,0.0186,0.0003,0.009,0.0002,0.0036,0.0002,0.0226,0.0003,0.0025,0.0002,0.0012,0.0002,< LOD,0.0171,0.0022,0.0003,0.0013,0,0.0011,0.0006,Passed
3788,4/4/2025 14:25,Supervisor,Sample,,TP_60b,ESPRIT_Brennexperiment,Mudrock Dual,MudrockDual,120,,0,,0,,0,1.0422,0.1128,9.559,0.0843,21.3334,0.0833,0.0093,0.0055,0.0357,0.004,1.4884,0.0091,0.8707,0.0053,0.5616,0.0036,0.0102,0.0014,0.009,0.0007,0.0246,0.0009,3.069,0.007,0.0003,0.0002,0.0054,0.0003,0.004,0.0003,0.0062,0.0003,0.0005,0.0002,0.017,0.0003,0.0088,0.0002,0.0035,0.0002,0.0202,0.0003,0.0023,0.0002,0.0014,0.0002,< LOD,0.0173,0.002,0.0003,0.0013,0,0.0009,0.0005,Passed
3789,4/4/2025 14:28,Supervisor,Sample,,TP_60b,ESPRIT_Brennexperiment,Mudrock Dual,MudrockDual,120,,0,,0,,0,1.047,0.113,9.7091,0.0845,21.4426,0.0831,< LOD,0.0054,0.0335,0.004,1.4004,0.0088,0.8316,0.0051,0.527,0.0035,0.0096,0.0014,0.0076,0.0007,0.0245,0.0009,2.9207,0.0067,0.0002,0.0001,0.0046,0.0003,0.0043,0.0003,0.0058,0.0003,0.0007,0.0002,0.0173,0.0003,0.0087,0.0002,0.0036,0.0002,0.0189,0.0003,0.0024,0.0002,0.0013,0.0002,< LOD,0.0166,0.0017,0.0003,0.0013,0,0.0012,0.0005,Passed
3790,4/4/2025 14:31,Supervisor,Sample,,TP_60b,ESPRIT_Brennexperiment,Mudrock Dual,MudrockDual,120,,0,,0,,0,1.238,0.1238,12.0343,0.0953,28.0223,0.0974,0.0343,0.0065,0.0374,0.0044,1.9961,0.0109,1.0964,0.0061,0.6697,0.004,0.0125,0.0015,0.0112,0.0008,0.0308,0.001,3.1935,0.007,< LOD,0.0002,0.0056,0.0003,0.0039,0.0003,0.007,0.0003,0.0006,0.0002,0.0194,0.0003,0.0093,0.0002,0.0036,0.0002,0.026,0.0003,0.0028,0.0002,0.0016,0.0003,< LOD,0.0175,0.0026,0.0003,0.0015,0,0.0015,0.0006,Passed
3791,4/4/2025 14:34,Supervisor,Sample,,TP_58b,ESPRIT_Brennexperiment,Mudrock Dual,MudrockDual,120,,0,,0,,0,0.8261,0.1172,13.7543,0.1034,27.9198,0.1007,0.0478,0.0065,0.0578,0.0046,2.8469,0.013,0.3148,0.0037,0.6295,0.004,0.0147,0.0016,0.0103,0.0008,0.0403,0.0011,4.159,0.0084,< LOD,0.0002,0.0054,0.0004,0.0072,0.0004,0.0053,0.0003,0.0021,0.0002,0.0158,0.0002,0.008,0.0002,0.0034,0.0002,0.0224,0.0003,0.0017,0.0002,0.0013,0.0002,< LOD,0.018,0.0033,0.0003,0.0014,0,0.0011,0.0005,Passed
3792,4/4/2025 14:37,Supervisor,Sample,,TP_58b,ESPRIT_Brennexperiment,Mudrock Dual,MudrockDual,120,,0,,0,,0,0.6613,0.1141,13.5597,0.1029,26.6843,0.0987,0.04,0.0065,0.0609,0.0046,2.875,0.013,0.3217,0.0037,0.6542,0.004,0.0174,0.0016,0.012,0.0008,0.0406,0.001,4.2787,0.0086,< LOD,0.0002,0.0058,0.0004,0.0074,0.0004,0.0052,0.0003,0.0021,0.0002,0.016,0.0003,0.0083,0.0002,0.0037,0.0002,0.0222,0.0003,0.0019,0.0002,0.0012,0.0002,< LOD,0.0181,0.0032,0.0003,0.0014,0.0001,0.0011,0.0005,Passed
3793,4/4/2025 14:41,Supervisor,Sample,,TP_58b,ESPRIT_Brennexperiment,Mudrock Dual,MudrockDual,120,,0,,0,,0,0.7872,0.1187,13.5216,0.1027,26.5173,0.0983,0.0403,0.0065,0.0675,0.0047,2.8237,0.0129,0.323,0.0037,0.6374,0.004,0.0174,0.0016,0.0093,0.0008,0.0378,0.0011,4.259,0.0086,< LOD,0.0002,0.0058,0.0004,0.0077,0.0004,0.0056,0.0003,0.0021,0.0002,0.0155,0.0002,0.0083,0.0002,0.0038,0.0002,0.0247,0.0003,0.0015,0.0002,0.0012,0.0002,< LOD,0.0183,0.0032,0.0003,0.0014,0.0001,0.001,0.0005,Passed
