Bruker AXS HMP Instrument Tools Complete CSV
FileName,C:\MeinZeugs\Uni\Publikationen\2025\MeIn pXRF\DAQ\Device_monitoring_sample_element_precision_Schauer\data_raw\Example_Drift\03384-Mudrock Dual.pdz
SerialString,SG2-6390
TubeTargetElement,45
NumberOfSpectra,2
SampleID,
AcquisitionDateTime,3/20/2025 12:01:43 PM
TotalElapsedTimeInSeconds,120
AnodeTakeOffAngle,45
SampleIncidenceAngle,45
BeThicknessInMicroMeters,125
SampleTakeOffAngle,65
SpotSizeUsed,8
NumberOfUserCustomFields,5
UserCustomFieldHeader,FieldName,FieldValue
UserCustomField,Operator,Supervisor
UserCustomField,Material,Standard
UserCustomField,ID,
UserCustomField,Probe,SdAR-M2
UserCustomField,Projekt,Brennexperiment
AnalysisMode,32
AnalysisType,1
UsedAutoCalSelect,False
ResultUnits,PPM
ErrorMultiplier,2
CalFileName,MudrockDual
CalPackageName,
CalPackagePartNumber,
TypeStandardizationSetName,
NumberOfElementsInCalculatedResults,27
CalculatedResults:AtomicNum,ElementSymbol,Units,Value,TypeStandardizedValue,Error,RangeMin,RangeMax,Tramp,Nominal
12,Mg,PPM,0.3267118,0.3267118,0.04907492,0,0,False,False
13,Al,PPM,4.778019,4.778019,0.0311315,0,0,False,False
14,Si,PPM,24.51344,24.51344,0.04207426,0,0,False,False
15,P,PPM,0.02513646,0.02513646,0.002952602,0,0,False,False
16,S,PPM,0.2035247,0.2035247,0.002761235,0,0,False,False
19,K,PPM,3.516508,3.516508,0.006515566,0,0,False,False
20,Ca,PPM,0.6661075,0.6661075,0.002323883,0,0,False,False
22,Ti,PPM,0.1441945,0.1441945,0.001121043,0,0,False,False
23,V,PPM,0.00708715,0.00708715,0.0005803051,0,0,False,False
24,Cr,PPM,0.003979094,0.003979094,0.0003442415,0,0,False,False
25,Mn,PPM,0.09244426,0.09244426,0.0006094485,0,0,False,False
26,Fe,PPM,1.90413,1.90413,0.0026717,0,0,False,False
27,Co,PPM,0.0001002321,0.0001002321,6.845322E-05,0,0,False,False
28,Ni,PPM,0.00473162,0.00473162,0.0001714925,0,0,False,False
29,Cu,PPM,0.02801103,0.02801103,0.0002929154,0,0,False,False
30,Zn,PPM,0.08793978,0.08793978,0.0004106684,0,0,False,False
33,As,PPM,0.04071761,0.04071761,0.0002473657,0,0,False,False
37,Rb,PPM,0.01530968,0.01530968,0.000121477,0,0,False,False
38,Sr,PPM,0.01495791,0.01495791,0.0001234179,0,0,False,False
39,Y,PPM,0.005356703,0.005356703,0.0001189223,0,0,False,False
40,Zr,PPM,0.02166286,0.02166286,0.0001317576,0,0,False,False
41,Nb,PPM,0.001933776,0.001933776,0.0001018508,0,0,False,False
42,Mo,PPM,0.002364456,0.002364456,0.0001113603,0,0,False,False
56,Ba,PPM,0.1443061,0.1443061,0.007937813,0,0,False,False
82,Pb,PPM,0.0457175,0.0457175,0.0002435693,0,0,False,False
90,Th,PPM,0.001762003,0.001762003,2.745503E-05,0,0,False,False
92,U,PPM,0.0005575515,0.0005575515,0.0002579501,0,0,False,False
MatchSpreadThreshold,0.05
IsTrampEnabled,False
IsNominalEnabled,False
NumberOfGradeIDMatchResults,3
GradeIDMatchResultsHeader,GradeID,MatchConfidence
GradeIDMatchResult,,0
GradeIDMatchResult,,0
GradeIDMatchResult,,0
ParametersForEachSpectrum,Spectrum 1,,Spectrum 2,
XrayVoltageInkV,40,,15,
XrayFilamentCurrentInMicroAmps,38.85,,27.9,
RawCounts,3422461,,3410431,
ValidCounts,2817137,,2959761,
eVPerChannel,20,,20,
StartingKeV,0.0007508235,,0.0007508235,
ZeroOffsetInKeV,-0.0007508235,,-0.0007508235,
StartingChannel,0.03754118,,0.03754118,
NumberOfChannels,2048,,2048,
CountsPerSecond,68554.77,,62551.45,
XilinxFirmwareVersion,,,,
IlluminationID,MudRock Trace40,,MudRock Maj15,
Filter1ElementAtomicNum,22,,0,
Filter1Thickness,25,,0,
Filter2ElementAtomicNum,13,,0,
Filter2Thickness,300,,0,
Filter3ElementAtomicNum,0,,0,
Filter3Thickness,0,,0,
AcquisitionDateTime,3/20/2025 12:01:43 PM,,3/20/2025 12:01:43 PM,
LiveTimeInSeconds,42.09899,,46.97302,
DeadTimeInSeconds,7.824005,,7.548999,
ResetTimeInSeconds,6.436998,,1.855,
DetectorTempInC,-27,,-27,
AmbientTempInF,108.4,,108.4,
NosePressureInMilliBars,1006,,1006,
NoseTemperatureInC,36,,36,
ActiveTimeInSeconds,49.92302,,54.52201,
PacketTimeInSeconds,56.36001,,56.37701,
CommunicationTimeInSeconds,,,,
ElapsedClockTimeInSeconds,60,,60,
Spectrum:ChannelNumber,ChannelStartInKeV,ChannelCount,ChannelStartInKeV,ChannelCount
1,0.0007508235,0,0.0007508235,0
2,0.02075082,0,0.02075082,0
3,0.04075082,0,0.04075082,0
4,0.06075082,0,0.06075082,0
5,0.08075082,0,0.08075082,0
6,0.1007508,0,0.1007508,0
7,0.1207508,0,0.1207508,0
8,0.1407508,0,0.1407508,0
9,0.1607508,0,0.1607508,0
10,0.1807508,0,0.1807508,0
11,0.2007508,0,0.2007508,0
12,0.2207508,0,0.2207508,0
13,0.2407508,0,0.2407508,0
14,0.2607508,1,0.2607508,0
15,0.2807508,9,0.2807508,8
16,0.3007508,123,0.3007508,86
17,0.3207508,632,0.3207508,656
18,0.3407508,2700,0.3407508,2713
19,0.3607508,6947,0.3607508,7580
20,0.3807508,10828,0.3807508,12545
21,0.4007508,10610,0.4007508,12373
22,0.4207508,6491,0.4207508,7409
23,0.4407508,2545,0.4407508,2549
24,0.4607508,639,0.4607508,559
25,0.4807508,110,0.4807508,96
26,0.5007508,21,0.5007508,10
27,0.5207508,2,0.5207508,1
28,0.5407508,4,0.5407508,1
29,0.5607508,8,0.5607508,0
30,0.5807508,5,0.5807508,1
31,0.6007508,5,0.6007508,0
32,0.6207508,4,0.6207508,2
33,0.6407508,3,0.6407508,1
34,0.6607508,0,0.6607508,0
35,0.6807508,661,0.6807508,90
36,0.7007508,681,0.7007508,91
37,0.7207508,636,0.7207508,68
38,0.7407508,675,0.7407508,77
39,0.7607508,664,0.7607508,92
40,0.7807508,645,0.7807508,70
41,0.8007509,656,0.8007509,81
42,0.8207508,620,0.8207508,88
43,0.8407508,619,0.8407508,83
44,0.8607508,642,0.8607508,108
45,0.8807508,603,0.8807508,106
46,0.9007508,640,0.9007508,188
47,0.9207508,611,0.9207508,224
48,0.9407508,637,0.9407508,248
49,0.9607508,584,0.9607508,262
50,0.9807508,601,0.9807508,191
51,1.000751,597,1.000751,147
52,1.020751,616,1.020751,152
53,1.040751,605,1.040751,154
54,1.060751,571,1.060751,164
55,1.080751,561,1.080751,214
56,1.100751,610,1.100751,175
57,1.120751,585,1.120751,152
58,1.140751,571,1.140751,146
59,1.160751,543,1.160751,172
60,1.180751,581,1.180751,191
61,1.200751,578,1.200751,217
62,1.220751,556,1.220751,264
63,1.240751,585,1.240751,239
64,1.260751,534,1.260751,206
65,1.280751,508,1.280751,172
66,1.300751,520,1.300751,151
67,1.320751,506,1.320751,127
68,1.340751,494,1.340751,139
69,1.360751,526,1.360751,175
70,1.380751,517,1.380751,411
71,1.400751,509,1.400751,889
72,1.420751,571,1.420751,2126
73,1.440751,549,1.440751,4249
74,1.460751,615,1.460751,6293
75,1.480751,682,1.480751,7292
76,1.500751,640,1.500751,6770
77,1.520751,627,1.520751,4887
78,1.540751,633,1.540751,3326
79,1.560751,516,1.560751,2253
80,1.580751,490,1.580751,1744
81,1.600751,500,1.600751,1405
82,1.620751,478,1.620751,2242
83,1.640751,489,1.640751,6217
84,1.660751,663,1.660751,17245
85,1.680751,957,1.680751,38971
86,1.700751,1285,1.700751,67598
87,1.720751,1584,1.720751,92295
88,1.740751,1634,1.740751,96971
89,1.760751,1432,1.760751,79336
90,1.780751,1109,1.780751,51469
91,1.800751,789,1.800751,27878
92,1.820751,622,1.820751,13746
93,1.840751,571,1.840751,7028
94,1.860751,468,1.860751,3895
95,1.880751,449,1.880751,2095
96,1.900751,423,1.900751,1166
97,1.920751,422,1.920751,652
98,1.940751,423,1.940751,491
99,1.960751,380,1.960751,439
100,1.980751,414,1.980751,482
101,2.000751,396,2.000751,493
102,2.020751,382,2.020751,421
103,2.040751,404,2.040751,408
104,2.060751,365,2.060751,310
105,2.080751,407,2.080751,268
106,2.100751,362,2.100751,250
107,2.120751,364,2.120751,283
108,2.140751,357,2.140751,260
109,2.160751,405,2.160751,273
110,2.180751,376,2.180751,293
111,2.200751,331,2.200751,413
112,2.220751,347,2.220751,528
113,2.240751,349,2.240751,768
114,2.260751,377,2.260751,1093
115,2.280751,369,2.280751,1487
116,2.300751,389,2.300751,1752
117,2.320751,385,2.320751,1944
118,2.340751,373,2.340751,1793
119,2.360751,365,2.360751,1499
120,2.380751,356,2.380751,1314
121,2.400751,328,2.400751,1151
122,2.420751,342,2.420751,996
123,2.440751,326,2.440751,986
124,2.460751,340,2.460751,857
125,2.480751,334,2.480751,824
126,2.500751,343,2.500751,748
127,2.520751,307,2.520751,772
128,2.540751,314,2.540751,814
129,2.560751,311,2.560751,988
130,2.580751,263,2.580751,1442
131,2.600751,265,2.600751,2402
132,2.620751,297,2.620751,4083
133,2.640751,309,2.640751,6584
134,2.660751,284,2.660751,9447
135,2.680751,257,2.680751,11563
136,2.700751,287,2.700751,12043
137,2.720751,293,2.720751,10402
138,2.740751,258,2.740751,8070
139,2.760751,287,2.760751,6213
140,2.780751,247,2.780751,5509
141,2.800751,274,2.800751,5925
142,2.820751,274,2.820751,6737
143,2.840751,249,2.840751,7131
144,2.860751,286,2.860751,6710
145,2.880751,321,2.880751,6518
146,2.900751,346,2.900751,6936
147,2.920751,463,2.920751,7959
148,2.940751,466,2.940751,8745
149,2.960751,467,2.960751,8655
150,2.980751,462,2.980751,7684
151,3.000751,408,3.000751,5994
152,3.020751,316,3.020751,3928
153,3.040751,282,3.040751,2524
154,3.060751,268,3.060751,1624
155,3.080751,226,3.080751,1221
156,3.100751,235,3.100751,1222
157,3.120751,234,3.120751,1309
158,3.140751,214,3.140751,1625
159,3.160751,274,3.160751,2125
160,3.180751,343,3.180751,3053
161,3.200751,609,3.200751,5633
162,3.220751,1016,3.220751,11435
163,3.240751,1768,3.240751,22091
164,3.260751,2915,3.260751,37437
165,3.280751,4106,3.280751,53149
166,3.300751,4937,3.300751,64270
167,3.320751,4943,3.320751,64566
168,3.340751,4243,3.340751,54520
169,3.360751,3062,3.360751,38748
170,3.380751,1920,3.380751,23294
171,3.400751,1069,3.400751,11879
172,3.420751,490,3.420751,5698
173,3.440751,339,3.440751,2743
174,3.460751,224,3.460751,1784
175,3.480751,262,3.480751,1887
176,3.500751,347,3.500751,2868
177,3.520751,443,3.520751,4363
178,3.540751,607,3.540751,6506
179,3.560751,784,3.560751,8536
180,3.580751,997,3.580751,10414
181,3.600751,1088,3.600751,11575
182,3.620751,1087,3.620751,12282
183,3.640751,1262,3.640751,13227
184,3.660751,1373,3.660751,14239
185,3.680751,1428,3.680751,14645
186,3.700751,1346,3.700751,13352
187,3.720751,1097,3.720751,11179
188,3.740751,764,3.740751,7684
189,3.760751,520,3.760751,4937
190,3.780751,342,3.780751,2829
191,3.800751,238,3.800751,1645
192,3.820751,162,3.820751,1114
193,3.840751,149,3.840751,925
194,3.860751,132,3.860751,871
195,3.880751,108,3.880751,936
196,3.900751,150,3.900751,1073
197,3.920751,150,3.920751,1203
198,3.940751,178,3.940751,1581
199,3.960751,232,3.960751,1959
200,3.980751,270,3.980751,2419
201,4.000751,265,4.000751,2585
202,4.020751,250,4.020751,2564
203,4.040751,244,4.040751,2429
204,4.060751,202,4.060751,2025
205,4.080751,176,4.080751,1586
206,4.100751,113,4.100751,1335
207,4.120751,111,4.120751,1143
208,4.140751,83,4.140751,1016
209,4.160751,92,4.160751,933
210,4.180751,84,4.180751,971
211,4.200751,73,4.200751,920
212,4.220751,56,4.220751,949
213,4.240751,61,4.240751,973
214,4.260751,72,4.260751,923
215,4.280751,74,4.280751,1000
216,4.300751,74,4.300751,1019
217,4.320751,98,4.320751,1071
218,4.340751,94,4.340751,1112
219,4.360751,116,4.360751,1315
220,4.380751,188,4.380751,1625
221,4.400751,320,4.400751,2285
222,4.420751,513,4.420751,3300
223,4.440751,675,4.440751,4430
224,4.460751,926,4.460751,5860
225,4.480751,1140,4.480751,6999
226,4.500751,1187,4.500751,7366
227,4.520751,1079,4.520751,6976
228,4.540751,946,4.540751,6015
229,4.560751,708,4.560751,4580
230,4.580751,578,4.580751,3324
231,4.600751,395,4.600751,2594
232,4.620751,365,4.620751,2012
233,4.640751,321,4.640751,1720
234,4.660751,270,4.660751,1623
235,4.680751,230,4.680751,1569
236,4.700751,223,4.700751,1517
237,4.720751,189,4.720751,1493
238,4.740751,175,4.740751,1540
239,4.760751,166,4.760751,1698
240,4.780751,186,4.780751,1813
241,4.800751,208,4.800751,2021
242,4.820751,256,4.820751,2307
243,4.840751,300,4.840751,2382
244,4.860751,329,4.860751,2475
245,4.880751,374,4.880751,2579
246,4.900751,346,4.900751,2615
247,4.920751,335,4.920751,2633
248,4.940751,314,4.940751,2654
249,4.960751,262,4.960751,2434
250,4.980751,258,4.980751,2280
251,5.000751,145,5.000751,2135
252,5.020751,129,5.020751,2052
253,5.040751,119,5.040751,1950
254,5.060751,109,5.060751,1922
255,5.080751,87,5.080751,1981
256,5.100751,118,5.100751,1932
257,5.120751,116,5.120751,1897
258,5.140751,133,5.140751,1969
259,5.160751,117,5.160751,1898
260,5.180751,118,5.180751,1962
261,5.200751,136,5.200751,2020
262,5.220751,141,5.220751,1881
263,5.240751,124,5.240751,1975
264,5.260751,98,5.260751,1933
265,5.280751,135,5.280751,2018
266,5.300751,139,5.300751,1885
267,5.320751,115,5.320751,1963
268,5.340751,134,5.340751,1996
269,5.360751,118,5.360751,2037
270,5.380751,163,5.380751,2127
271,5.400751,140,5.400751,2016
272,5.420751,159,5.420751,2119
273,5.440751,131,5.440751,2105
274,5.460751,114,5.460751,2142
275,5.480751,129,5.480751,2011
276,5.500751,109,5.500751,2021
277,5.520751,120,5.520751,2034
278,5.540751,110,5.540751,2031
279,5.560751,103,5.560751,1969
280,5.580751,83,5.580751,1908
281,5.600751,86,5.600751,1866
282,5.620751,79,5.620751,1898
283,5.640751,79,5.640751,1984
284,5.660751,87,5.660751,1875
285,5.680751,106,5.680751,1883
286,5.700751,103,5.700751,1952
287,5.720751,146,5.720751,1971
288,5.740751,175,5.740751,2161
289,5.760751,244,5.760751,2380
290,5.780751,430,5.780751,2792
291,5.800751,659,5.800751,3505
292,5.820751,1051,5.820751,4417
293,5.840751,1421,5.840751,5589
294,5.860751,1748,5.860751,6405
295,5.880751,1974,5.880751,6992
296,5.900751,1937,5.900751,7200
297,5.920751,1695,5.920751,6587
298,5.940751,1401,5.940751,5442
299,5.960751,985,5.960751,4622
300,5.980751,686,5.980751,3472
301,6.000751,420,6.000751,2855
302,6.020751,282,6.020751,2368
303,6.040751,172,6.040751,2168
304,6.060751,159,6.060751,2134
305,6.080751,158,6.080751,2020
306,6.100751,125,6.100751,1940
307,6.120751,133,6.120751,2116
308,6.140751,142,6.140751,2050
309,6.160751,204,6.160751,2099
310,6.180751,295,6.180751,2279
311,6.200751,523,6.200751,2686
312,6.220751,926,6.220751,3461
313,6.240751,2072,6.240751,5443
314,6.260751,4096,6.260751,9276
315,6.280751,7792,6.280751,16531
316,6.300751,14056,6.300751,27421
317,6.320751,22108,6.320751,42971
318,6.340751,31525,6.340751,61560
319,6.360751,40437,6.360751,78488
320,6.380751,45765,6.380751,89852
321,6.400751,47302,6.400751,92306
322,6.420751,43159,6.420751,85099
323,6.440751,35925,6.440751,70665
324,6.460751,26614,6.460751,52552
325,6.480751,17763,6.480751,35265
326,6.500751,10774,6.500751,21827
327,6.520751,5862,6.520751,12753
328,6.540751,2983,6.540751,7312
329,6.560751,1477,6.560751,4316
330,6.580751,722,6.580751,2918
331,6.600751,394,6.600751,2353
332,6.620751,251,6.620751,2114
333,6.640751,200,6.640751,1963
334,6.660751,179,6.660751,1898
335,6.680751,140,6.680751,1949
336,6.700751,166,6.700751,1855
337,6.720751,151,6.720751,1863
338,6.740751,165,6.740751,1872
339,6.760751,167,6.760751,1929
340,6.780751,200,6.780751,1976
341,6.800751,218,6.800751,1966
342,6.820751,250,6.820751,2120
343,6.840751,304,6.840751,2190
344,6.860751,391,6.860751,2316
345,6.880751,530,6.880751,2582
346,6.900751,861,6.900751,2965
347,6.920751,1240,6.920751,3808
348,6.940751,2086,6.940751,5160
349,6.960751,3113,6.960751,6940
350,6.980751,4280,6.980751,9283
351,7.000751,5683,7.000751,11807
352,7.020751,6914,7.020751,13937
353,7.040751,7703,7.040751,15051
354,7.060751,7622,7.060751,15127
355,7.080751,6885,7.080751,13781
356,7.100751,5707,7.100751,11517
357,7.120751,4138,7.120751,8594
358,7.140751,2823,7.140751,6641
359,7.160751,1763,7.160751,4702
360,7.180751,1022,7.180751,3292
361,7.200751,554,7.200751,2473
362,7.220751,304,7.220751,2046
363,7.240751,170,7.240751,1874
364,7.260751,104,7.260751,1840
365,7.280751,73,7.280751,1812
366,7.300751,69,7.300751,1835
367,7.320751,81,7.320751,1927
368,7.340751,113,7.340751,1981
369,7.360751,118,7.360751,2132
370,7.380751,142,7.380751,2239
371,7.400751,218,7.400751,2547
372,7.420751,246,7.420751,2828
373,7.440751,290,7.440751,2910
374,7.460751,293,7.460751,3027
375,7.480751,324,7.480751,3033
376,7.500751,272,7.500751,2830
377,7.520751,228,7.520751,2559
378,7.540751,193,7.540751,2276
379,7.560751,123,7.560751,2090
380,7.580751,110,7.580751,1840
381,7.600751,84,7.600751,1702
382,7.620751,74,7.620751,1674
383,7.640751,67,7.640751,1591
384,7.660751,78,7.660751,1592
385,7.680751,55,7.680751,1535
386,7.700751,73,7.700751,1551
387,7.720751,73,7.720751,1557
388,7.740751,56,7.740751,1519
389,7.760751,72,7.760751,1565
390,7.780751,74,7.780751,1478
391,7.800751,88,7.800751,1581
392,7.820751,88,7.820751,1586
393,7.840751,101,7.840751,1628
394,7.860751,138,7.860751,1691
395,7.880751,201,7.880751,1596
396,7.900751,312,7.900751,1676
397,7.920751,477,7.920751,1868
398,7.940751,683,7.940751,1914
399,7.960751,936,7.960751,2105
400,7.980751,1254,7.980751,2376
401,8.000751,1476,8.000751,2599
402,8.020751,1637,8.020751,2702
403,8.040751,1582,8.040751,2769
404,8.060751,1540,8.060751,2679
405,8.08075,1416,8.08075,2728
406,8.100751,1083,8.100751,2519
407,8.12075,782,8.12075,2335
408,8.140751,566,8.140751,2179
409,8.16075,355,8.16075,2077
410,8.180751,249,8.180751,2077
411,8.20075,181,8.20075,1940
412,8.220751,154,8.220751,1897
413,8.240751,153,8.240751,1782
414,8.260751,141,8.260751,1785
415,8.280751,145,8.280751,1668
416,8.300751,148,8.300751,1685
417,8.320751,133,8.320751,1704
418,8.340751,133,8.340751,1611
419,8.360751,114,8.360751,1589
420,8.380751,142,8.380751,1667
421,8.400751,174,8.400751,1617
422,8.420751,178,8.420751,1640
423,8.440751,271,8.440751,1578
424,8.460751,502,8.460751,1770
425,8.480751,833,8.480751,1909
426,8.500751,1398,8.500751,2149
427,8.520751,2226,8.520751,2544
428,8.540751,3158,8.540751,3062
429,8.560751,4369,8.560751,3627
430,8.58075,5458,8.58075,4135
431,8.600751,6312,8.600751,4426
432,8.62075,6618,8.62075,4639
433,8.640751,6552,8.640751,4743
434,8.66075,5820,8.66075,4361
435,8.680751,4890,8.680751,3773
436,8.70075,3700,8.70075,3238
437,8.720751,2596,8.720751,2830
438,8.740751,1792,8.740751,2358
439,8.760751,1077,8.760751,2038
440,8.780751,690,8.780751,1888
441,8.800751,464,8.800751,1862
442,8.820751,395,8.820751,1752
443,8.840751,314,8.840751,1772
444,8.860751,395,8.860751,1818
445,8.880751,386,8.880751,1736
446,8.900751,383,8.900751,1760
447,8.920751,393,8.920751,1712
448,8.940751,344,8.940751,1752
449,8.960751,336,8.960751,1716
450,8.980751,274,8.980751,1704
451,9.000751,230,9.000751,1712
452,9.020751,199,9.020751,1662
453,9.040751,201,9.040751,1662
454,9.060751,267,9.060751,1684
455,9.08075,249,9.08075,1681
456,9.100751,295,9.100751,1604
457,9.12075,334,9.12075,1677
458,9.140751,423,9.140751,1691
459,9.16075,457,9.16075,1606
460,9.180751,526,9.180751,1670
461,9.20075,591,9.20075,1712
462,9.220751,592,9.220751,1659
463,9.240751,518,9.240751,1686
464,9.260751,519,9.260751,1717
465,9.280751,403,9.280751,1721
466,9.300751,375,9.300751,1637
467,9.320751,314,9.320751,1699
468,9.340751,264,9.340751,1619
469,9.360751,251,9.360751,1643
470,9.380751,267,9.380751,1570
471,9.400751,274,9.400751,1603
472,9.420751,326,9.420751,1663
473,9.440751,430,9.440751,1709
474,9.460751,576,9.460751,1800
475,9.480751,744,9.480751,1759
476,9.500751,906,9.500751,1842
477,9.520751,1073,9.520751,1998
478,9.540751,1287,9.540751,2021
479,9.560751,1217,9.560751,2121
480,9.58075,1246,9.58075,1963
481,9.600751,1168,9.600751,2062
482,9.62075,957,9.62075,1987
483,9.640751,796,9.640751,1908
484,9.66075,629,9.66075,1923
485,9.680751,482,9.680751,1879
486,9.70075,432,9.70075,1826
487,9.720751,292,9.720751,1867
488,9.740751,283,9.740751,1719
489,9.760751,263,9.760751,1708
490,9.780751,222,9.780751,1626
491,9.800751,212,9.800751,1584
492,9.820751,228,9.820751,1632
493,9.840751,241,9.840751,1540
494,9.860751,226,9.860751,1546
495,9.880751,239,9.880751,1636
496,9.900751,254,9.900751,1555
497,9.920751,238,9.920751,1527
498,9.940751,262,9.940751,1635
499,9.960751,283,9.960751,1548
500,9.980751,272,9.980751,1588
501,10.00075,275,10.00075,1602
502,10.02075,268,10.02075,1595
503,10.04075,239,10.04075,1563
504,10.06075,278,10.06075,1557
505,10.08075,292,10.08075,1518
506,10.10075,279,10.10075,1597
507,10.12075,271,10.12075,1570
508,10.14075,325,10.14075,1561
509,10.16075,310,10.16075,1575
510,10.18075,324,10.18075,1521
511,10.20075,327,10.20075,1510
512,10.22075,364,10.22075,1489
513,10.24075,388,10.24075,1416
514,10.26075,421,10.26075,1477
515,10.28075,496,10.28075,1470
516,10.30075,480,10.30075,1512
517,10.32075,633,10.32075,1480
518,10.34075,781,10.34075,1593
519,10.36075,1057,10.36075,1524
520,10.38075,1541,10.38075,1598
521,10.40075,2083,10.40075,1569
522,10.42075,2830,10.42075,1610
523,10.44075,3706,10.44075,1635
524,10.46075,4873,10.46075,1676
525,10.48075,5975,10.48075,1742
526,10.50075,6749,10.50075,1768
527,10.52075,7384,10.52075,1800
528,10.54075,7430,10.54075,1789
529,10.56075,7190,10.56075,1830
530,10.58075,6535,10.58075,1715
531,10.60075,5434,10.60075,1667
532,10.62075,4381,10.62075,1557
533,10.64075,3294,10.64075,1552
534,10.66075,2410,10.66075,1421
535,10.68075,1615,10.68075,1484
536,10.70075,1148,10.70075,1376
537,10.72075,892,10.72075,1361
538,10.74075,654,10.74075,1385
539,10.76075,552,10.76075,1290
540,10.78075,510,10.78075,1357
541,10.80075,467,10.80075,1332
542,10.82075,445,10.82075,1327
543,10.84075,421,10.84075,1267
544,10.86075,436,10.86075,1314
545,10.88075,468,10.88075,1353
546,10.90075,489,10.90075,1309
547,10.92075,461,10.92075,1364
548,10.94075,457,10.94075,1280
549,10.96075,470,10.96075,1372
550,10.98075,498,10.98075,1269
551,11.00075,491,11.00075,1239
552,11.02075,454,11.02075,1286
553,11.04075,477,11.04075,1244
554,11.06075,457,11.06075,1220
555,11.08075,505,11.08075,1239
556,11.10075,491,11.10075,1276
557,11.12075,523,11.12075,1250
558,11.14075,516,11.14075,1168
559,11.16075,561,11.16075,1188
560,11.18075,532,11.18075,1160
561,11.20075,572,11.20075,1199
562,11.22075,566,11.22075,1249
563,11.24075,608,11.24075,1189
564,11.26075,620,11.26075,1159
565,11.28075,670,11.28075,1152
566,11.30075,621,11.30075,1155
567,11.32075,660,11.32075,1183
568,11.34075,698,11.34075,1114
569,11.36075,699,11.36075,1124
570,11.38075,686,11.38075,1155
571,11.40075,685,11.40075,1240
572,11.42075,680,11.42075,1083
573,11.44075,691,11.44075,1129
574,11.46075,662,11.46075,1112
575,11.48075,640,11.48075,1090
576,11.50075,637,11.50075,1151
577,11.52075,622,11.52075,1023
578,11.54075,631,11.54075,1075
579,11.56075,629,11.56075,1056
580,11.58075,659,11.58075,1087
581,11.60075,698,11.60075,1077
582,11.62075,751,11.62075,1035
583,11.64075,782,11.64075,1056
584,11.66075,796,11.66075,1036
585,11.68075,854,11.68075,1107
586,11.70075,804,11.70075,1081
587,11.72075,846,11.72075,1033
588,11.74075,861,11.74075,1013
589,11.76075,836,11.76075,1067
590,11.78075,861,11.78075,1082
591,11.80075,817,11.80075,1062
592,11.82075,743,11.82075,1028
593,11.84075,760,11.84075,998
594,11.86075,773,11.86075,964
595,11.88075,701,11.88075,989
596,11.90075,738,11.90075,992
597,11.92075,769,11.92075,964
598,11.94075,740,11.94075,1000
599,11.96075,747,11.96075,946
600,11.98075,749,11.98075,978
601,12.00075,728,12.00075,1001
602,12.02075,817,12.02075,943
603,12.04075,767,12.04075,973
604,12.06075,819,12.06075,920
605,12.08075,864,12.08075,964
606,12.10075,895,12.10075,933
607,12.12075,907,12.12075,917
608,12.14075,940,12.14075,908
609,12.16075,989,12.16075,879
610,12.18075,1002,12.18075,906
611,12.20075,1068,12.20075,924
612,12.22075,1060,12.22075,867
613,12.24075,1120,12.24075,907
614,12.26075,1168,12.26075,892
615,12.28075,1192,12.28075,865
616,12.30075,1257,12.30075,889
617,12.32075,1144,12.32075,855
618,12.34075,1203,12.34075,834
619,12.36075,1199,12.36075,805
620,12.38075,1217,12.38075,821
621,12.40075,1275,12.40075,836
622,12.42075,1478,12.42075,793
623,12.44075,1690,12.44075,755
624,12.46075,2121,12.46075,782
625,12.48075,2695,12.48075,805
626,12.50075,3304,12.50075,839
627,12.52075,4108,12.52075,819
628,12.54075,5060,12.54075,798
629,12.56075,5865,12.56075,820
630,12.58075,6317,12.58075,783
631,12.60075,6680,12.60075,821
632,12.62075,6593,12.62075,776
633,12.64075,6213,12.64075,822
634,12.66075,5578,12.66075,793
635,12.68075,4795,12.68075,808
636,12.70075,4075,12.70075,749
637,12.72075,3364,12.72075,777
638,12.74075,2694,12.74075,821
639,12.76075,2323,12.76075,822
640,12.78075,1985,12.78075,791
641,12.80075,1834,12.80075,802
642,12.82075,1571,12.82075,811
643,12.84075,1528,12.84075,760
644,12.86075,1503,12.86075,740
645,12.88075,1439,12.88075,757
646,12.90075,1408,12.90075,683
647,12.92075,1420,12.92075,749
648,12.94075,1440,12.94075,709
649,12.96075,1410,12.96075,697
650,12.98075,1375,12.98075,669
651,13.00075,1454,13.00075,685
652,13.02075,1327,13.02075,608
653,13.04075,1366,13.04075,629
654,13.06075,1255,13.06075,625
655,13.08075,1237,13.08075,610
656,13.10075,1267,13.10075,616
657,13.12075,1229,13.12075,597
658,13.14075,1338,13.14075,537
659,13.16075,1368,13.16075,558
660,13.18075,1553,13.18075,574
661,13.20075,1771,13.20075,544
662,13.22075,2049,13.22075,548
663,13.24075,2440,13.24075,540
664,13.26075,2741,13.26075,519
665,13.28075,3232,13.28075,534
666,13.30075,3651,13.30075,545
667,13.32075,4152,13.32075,511
668,13.34075,4424,13.34075,500
669,13.36075,4562,13.36075,523
670,13.38075,4448,13.38075,531
671,13.40075,4231,13.40075,495
672,13.42075,3784,13.42075,491
673,13.44075,3473,13.44075,472
674,13.46075,3018,13.46075,498
675,13.48075,2511,13.48075,496
676,13.50075,2133,13.50075,487
677,13.52075,1836,13.52075,503
678,13.54075,1618,13.54075,446
679,13.56075,1467,13.56075,425
680,13.58075,1314,13.58075,459
681,13.60075,1340,13.60075,370
682,13.62075,1262,13.62075,420
683,13.64075,1238,13.64075,370
684,13.66075,1337,13.66075,415
685,13.68075,1260,13.68075,372
686,13.70075,1254,13.70075,342
687,13.72075,1291,13.72075,373
688,13.74075,1188,13.74075,345
689,13.76075,1301,13.76075,373
690,13.78075,1276,13.78075,343
691,13.80075,1264,13.80075,337
692,13.82075,1288,13.82075,320
693,13.84075,1297,13.84075,329
694,13.86075,1374,13.86075,312
695,13.88075,1374,13.88075,302
696,13.90075,1380,13.90075,316
697,13.92075,1512,13.92075,308
698,13.94075,1644,13.94075,314
699,13.96075,1950,13.96075,263
700,13.98075,2183,13.98075,258
701,14.00075,2512,14.00075,252
702,14.02075,2886,14.02075,244
703,14.04075,3342,14.04075,249
704,14.06075,3756,14.06075,239
705,14.08075,4251,14.08075,254
706,14.10075,4533,14.10075,238
707,14.12075,4675,14.12075,212
708,14.14075,4760,14.14075,203
709,14.16075,4419,14.16075,220
710,14.18075,4244,14.18075,200
711,14.20075,3833,14.20075,187
712,14.22075,3411,14.22075,161
713,14.24075,2952,14.24075,190
714,14.26075,2513,14.26075,165
715,14.28075,2215,14.28075,156
716,14.30075,1972,14.30075,146
717,14.32075,1755,14.32075,167
718,14.34075,1650,14.34075,139
719,14.36075,1491,14.36075,127
720,14.38075,1502,14.38075,133
721,14.40075,1488,14.40075,129
722,14.42075,1474,14.42075,133
723,14.44075,1426,14.44075,97
724,14.46075,1550,14.46075,109
725,14.48075,1494,14.48075,95
726,14.50075,1500,14.50075,99
727,14.52075,1460,14.52075,97
728,14.54075,1500,14.54075,96
729,14.56075,1587,14.56075,86
730,14.58075,1613,14.58075,65
731,14.60075,1681,14.60075,71
732,14.62075,1730,14.62075,92
733,14.64075,1945,14.64075,71
734,14.66075,2022,14.66075,52
735,14.68075,2161,14.68075,63
736,14.70075,2318,14.70075,66
737,14.72075,2353,14.72075,55
738,14.74075,2507,14.74075,38
739,14.76075,2652,14.76075,51
740,14.78075,2749,14.78075,41
741,14.80075,2791,14.80075,31
742,14.82075,2778,14.82075,49
743,14.84075,2727,14.84075,45
744,14.86075,2894,14.86075,36
745,14.88075,2837,14.88075,35
746,14.90075,2920,14.90075,20
747,14.92075,2887,14.92075,26
748,14.94075,2898,14.94075,34
749,14.96075,2843,14.96075,28
750,14.98075,2776,14.98075,31
751,15.00075,2507,15.00075,25
752,15.02075,2464,15.02075,22
753,15.04075,2326,15.04075,32
754,15.06075,2221,15.06075,16
755,15.08075,2107,15.08075,17
756,15.10075,2041,15.10075,22
757,15.12075,2013,15.12075,18
758,15.14075,1920,15.14075,24
759,15.16075,1983,15.16075,25
760,15.18075,1950,15.18075,12
761,15.20075,1819,15.20075,16
762,15.22075,1851,15.22075,15
763,15.24075,1836,15.24075,17
764,15.26075,1756,15.26075,11
765,15.28075,1796,15.28075,10
766,15.30075,1747,15.30075,23
767,15.32075,1744,15.32075,15
768,15.34075,1720,15.34075,19
769,15.36075,1694,15.36075,17
770,15.38075,1638,15.38075,12
771,15.40075,1697,15.40075,16
772,15.42075,1684,15.42075,13
773,15.44075,1707,15.44075,18
774,15.46075,1775,15.46075,15
775,15.48075,1842,15.48075,11
776,15.50075,2050,15.50075,14
777,15.52075,2160,15.52075,14
778,15.54075,2571,15.54075,13
779,15.56075,2825,15.56075,15
780,15.58075,3307,15.58075,8
781,15.60075,4027,15.60075,24
782,15.62075,4616,15.62075,15
783,15.64075,5367,15.64075,13
784,15.66075,6063,15.66075,11
785,15.68075,6882,15.68075,14
786,15.70075,7262,15.70075,13
787,15.72075,7486,15.72075,7
788,15.74075,7541,15.74075,14
789,15.76075,7418,15.76075,13
790,15.78075,6962,15.78075,14
791,15.80075,6580,15.80075,16
792,15.82075,5853,15.82075,16
793,15.84075,5086,15.84075,7
794,15.86075,4466,15.86075,17
795,15.88075,3794,15.88075,12
796,15.90075,3188,15.90075,13
797,15.92075,2735,15.92075,10
798,15.94075,2481,15.94075,17
799,15.96075,2150,15.96075,20
800,15.98075,1981,15.98075,15
801,16.00075,1838,16.00075,7
802,16.02075,1878,16.02075,11
803,16.04075,1838,16.04075,8
804,16.06075,1761,16.06075,8
805,16.08075,1831,16.08075,8
806,16.10075,1873,16.10075,9
807,16.12075,1799,16.12075,9
808,16.14075,1750,16.14075,15
809,16.16075,1822,16.16075,17
810,16.18075,1785,16.18075,10
811,16.20075,1771,16.20075,10
812,16.22075,1801,16.22075,9
813,16.24075,1753,16.24075,6
814,16.26075,1756,16.26075,20
815,16.28075,1761,16.28075,8
816,16.30075,1814,16.30075,11
817,16.32075,1804,16.32075,13
818,16.34075,1838,16.34075,12
819,16.36075,1858,16.36075,9
820,16.38075,1863,16.38075,14
821,16.40075,1839,16.40075,7
822,16.42075,1896,16.42075,10
823,16.44075,1975,16.44075,7
824,16.46075,1925,16.46075,15
825,16.48075,2008,16.48075,10
826,16.50075,2147,16.50075,10
827,16.52075,2157,16.52075,12
828,16.54075,2215,16.54075,9
829,16.56075,2200,16.56075,14
830,16.58075,2243,16.58075,10
831,16.60075,2253,16.60075,12
832,16.62075,2242,16.62075,6
833,16.64075,2219,16.64075,6
834,16.66075,2177,16.66075,4
835,16.68075,2167,16.68075,10
836,16.70075,2122,16.70075,13
837,16.72075,2070,16.72075,10
838,16.74075,1979,16.74075,5
839,16.76075,1987,16.76075,9
840,16.78075,1912,16.78075,13
841,16.80075,1873,16.80075,16
842,16.82075,1862,16.82075,10
843,16.84075,1836,16.84075,11
844,16.86075,1875,16.86075,8
845,16.88075,1842,16.88075,10
846,16.90075,1864,16.90075,10
847,16.92075,1906,16.92075,7
848,16.94075,1797,16.94075,9
849,16.96075,1852,16.96075,14
850,16.98075,1883,16.98075,6
851,17.00075,1817,17.00075,9
852,17.02075,1844,17.02075,13
853,17.04075,1852,17.04075,8
854,17.06075,1808,17.06075,7
855,17.08075,1852,17.08075,16
856,17.10075,1884,17.10075,8
857,17.12075,1786,17.12075,14
858,17.14075,1923,17.14075,15
859,17.16075,1900,17.16075,11
860,17.18075,1841,17.18075,7
861,17.20075,1864,17.20075,11
862,17.22075,1908,17.22075,2
863,17.24075,1962,17.24075,15
864,17.26075,2055,17.26075,6
865,17.28075,2085,17.28075,6
866,17.30075,2092,17.30075,10
867,17.32075,2074,17.32075,8
868,17.34075,2086,17.34075,7
869,17.36075,2158,17.36075,9
870,17.38075,2145,17.38075,9
871,17.40075,2256,17.40075,15
872,17.42075,2213,17.42075,3
873,17.44075,2279,17.44075,6
874,17.46075,2341,17.46075,4
875,17.48075,2318,17.48075,9
876,17.50075,2350,17.50075,4
877,17.52075,2564,17.52075,13
878,17.54075,2651,17.54075,5
879,17.56075,2634,17.56075,9
880,17.58075,2807,17.58075,8
881,17.60075,2938,17.60075,7
882,17.62075,2940,17.62075,5
883,17.64075,2951,17.64075,9
884,17.66075,2823,17.66075,11
885,17.68075,2831,17.68075,8
886,17.70075,2778,17.70075,9
887,17.72075,2714,17.72075,10
888,17.74075,2598,17.74075,10
889,17.76075,2564,17.76075,8
890,17.78075,2381,17.78075,10
891,17.80075,2464,17.80075,6
892,17.82075,2333,17.82075,5
893,17.84075,2261,17.84075,11
894,17.86075,2247,17.86075,3
895,17.88075,2260,17.88075,9
896,17.90075,2322,17.90075,5
897,17.92075,2440,17.92075,9
898,17.94075,2365,17.94075,10
899,17.96075,2406,17.96075,5
900,17.98075,2417,17.98075,8
901,18.00075,2345,18.00075,6
902,18.02075,2423,18.02075,5
903,18.04075,2415,18.04075,5
904,18.06075,2416,18.06075,13
905,18.08075,2414,18.08075,5
906,18.10075,2304,18.10075,6
907,18.12075,2427,18.12075,8
908,18.14075,2500,18.14075,15
909,18.16075,2521,18.16075,10
910,18.18075,2465,18.18075,6
911,18.20075,2436,18.20075,4
912,18.22075,2610,18.22075,4
913,18.24075,2569,18.24075,9
914,18.26075,2675,18.26075,6
915,18.28075,2720,18.28075,7
916,18.30075,2709,18.30075,9
917,18.32075,2760,18.32075,7
918,18.34075,2748,18.34075,3
919,18.36075,2863,18.36075,8
920,18.38075,2841,18.38075,2
921,18.40075,2963,18.40075,12
922,18.42075,3086,18.42075,7
923,18.44075,3121,18.44075,5
924,18.46075,3261,18.46075,2
925,18.48075,3336,18.48075,6
926,18.50075,3507,18.50075,9
927,18.52075,3554,18.52075,6
928,18.54075,3719,18.54075,3
929,18.56075,3797,18.56075,14
930,18.58075,3996,18.58075,5
931,18.60075,4223,18.60075,2
932,18.62075,4300,18.62075,2
933,18.64075,4539,18.64075,5
934,18.66075,4736,18.66075,8
935,18.68075,4895,18.68075,3
936,18.70075,5145,18.70075,6
937,18.72075,5309,18.72075,3
938,18.74075,5366,18.74075,12
939,18.76075,5674,18.76075,2
940,18.78075,5998,18.78075,1
941,18.80075,6131,18.80075,7
942,18.82075,6353,18.82075,4
943,18.84075,6601,18.84075,9
944,18.86075,6818,18.86075,4
945,18.88075,7053,18.88075,3
946,18.90075,7253,18.90075,6
947,18.92075,7240,18.92075,3
948,18.94075,7481,18.94075,5
949,18.96075,7602,18.96075,3
950,18.98075,7610,18.98075,5
951,19.00075,7912,19.00075,3
952,19.02075,7728,19.02075,6
953,19.04075,7644,19.04075,3
954,19.06075,7756,19.06075,2
955,19.08075,7736,19.08075,2
956,19.10075,7485,19.10075,6
957,19.12075,7477,19.12075,2
958,19.14075,7522,19.14075,7
959,19.16075,7178,19.16075,2
960,19.18075,7053,19.18075,8
961,19.20075,6849,19.20075,3
962,19.22075,6734,19.22075,5
963,19.24075,6477,19.24075,10
964,19.26075,6184,19.26075,5
965,19.28075,6133,19.28075,3
966,19.30075,5759,19.30075,4
967,19.32075,5516,19.32075,2
968,19.34075,5335,19.34075,3
969,19.36075,5072,19.36075,6
970,19.38075,4889,19.38075,2
971,19.40075,4633,19.40075,3
972,19.42075,4476,19.42075,2
973,19.44075,4272,19.44075,7
974,19.46075,4168,19.46075,5
975,19.48075,3879,19.48075,4
976,19.50075,3899,19.50075,3
977,19.52075,3710,19.52075,6
978,19.54075,3540,19.54075,4
979,19.56075,3432,19.56075,3
980,19.58075,3234,19.58075,4
981,19.60075,3126,19.60075,4
982,19.62075,3041,19.62075,4
983,19.64075,3019,19.64075,4
984,19.66075,2860,19.66075,6
985,19.68075,2784,19.68075,0
986,19.70075,2781,19.70075,3
987,19.72075,2656,19.72075,3
988,19.74075,2591,19.74075,3
989,19.76075,2618,19.76075,3
990,19.78075,2476,19.78075,2
991,19.80075,2472,19.80075,3
992,19.82075,2435,19.82075,4
993,19.84075,2485,19.84075,5
994,19.86075,2514,19.86075,3
995,19.88075,2771,19.88075,2
996,19.90075,2821,19.90075,6
997,19.92075,3023,19.92075,3
998,19.94075,3236,19.94075,3
999,19.96075,3575,19.96075,2
1000,19.98075,3938,19.98075,3
1001,20.00075,4252,20.00075,4
1002,20.02075,4592,20.02075,5
1003,20.04075,4993,20.04075,2
1004,20.06075,5314,20.06075,0
1005,20.08075,5638,20.08075,2
1006,20.10075,5782,20.10075,2
1007,20.12075,6008,20.12075,4
1008,20.14075,6112,20.14075,3
1009,20.16075,6322,20.16075,2
1010,20.18075,6236,20.18075,2
1011,20.20075,5979,20.20075,2
1012,20.22075,5661,20.22075,4
1013,20.24075,5256,20.24075,5
1014,20.26075,4835,20.26075,3
1015,20.28075,4313,20.28075,0
1016,20.30075,3911,20.30075,1
1017,20.32075,3525,20.32075,4
1018,20.34075,3071,20.34075,2
1019,20.36075,2700,20.36075,1
1020,20.38075,2416,20.38075,4
1021,20.40075,2249,20.40075,2
1022,20.42075,2149,20.42075,4
1023,20.44075,2077,20.44075,4
1024,20.46075,1927,20.46075,2
1025,20.48075,2060,20.48075,3
1026,20.50075,1977,20.50075,3
1027,20.52075,1949,20.52075,4
1028,20.54075,1915,20.54075,0
1029,20.56075,1912,20.56075,2
1030,20.58075,1981,20.58075,2
1031,20.60075,1920,20.60075,1
1032,20.62075,1962,20.62075,1
1033,20.64075,2021,20.64075,2
1034,20.66075,2006,20.66075,3
1035,20.68075,1982,20.68075,5
1036,20.70075,2075,20.70075,5
1037,20.72075,1952,20.72075,2
1038,20.74075,2181,20.74075,2
1039,20.76075,2112,20.76075,5
1040,20.78075,2152,20.78075,0
1041,20.80075,2168,20.80075,3
1042,20.82075,2199,20.82075,2
1043,20.84075,2206,20.84075,2
1044,20.86075,2264,20.86075,2
1045,20.88075,2255,20.88075,0
1046,20.90075,2268,20.90075,1
1047,20.92075,2364,20.92075,0
1048,20.94075,2293,20.94075,3
1049,20.96075,2348,20.96075,0
1050,20.98075,2372,20.98075,1
1051,21.00075,2543,21.00075,2
1052,21.02075,2488,21.02075,3
1053,21.04075,2558,21.04075,2
1054,21.06075,2579,21.06075,2
1055,21.08075,2588,21.08075,4
1056,21.10075,2666,21.10075,2
1057,21.12075,2642,21.12075,1
1058,21.14075,2707,21.14075,3
1059,21.16075,2696,21.16075,3
1060,21.18075,2773,21.18075,4
1061,21.20075,2677,21.20075,1
1062,21.22075,2711,21.22075,2
1063,21.24075,2692,21.24075,1
1064,21.26075,2812,21.26075,0
1065,21.28075,2880,21.28075,4
1066,21.30075,2658,21.30075,2
1067,21.32075,2786,21.32075,2
1068,21.34075,2712,21.34075,1
1069,21.36075,2826,21.36075,0
1070,21.38075,2832,21.38075,0
1071,21.40075,2789,21.40075,1
1072,21.42075,2739,21.42075,2
1073,21.44075,2687,21.44075,1
1074,21.46075,2603,21.46075,2
1075,21.48075,2576,21.48075,1
1076,21.50075,2609,21.50075,0
1077,21.52075,2513,21.52075,2
1078,21.54075,2589,21.54075,0
1079,21.56075,2522,21.56075,4
1080,21.58075,2444,21.58075,2
1081,21.60075,2348,21.60075,0
1082,21.62075,2266,21.62075,2
1083,21.64075,2227,21.64075,0
1084,21.66075,2367,21.66075,0
1085,21.68075,2243,21.68075,0
1086,21.70075,2216,21.70075,1
1087,21.72075,2189,21.72075,3
1088,21.74075,2146,21.74075,4
1089,21.76075,2145,21.76075,2
1090,21.78075,2114,21.78075,1
1091,21.80075,2076,21.80075,1
1092,21.82075,2032,21.82075,2
1093,21.84075,2056,21.84075,0
1094,21.86075,2027,21.86075,2
1095,21.88075,1901,21.88075,0
1096,21.90075,1869,21.90075,3
1097,21.92075,2018,21.92075,1
1098,21.94075,1885,21.94075,0
1099,21.96075,1924,21.96075,1
1100,21.98075,1924,21.98075,0
1101,22.00075,1912,22.00075,2
1102,22.02075,1784,22.02075,1
1103,22.04075,1862,22.04075,0
1104,22.06075,1829,22.06075,1
1105,22.08075,1824,22.08075,0
1106,22.10075,1814,22.10075,2
1107,22.12075,1873,22.12075,1
1108,22.14075,1801,22.14075,1
1109,22.16075,1842,22.16075,1
1110,22.18075,1727,22.18075,0
1111,22.20075,1731,22.20075,0
1112,22.22075,1735,22.22075,1
1113,22.24075,1658,22.24075,0
1114,22.26075,1669,22.26075,3
1115,22.28075,1691,22.28075,0
1116,22.30075,1648,22.30075,1
1117,22.32075,1568,22.32075,0
1118,22.34075,1595,22.34075,1
1119,22.36075,1600,22.36075,1
1120,22.38075,1596,22.38075,0
1121,22.40075,1693,22.40075,2
1122,22.42075,1637,22.42075,2
1123,22.44075,1579,22.44075,1
1124,22.46075,1564,22.46075,0
1125,22.48075,1685,22.48075,1
1126,22.50075,1748,22.50075,0
1127,22.52075,1704,22.52075,0
1128,22.54075,1791,22.54075,0
1129,22.56075,1777,22.56075,2
1130,22.58075,1864,22.58075,0
1131,22.60075,1991,22.60075,0
1132,22.62075,2089,22.62075,1
1133,22.64075,2125,22.64075,0
1134,22.66075,2220,22.66075,2
1135,22.68075,2202,22.68075,1
1136,22.70075,2182,22.70075,0
1137,22.72075,2215,22.72075,0
1138,22.74075,2238,22.74075,1
1139,22.76075,1946,22.76075,0
1140,22.78075,2003,22.78075,2
1141,22.80075,1872,22.80075,0
1142,22.82075,1819,22.82075,0
1143,22.84075,1703,22.84075,0
1144,22.86075,1688,22.86075,0
1145,22.88075,1582,22.88075,0
1146,22.90075,1558,22.90075,0
1147,22.92075,1585,22.92075,0
1148,22.94075,1500,22.94075,0
1149,22.96075,1545,22.96075,1
1150,22.98075,1484,22.98075,0
1151,23.00075,1462,23.00075,0
1152,23.02075,1474,23.02075,1
1153,23.04075,1500,23.04075,0
1154,23.06075,1479,23.06075,0
1155,23.08075,1583,23.08075,1
1156,23.10075,1494,23.10075,0
1157,23.12075,1517,23.12075,0
1158,23.14075,1602,23.14075,0
1159,23.16075,1495,23.16075,0
1160,23.18075,1549,23.18075,0
1161,23.20075,1545,23.20075,0
1162,23.22075,1515,23.22075,0
1163,23.24075,1419,23.24075,0
1164,23.26075,1450,23.26075,0
1165,23.28075,1436,23.28075,1
1166,23.30075,1407,23.30075,1
1167,23.32075,1408,23.32075,1
1168,23.34075,1357,23.34075,0
1169,23.36075,1449,23.36075,0
1170,23.38075,1327,23.38075,0
1171,23.40075,1424,23.40075,0
1172,23.42075,1404,23.42075,0
1173,23.44075,1356,23.44075,1
1174,23.46075,1339,23.46075,0
1175,23.48075,1397,23.48075,1
1176,23.50075,1464,23.50075,1
1177,23.52075,1385,23.52075,2
1178,23.54075,1340,23.54075,0
1179,23.56075,1346,23.56075,1
1180,23.58075,1350,23.58075,2
1181,23.60075,1340,23.60075,0
1182,23.62075,1375,23.62075,0
1183,23.64075,1350,23.64075,0
1184,23.66075,1346,23.66075,0
1185,23.68075,1339,23.68075,0
1186,23.70075,1383,23.70075,1
1187,23.72075,1372,23.72075,0
1188,23.74075,1353,23.74075,0
1189,23.76075,1340,23.76075,0
1190,23.78075,1346,23.78075,0
1191,23.80075,1341,23.80075,0
1192,23.82075,1356,23.82075,1
1193,23.84075,1371,23.84075,0
1194,23.86075,1290,23.86075,0
1195,23.88075,1297,23.88075,0
1196,23.90075,1343,23.90075,0
1197,23.92075,1279,23.92075,0
1198,23.94075,1346,23.94075,0
1199,23.96075,1322,23.96075,0
1200,23.98075,1316,23.98075,0
1201,24.00075,1322,24.00075,0
1202,24.02075,1351,24.02075,0
1203,24.04075,1365,24.04075,1
1204,24.06075,1359,24.06075,0
1205,24.08075,1340,24.08075,0
1206,24.10075,1303,24.10075,0
1207,24.12075,1359,24.12075,1
1208,24.14075,1309,24.14075,0
1209,24.16075,1375,24.16075,0
1210,24.18075,1325,24.18075,0
1211,24.20075,1312,24.20075,1
1212,24.22075,1272,24.22075,1
1213,24.24075,1363,24.24075,0
1214,24.26075,1325,24.26075,0
1215,24.28075,1264,24.28075,0
1216,24.30075,1295,24.30075,0
1217,24.32075,1295,24.32075,1
1218,24.34075,1293,24.34075,0
1219,24.36075,1247,24.36075,0
1220,24.38075,1301,24.38075,0
1221,24.40075,1292,24.40075,0
1222,24.42075,1232,24.42075,0
1223,24.44075,1217,24.44075,0
1224,24.46075,1244,24.46075,2
1225,24.48075,1233,24.48075,0
1226,24.50075,1276,24.50075,0
1227,24.52075,1235,24.52075,1
1228,24.54075,1291,24.54075,0
1229,24.56075,1265,24.56075,2
1230,24.58075,1277,24.58075,0
1231,24.60075,1257,24.60075,0
1232,24.62075,1264,24.62075,0
1233,24.64075,1214,24.64075,2
1234,24.66075,1182,24.66075,1
1235,24.68075,1311,24.68075,0
1236,24.70075,1231,24.70075,0
1237,24.72075,1270,24.72075,0
1238,24.74075,1149,24.74075,0
1239,24.76075,1229,24.76075,0
1240,24.78075,1328,24.78075,0
1241,24.80075,1159,24.80075,0
1242,24.82075,1230,24.82075,0
1243,24.84075,1256,24.84075,1
1244,24.86075,1265,24.86075,0
1245,24.88075,1190,24.88075,0
1246,24.90075,1258,24.90075,0
1247,24.92075,1250,24.92075,0
1248,24.94075,1239,24.94075,0
1249,24.96075,1231,24.96075,0
1250,24.98075,1284,24.98075,0
1251,25.00075,1260,25.00075,0
1252,25.02075,1290,25.02075,0
1253,25.04075,1295,25.04075,0
1254,25.06075,1325,25.06075,0
1255,25.08075,1274,25.08075,0
1256,25.10075,1318,25.10075,0
1257,25.12075,1288,25.12075,0
1258,25.14075,1321,25.14075,0
1259,25.16075,1353,25.16075,0
1260,25.18075,1277,25.18075,0
1261,25.20075,1269,25.20075,0
1262,25.22075,1267,25.22075,0
1263,25.24075,1283,25.24075,0
1264,25.26075,1242,25.26075,0
1265,25.28075,1257,25.28075,0
1266,25.30075,1290,25.30075,0
1267,25.32075,1214,25.32075,0
1268,25.34075,1233,25.34075,0
1269,25.36075,1241,25.36075,0
1270,25.38075,1299,25.38075,0
1271,25.40075,1226,25.40075,0
1272,25.42075,1212,25.42075,0
1273,25.44075,1233,25.44075,0
1274,25.46075,1192,25.46075,0
1275,25.48075,1212,25.48075,0
1276,25.50075,1168,25.50075,0
1277,25.52075,1172,25.52075,1
1278,25.54075,1195,25.54075,0
1279,25.56075,1181,25.56075,0
1280,25.58075,1170,25.58075,0
1281,25.60075,1147,25.60075,0
1282,25.62075,1112,25.62075,0
1283,25.64075,1117,25.64075,0
1284,25.66075,1130,25.66075,0
1285,25.68075,1141,25.68075,0
1286,25.70075,1170,25.70075,0
1287,25.72075,1145,25.72075,0
1288,25.74075,1138,25.74075,0
1289,25.76075,1145,25.76075,0
1290,25.78075,1168,25.78075,0
1291,25.80075,1150,25.80075,0
1292,25.82075,1076,25.82075,0
1293,25.84075,1129,25.84075,0
1294,25.86075,1251,25.86075,0
1295,25.88075,1156,25.88075,0
1296,25.90075,1129,25.90075,0
1297,25.92075,1130,25.92075,0
1298,25.94075,1155,25.94075,0
1299,25.96075,1161,25.96075,0
1300,25.98075,1160,25.98075,1
1301,26.00075,1179,26.00075,0
1302,26.02075,1263,26.02075,0
1303,26.04075,1211,26.04075,1
1304,26.06075,1212,26.06075,0
1305,26.08075,1226,26.08075,0
1306,26.10075,1187,26.10075,0
1307,26.12075,1137,26.12075,0
1308,26.14075,1222,26.14075,0
1309,26.16075,1229,26.16075,0
1310,26.18075,1190,26.18075,0
1311,26.20075,1185,26.20075,0
1312,26.22075,1168,26.22075,0
1313,26.24075,1229,26.24075,0
1314,26.26075,1279,26.26075,1
1315,26.28075,1214,26.28075,0
1316,26.30075,1246,26.30075,1
1317,26.32075,1304,26.32075,0
1318,26.34075,1238,26.34075,0
1319,26.36075,1252,26.36075,0
1320,26.38075,1197,26.38075,0
1321,26.40075,1179,26.40075,0
1322,26.42075,1203,26.42075,0
1323,26.44075,1135,26.44075,0
1324,26.46075,1087,26.46075,0
1325,26.48075,1129,26.48075,0
1326,26.50075,1027,26.50075,0
1327,26.52075,1156,26.52075,0
1328,26.54075,1032,26.54075,0
1329,26.56075,1094,26.56075,0
1330,26.58075,1052,26.58075,1
1331,26.60075,1047,26.60075,0
1332,26.62075,1091,26.62075,0
1333,26.64075,1011,26.64075,0
1334,26.66075,1051,26.66075,0
1335,26.68075,1098,26.68075,0
1336,26.70075,1007,26.70075,0
1337,26.72075,1048,26.72075,0
1338,26.74075,1094,26.74075,0
1339,26.76075,1070,26.76075,0
1340,26.78075,1061,26.78075,0
1341,26.80075,981,26.80075,0
1342,26.82075,1008,26.82075,0
1343,26.84075,994,26.84075,0
1344,26.86075,1018,26.86075,0
1345,26.88075,972,26.88075,0
1346,26.90075,991,26.90075,0
1347,26.92075,987,26.92075,0
1348,26.94075,1057,26.94075,0
1349,26.96075,1004,26.96075,0
1350,26.98075,984,26.98075,0
1351,27.00075,974,27.00075,0
1352,27.02075,1020,27.02075,0
1353,27.04075,999,27.04075,0
1354,27.06075,982,27.06075,0
1355,27.08075,998,27.08075,0
1356,27.10075,992,27.10075,0
1357,27.12075,987,27.12075,0
1358,27.14075,1023,27.14075,0
1359,27.16075,929,27.16075,0
1360,27.18075,970,27.18075,0
1361,27.20075,1007,27.20075,0
1362,27.22075,976,27.22075,0
1363,27.24075,992,27.24075,0
1364,27.26075,972,27.26075,0
1365,27.28075,930,27.28075,0
1366,27.30075,979,27.30075,0
1367,27.32075,991,27.32075,0
1368,27.34075,943,27.34075,0
1369,27.36075,944,27.36075,0
1370,27.38075,917,27.38075,0
1371,27.40075,929,27.40075,0
1372,27.42075,980,27.42075,0
1373,27.44075,952,27.44075,0
1374,27.46075,938,27.46075,0
1375,27.48075,918,27.48075,0
1376,27.50075,929,27.50075,0
1377,27.52075,902,27.52075,0
1378,27.54075,887,27.54075,0
1379,27.56075,851,27.56075,0
1380,27.58075,863,27.58075,0
1381,27.60075,906,27.60075,0
1382,27.62075,949,27.62075,0
1383,27.64075,924,27.64075,0
1384,27.66075,889,27.66075,0
1385,27.68075,955,27.68075,0
1386,27.70075,928,27.70075,0
1387,27.72075,956,27.72075,0
1388,27.74075,895,27.74075,0
1389,27.76075,912,27.76075,0
1390,27.78075,914,27.78075,0
1391,27.80075,918,27.80075,0
1392,27.82075,880,27.82075,0
1393,27.84075,878,27.84075,0
1394,27.86075,874,27.86075,0
1395,27.88075,915,27.88075,0
1396,27.90075,870,27.90075,0
1397,27.92075,907,27.92075,0
1398,27.94075,868,27.94075,0
1399,27.96075,906,27.96075,0
1400,27.98075,886,27.98075,0
1401,28.00075,888,28.00075,0
1402,28.02075,883,28.02075,0
1403,28.04075,910,28.04075,0
1404,28.06075,837,28.06075,0
1405,28.08075,839,28.08075,0
1406,28.10075,868,28.10075,0
1407,28.12075,877,28.12075,0
1408,28.14075,831,28.14075,0
1409,28.16075,932,28.16075,0
1410,28.18075,892,28.18075,0
1411,28.20075,868,28.20075,0
1412,28.22075,795,28.22075,0
1413,28.24075,908,28.24075,0
1414,28.26075,845,28.26075,0
1415,28.28075,875,28.28075,0
1416,28.30075,916,28.30075,0
1417,28.32075,847,28.32075,0
1418,28.34075,827,28.34075,0
1419,28.36075,882,28.36075,0
1420,28.38075,803,28.38075,0
1421,28.40075,858,28.40075,0
1422,28.42075,833,28.42075,0
1423,28.44075,853,28.44075,0
1424,28.46075,814,28.46075,0
1425,28.48075,866,28.48075,0
1426,28.50075,841,28.50075,0
1427,28.52075,847,28.52075,0
1428,28.54075,885,28.54075,0
1429,28.56075,772,28.56075,0
1430,28.58075,837,28.58075,0
1431,28.60075,834,28.60075,0
1432,28.62075,834,28.62075,0
1433,28.64075,856,28.64075,0
1434,28.66075,862,28.66075,0
1435,28.68075,826,28.68075,0
1436,28.70075,757,28.70075,0
1437,28.72075,788,28.72075,0
1438,28.74075,755,28.74075,0
1439,28.76075,828,28.76075,0
1440,28.78075,795,28.78075,0
1441,28.80075,788,28.80075,0
1442,28.82075,800,28.82075,0
1443,28.84075,792,28.84075,0
1444,28.86075,765,28.86075,0
1445,28.88075,778,28.88075,0
1446,28.90075,791,28.90075,0
1447,28.92075,806,28.92075,0
1448,28.94075,790,28.94075,0
1449,28.96075,780,28.96075,0
1450,28.98075,758,28.98075,0
1451,29.00075,856,29.00075,0
1452,29.02075,766,29.02075,0
1453,29.04075,754,29.04075,0
1454,29.06075,790,29.06075,0
1455,29.08075,758,29.08075,0
1456,29.10075,780,29.10075,0
1457,29.12075,807,29.12075,0
1458,29.14075,732,29.14075,0
1459,29.16075,800,29.16075,0
1460,29.18075,731,29.18075,0
1461,29.20075,750,29.20075,0
1462,29.22075,743,29.22075,0
1463,29.24075,759,29.24075,0
1464,29.26075,764,29.26075,0
1465,29.28075,730,29.28075,0
1466,29.30075,794,29.30075,0
1467,29.32075,726,29.32075,0
1468,29.34075,726,29.34075,0
1469,29.36075,743,29.36075,0
1470,29.38075,718,29.38075,0
1471,29.40075,697,29.40075,0
1472,29.42075,734,29.42075,0
1473,29.44075,708,29.44075,0
1474,29.46075,726,29.46075,0
1475,29.48075,735,29.48075,0
1476,29.50075,709,29.50075,0
1477,29.52075,706,29.52075,0
1478,29.54075,689,29.54075,0
1479,29.56075,736,29.56075,0
1480,29.58075,730,29.58075,0
1481,29.60075,714,29.60075,0
1482,29.62075,701,29.62075,0
1483,29.64075,770,29.64075,0
1484,29.66075,663,29.66075,0
1485,29.68075,755,29.68075,0
1486,29.70075,700,29.70075,0
1487,29.72075,718,29.72075,0
1488,29.74075,767,29.74075,0
1489,29.76075,712,29.76075,0
1490,29.78075,711,29.78075,0
1491,29.80075,724,29.80075,0
1492,29.82075,699,29.82075,0
1493,29.84075,729,29.84075,0
1494,29.86075,724,29.86075,0
1495,29.88075,709,29.88075,0
1496,29.90075,662,29.90075,0
1497,29.92075,651,29.92075,0
1498,29.94075,649,29.94075,0
1499,29.96075,673,29.96075,0
1500,29.98075,669,29.98075,0
1501,30.00075,693,30.00075,0
1502,30.02075,698,30.02075,0
1503,30.04075,675,30.04075,0
1504,30.06075,639,30.06075,0
1505,30.08075,603,30.08075,0
1506,30.10075,648,30.10075,0
1507,30.12075,614,30.12075,0
1508,30.14075,637,30.14075,0
1509,30.16075,632,30.16075,0
1510,30.18075,658,30.18075,0
1511,30.20075,617,30.20075,0
1512,30.22075,629,30.22075,0
1513,30.24075,607,30.24075,0
1514,30.26075,652,30.26075,0
1515,30.28075,617,30.28075,0
1516,30.30075,609,30.30075,0
1517,30.32075,613,30.32075,0
1518,30.34075,611,30.34075,0
1519,30.36075,634,30.36075,0
1520,30.38075,627,30.38075,0
1521,30.40075,621,30.40075,0
1522,30.42075,620,30.42075,0
1523,30.44075,636,30.44075,0
1524,30.46075,649,30.46075,0
1525,30.48075,612,30.48075,0
1526,30.50075,627,30.50075,0
1527,30.52075,634,30.52075,0
1528,30.54075,566,30.54075,0
1529,30.56075,574,30.56075,0
1530,30.58075,625,30.58075,0
1531,30.60075,598,30.60075,0
1532,30.62075,548,30.62075,0
1533,30.64075,564,30.64075,0
1534,30.66075,598,30.66075,0
1535,30.68075,580,30.68075,0
1536,30.70075,560,30.70075,0
1537,30.72075,597,30.72075,0
1538,30.74075,544,30.74075,0
1539,30.76075,552,30.76075,0
1540,30.78075,571,30.78075,0
1541,30.80075,571,30.80075,0
1542,30.82075,576,30.82075,0
1543,30.84075,558,30.84075,0
1544,30.86075,557,30.86075,0
1545,30.88075,525,30.88075,0
1546,30.90075,590,30.90075,0
1547,30.92075,595,30.92075,0
1548,30.94075,571,30.94075,0
1549,30.96075,552,30.96075,0
1550,30.98075,572,30.98075,0
1551,31.00075,575,31.00075,0
1552,31.02075,539,31.02075,0
1553,31.04075,601,31.04075,0
1554,31.06075,534,31.06075,0
1555,31.08075,558,31.08075,0
1556,31.10075,526,31.10075,0
1557,31.12075,541,31.12075,0
1558,31.14075,557,31.14075,0
1559,31.16075,566,31.16075,0
1560,31.18075,518,31.18075,0
1561,31.20075,530,31.20075,0
1562,31.22075,529,31.22075,0
1563,31.24075,517,31.24075,0
1564,31.26075,523,31.26075,0
1565,31.28075,526,31.28075,0
1566,31.30075,501,31.30075,0
1567,31.32075,525,31.32075,0
1568,31.34075,515,31.34075,0
1569,31.36075,552,31.36075,0
1570,31.38075,490,31.38075,0
1571,31.40075,521,31.40075,0
1572,31.42075,510,31.42075,0
1573,31.44075,470,31.44075,0
1574,31.46075,534,31.46075,0
1575,31.48075,551,31.48075,0
1576,31.50075,548,31.50075,0
1577,31.52075,487,31.52075,0
1578,31.54075,482,31.54075,0
1579,31.56075,523,31.56075,0
1580,31.58075,501,31.58075,0
1581,31.60075,505,31.60075,0
1582,31.62075,491,31.62075,0
1583,31.64075,511,31.64075,0
1584,31.66075,498,31.66075,0
1585,31.68075,501,31.68075,0
1586,31.70075,502,31.70075,0
1587,31.72075,481,31.72075,0
1588,31.74075,450,31.74075,0
1589,31.76075,489,31.76075,0
1590,31.78075,512,31.78075,0
1591,31.80075,513,31.80075,0
1592,31.82075,515,31.82075,0
1593,31.84075,518,31.84075,0
1594,31.86075,476,31.86075,0
1595,31.88075,472,31.88075,0
1596,31.90075,461,31.90075,0
1597,31.92075,498,31.92075,0
1598,31.94075,462,31.94075,0
1599,31.96075,442,31.96075,0
1600,31.98075,531,31.98075,0
1601,32.00075,485,32.00075,0
1602,32.02075,491,32.02075,0
1603,32.04075,464,32.04075,0
1604,32.06075,458,32.06075,0
1605,32.08075,503,32.08075,0
1606,32.10075,490,32.10075,0
1607,32.12075,483,32.12075,0
1608,32.14075,488,32.14075,0
1609,32.16075,466,32.16075,0
1610,32.18075,499,32.18075,0
1611,32.20075,483,32.20075,0
1612,32.22075,475,32.22075,0
1613,32.24075,515,32.24075,0
1614,32.26075,443,32.26075,0
1615,32.28075,489,32.28075,0
1616,32.30075,430,32.30075,0
1617,32.32075,419,32.32075,0
1618,32.34075,435,32.34075,0
1619,32.36075,410,32.36075,0
1620,32.38075,434,32.38075,0
1621,32.40075,371,32.40075,0
1622,32.42075,395,32.42075,0
1623,32.44075,386,32.44075,0
1624,32.46075,403,32.46075,0
1625,32.48075,397,32.48075,0
1626,32.50075,343,32.50075,0
1627,32.52075,372,32.52075,0
1628,32.54075,418,32.54075,0
1629,32.56075,401,32.56075,0
1630,32.58075,369,32.58075,0
1631,32.60075,375,32.60075,0
1632,32.62075,368,32.62075,0
1633,32.64075,392,32.64075,0
1634,32.66075,352,32.66075,0
1635,32.68075,403,32.68075,0
1636,32.70075,365,32.70075,0
1637,32.72075,378,32.72075,0
1638,32.74075,339,32.74075,0
1639,32.76075,372,32.76075,0
1640,32.78075,346,32.78075,0
1641,32.80075,337,32.80075,0
1642,32.82075,337,32.82075,0
1643,32.84075,350,32.84075,0
1644,32.86075,381,32.86075,0
1645,32.88075,330,32.88075,0
1646,32.90075,339,32.90075,0
1647,32.92075,323,32.92075,0
1648,32.94075,330,32.94075,0
1649,32.96075,358,32.96075,0
1650,32.98075,312,32.98075,0
1651,33.00075,343,33.00075,0
1652,33.02075,334,33.02075,0
1653,33.04075,329,33.04075,0
1654,33.06075,334,33.06075,0
1655,33.08075,334,33.08075,0
1656,33.10075,319,33.10075,0
1657,33.12075,341,33.12075,0
1658,33.14075,332,33.14075,0
1659,33.16075,306,33.16075,0
1660,33.18075,327,33.18075,0
1661,33.20075,300,33.20075,0
1662,33.22075,287,33.22075,0
1663,33.24075,299,33.24075,0
1664,33.26075,302,33.26075,0
1665,33.28075,331,33.28075,0
1666,33.30075,333,33.30075,0
1667,33.32075,320,33.32075,0
1668,33.34075,288,33.34075,0
1669,33.36075,268,33.36075,0
1670,33.38075,303,33.38075,0
1671,33.40075,290,33.40075,0
1672,33.42075,272,33.42075,0
1673,33.44075,273,33.44075,0
1674,33.46075,303,33.46075,0
1675,33.48075,344,33.48075,0
1676,33.50075,286,33.50075,0
1677,33.52075,250,33.52075,0
1678,33.54075,252,33.54075,0
1679,33.56075,281,33.56075,0
1680,33.58075,293,33.58075,0
1681,33.60075,270,33.60075,0
1682,33.62075,261,33.62075,0
1683,33.64075,246,33.64075,0
1684,33.66075,241,33.66075,0
1685,33.68075,258,33.68075,0
1686,33.70075,259,33.70075,0
1687,33.72075,257,33.72075,0
1688,33.74075,207,33.74075,0
1689,33.76075,227,33.76075,0
1690,33.78075,242,33.78075,0
1691,33.80075,252,33.80075,0
1692,33.82075,251,33.82075,0
1693,33.84075,252,33.84075,0
1694,33.86075,227,33.86075,0
1695,33.88075,229,33.88075,0
1696,33.90075,226,33.90075,0
1697,33.92075,231,33.92075,0
1698,33.94075,253,33.94075,0
1699,33.96075,233,33.96075,0
1700,33.98075,243,33.98075,0
1701,34.00075,232,34.00075,0
1702,34.02075,194,34.02075,0
1703,34.04075,229,34.04075,0
1704,34.06075,209,34.06075,0
1705,34.08075,216,34.08075,0
1706,34.10075,231,34.10075,0
1707,34.12075,221,34.12075,0
1708,34.14075,185,34.14075,0
1709,34.16075,197,34.16075,0
1710,34.18075,201,34.18075,0
1711,34.20075,170,34.20075,0
1712,34.22075,186,34.22075,0
1713,34.24075,214,34.24075,0
1714,34.26075,172,34.26075,0
1715,34.28075,197,34.28075,0
1716,34.30075,180,34.30075,0
1717,34.32075,188,34.32075,0
1718,34.34075,171,34.34075,0
1719,34.36075,166,34.36075,0
1720,34.38075,162,34.38075,0
1721,34.40075,164,34.40075,0
1722,34.42075,187,34.42075,0
1723,34.44075,149,34.44075,0
1724,34.46075,137,34.46075,0
1725,34.48075,165,34.48075,0
1726,34.50075,178,34.50075,0
1727,34.52075,185,34.52075,0
1728,34.54075,167,34.54075,0
1729,34.56075,133,34.56075,0
1730,34.58075,139,34.58075,0
1731,34.60075,138,34.60075,0
1732,34.62075,147,34.62075,0
1733,34.64075,143,34.64075,0
1734,34.66075,159,34.66075,0
1735,34.68075,158,34.68075,0
1736,34.70075,154,34.70075,0
1737,34.72075,129,34.72075,0
1738,34.74075,123,34.74075,0
1739,34.76075,136,34.76075,0
1740,34.78075,153,34.78075,0
1741,34.80075,130,34.80075,0
1742,34.82075,133,34.82075,0
1743,34.84075,128,34.84075,0
1744,34.86075,129,34.86075,0
1745,34.88075,112,34.88075,0
1746,34.90075,141,34.90075,0
1747,34.92075,103,34.92075,0
1748,34.94075,116,34.94075,0
1749,34.96075,107,34.96075,0
1750,34.98075,116,34.98075,0
1751,35.00075,108,35.00075,0
1752,35.02075,103,35.02075,0
1753,35.04075,119,35.04075,0
1754,35.06075,96,35.06075,0
1755,35.08075,87,35.08075,0
1756,35.10075,100,35.10075,0
1757,35.12075,98,35.12075,0
1758,35.14075,97,35.14075,0
1759,35.16075,101,35.16075,0
1760,35.18075,87,35.18075,0
1761,35.20075,94,35.20075,0
1762,35.22075,71,35.22075,0
1763,35.24075,83,35.24075,0
1764,35.26075,86,35.26075,0
1765,35.28075,82,35.28075,0
1766,35.30075,88,35.30075,0
1767,35.32075,89,35.32075,0
1768,35.34075,77,35.34075,0
1769,35.36075,66,35.36075,0
1770,35.38075,78,35.38075,0
1771,35.40075,87,35.40075,0
1772,35.42075,82,35.42075,0
1773,35.44075,83,35.44075,0
1774,35.46075,81,35.46075,0
1775,35.48075,66,35.48075,0
1776,35.50075,66,35.50075,0
1777,35.52075,55,35.52075,0
1778,35.54075,68,35.54075,0
1779,35.56075,70,35.56075,0
1780,35.58075,64,35.58075,0
1781,35.60075,62,35.60075,0
1782,35.62075,55,35.62075,0
1783,35.64075,64,35.64075,0
1784,35.66075,68,35.66075,0
1785,35.68075,74,35.68075,0
1786,35.70075,53,35.70075,0
1787,35.72075,56,35.72075,0
1788,35.74075,65,35.74075,0
1789,35.76075,47,35.76075,0
1790,35.78075,61,35.78075,0
1791,35.80075,61,35.80075,0
1792,35.82075,57,35.82075,0
1793,35.84075,56,35.84075,0
1794,35.86075,50,35.86075,0
1795,35.88075,57,35.88075,0
1796,35.90075,48,35.90075,0
1797,35.92075,54,35.92075,0
1798,35.94075,64,35.94075,0
1799,35.96075,42,35.96075,0
1800,35.98075,50,35.98075,0
1801,36.00075,40,36.00075,0
1802,36.02075,46,36.02075,0
1803,36.04075,50,36.04075,0
1804,36.06075,51,36.06075,0
1805,36.08075,50,36.08075,0
1806,36.10075,50,36.10075,0
1807,36.12075,47,36.12075,0
1808,36.14075,41,36.14075,0
1809,36.16075,46,36.16075,0
1810,36.18075,45,36.18075,0
1811,36.20075,43,36.20075,0
1812,36.22075,38,36.22075,0
1813,36.24075,47,36.24075,0
1814,36.26075,44,36.26075,0
1815,36.28075,55,36.28075,0
1816,36.30075,65,36.30075,0
1817,36.32075,56,36.32075,0
1818,36.34075,45,36.34075,0
1819,36.36075,41,36.36075,0
1820,36.38075,57,36.38075,0
1821,36.40075,48,36.40075,0
1822,36.42075,45,36.42075,0
1823,36.44075,44,36.44075,0
1824,36.46075,39,36.46075,0
1825,36.48075,32,36.48075,0
1826,36.50075,42,36.50075,0
1827,36.52075,31,36.52075,0
1828,36.54075,30,36.54075,0
1829,36.56075,30,36.56075,0
1830,36.58075,36,36.58075,0
1831,36.60075,30,36.60075,0
1832,36.62075,29,36.62075,0
1833,36.64075,25,36.64075,0
1834,36.66075,37,36.66075,0
1835,36.68075,29,36.68075,0
1836,36.70075,29,36.70075,0
1837,36.72075,25,36.72075,0
1838,36.74075,21,36.74075,0
1839,36.76075,23,36.76075,0
1840,36.78075,24,36.78075,0
1841,36.80075,28,36.80075,0
1842,36.82075,24,36.82075,0
1843,36.84075,36,36.84075,0
1844,36.86075,35,36.86075,0
1845,36.88075,32,36.88075,0
1846,36.90075,22,36.90075,0
1847,36.92075,29,36.92075,0
1848,36.94075,24,36.94075,0
1849,36.96075,25,36.96075,0
1850,36.98075,30,36.98075,0
1851,37.00075,27,37.00075,0
1852,37.02075,24,37.02075,0
1853,37.04075,32,37.04075,0
1854,37.06075,28,37.06075,0
1855,37.08075,17,37.08075,0
1856,37.10075,28,37.10075,0
1857,37.12075,21,37.12075,0
1858,37.14075,26,37.14075,0
1859,37.16075,25,37.16075,0
1860,37.18075,29,37.18075,0
1861,37.20075,23,37.20075,0
1862,37.22075,31,37.22075,0
1863,37.24075,29,37.24075,0
1864,37.26075,24,37.26075,0
1865,37.28075,19,37.28075,0
1866,37.30075,32,37.30075,0
1867,37.32075,22,37.32075,0
1868,37.34075,18,37.34075,0
1869,37.36075,26,37.36075,0
1870,37.38075,26,37.38075,0
1871,37.40075,33,37.40075,0
1872,37.42075,23,37.42075,0
1873,37.44075,18,37.44075,0
1874,37.46075,17,37.46075,0
1875,37.48075,19,37.48075,0
1876,37.50075,21,37.50075,0
1877,37.52075,14,37.52075,0
1878,37.54075,21,37.54075,0
1879,37.56075,26,37.56075,0
1880,37.58075,14,37.58075,0
1881,37.60075,25,37.60075,0
1882,37.62075,21,37.62075,0
1883,37.64075,13,37.64075,0
1884,37.66075,31,37.66075,0
1885,37.68075,21,37.68075,0
1886,37.70075,23,37.70075,0
1887,37.72075,22,37.72075,0
1888,37.74075,21,37.74075,0
1889,37.76075,15,37.76075,0
1890,37.78075,28,37.78075,0
1891,37.80075,12,37.80075,0
1892,37.82075,21,37.82075,0
1893,37.84075,20,37.84075,0
1894,37.86075,16,37.86075,0
1895,37.88075,14,37.88075,0
1896,37.90075,19,37.90075,0
1897,37.92075,20,37.92075,0
1898,37.94075,15,37.94075,0
1899,37.96075,14,37.96075,0
1900,37.98075,13,37.98075,0
1901,38.00075,20,38.00075,0
1902,38.02075,14,38.02075,0
1903,38.04075,22,38.04075,0
1904,38.06075,16,38.06075,0
1905,38.08075,15,38.08075,0
1906,38.10075,11,38.10075,0
1907,38.12075,16,38.12075,0
1908,38.14075,13,38.14075,0
1909,38.16075,12,38.16075,0
1910,38.18075,16,38.18075,0
1911,38.20075,16,38.20075,0
1912,38.22075,20,38.22075,0
1913,38.24075,15,38.24075,0
1914,38.26075,10,38.26075,0
1915,38.28075,18,38.28075,0
1916,38.30075,8,38.30075,0
1917,38.32075,14,38.32075,0
1918,38.34075,16,38.34075,0
1919,38.36075,18,38.36075,0
1920,38.38075,15,38.38075,0
1921,38.40075,14,38.40075,0
1922,38.42075,15,38.42075,0
1923,38.44075,16,38.44075,0
1924,38.46075,7,38.46075,0
1925,38.48075,18,38.48075,0
1926,38.50075,16,38.50075,0
1927,38.52075,19,38.52075,0
1928,38.54075,15,38.54075,0
1929,38.56075,13,38.56075,0
1930,38.58075,13,38.58075,0
1931,38.60075,10,38.60075,0
1932,38.62075,14,38.62075,0
1933,38.64075,18,38.64075,0
1934,38.66075,17,38.66075,0
1935,38.68075,15,38.68075,0
1936,38.70075,17,38.70075,0
1937,38.72075,17,38.72075,0
1938,38.74075,10,38.74075,0
1939,38.76075,16,38.76075,0
1940,38.78075,8,38.78075,0
1941,38.80075,15,38.80075,0
1942,38.82075,18,38.82075,0
1943,38.84075,19,38.84075,0
1944,38.86075,21,38.86075,0
1945,38.88075,7,38.88075,0
1946,38.90075,14,38.90075,0
1947,38.92075,14,38.92075,0
1948,38.94075,7,38.94075,0
1949,38.96075,22,38.96075,0
1950,38.98075,9,38.98075,0
1951,39.00075,15,39.00075,0
1952,39.02075,11,39.02075,0
1953,39.04075,13,39.04075,0
1954,39.06075,11,39.06075,0
1955,39.08075,9,39.08075,0
1956,39.10075,19,39.10075,0
1957,39.12075,8,39.12075,0
1958,39.14075,18,39.14075,0
1959,39.16075,9,39.16075,0
1960,39.18075,14,39.18075,0
1961,39.20075,10,39.20075,0
1962,39.22075,19,39.22075,0
1963,39.24075,22,39.24075,0
1964,39.26075,12,39.26075,0
1965,39.28075,13,39.28075,0
1966,39.30075,11,39.30075,0
1967,39.32075,10,39.32075,0
1968,39.34075,12,39.34075,0
1969,39.36075,8,39.36075,0
1970,39.38075,4,39.38075,0
1971,39.40075,8,39.40075,0
1972,39.42075,5,39.42075,0
1973,39.44075,9,39.44075,0
1974,39.46075,10,39.46075,0
1975,39.48075,13,39.48075,0
1976,39.50075,10,39.50075,0
1977,39.52075,11,39.52075,0
1978,39.54075,9,39.54075,0
1979,39.56075,11,39.56075,0
1980,39.58075,3,39.58075,0
1981,39.60075,8,39.60075,0
1982,39.62075,8,39.62075,0
1983,39.64075,17,39.64075,0
1984,39.66075,10,39.66075,0
1985,39.68075,9,39.68075,0
1986,39.70075,11,39.70075,0
1987,39.72075,9,39.72075,0
1988,39.74075,9,39.74075,0
1989,39.76075,9,39.76075,0
1990,39.78075,11,39.78075,0
1991,39.80075,7,39.80075,0
1992,39.82075,10,39.82075,0
1993,39.84075,9,39.84075,0
1994,39.86075,16,39.86075,0
1995,39.88075,10,39.88075,0
1996,39.90075,11,39.90075,0
1997,39.92075,6,39.92075,0
1998,39.94075,4,39.94075,0
1999,39.96075,11,39.96075,0
2000,39.98075,7,39.98075,0
2001,40.00075,8,40.00075,0
2002,40.02075,15,40.02075,0
2003,40.04075,8,40.04075,0
2004,40.06075,12,40.06075,0
2005,40.08075,9,40.08075,0
2006,40.10075,6,40.10075,0
2007,40.12075,7,40.12075,0
2008,40.14075,8,40.14075,0
2009,40.16075,10,40.16075,0
2010,40.18075,7,40.18075,0
2011,40.20075,6,40.20075,0
2012,40.22075,6,40.22075,0
2013,40.24075,10,40.24075,0
2014,40.26075,13,40.26075,0
2015,40.28075,11,40.28075,0
2016,40.30075,3,40.30075,0
2017,40.32075,8,40.32075,0
2018,40.34075,8,40.34075,0
2019,40.36075,5,40.36075,0
2020,40.38075,5,40.38075,0
2021,40.40075,10,40.40075,0
2022,40.42075,9,40.42075,0
2023,40.44075,6,40.44075,0
2024,40.46075,4,40.46075,0
2025,40.48075,8,40.48075,0
2026,40.50075,6,40.50075,0
2027,40.52075,7,40.52075,0
2028,40.54075,10,40.54075,0
2029,40.56075,13,40.56075,0
2030,40.58075,12,40.58075,0
2031,40.60075,9,40.60075,0
2032,40.62075,9,40.62075,0
2033,40.64075,9,40.64075,0
2034,40.66075,6,40.66075,0
2035,40.68075,11,40.68075,0
2036,40.70075,7,40.70075,0
2037,40.72075,10,40.72075,0
2038,40.74075,7,40.74075,0
2039,40.76075,14,40.76075,0
2040,40.78075,8,40.78075,0
2041,40.80075,11,40.80075,0
2042,40.82075,9,40.82075,0
2043,40.84075,8,40.84075,0
2044,40.86075,7,40.86075,0
2045,40.88075,5,40.88075,0
2046,40.90075,8,40.90075,0
2047,40.92075,11,40.92075,0
2048,40.94075,7,40.94075,0
