Bruker AXS HMP Instrument Tools Complete CSV
FileName,C:\MeinZeugs\Uni\Publikationen\2025\MeIn pXRF\DAQ\Device_monitoring_sample_element_precision_Schauer\data_raw\Example_Drift\03390-Mudrock Dual.pdz
SerialString,SG2-6390
TubeTargetElement,45
NumberOfSpectra,2
SampleID,
AcquisitionDateTime,1/1/2006 12:07:16 PM
TotalElapsedTimeInSeconds,120
AnodeTakeOffAngle,45
SampleIncidenceAngle,45
BeThicknessInMicroMeters,125
SampleTakeOffAngle,65
SpotSizeUsed,8
NumberOfUserCustomFields,5
UserCustomFieldHeader,FieldName,FieldValue
UserCustomField,Operator,Supervisor
UserCustomField,Material,Standard
UserCustomField,ID,
UserCustomField,Probe,SdAR-M2
UserCustomField,Projekt,Brennexperiment
AnalysisMode,32
AnalysisType,1
UsedAutoCalSelect,False
ResultUnits,PPM
ErrorMultiplier,2
CalFileName,MudrockDual
CalPackageName,
CalPackagePartNumber,
TypeStandardizationSetName,
NumberOfElementsInCalculatedResults,27
CalculatedResults:AtomicNum,ElementSymbol,Units,Value,TypeStandardizedValue,Error,RangeMin,RangeMax,Tramp,Nominal
12,Mg,PPM,0.2902957,0.2902957,0.04992504,0,0,False,False
13,Al,PPM,5.008979,5.008979,0.03186215,0,0,False,False
14,Si,PPM,26.15837,26.15837,0.04350518,0,0,False,False
15,P,PPM,0.02824909,0.02824909,0.003023483,0,0,False,False
16,S,PPM,0.2119708,0.2119708,0.002824051,0,0,False,False
19,K,PPM,3.693857,3.693857,0.006738088,0,0,False,False
20,Ca,PPM,0.6925648,0.6925648,0.002381671,0,0,False,False
22,Ti,PPM,0.155708,0.155708,0.001143457,0,0,False,False
23,V,PPM,0.007048557,0.007048557,0.0005875842,0,0,False,False
24,Cr,PPM,0.003704449,0.003704449,0.0003495719,0,0,False,False
25,Mn,PPM,0.092781,0.092781,0.0006177592,0,0,False,False
26,Fe,PPM,1.909062,1.909062,0.002659878,0,0,False,False
27,Co,PPM,0.0001157074,0.0001157074,6.805427E-05,0,0,False,False
28,Ni,PPM,0.005100986,0.005100986,0.0001722117,0,0,False,False
29,Cu,PPM,0.0285093,0.0285093,0.0002946505,0,0,False,False
30,Zn,PPM,0.09044915,0.09044915,0.0004137624,0,0,False,False
33,As,PPM,0.04100074,0.04100074,0.000246182,0,0,False,False
37,Rb,PPM,0.0155836,0.0155836,0.0001217226,0,0,False,False
38,Sr,PPM,0.01511474,0.01511474,0.0001222686,0,0,False,False
39,Y,PPM,0.00555683,0.00555683,0.0001177456,0,0,False,False
40,Zr,PPM,0.0227404,0.0227404,0.0001342288,0,0,False,False
41,Nb,PPM,0.002198397,0.002198397,0.000103482,0,0,False,False
42,Mo,PPM,0.002511442,0.002511442,0.0001130531,0,0,False,False
56,Ba,PPM,0.1308611,0.1308611,0.007908714,0,0,False,False
82,Pb,PPM,0.047071,0.047071,0.0002476988,0,0,False,False
90,Th,PPM,0.001692899,0.001692899,2.706949E-05,0,0,False,False
92,U,PPM,0.0004346053,0.0004346053,0.0002565625,0,0,False,False
MatchSpreadThreshold,0.05
IsTrampEnabled,False
IsNominalEnabled,False
NumberOfGradeIDMatchResults,3
GradeIDMatchResultsHeader,GradeID,MatchConfidence
GradeIDMatchResult,,0
GradeIDMatchResult,,0
GradeIDMatchResult,,0
ParametersForEachSpectrum,Spectrum 1,,Spectrum 2,
XrayVoltageInkV,40,,15,
XrayFilamentCurrentInMicroAmps,38.85,,27.9,
RawCounts,3470122,,3490212,
ValidCounts,2866943,,3026300,
eVPerChannel,20,,20,
StartingKeV,0.0007781677,,0.0007781677,
ZeroOffsetInKeV,-0.0007781677,,-0.0007781677,
StartingChannel,0.03890839,,0.03890839,
NumberOfChannels,2048,,2048,
CountsPerSecond,69761,,64122.93,
XilinxFirmwareVersion,,,,
IlluminationID,MudRock Trace40,,MudRock Maj15,
Filter1ElementAtomicNum,22,,0,
Filter1Thickness,25,,0,
Filter2ElementAtomicNum,13,,0,
Filter2Thickness,300,,0,
Filter3ElementAtomicNum,0,,0,
Filter3Thickness,0,,0,
AcquisitionDateTime,1/1/2006 12:07:16 PM,,1/1/2006 12:07:16 PM,
LiveTimeInSeconds,41.769,,46.69499,
DeadTimeInSeconds,7.973997,,7.735001,
ResetTimeInSeconds,6.610003,,1.878,
DetectorTempInC,-27,,-27,
AmbientTempInF,112.7,,112.7,
NosePressureInMilliBars,1006,,1006,
NoseTemperatureInC,37,,37,
ActiveTimeInSeconds,49.74301,,54.43001,
PacketTimeInSeconds,56.35301,,56.30801,
CommunicationTimeInSeconds,,,,
ElapsedClockTimeInSeconds,60,,60,
Spectrum:ChannelNumber,ChannelStartInKeV,ChannelCount,ChannelStartInKeV,ChannelCount
1,0.0007781677,0,0.0007781677,0
2,0.02077817,0,0.02077817,0
3,0.04077817,0,0.04077817,0
4,0.06077817,0,0.06077817,0
5,0.08077817,0,0.08077817,0
6,0.1007782,0,0.1007782,0
7,0.1207782,0,0.1207782,0
8,0.1407782,0,0.1407782,0
9,0.1607782,0,0.1607782,0
10,0.1807782,0,0.1807782,0
11,0.2007782,0,0.2007782,0
12,0.2207782,0,0.2207782,0
13,0.2407782,0,0.2407782,0
14,0.2607782,0,0.2607782,0
15,0.2807782,5,0.2807782,6
16,0.3007782,105,0.3007782,86
17,0.3207782,595,0.3207782,587
18,0.3407782,2603,0.3407782,2826
19,0.3607782,6925,0.3607782,7452
20,0.3807782,10860,0.3807782,12488
21,0.4007782,10581,0.4007782,12188
22,0.4207782,6458,0.4207782,7215
23,0.4407782,2448,0.4407782,2613
24,0.4607782,593,0.4607782,599
25,0.4807782,118,0.4807782,78
26,0.5007781,10,0.5007781,9
27,0.5207782,5,0.5207782,3
28,0.5407782,5,0.5407782,0
29,0.5607781,0,0.5607781,1
30,0.5807782,3,0.5807782,3
31,0.6007782,7,0.6007782,0
32,0.6207781,2,0.6207781,3
33,0.6407782,5,0.6407782,0
34,0.6607782,5,0.6607782,1
35,0.6807781,613,0.6807781,85
36,0.7007782,676,0.7007782,86
37,0.7207782,688,0.7207782,79
38,0.7407781,720,0.7407781,61
39,0.7607782,689,0.7607782,81
40,0.7807782,642,0.7807782,74
41,0.8007782,686,0.8007782,80
42,0.8207782,642,0.8207782,91
43,0.8407782,633,0.8407782,91
44,0.8607782,585,0.8607782,95
45,0.8807782,631,0.8807782,148
46,0.9007782,637,0.9007782,175
47,0.9207782,610,0.9207782,236
48,0.9407782,608,0.9407782,267
49,0.9607782,604,0.9607782,254
50,0.9807782,573,0.9807782,251
51,1.000778,562,1.000778,159
52,1.020778,588,1.020778,140
53,1.040778,617,1.040778,175
54,1.060778,597,1.060778,179
55,1.080778,595,1.080778,181
56,1.100778,571,1.100778,174
57,1.120778,588,1.120778,187
58,1.140778,540,1.140778,174
59,1.160778,576,1.160778,159
60,1.180778,586,1.180778,228
61,1.200778,534,1.200778,226
62,1.220778,529,1.220778,236
63,1.240778,540,1.240778,226
64,1.260778,578,1.260778,212
65,1.280778,537,1.280778,195
66,1.300778,561,1.300778,155
67,1.320778,557,1.320778,153
68,1.340778,515,1.340778,174
69,1.360778,600,1.360778,203
70,1.380778,517,1.380778,390
71,1.400778,493,1.400778,915
72,1.420778,556,1.420778,2271
73,1.440778,579,1.440778,4445
74,1.460778,613,1.460778,6612
75,1.480778,703,1.480778,7559
76,1.500778,650,1.500778,6858
77,1.520778,615,1.520778,5082
78,1.540778,613,1.540778,3361
79,1.560778,530,1.560778,2324
80,1.580778,525,1.580778,1676
81,1.600778,502,1.600778,1442
82,1.620778,496,1.620778,2421
83,1.640778,528,1.640778,6506
84,1.660778,672,1.660778,17846
85,1.680778,941,1.680778,40106
86,1.700778,1366,1.700778,70965
87,1.720778,1631,1.720778,96692
88,1.740778,1751,1.740778,102484
89,1.760778,1483,1.760778,82739
90,1.780778,1124,1.780778,54168
91,1.800778,812,1.800778,28924
92,1.820778,584,1.820778,14428
93,1.840778,560,1.840778,7342
94,1.860778,479,1.860778,4109
95,1.880778,452,1.880778,2189
96,1.900778,433,1.900778,1257
97,1.920778,458,1.920778,699
98,1.940778,416,1.940778,468
99,1.960778,427,1.960778,426
100,1.980778,404,1.980778,419
101,2.000778,391,2.000778,457
102,2.020778,387,2.020778,489
103,2.040778,402,2.040778,357
104,2.060778,380,2.060778,341
105,2.080778,372,2.080778,252
106,2.100778,387,2.100778,265
107,2.120778,400,2.120778,262
108,2.140778,367,2.140778,269
109,2.160778,354,2.160778,273
110,2.180778,349,2.180778,318
111,2.200778,361,2.200778,362
112,2.220778,342,2.220778,485
113,2.240778,395,2.240778,761
114,2.260778,371,2.260778,1085
115,2.280778,368,2.280778,1492
116,2.300778,382,2.300778,1862
117,2.320778,338,2.320778,1915
118,2.340778,375,2.340778,1832
119,2.360778,370,2.360778,1612
120,2.380778,378,2.380778,1351
121,2.400778,333,2.400778,1222
122,2.420778,339,2.420778,1055
123,2.440778,373,2.440778,951
124,2.460778,310,2.460778,914
125,2.480778,345,2.480778,808
126,2.500778,353,2.500778,819
127,2.520778,316,2.520778,718
128,2.540778,349,2.540778,857
129,2.560778,296,2.560778,950
130,2.580778,274,2.580778,1444
131,2.600778,298,2.600778,2471
132,2.620778,278,2.620778,4260
133,2.640778,275,2.640778,6752
134,2.660778,270,2.660778,9550
135,2.680778,267,2.680778,11732
136,2.700778,292,2.700778,12093
137,2.720778,268,2.720778,10541
138,2.740778,244,2.740778,8059
139,2.760778,267,2.760778,6353
140,2.780778,274,2.780778,5576
141,2.800778,268,2.800778,5903
142,2.820778,268,2.820778,6799
143,2.840778,278,2.840778,6950
144,2.860778,296,2.860778,6637
145,2.880778,352,2.880778,6525
146,2.900778,382,2.900778,6851
147,2.920778,470,2.920778,7931
148,2.940778,471,2.940778,8613
149,2.960778,493,2.960778,8421
150,2.980778,426,2.980778,7337
151,3.000778,374,3.000778,5659
152,3.020778,321,3.020778,3845
153,3.040778,242,3.040778,2441
154,3.060778,236,3.060778,1597
155,3.080778,245,3.080778,1302
156,3.100778,221,3.100778,1201
157,3.120778,217,3.120778,1328
158,3.140778,259,3.140778,1580
159,3.160778,282,3.160778,2024
160,3.180778,308,3.180778,2856
161,3.200778,586,3.200778,5611
162,3.220778,1087,3.220778,11448
163,3.240778,1975,3.240778,22376
164,3.260778,3101,3.260778,37686
165,3.280778,4226,3.280778,54737
166,3.300778,5107,3.300778,65765
167,3.320778,5025,3.320778,66348
168,3.340778,4335,3.340778,56011
169,3.360778,3087,3.360778,39883
170,3.380778,1912,3.380778,23915
171,3.400778,1065,3.400778,12188
172,3.420778,613,3.420778,5742
173,3.440778,364,3.440778,2753
174,3.460778,275,3.460778,1932
175,3.480778,257,3.480778,1899
176,3.500778,324,3.500778,2962
177,3.520778,484,3.520778,4390
178,3.540778,613,3.540778,6547
179,3.560778,796,3.560778,8925
180,3.580778,941,3.580778,10507
181,3.600778,1074,3.600778,11895
182,3.620778,1214,3.620778,12598
183,3.640778,1291,3.640778,13646
184,3.660778,1446,3.660778,14635
185,3.680778,1438,3.680778,14586
186,3.700778,1283,3.700778,13663
187,3.720778,1143,3.720778,11148
188,3.740778,823,3.740778,7977
189,3.760778,523,3.760778,5055
190,3.780778,355,3.780778,2901
191,3.800778,218,3.800778,1692
192,3.820778,152,3.820778,1149
193,3.840778,112,3.840778,898
194,3.860778,129,3.860778,875
195,3.880778,117,3.880778,936
196,3.900778,153,3.900778,1065
197,3.920778,155,3.920778,1283
198,3.940778,189,3.940778,1527
199,3.960778,214,3.960778,2018
200,3.980778,279,3.980778,2290
201,4.000778,266,4.000778,2607
202,4.020778,267,4.020778,2682
203,4.040778,257,4.040778,2356
204,4.060778,238,4.060778,2022
205,4.080778,168,4.080778,1686
206,4.100778,127,4.100778,1228
207,4.120778,121,4.120778,1102
208,4.140778,98,4.140778,959
209,4.160778,90,4.160778,999
210,4.180778,90,4.180778,941
211,4.200778,91,4.200778,913
212,4.220778,103,4.220778,907
213,4.240778,84,4.240778,959
214,4.260778,77,4.260778,957
215,4.280778,87,4.280778,926
216,4.300778,72,4.300778,988
217,4.320778,87,4.320778,1011
218,4.340778,99,4.340778,1133
219,4.360778,121,4.360778,1333
220,4.380778,199,4.380778,1674
221,4.400778,286,4.400778,2306
222,4.420778,469,4.420778,3365
223,4.440778,736,4.440778,4667
224,4.460778,955,4.460778,6061
225,4.480778,1080,4.480778,7164
226,4.500778,1254,4.500778,7708
227,4.520778,1111,4.520778,7267
228,4.540778,971,4.540778,6140
229,4.560778,782,4.560778,4672
230,4.580778,558,4.580778,3510
231,4.600778,456,4.600778,2549
232,4.620778,315,4.620778,1972
233,4.640778,304,4.640778,1875
234,4.660778,317,4.660778,1677
235,4.680778,261,4.680778,1549
236,4.700778,199,4.700778,1564
237,4.720778,156,4.720778,1521
238,4.740778,165,4.740778,1553
239,4.760778,173,4.760778,1695
240,4.780778,247,4.780778,1800
241,4.800778,273,4.800778,1981
242,4.820778,272,4.820778,2222
243,4.840778,294,4.840778,2387
244,4.860778,318,4.860778,2476
245,4.880778,357,4.880778,2623
246,4.900778,381,4.900778,2675
247,4.920778,337,4.920778,2597
248,4.940778,344,4.940778,2591
249,4.960778,276,4.960778,2463
250,4.980778,223,4.980778,2389
251,5.000778,164,5.000778,2228
252,5.020778,151,5.020778,2025
253,5.040778,107,5.040778,1973
254,5.060778,88,5.060778,1862
255,5.080778,88,5.080778,1926
256,5.100778,114,5.100778,1941
257,5.120778,120,5.120778,1983
258,5.140778,99,5.140778,1873
259,5.160778,98,5.160778,1983
260,5.180778,125,5.180778,1998
261,5.200778,109,5.200778,1925
262,5.220778,148,5.220778,2000
263,5.240778,152,5.240778,1963
264,5.260778,128,5.260778,2004
265,5.280778,118,5.280778,1900
266,5.300778,130,5.300778,1968
267,5.320778,124,5.320778,1954
268,5.340778,133,5.340778,2006
269,5.360778,135,5.360778,2021
270,5.380778,146,5.380778,2107
271,5.400778,144,5.400778,2091
272,5.420778,146,5.420778,2120
273,5.440778,137,5.440778,2129
274,5.460778,120,5.460778,2122
275,5.480778,129,5.480778,2149
276,5.500778,122,5.500778,2019
277,5.520778,105,5.520778,2114
278,5.540778,114,5.540778,2035
279,5.560778,101,5.560778,2078
280,5.580778,76,5.580778,1991
281,5.600778,87,5.600778,1959
282,5.620778,71,5.620778,1967
283,5.640778,84,5.640778,1957
284,5.660778,88,5.660778,1966
285,5.680778,97,5.680778,1916
286,5.700778,91,5.700778,2022
287,5.720778,122,5.720778,2082
288,5.740778,165,5.740778,2182
289,5.760778,274,5.760778,2404
290,5.780778,440,5.780778,2787
291,5.800778,666,5.800778,3407
292,5.820778,1003,5.820778,4380
293,5.840778,1452,5.840778,5533
294,5.860778,1792,5.860778,6488
295,5.880778,2018,5.880778,7170
296,5.900778,1948,5.900778,7158
297,5.920778,1837,5.920778,6599
298,5.940778,1423,5.940778,5683
299,5.960778,1071,5.960778,4598
300,5.980778,674,5.980778,3610
301,6.000778,396,6.000778,2992
302,6.020778,271,6.020778,2468
303,6.040778,201,6.040778,2209
304,6.060778,127,6.060778,2074
305,6.080778,140,6.080778,2105
306,6.100778,140,6.100778,2132
307,6.120778,147,6.120778,2087
308,6.140778,186,6.140778,2168
309,6.160778,200,6.160778,2231
310,6.180778,281,6.180778,2281
311,6.200778,515,6.200778,2669
312,6.220778,938,6.220778,3597
313,6.240778,2031,6.240778,5457
314,6.260778,4100,6.260778,9390
315,6.280778,7988,6.280778,16209
316,6.300778,13998,6.300778,27516
317,6.320778,22195,6.320778,43802
318,6.340778,31791,6.340778,62284
319,6.360778,41188,6.360778,79387
320,6.380778,46758,6.380778,91914
321,6.400778,48719,6.400778,93858
322,6.420778,44443,6.420778,87299
323,6.440778,36717,6.440778,71890
324,6.460778,27119,6.460778,54136
325,6.480778,18005,6.480778,36578
326,6.500778,10881,6.500778,22308
327,6.520778,6045,6.520778,13228
328,6.540778,3054,6.540778,7397
329,6.560778,1513,6.560778,4476
330,6.580778,761,6.580778,3170
331,6.600778,378,6.600778,2429
332,6.620778,270,6.620778,2105
333,6.640778,197,6.640778,1994
334,6.660778,183,6.660778,1992
335,6.680778,172,6.680778,1890
336,6.700778,163,6.700778,1959
337,6.720778,159,6.720778,1964
338,6.740778,169,6.740778,1857
339,6.760778,165,6.760778,1986
340,6.780778,186,6.780778,1970
341,6.800778,204,6.800778,1960
342,6.820778,235,6.820778,2101
343,6.840778,289,6.840778,2236
344,6.860778,392,6.860778,2336
345,6.880778,534,6.880778,2663
346,6.900778,834,6.900778,3131
347,6.920778,1324,6.920778,3835
348,6.940778,2038,6.940778,5095
349,6.960778,3117,6.960778,7213
350,6.980778,4504,6.980778,9311
351,7.000778,5827,7.000778,11874
352,7.020778,7187,7.020778,14393
353,7.040778,7877,7.040778,15377
354,7.060778,7838,7.060778,15507
355,7.080778,7200,7.080778,14019
356,7.100778,5747,7.100778,11840
357,7.120778,4303,7.120778,9257
358,7.140778,2868,7.140778,6547
359,7.160778,1891,7.160778,4663
360,7.180778,1100,7.180778,3391
361,7.200778,580,7.200778,2540
362,7.220778,284,7.220778,2089
363,7.240778,189,7.240778,2048
364,7.260778,129,7.260778,1892
365,7.280778,77,7.280778,1832
366,7.300778,69,7.300778,1856
367,7.320778,67,7.320778,1953
368,7.340778,89,7.340778,2013
369,7.360778,141,7.360778,2043
370,7.380778,169,7.380778,2337
371,7.400778,206,7.400778,2549
372,7.420778,242,7.420778,2806
373,7.440778,311,7.440778,2919
374,7.460778,299,7.460778,3216
375,7.480778,337,7.480778,3026
376,7.500778,278,7.500778,2863
377,7.520778,252,7.520778,2621
378,7.540778,208,7.540778,2364
379,7.560778,150,7.560778,2018
380,7.580778,120,7.580778,1914
381,7.600778,100,7.600778,1762
382,7.620778,88,7.620778,1644
383,7.640778,58,7.640778,1592
384,7.660778,73,7.660778,1621
385,7.680778,70,7.680778,1593
386,7.700778,68,7.700778,1613
387,7.720778,63,7.720778,1619
388,7.740778,77,7.740778,1561
389,7.760778,83,7.760778,1650
390,7.780778,76,7.780778,1598
391,7.800778,83,7.800778,1638
392,7.820778,88,7.820778,1674
393,7.840778,123,7.840778,1530
394,7.860778,150,7.860778,1630
395,7.880778,196,7.880778,1758
396,7.900778,290,7.900778,1725
397,7.920778,468,7.920778,1885
398,7.940778,678,7.940778,1940
399,7.960778,936,7.960778,2210
400,7.980778,1300,7.980778,2389
401,8.000778,1506,8.000778,2578
402,8.020778,1704,8.020778,2719
403,8.040778,1781,8.040778,2737
404,8.060779,1630,8.060779,2802
405,8.080778,1414,8.080778,2740
406,8.100779,1076,8.100779,2480
407,8.120778,835,8.120778,2396
408,8.140779,608,8.140779,2251
409,8.160778,342,8.160778,2073
410,8.180779,246,8.180779,1985
411,8.200778,192,8.200778,1985
412,8.220778,145,8.220778,1966
413,8.240778,142,8.240778,1864
414,8.260778,114,8.260778,1895
415,8.280778,134,8.280778,1800
416,8.300778,144,8.300778,1793
417,8.320778,137,8.320778,1764
418,8.340778,131,8.340778,1701
419,8.360778,129,8.360778,1666
420,8.380778,132,8.380778,1610
421,8.400778,166,8.400778,1599
422,8.420778,211,8.420778,1685
423,8.440778,302,8.440778,1617
424,8.460778,481,8.460778,1720
425,8.480778,821,8.480778,1865
426,8.500778,1462,8.500778,2247
427,8.520778,2210,8.520778,2626
428,8.540778,3391,8.540778,3026
429,8.560779,4467,8.560779,3591
430,8.580778,5616,8.580778,4191
431,8.600779,6654,8.600779,4724
432,8.620778,7123,8.620778,4797
433,8.640779,6864,8.640779,4751
434,8.660778,6081,8.660778,4597
435,8.680779,5083,8.680779,3988
436,8.700778,3787,8.700778,3402
437,8.720778,2764,8.720778,2911
438,8.740778,1817,8.740778,2471
439,8.760778,1130,8.760778,2116
440,8.780778,705,8.780778,2010
441,8.800778,492,8.800778,1906
442,8.820778,375,8.820778,1822
443,8.840778,378,8.840778,1791
444,8.860778,387,8.860778,1751
445,8.880778,405,8.880778,1809
446,8.900778,445,8.900778,1773
447,8.920778,366,8.920778,1760
448,8.940778,358,8.940778,1693
449,8.960778,294,8.960778,1703
450,8.980778,266,8.980778,1722
451,9.000778,260,9.000778,1704
452,9.020778,225,9.020778,1772
453,9.040778,212,9.040778,1623
454,9.060779,230,9.060779,1608
455,9.080778,268,9.080778,1655
456,9.100779,310,9.100779,1698
457,9.120778,383,9.120778,1725
458,9.140779,449,9.140779,1756
459,9.160778,482,9.160778,1675
460,9.180779,586,9.180779,1672
461,9.200778,590,9.200778,1777
462,9.220778,551,9.220778,1759
463,9.240778,508,9.240778,1724
464,9.260778,491,9.260778,1773
465,9.280778,426,9.280778,1636
466,9.300778,378,9.300778,1598
467,9.320778,332,9.320778,1736
468,9.340778,297,9.340778,1657
469,9.360778,265,9.360778,1667
470,9.380778,263,9.380778,1622
471,9.400778,264,9.400778,1641
472,9.420778,360,9.420778,1615
473,9.440778,452,9.440778,1698
474,9.460778,632,9.460778,1744
475,9.480778,781,9.480778,1881
476,9.500778,909,9.500778,1949
477,9.520778,1156,9.520778,2096
478,9.540778,1240,9.540778,2047
479,9.560779,1253,9.560779,2148
480,9.580778,1245,9.580778,2205
481,9.600779,1148,9.600779,2109
482,9.620778,1059,9.620778,2065
483,9.640779,802,9.640779,1968
484,9.660778,673,9.660778,1865
485,9.680779,493,9.680779,1779
486,9.700778,412,9.700778,1817
487,9.720778,343,9.720778,1787
488,9.740778,307,9.740778,1752
489,9.760778,230,9.760778,1701
490,9.780778,222,9.780778,1712
491,9.800778,258,9.800778,1625
492,9.820778,239,9.820778,1581
493,9.840778,220,9.840778,1549
494,9.860778,270,9.860778,1623
495,9.880778,226,9.880778,1541
496,9.900778,249,9.900778,1577
497,9.920778,252,9.920778,1623
498,9.940778,242,9.940778,1612
499,9.960778,240,9.960778,1570
500,9.980778,288,9.980778,1550
501,10.00078,261,10.00078,1650
502,10.02078,252,10.02078,1560
503,10.04078,262,10.04078,1554
504,10.06078,268,10.06078,1519
505,10.08078,278,10.08078,1608
506,10.10078,266,10.10078,1539
507,10.12078,283,10.12078,1595
508,10.14078,336,10.14078,1573
509,10.16078,313,10.16078,1515
510,10.18078,360,10.18078,1568
511,10.20078,323,10.20078,1621
512,10.22078,353,10.22078,1528
513,10.24078,372,10.24078,1511
514,10.26078,341,10.26078,1520
515,10.28078,454,10.28078,1553
516,10.30078,562,10.30078,1575
517,10.32078,635,10.32078,1491
518,10.34078,831,10.34078,1535
519,10.36078,1168,10.36078,1556
520,10.38078,1567,10.38078,1626
521,10.40078,2100,10.40078,1617
522,10.42078,2947,10.42078,1678
523,10.44078,3768,10.44078,1728
524,10.46078,4924,10.46078,1693
525,10.48078,5971,10.48078,1703
526,10.50078,6906,10.50078,1798
527,10.52078,7473,10.52078,1741
528,10.54078,7651,10.54078,1795
529,10.56078,7412,10.56078,1890
530,10.58078,6642,10.58078,1724
531,10.60078,5491,10.60078,1631
532,10.62078,4484,10.62078,1597
533,10.64078,3415,10.64078,1511
534,10.66078,2476,10.66078,1529
535,10.68078,1698,10.68078,1387
536,10.70078,1186,10.70078,1361
537,10.72078,922,10.72078,1391
538,10.74078,647,10.74078,1377
539,10.76078,551,10.76078,1389
540,10.78078,514,10.78078,1343
541,10.80078,489,10.80078,1335
542,10.82078,438,10.82078,1355
543,10.84078,457,10.84078,1370
544,10.86078,466,10.86078,1368
545,10.88078,455,10.88078,1302
546,10.90078,435,10.90078,1342
547,10.92078,499,10.92078,1403
548,10.94078,476,10.94078,1269
549,10.96078,487,10.96078,1294
550,10.98078,439,10.98078,1309
551,11.00078,467,11.00078,1271
552,11.02078,450,11.02078,1322
553,11.04078,488,11.04078,1313
554,11.06078,515,11.06078,1272
555,11.08078,506,11.08078,1212
556,11.10078,530,11.10078,1276
557,11.12078,521,11.12078,1191
558,11.14078,553,11.14078,1241
559,11.16078,553,11.16078,1199
560,11.18078,568,11.18078,1214
561,11.20078,591,11.20078,1221
562,11.22078,608,11.22078,1260
563,11.24078,663,11.24078,1179
564,11.26078,611,11.26078,1268
565,11.28078,635,11.28078,1202
566,11.30078,661,11.30078,1192
567,11.32078,671,11.32078,1214
568,11.34078,705,11.34078,1141
569,11.36078,711,11.36078,1155
570,11.38078,670,11.38078,1182
571,11.40078,757,11.40078,1178
572,11.42078,653,11.42078,1128
573,11.44078,602,11.44078,1128
574,11.46078,635,11.46078,1167
575,11.48078,634,11.48078,1107
576,11.50078,611,11.50078,1128
577,11.52078,614,11.52078,1106
578,11.54078,674,11.54078,1128
579,11.56078,655,11.56078,1139
580,11.58078,649,11.58078,1094
581,11.60078,679,11.60078,1157
582,11.62078,769,11.62078,1154
583,11.64078,800,11.64078,1093
584,11.66078,791,11.66078,1063
585,11.68078,836,11.68078,1105
586,11.70078,902,11.70078,1038
587,11.72078,834,11.72078,1096
588,11.74078,840,11.74078,1089
589,11.76078,848,11.76078,1052
590,11.78078,825,11.78078,1065
591,11.80078,795,11.80078,1029
592,11.82078,794,11.82078,1045
593,11.84078,803,11.84078,1055
594,11.86078,714,11.86078,1038
595,11.88078,793,11.88078,993
596,11.90078,786,11.90078,973
597,11.92078,745,11.92078,972
598,11.94078,720,11.94078,1026
599,11.96078,789,11.96078,989
600,11.98078,802,11.98078,930
601,12.00078,779,12.00078,982
602,12.02078,825,12.02078,943
603,12.04078,829,12.04078,981
604,12.06078,827,12.06078,999
605,12.08078,845,12.08078,954
606,12.10078,934,12.10078,917
607,12.12078,899,12.12078,959
608,12.14078,971,12.14078,880
609,12.16078,982,12.16078,864
610,12.18078,1032,12.18078,870
611,12.20078,1066,12.20078,899
612,12.22078,1095,12.22078,914
613,12.24078,1199,12.24078,850
614,12.26078,1173,12.26078,846
615,12.28078,1224,12.28078,872
616,12.30078,1182,12.30078,869
617,12.32078,1239,12.32078,906
618,12.34078,1239,12.34078,829
619,12.36078,1201,12.36078,866
620,12.38078,1198,12.38078,807
621,12.40078,1348,12.40078,852
622,12.42078,1399,12.42078,831
623,12.44078,1711,12.44078,878
624,12.46078,2090,12.46078,789
625,12.48078,2847,12.48078,824
626,12.50078,3501,12.50078,873
627,12.52078,4255,12.52078,786
628,12.54078,5109,12.54078,847
629,12.56078,6034,12.56078,867
630,12.58078,6517,12.58078,791
631,12.60078,6761,12.60078,855
632,12.62078,6661,12.62078,820
633,12.64078,6220,12.64078,799
634,12.66078,5779,12.66078,789
635,12.68078,4838,12.68078,819
636,12.70078,4246,12.70078,789
637,12.72078,3420,12.72078,758
638,12.74078,2866,12.74078,801
639,12.76078,2354,12.76078,852
640,12.78078,2058,12.78078,823
641,12.80078,1834,12.80078,859
642,12.82078,1628,12.82078,823
643,12.84078,1531,12.84078,809
644,12.86078,1464,12.86078,742
645,12.88078,1451,12.88078,787
646,12.90078,1372,12.90078,692
647,12.92078,1412,12.92078,636
648,12.94078,1395,12.94078,651
649,12.96078,1367,12.96078,640
650,12.98078,1401,12.98078,620
651,13.00078,1340,13.00078,627
652,13.02078,1388,13.02078,594
653,13.04078,1295,13.04078,604
654,13.06078,1298,13.06078,618
655,13.08078,1275,13.08078,656
656,13.10078,1197,13.10078,564
657,13.12078,1298,13.12078,582
658,13.14078,1298,13.14078,590
659,13.16078,1373,13.16078,537
660,13.18078,1505,13.18078,616
661,13.20078,1729,13.20078,565
662,13.22078,2072,13.22078,529
663,13.24078,2350,13.24078,528
664,13.26078,2884,13.26078,510
665,13.28078,3417,13.28078,536
666,13.30078,3803,13.30078,484
667,13.32078,4192,13.32078,494
668,13.34078,4467,13.34078,513
669,13.36078,4661,13.36078,516
670,13.38078,4546,13.38078,523
671,13.40078,4354,13.40078,509
672,13.42078,4018,13.42078,532
673,13.44078,3439,13.44078,571
674,13.46078,3029,13.46078,462
675,13.48078,2584,13.48078,529
676,13.50078,2198,13.50078,486
677,13.52078,1917,13.52078,473
678,13.54078,1582,13.54078,468
679,13.56078,1477,13.56078,416
680,13.58078,1408,13.58078,454
681,13.60078,1325,13.60078,402
682,13.62078,1273,13.62078,387
683,13.64078,1253,13.64078,374
684,13.66078,1289,13.66078,367
685,13.68078,1251,13.68078,387
686,13.70078,1311,13.70078,345
687,13.72078,1260,13.72078,382
688,13.74078,1295,13.74078,355
689,13.76078,1285,13.76078,354
690,13.78078,1268,13.78078,372
691,13.80078,1278,13.80078,336
692,13.82078,1294,13.82078,342
693,13.84078,1305,13.84078,300
694,13.86078,1331,13.86078,324
695,13.88078,1454,13.88078,286
696,13.90078,1425,13.90078,302
697,13.92078,1528,13.92078,278
698,13.94078,1618,13.94078,289
699,13.96078,1884,13.96078,272
700,13.98078,2234,13.98078,291
701,14.00078,2453,14.00078,296
702,14.02078,2894,14.02078,239
703,14.04078,3386,14.04078,252
704,14.06078,3820,14.06078,251
705,14.08078,4280,14.08078,239
706,14.10078,4527,14.10078,235
707,14.12078,4841,14.12078,237
708,14.14078,4765,14.14078,208
709,14.16078,4593,14.16078,200
710,14.18078,4356,14.18078,195
711,14.20078,3959,14.20078,168
712,14.22078,3458,14.22078,182
713,14.24078,2912,14.24078,185
714,14.26078,2722,14.26078,150
715,14.28078,2165,14.28078,162
716,14.30078,2014,14.30078,178
717,14.32078,1784,14.32078,170
718,14.34078,1647,14.34078,151
719,14.36078,1584,14.36078,147
720,14.38078,1521,14.38078,135
721,14.40078,1452,14.40078,130
722,14.42078,1456,14.42078,142
723,14.44078,1414,14.44078,117
724,14.46078,1475,14.46078,104
725,14.48078,1438,14.48078,108
726,14.50078,1479,14.50078,102
727,14.52078,1512,14.52078,105
728,14.54078,1508,14.54078,96
729,14.56078,1561,14.56078,92
730,14.58078,1625,14.58078,74
731,14.60078,1725,14.60078,86
732,14.62078,1787,14.62078,65
733,14.64078,1949,14.64078,70
734,14.66078,2030,14.66078,75
735,14.68078,2182,14.68078,78
736,14.70078,2347,14.70078,68
737,14.72078,2424,14.72078,57
738,14.74078,2557,14.74078,48
739,14.76078,2670,14.76078,60
740,14.78078,2848,14.78078,47
741,14.80078,2715,14.80078,46
742,14.82078,2729,14.82078,42
743,14.84078,2794,14.84078,41
744,14.86078,2885,14.86078,36
745,14.88078,2957,14.88078,39
746,14.90078,2975,14.90078,27
747,14.92078,3038,14.92078,31
748,14.94078,2969,14.94078,33
749,14.96078,2879,14.96078,24
750,14.98078,2694,14.98078,33
751,15.00078,2594,15.00078,27
752,15.02078,2513,15.02078,32
753,15.04078,2400,15.04078,24
754,15.06078,2341,15.06078,22
755,15.08078,2158,15.08078,25
756,15.10078,2182,15.10078,25
757,15.12078,2021,15.12078,15
758,15.14078,1994,15.14078,24
759,15.16078,1897,15.16078,20
760,15.18078,2029,15.18078,13
761,15.20078,1974,15.20078,20
762,15.22078,1924,15.22078,13
763,15.24078,1960,15.24078,10
764,15.26078,1863,15.26078,21
765,15.28078,1766,15.28078,21
766,15.30078,1676,15.30078,22
767,15.32078,1734,15.32078,14
768,15.34078,1777,15.34078,18
769,15.36078,1684,15.36078,10
770,15.38078,1662,15.38078,13
771,15.40078,1710,15.40078,13
772,15.42078,1647,15.42078,9
773,15.44078,1690,15.44078,19
774,15.46078,1910,15.46078,14
775,15.48078,1939,15.48078,20
776,15.50078,2009,15.50078,11
777,15.52078,2179,15.52078,11
778,15.54078,2513,15.54078,12
779,15.56078,2841,15.56078,14
780,15.58078,3396,15.58078,13
781,15.60078,4050,15.60078,8
782,15.62078,4692,15.62078,13
783,15.64078,5420,15.64078,15
784,15.66078,6152,15.66078,17
785,15.68078,6741,15.68078,15
786,15.70078,7387,15.70078,8
787,15.72078,7635,15.72078,19
788,15.74078,8013,15.74078,18
789,15.76078,7715,15.76078,16
790,15.78078,7312,15.78078,20
791,15.80078,6738,15.80078,19
792,15.82078,6076,15.82078,16
793,15.84078,5423,15.84078,17
794,15.86078,4589,15.86078,14
795,15.88078,3903,15.88078,13
796,15.90078,3344,15.90078,16
797,15.92078,2842,15.92078,13
798,15.94078,2455,15.94078,14
799,15.96078,2195,15.96078,17
800,15.98078,2047,15.98078,10
801,16.00078,1883,16.00078,12
802,16.02078,1822,16.02078,18
803,16.04078,1885,16.04078,17
804,16.06078,1773,16.06078,11
805,16.08078,1823,16.08078,14
806,16.10078,1913,16.10078,20
807,16.12078,1823,16.12078,17
808,16.14078,1841,16.14078,18
809,16.16078,1868,16.16078,9
810,16.18078,1910,16.18078,13
811,16.20078,1860,16.20078,8
812,16.22078,1824,16.22078,12
813,16.24078,1730,16.24078,15
814,16.26078,1877,16.26078,9
815,16.28078,1798,16.28078,11
816,16.30078,1803,16.30078,15
817,16.32078,1764,16.32078,12
818,16.34078,1773,16.34078,18
819,16.36078,1806,16.36078,13
820,16.38078,1908,16.38078,10
821,16.40078,1931,16.40078,12
822,16.42078,1941,16.42078,13
823,16.44078,2031,16.44078,8
824,16.46078,1989,16.46078,14
825,16.48078,2235,16.48078,12
826,16.50078,2129,16.50078,19
827,16.52078,2246,16.52078,15
828,16.54078,2327,16.54078,12
829,16.56078,2267,16.56078,12
830,16.58078,2377,16.58078,17
831,16.60078,2274,16.60078,10
832,16.62078,2254,16.62078,12
833,16.64078,2210,16.64078,11
834,16.66078,2186,16.66078,7
835,16.68078,2253,16.68078,5
836,16.70078,2114,16.70078,7
837,16.72078,2096,16.72078,10
838,16.74078,1991,16.74078,11
839,16.76078,1933,16.76078,7
840,16.78078,1988,16.78078,16
841,16.80078,1958,16.80078,11
842,16.82078,1898,16.82078,8
843,16.84078,1880,16.84078,6
844,16.86078,1858,16.86078,11
845,16.88078,1916,16.88078,14
846,16.90078,1859,16.90078,8
847,16.92078,1897,16.92078,12
848,16.94078,1867,16.94078,4
849,16.96078,1954,16.96078,7
850,16.98078,1957,16.98078,6
851,17.00078,1934,17.00078,6
852,17.02078,1892,17.02078,7
853,17.04078,1831,17.04078,9
854,17.06078,1924,17.06078,12
855,17.08078,1871,17.08078,5
856,17.10078,1805,17.10078,6
857,17.12078,1844,17.12078,10
858,17.14078,1968,17.14078,10
859,17.16078,1876,17.16078,8
860,17.18078,1936,17.18078,12
861,17.20078,1899,17.20078,6
862,17.22078,1933,17.22078,7
863,17.24078,1968,17.24078,7
864,17.26078,2054,17.26078,3
865,17.28078,2014,17.28078,8
866,17.30078,2080,17.30078,15
867,17.32078,2160,17.32078,8
868,17.34078,2096,17.34078,9
869,17.36078,2163,17.36078,7
870,17.38078,2154,17.38078,8
871,17.40078,2335,17.40078,9
872,17.42078,2246,17.42078,10
873,17.44078,2318,17.44078,8
874,17.46078,2291,17.46078,4
875,17.48078,2439,17.48078,6
876,17.50078,2522,17.50078,11
877,17.52078,2576,17.52078,6
878,17.54078,2614,17.54078,14
879,17.56078,2733,17.56078,6
880,17.58078,2734,17.58078,7
881,17.60078,2876,17.60078,4
882,17.62078,2977,17.62078,10
883,17.64078,3021,17.64078,11
884,17.66078,3018,17.66078,5
885,17.68078,2929,17.68078,5
886,17.70078,2887,17.70078,10
887,17.72078,2704,17.72078,9
888,17.74078,2600,17.74078,10
889,17.76078,2589,17.76078,11
890,17.78078,2448,17.78078,3
891,17.80078,2323,17.80078,7
892,17.82078,2325,17.82078,7
893,17.84078,2243,17.84078,6
894,17.86078,2328,17.86078,4
895,17.88078,2345,17.88078,6
896,17.90078,2333,17.90078,13
897,17.92078,2368,17.92078,5
898,17.94078,2352,17.94078,8
899,17.96078,2344,17.96078,3
900,17.98078,2483,17.98078,4
901,18.00078,2386,18.00078,8
902,18.02078,2438,18.02078,16
903,18.04078,2449,18.04078,7
904,18.06078,2406,18.06078,6
905,18.08078,2468,18.08078,2
906,18.10078,2372,18.10078,5
907,18.12078,2364,18.12078,8
908,18.14078,2528,18.14078,11
909,18.16078,2469,18.16078,7
910,18.18078,2542,18.18078,6
911,18.20078,2644,18.20078,6
912,18.22078,2574,18.22078,7
913,18.24078,2603,18.24078,5
914,18.26078,2676,18.26078,6
915,18.28078,2699,18.28078,10
916,18.30078,2703,18.30078,15
917,18.32078,2731,18.32078,8
918,18.34078,2840,18.34078,7
919,18.36078,2881,18.36078,5
920,18.38078,2901,18.38078,0
921,18.40078,2989,18.40078,7
922,18.42078,3212,18.42078,6
923,18.44078,3262,18.44078,6
924,18.46078,3162,18.46078,6
925,18.48078,3365,18.48078,7
926,18.50078,3557,18.50078,4
927,18.52078,3571,18.52078,6
928,18.54078,3736,18.54078,3
929,18.56078,3927,18.56078,6
930,18.58078,3998,18.58078,10
931,18.60078,4207,18.60078,2
932,18.62078,4493,18.62078,7
933,18.64078,4504,18.64078,4
934,18.66078,4749,18.66078,3
935,18.68078,4916,18.68078,3
936,18.70078,5059,18.70078,6
937,18.72078,5244,18.72078,2
938,18.74078,5417,18.74078,7
939,18.76078,5751,18.76078,5
940,18.78078,5864,18.78078,12
941,18.80078,6162,18.80078,2
942,18.82078,6366,18.82078,5
943,18.84078,6647,18.84078,10
944,18.86078,6858,18.86078,2
945,18.88078,6820,18.88078,4
946,18.90078,7209,18.90078,5
947,18.92078,7220,18.92078,0
948,18.94078,7362,18.94078,5
949,18.96078,7592,18.96078,10
950,18.98078,7705,18.98078,10
951,19.00078,7669,19.00078,7
952,19.02078,7778,19.02078,2
953,19.04078,7809,19.04078,0
954,19.06078,7926,19.06078,2
955,19.08078,7861,19.08078,6
956,19.10078,7748,19.10078,4
957,19.12078,7821,19.12078,6
958,19.14078,7599,19.14078,6
959,19.16078,7405,19.16078,2
960,19.18078,7316,19.18078,4
961,19.20078,7048,19.20078,7
962,19.22078,6844,19.22078,1
963,19.24078,6705,19.24078,4
964,19.26078,6482,19.26078,7
965,19.28078,6122,19.28078,5
966,19.30078,5995,19.30078,4
967,19.32078,5684,19.32078,2
968,19.34078,5561,19.34078,3
969,19.36078,5274,19.36078,6
970,19.38078,5046,19.38078,2
971,19.40078,4806,19.40078,8
972,19.42078,4652,19.42078,1
973,19.44078,4431,19.44078,5
974,19.46078,4226,19.46078,3
975,19.48078,4154,19.48078,2
976,19.50078,3954,19.50078,3
977,19.52078,3797,19.52078,3
978,19.54078,3545,19.54078,3
979,19.56078,3455,19.56078,4
980,19.58078,3383,19.58078,3
981,19.60078,3257,19.60078,8
982,19.62078,3120,19.62078,5
983,19.64078,3017,19.64078,3
984,19.66078,2989,19.66078,8
985,19.68078,2876,19.68078,6
986,19.70078,2785,19.70078,0
987,19.72078,2653,19.72078,3
988,19.74078,2688,19.74078,2
989,19.76078,2657,19.76078,5
990,19.78078,2607,19.78078,7
991,19.80078,2533,19.80078,5
992,19.82078,2521,19.82078,2
993,19.84078,2605,19.84078,2
994,19.86078,2642,19.86078,1
995,19.88078,2680,19.88078,4
996,19.90078,2829,19.90078,6
997,19.92078,3044,19.92078,2
998,19.94078,3407,19.94078,1
999,19.96078,3632,19.96078,2
1000,19.98078,3989,19.98078,4
1001,20.00078,4165,20.00078,2
1002,20.02078,4755,20.02078,1
1003,20.04078,5090,20.04078,5
1004,20.06078,5472,20.06078,6
1005,20.08078,5555,20.08078,4
1006,20.10078,5896,20.10078,5
1007,20.12078,6179,20.12078,2
1008,20.14078,6144,20.14078,5
1009,20.16078,6346,20.16078,1
1010,20.18078,6283,20.18078,7
1011,20.20078,6020,20.20078,3
1012,20.22078,5890,20.22078,5
1013,20.24078,5271,20.24078,5
1014,20.26078,4966,20.26078,3
1015,20.28078,4416,20.28078,6
1016,20.30078,3962,20.30078,3
1017,20.32078,3562,20.32078,3
1018,20.34078,3190,20.34078,2
1019,20.36078,2717,20.36078,1
1020,20.38078,2575,20.38078,3
1021,20.40078,2383,20.40078,4
1022,20.42078,2170,20.42078,4
1023,20.44078,2157,20.44078,4
1024,20.46078,2015,20.46078,2
1025,20.48078,1988,20.48078,1
1026,20.50078,2007,20.50078,2
1027,20.52078,1909,20.52078,1
1028,20.54078,1945,20.54078,5
1029,20.56078,2123,20.56078,3
1030,20.58078,1976,20.58078,2
1031,20.60078,2004,20.60078,2
1032,20.62078,2021,20.62078,3
1033,20.64078,2014,20.64078,1
1034,20.66078,1953,20.66078,2
1035,20.68078,2050,20.68078,2
1036,20.70078,2062,20.70078,0
1037,20.72078,2110,20.72078,2
1038,20.74078,1955,20.74078,3
1039,20.76078,2042,20.76078,1
1040,20.78078,2081,20.78078,2
1041,20.80078,2161,20.80078,2
1042,20.82078,2101,20.82078,1
1043,20.84078,2241,20.84078,2
1044,20.86078,2186,20.86078,0
1045,20.88078,2255,20.88078,2
1046,20.90078,2333,20.90078,1
1047,20.92078,2281,20.92078,1
1048,20.94078,2324,20.94078,4
1049,20.96078,2377,20.96078,2
1050,20.98078,2474,20.98078,0
1051,21.00078,2444,21.00078,3
1052,21.02078,2550,21.02078,3
1053,21.04078,2523,21.04078,1
1054,21.06078,2573,21.06078,1
1055,21.08078,2483,21.08078,1
1056,21.10078,2558,21.10078,2
1057,21.12078,2713,21.12078,2
1058,21.14078,2725,21.14078,1
1059,21.16078,2700,21.16078,2
1060,21.18078,2751,21.18078,1
1061,21.20078,2698,21.20078,1
1062,21.22078,2682,21.22078,3
1063,21.24078,2706,21.24078,1
1064,21.26078,2846,21.26078,2
1065,21.28078,2771,21.28078,2
1066,21.30078,2799,21.30078,1
1067,21.32078,2785,21.32078,1
1068,21.34078,2725,21.34078,2
1069,21.36078,2858,21.36078,1
1070,21.38078,2798,21.38078,2
1071,21.40078,2819,21.40078,2
1072,21.42078,2838,21.42078,1
1073,21.44078,2801,21.44078,0
1074,21.46078,2664,21.46078,1
1075,21.48078,2700,21.48078,1
1076,21.50078,2632,21.50078,2
1077,21.52078,2579,21.52078,0
1078,21.54078,2557,21.54078,0
1079,21.56078,2531,21.56078,4
1080,21.58078,2488,21.58078,1
1081,21.60078,2412,21.60078,3
1082,21.62078,2401,21.62078,0
1083,21.64078,2353,21.64078,1
1084,21.66078,2275,21.66078,2
1085,21.68078,2425,21.68078,1
1086,21.70078,2287,21.70078,1
1087,21.72078,2314,21.72078,1
1088,21.74078,2196,21.74078,0
1089,21.76078,2257,21.76078,0
1090,21.78078,2178,21.78078,1
1091,21.80078,2196,21.80078,1
1092,21.82078,2073,21.82078,2
1093,21.84078,2047,21.84078,1
1094,21.86078,2047,21.86078,1
1095,21.88078,2032,21.88078,0
1096,21.90078,1992,21.90078,0
1097,21.92078,1974,21.92078,0
1098,21.94078,2004,21.94078,0
1099,21.96078,1986,21.96078,1
1100,21.98078,1973,21.98078,2
1101,22.00078,2003,22.00078,1
1102,22.02078,1950,22.02078,1
1103,22.04078,1881,22.04078,0
1104,22.06078,1842,22.06078,0
1105,22.08078,1861,22.08078,0
1106,22.10078,1827,22.10078,2
1107,22.12078,1844,22.12078,0
1108,22.14078,1834,22.14078,0
1109,22.16078,1833,22.16078,0
1110,22.18078,1852,22.18078,0
1111,22.20078,1745,22.20078,0
1112,22.22078,1769,22.22078,1
1113,22.24078,1688,22.24078,0
1114,22.26078,1758,22.26078,1
1115,22.28078,1651,22.28078,0
1116,22.30078,1696,22.30078,1
1117,22.32078,1681,22.32078,1
1118,22.34078,1626,22.34078,0
1119,22.36078,1624,22.36078,0
1120,22.38078,1610,22.38078,1
1121,22.40078,1639,22.40078,0
1122,22.42078,1598,22.42078,1
1123,22.44078,1687,22.44078,0
1124,22.46078,1694,22.46078,1
1125,22.48078,1702,22.48078,0
1126,22.50078,1676,22.50078,0
1127,22.52078,1849,22.52078,0
1128,22.54078,1840,22.54078,1
1129,22.56078,1801,22.56078,0
1130,22.58078,1908,22.58078,1
1131,22.60078,2109,22.60078,0
1132,22.62078,2134,22.62078,1
1133,22.64078,2153,22.64078,3
1134,22.66078,2224,22.66078,1
1135,22.68078,2272,22.68078,1
1136,22.70078,2343,22.70078,0
1137,22.72078,2222,22.72078,1
1138,22.74078,2183,22.74078,1
1139,22.76078,2180,22.76078,2
1140,22.78078,2019,22.78078,0
1141,22.80078,1922,22.80078,1
1142,22.82078,1907,22.82078,0
1143,22.84078,1766,22.84078,0
1144,22.86078,1683,22.86078,1
1145,22.88078,1647,22.88078,0
1146,22.90078,1559,22.90078,0
1147,22.92078,1582,22.92078,1
1148,22.94078,1495,22.94078,1
1149,22.96078,1557,22.96078,0
1150,22.98078,1447,22.98078,0
1151,23.00078,1467,23.00078,0
1152,23.02078,1538,23.02078,0
1153,23.04078,1539,23.04078,2
1154,23.06078,1578,23.06078,1
1155,23.08078,1534,23.08078,0
1156,23.10078,1552,23.10078,0
1157,23.12078,1573,23.12078,0
1158,23.14078,1545,23.14078,0
1159,23.16078,1534,23.16078,2
1160,23.18078,1550,23.18078,1
1161,23.20078,1496,23.20078,1
1162,23.22078,1551,23.22078,1
1163,23.24078,1440,23.24078,0
1164,23.26078,1522,23.26078,0
1165,23.28078,1460,23.28078,1
1166,23.30078,1480,23.30078,0
1167,23.32078,1430,23.32078,0
1168,23.34078,1470,23.34078,1
1169,23.36078,1392,23.36078,1
1170,23.38078,1422,23.38078,2
1171,23.40078,1398,23.40078,0
1172,23.42078,1413,23.42078,1
1173,23.44078,1416,23.44078,0
1174,23.46078,1416,23.46078,1
1175,23.48078,1456,23.48078,0
1176,23.50078,1337,23.50078,2
1177,23.52078,1469,23.52078,1
1178,23.54078,1394,23.54078,0
1179,23.56078,1379,23.56078,0
1180,23.58078,1307,23.58078,0
1181,23.60078,1349,23.60078,0
1182,23.62078,1326,23.62078,0
1183,23.64078,1382,23.64078,1
1184,23.66078,1315,23.66078,0
1185,23.68078,1363,23.68078,0
1186,23.70078,1401,23.70078,1
1187,23.72078,1432,23.72078,1
1188,23.74078,1382,23.74078,0
1189,23.76078,1353,23.76078,0
1190,23.78078,1281,23.78078,0
1191,23.80078,1347,23.80078,1
1192,23.82078,1383,23.82078,0
1193,23.84078,1388,23.84078,1
1194,23.86078,1328,23.86078,0
1195,23.88078,1350,23.88078,0
1196,23.90078,1334,23.90078,0
1197,23.92078,1351,23.92078,0
1198,23.94078,1284,23.94078,1
1199,23.96078,1435,23.96078,1
1200,23.98078,1317,23.98078,1
1201,24.00078,1316,24.00078,1
1202,24.02078,1378,24.02078,2
1203,24.04078,1370,24.04078,0
1204,24.06078,1361,24.06078,0
1205,24.08078,1326,24.08078,0
1206,24.10078,1403,24.10078,0
1207,24.12078,1364,24.12078,1
1208,24.14078,1373,24.14078,0
1209,24.16078,1320,24.16078,0
1210,24.18078,1393,24.18078,0
1211,24.20078,1387,24.20078,1
1212,24.22078,1333,24.22078,0
1213,24.24078,1364,24.24078,0
1214,24.26078,1291,24.26078,0
1215,24.28078,1312,24.28078,2
1216,24.30078,1328,24.30078,1
1217,24.32078,1274,24.32078,0
1218,24.34078,1321,24.34078,0
1219,24.36078,1275,24.36078,1
1220,24.38078,1323,24.38078,0
1221,24.40078,1326,24.40078,1
1222,24.42078,1260,24.42078,0
1223,24.44078,1309,24.44078,0
1224,24.46078,1320,24.46078,0
1225,24.48078,1306,24.48078,0
1226,24.50078,1311,24.50078,0
1227,24.52078,1254,24.52078,0
1228,24.54078,1264,24.54078,0
1229,24.56078,1374,24.56078,0
1230,24.58078,1291,24.58078,0
1231,24.60078,1256,24.60078,0
1232,24.62078,1245,24.62078,0
1233,24.64078,1327,24.64078,0
1234,24.66078,1263,24.66078,0
1235,24.68078,1320,24.68078,1
1236,24.70078,1233,24.70078,0
1237,24.72078,1277,24.72078,0
1238,24.74078,1213,24.74078,0
1239,24.76078,1214,24.76078,0
1240,24.78078,1225,24.78078,0
1241,24.80078,1270,24.80078,0
1242,24.82078,1286,24.82078,0
1243,24.84078,1295,24.84078,0
1244,24.86078,1308,24.86078,0
1245,24.88078,1218,24.88078,0
1246,24.90078,1241,24.90078,1
1247,24.92078,1291,24.92078,0
1248,24.94078,1268,24.94078,1
1249,24.96078,1334,24.96078,0
1250,24.98078,1285,24.98078,0
1251,25.00078,1287,25.00078,0
1252,25.02078,1328,25.02078,0
1253,25.04078,1307,25.04078,0
1254,25.06078,1308,25.06078,1
1255,25.08078,1309,25.08078,0
1256,25.10078,1294,25.10078,0
1257,25.12078,1263,25.12078,0
1258,25.14078,1220,25.14078,0
1259,25.16078,1275,25.16078,0
1260,25.18078,1293,25.18078,0
1261,25.20078,1284,25.20078,0
1262,25.22078,1320,25.22078,1
1263,25.24078,1339,25.24078,0
1264,25.26078,1281,25.26078,0
1265,25.28078,1344,25.28078,0
1266,25.30078,1270,25.30078,0
1267,25.32078,1276,25.32078,0
1268,25.34078,1243,25.34078,1
1269,25.36078,1255,25.36078,0
1270,25.38078,1229,25.38078,0
1271,25.40078,1211,25.40078,0
1272,25.42078,1232,25.42078,0
1273,25.44078,1219,25.44078,0
1274,25.46078,1187,25.46078,1
1275,25.48078,1170,25.48078,0
1276,25.50078,1172,25.50078,0
1277,25.52078,1105,25.52078,0
1278,25.54078,1225,25.54078,0
1279,25.56078,1170,25.56078,0
1280,25.58078,1194,25.58078,0
1281,25.60078,1178,25.60078,1
1282,25.62078,1192,25.62078,0
1283,25.64078,1123,25.64078,1
1284,25.66078,1159,25.66078,0
1285,25.68078,1169,25.68078,0
1286,25.70078,1189,25.70078,0
1287,25.72078,1142,25.72078,0
1288,25.74078,1179,25.74078,0
1289,25.76078,1107,25.76078,0
1290,25.78078,1103,25.78078,0
1291,25.80078,1170,25.80078,0
1292,25.82078,1124,25.82078,0
1293,25.84078,1185,25.84078,0
1294,25.86078,1167,25.86078,0
1295,25.88078,1181,25.88078,0
1296,25.90078,1193,25.90078,1
1297,25.92078,1260,25.92078,0
1298,25.94078,1134,25.94078,2
1299,25.96078,1209,25.96078,0
1300,25.98078,1191,25.98078,0
1301,26.00078,1197,26.00078,1
1302,26.02078,1160,26.02078,0
1303,26.04078,1206,26.04078,0
1304,26.06078,1192,26.06078,0
1305,26.08078,1165,26.08078,0
1306,26.10078,1101,26.10078,0
1307,26.12078,1195,26.12078,0
1308,26.14078,1217,26.14078,0
1309,26.16078,1240,26.16078,0
1310,26.18078,1280,26.18078,0
1311,26.20078,1243,26.20078,0
1312,26.22078,1217,26.22078,0
1313,26.24078,1240,26.24078,0
1314,26.26078,1187,26.26078,0
1315,26.28078,1192,26.28078,0
1316,26.30078,1269,26.30078,0
1317,26.32078,1201,26.32078,0
1318,26.34078,1235,26.34078,0
1319,26.36078,1214,26.36078,0
1320,26.38078,1175,26.38078,0
1321,26.40078,1259,26.40078,0
1322,26.42078,1175,26.42078,0
1323,26.44078,1149,26.44078,0
1324,26.46078,1110,26.46078,0
1325,26.48078,1101,26.48078,0
1326,26.50078,1089,26.50078,0
1327,26.52078,1059,26.52078,0
1328,26.54078,1185,26.54078,0
1329,26.56078,1029,26.56078,0
1330,26.58078,1076,26.58078,0
1331,26.60078,1021,26.60078,0
1332,26.62078,1081,26.62078,0
1333,26.64078,1051,26.64078,0
1334,26.66078,1045,26.66078,0
1335,26.68078,1009,26.68078,0
1336,26.70078,1058,26.70078,0
1337,26.72078,1057,26.72078,0
1338,26.74078,1060,26.74078,0
1339,26.76078,1087,26.76078,0
1340,26.78078,952,26.78078,0
1341,26.80078,1034,26.80078,0
1342,26.82078,1021,26.82078,0
1343,26.84078,1038,26.84078,0
1344,26.86078,974,26.86078,0
1345,26.88078,956,26.88078,0
1346,26.90078,1051,26.90078,0
1347,26.92078,994,26.92078,0
1348,26.94078,1064,26.94078,0
1349,26.96078,1019,26.96078,1
1350,26.98078,1038,26.98078,0
1351,27.00078,1002,27.00078,0
1352,27.02078,1025,27.02078,0
1353,27.04078,948,27.04078,0
1354,27.06078,1023,27.06078,0
1355,27.08078,962,27.08078,0
1356,27.10078,1001,27.10078,0
1357,27.12078,1013,27.12078,0
1358,27.14078,972,27.14078,0
1359,27.16078,956,27.16078,0
1360,27.18078,988,27.18078,0
1361,27.20078,1000,27.20078,0
1362,27.22078,964,27.22078,0
1363,27.24078,963,27.24078,0
1364,27.26078,1017,27.26078,0
1365,27.28078,943,27.28078,0
1366,27.30078,944,27.30078,0
1367,27.32078,984,27.32078,0
1368,27.34078,933,27.34078,0
1369,27.36078,952,27.36078,0
1370,27.38078,974,27.38078,0
1371,27.40078,930,27.40078,0
1372,27.42078,967,27.42078,0
1373,27.44078,939,27.44078,0
1374,27.46078,965,27.46078,0
1375,27.48078,930,27.48078,0
1376,27.50078,997,27.50078,0
1377,27.52078,983,27.52078,0
1378,27.54078,939,27.54078,0
1379,27.56078,923,27.56078,0
1380,27.58078,954,27.58078,0
1381,27.60078,919,27.60078,0
1382,27.62078,905,27.62078,0
1383,27.64078,937,27.64078,0
1384,27.66078,916,27.66078,0
1385,27.68078,972,27.68078,0
1386,27.70078,922,27.70078,0
1387,27.72078,938,27.72078,0
1388,27.74078,939,27.74078,0
1389,27.76078,934,27.76078,0
1390,27.78078,925,27.78078,0
1391,27.80078,913,27.80078,0
1392,27.82078,921,27.82078,0
1393,27.84078,895,27.84078,0
1394,27.86078,933,27.86078,0
1395,27.88078,877,27.88078,0
1396,27.90078,918,27.90078,0
1397,27.92078,845,27.92078,0
1398,27.94078,832,27.94078,0
1399,27.96078,907,27.96078,0
1400,27.98078,972,27.98078,0
1401,28.00078,836,28.00078,0
1402,28.02078,878,28.02078,0
1403,28.04078,851,28.04078,0
1404,28.06078,935,28.06078,0
1405,28.08078,848,28.08078,0
1406,28.10078,883,28.10078,0
1407,28.12078,839,28.12078,0
1408,28.14078,896,28.14078,0
1409,28.16078,877,28.16078,0
1410,28.18078,924,28.18078,0
1411,28.20078,877,28.20078,0
1412,28.22078,873,28.22078,0
1413,28.24078,840,28.24078,0
1414,28.26078,911,28.26078,0
1415,28.28078,892,28.28078,0
1416,28.30078,833,28.30078,0
1417,28.32078,871,28.32078,0
1418,28.34078,934,28.34078,0
1419,28.36078,843,28.36078,0
1420,28.38078,884,28.38078,0
1421,28.40078,858,28.40078,0
1422,28.42078,882,28.42078,0
1423,28.44078,873,28.44078,0
1424,28.46078,827,28.46078,0
1425,28.48078,869,28.48078,0
1426,28.50078,860,28.50078,0
1427,28.52078,832,28.52078,0
1428,28.54078,824,28.54078,0
1429,28.56078,829,28.56078,0
1430,28.58078,855,28.58078,0
1431,28.60078,803,28.60078,0
1432,28.62078,821,28.62078,0
1433,28.64078,819,28.64078,0
1434,28.66078,842,28.66078,0
1435,28.68078,800,28.68078,0
1436,28.70078,852,28.70078,0
1437,28.72078,824,28.72078,0
1438,28.74078,784,28.74078,0
1439,28.76078,866,28.76078,0
1440,28.78078,802,28.78078,0
1441,28.80078,796,28.80078,0
1442,28.82078,818,28.82078,0
1443,28.84078,796,28.84078,0
1444,28.86078,812,28.86078,0
1445,28.88078,818,28.88078,0
1446,28.90078,801,28.90078,0
1447,28.92078,792,28.92078,0
1448,28.94078,778,28.94078,0
1449,28.96078,775,28.96078,0
1450,28.98078,775,28.98078,0
1451,29.00078,791,29.00078,0
1452,29.02078,771,29.02078,0
1453,29.04078,808,29.04078,0
1454,29.06078,810,29.06078,0
1455,29.08078,796,29.08078,0
1456,29.10078,775,29.10078,0
1457,29.12078,741,29.12078,0
1458,29.14078,775,29.14078,0
1459,29.16078,793,29.16078,0
1460,29.18078,786,29.18078,0
1461,29.20078,779,29.20078,0
1462,29.22078,773,29.22078,0
1463,29.24078,734,29.24078,0
1464,29.26078,730,29.26078,0
1465,29.28078,701,29.28078,0
1466,29.30078,792,29.30078,0
1467,29.32078,780,29.32078,0
1468,29.34078,766,29.34078,0
1469,29.36078,747,29.36078,0
1470,29.38078,692,29.38078,0
1471,29.40078,766,29.40078,0
1472,29.42078,753,29.42078,0
1473,29.44078,715,29.44078,0
1474,29.46078,694,29.46078,0
1475,29.48078,691,29.48078,0
1476,29.50078,742,29.50078,0
1477,29.52078,750,29.52078,0
1478,29.54078,762,29.54078,0
1479,29.56078,736,29.56078,0
1480,29.58078,749,29.58078,0
1481,29.60078,774,29.60078,0
1482,29.62078,734,29.62078,0
1483,29.64078,752,29.64078,0
1484,29.66078,676,29.66078,0
1485,29.68078,781,29.68078,0
1486,29.70078,766,29.70078,0
1487,29.72078,745,29.72078,0
1488,29.74078,700,29.74078,0
1489,29.76078,699,29.76078,0
1490,29.78078,692,29.78078,0
1491,29.80078,714,29.80078,0
1492,29.82078,720,29.82078,0
1493,29.84078,725,29.84078,0
1494,29.86078,686,29.86078,0
1495,29.88078,676,29.88078,0
1496,29.90078,706,29.90078,0
1497,29.92078,620,29.92078,0
1498,29.94078,713,29.94078,0
1499,29.96078,697,29.96078,0
1500,29.98078,678,29.98078,0
1501,30.00078,707,30.00078,0
1502,30.02078,673,30.02078,0
1503,30.04078,664,30.04078,0
1504,30.06078,669,30.06078,0
1505,30.08078,653,30.08078,0
1506,30.10078,634,30.10078,0
1507,30.12078,668,30.12078,0
1508,30.14078,654,30.14078,0
1509,30.16078,687,30.16078,0
1510,30.18078,662,30.18078,0
1511,30.20078,631,30.20078,0
1512,30.22078,662,30.22078,0
1513,30.24078,641,30.24078,0
1514,30.26078,634,30.26078,0
1515,30.28078,618,30.28078,0
1516,30.30078,652,30.30078,0
1517,30.32078,633,30.32078,0
1518,30.34078,601,30.34078,0
1519,30.36078,627,30.36078,0
1520,30.38078,668,30.38078,0
1521,30.40078,616,30.40078,0
1522,30.42078,578,30.42078,0
1523,30.44078,611,30.44078,0
1524,30.46078,633,30.46078,0
1525,30.48078,614,30.48078,0
1526,30.50078,555,30.50078,0
1527,30.52078,628,30.52078,0
1528,30.54078,589,30.54078,0
1529,30.56078,621,30.56078,0
1530,30.58078,591,30.58078,0
1531,30.60078,593,30.60078,0
1532,30.62078,589,30.62078,0
1533,30.64078,658,30.64078,0
1534,30.66078,635,30.66078,0
1535,30.68078,608,30.68078,0
1536,30.70078,604,30.70078,0
1537,30.72078,552,30.72078,0
1538,30.74078,598,30.74078,0
1539,30.76078,606,30.76078,0
1540,30.78078,649,30.78078,0
1541,30.80078,573,30.80078,0
1542,30.82078,592,30.82078,0
1543,30.84078,537,30.84078,0
1544,30.86078,571,30.86078,0
1545,30.88078,527,30.88078,0
1546,30.90078,613,30.90078,0
1547,30.92078,585,30.92078,0
1548,30.94078,597,30.94078,0
1549,30.96078,542,30.96078,0
1550,30.98078,524,30.98078,0
1551,31.00078,551,31.00078,0
1552,31.02078,553,31.02078,0
1553,31.04078,564,31.04078,0
1554,31.06078,555,31.06078,0
1555,31.08078,541,31.08078,0
1556,31.10078,533,31.10078,0
1557,31.12078,540,31.12078,0
1558,31.14078,538,31.14078,0
1559,31.16078,545,31.16078,0
1560,31.18078,541,31.18078,0
1561,31.20078,539,31.20078,0
1562,31.22078,524,31.22078,0
1563,31.24078,514,31.24078,0
1564,31.26078,553,31.26078,0
1565,31.28078,529,31.28078,0
1566,31.30078,538,31.30078,0
1567,31.32078,537,31.32078,0
1568,31.34078,499,31.34078,0
1569,31.36078,514,31.36078,0
1570,31.38078,527,31.38078,0
1571,31.40078,542,31.40078,0
1572,31.42078,544,31.42078,0
1573,31.44078,509,31.44078,0
1574,31.46078,487,31.46078,0
1575,31.48078,502,31.48078,0
1576,31.50078,494,31.50078,0
1577,31.52078,520,31.52078,0
1578,31.54078,493,31.54078,0
1579,31.56078,519,31.56078,0
1580,31.58078,531,31.58078,0
1581,31.60078,505,31.60078,0
1582,31.62078,498,31.62078,0
1583,31.64078,535,31.64078,0
1584,31.66078,563,31.66078,0
1585,31.68078,485,31.68078,0
1586,31.70078,553,31.70078,0
1587,31.72078,543,31.72078,0
1588,31.74078,502,31.74078,0
1589,31.76078,568,31.76078,0
1590,31.78078,478,31.78078,0
1591,31.80078,489,31.80078,0
1592,31.82078,554,31.82078,0
1593,31.84078,541,31.84078,0
1594,31.86078,489,31.86078,0
1595,31.88078,517,31.88078,0
1596,31.90078,500,31.90078,0
1597,31.92078,520,31.92078,0
1598,31.94078,511,31.94078,0
1599,31.96078,525,31.96078,0
1600,31.98078,529,31.98078,0
1601,32.00078,489,32.00078,0
1602,32.02078,493,32.02078,0
1603,32.04078,524,32.04078,0
1604,32.06078,472,32.06078,0
1605,32.08078,508,32.08078,0
1606,32.10078,503,32.10078,0
1607,32.12078,493,32.12078,0
1608,32.14078,493,32.14078,0
1609,32.16078,478,32.16078,0
1610,32.18078,472,32.18078,0
1611,32.20078,493,32.20078,0
1612,32.22078,474,32.22078,0
1613,32.24078,456,32.24078,0
1614,32.26078,451,32.26078,0
1615,32.28078,502,32.28078,0
1616,32.30078,461,32.30078,0
1617,32.32078,435,32.32078,0
1618,32.34078,442,32.34078,0
1619,32.36078,454,32.36078,0
1620,32.38078,425,32.38078,0
1621,32.40078,406,32.40078,0
1622,32.42078,406,32.42078,0
1623,32.44078,428,32.44078,0
1624,32.46078,384,32.46078,0
1625,32.48078,425,32.48078,0
1626,32.50078,381,32.50078,0
1627,32.52078,372,32.52078,0
1628,32.54078,385,32.54078,0
1629,32.56078,418,32.56078,0
1630,32.58078,397,32.58078,0
1631,32.60078,403,32.60078,0
1632,32.62078,394,32.62078,0
1633,32.64078,398,32.64078,0
1634,32.66078,403,32.66078,0
1635,32.68078,376,32.68078,0
1636,32.70078,421,32.70078,0
1637,32.72078,349,32.72078,0
1638,32.74078,405,32.74078,0
1639,32.76078,374,32.76078,0
1640,32.78078,374,32.78078,0
1641,32.80078,363,32.80078,0
1642,32.82078,319,32.82078,0
1643,32.84078,354,32.84078,0
1644,32.86078,370,32.86078,0
1645,32.88078,350,32.88078,0
1646,32.90078,359,32.90078,0
1647,32.92078,331,32.92078,0
1648,32.94078,341,32.94078,0
1649,32.96078,323,32.96078,0
1650,32.98078,331,32.98078,0
1651,33.00078,370,33.00078,0
1652,33.02078,318,33.02078,0
1653,33.04078,334,33.04078,0
1654,33.06078,327,33.06078,0
1655,33.08078,358,33.08078,0
1656,33.10078,290,33.10078,0
1657,33.12078,346,33.12078,0
1658,33.14078,305,33.14078,0
1659,33.16078,348,33.16078,0
1660,33.18078,307,33.18078,0
1661,33.20078,322,33.20078,0
1662,33.22078,334,33.22078,0
1663,33.24078,327,33.24078,0
1664,33.26078,312,33.26078,0
1665,33.28078,299,33.28078,0
1666,33.30078,318,33.30078,0
1667,33.32078,271,33.32078,0
1668,33.34078,316,33.34078,0
1669,33.36078,313,33.36078,0
1670,33.38078,325,33.38078,0
1671,33.40078,268,33.40078,0
1672,33.42078,311,33.42078,0
1673,33.44078,277,33.44078,0
1674,33.46078,258,33.46078,0
1675,33.48078,307,33.48078,0
1676,33.50078,287,33.50078,0
1677,33.52078,280,33.52078,0
1678,33.54078,279,33.54078,0
1679,33.56078,276,33.56078,0
1680,33.58078,271,33.58078,0
1681,33.60078,264,33.60078,0
1682,33.62078,240,33.62078,0
1683,33.64078,268,33.64078,0
1684,33.66078,275,33.66078,0
1685,33.68078,239,33.68078,0
1686,33.70078,258,33.70078,0
1687,33.72078,255,33.72078,0
1688,33.74078,236,33.74078,0
1689,33.76078,249,33.76078,0
1690,33.78078,264,33.78078,0
1691,33.80078,244,33.80078,0
1692,33.82078,262,33.82078,0
1693,33.84078,279,33.84078,0
1694,33.86078,272,33.86078,0
1695,33.88078,209,33.88078,0
1696,33.90078,253,33.90078,0
1697,33.92078,221,33.92078,0
1698,33.94078,237,33.94078,0
1699,33.96078,241,33.96078,0
1700,33.98078,233,33.98078,0
1701,34.00078,230,34.00078,0
1702,34.02078,208,34.02078,0
1703,34.04078,243,34.04078,0
1704,34.06078,213,34.06078,0
1705,34.08078,194,34.08078,0
1706,34.10078,205,34.10078,0
1707,34.12078,224,34.12078,0
1708,34.14078,216,34.14078,0
1709,34.16078,193,34.16078,0
1710,34.18078,197,34.18078,0
1711,34.20078,204,34.20078,0
1712,34.22078,211,34.22078,0
1713,34.24078,195,34.24078,0
1714,34.26078,214,34.26078,0
1715,34.28078,223,34.28078,0
1716,34.30078,186,34.30078,0
1717,34.32078,196,34.32078,0
1718,34.34078,208,34.34078,0
1719,34.36078,209,34.36078,0
1720,34.38078,191,34.38078,0
1721,34.40078,180,34.40078,0
1722,34.42078,167,34.42078,0
1723,34.44078,177,34.44078,0
1724,34.46078,174,34.46078,0
1725,34.48078,155,34.48078,0
1726,34.50078,159,34.50078,0
1727,34.52078,160,34.52078,0
1728,34.54078,179,34.54078,0
1729,34.56078,166,34.56078,0
1730,34.58078,190,34.58078,0
1731,34.60078,151,34.60078,0
1732,34.62078,141,34.62078,0
1733,34.64078,130,34.64078,0
1734,34.66078,147,34.66078,0
1735,34.68078,151,34.68078,0
1736,34.70078,156,34.70078,0
1737,34.72078,148,34.72078,0
1738,34.74078,136,34.74078,0
1739,34.76078,117,34.76078,0
1740,34.78078,153,34.78078,0
1741,34.80078,141,34.80078,0
1742,34.82078,145,34.82078,0
1743,34.84078,159,34.84078,0
1744,34.86078,107,34.86078,0
1745,34.88078,137,34.88078,0
1746,34.90078,130,34.90078,0
1747,34.92078,116,34.92078,0
1748,34.94078,99,34.94078,0
1749,34.96078,123,34.96078,0
1750,34.98078,102,34.98078,0
1751,35.00078,128,35.00078,0
1752,35.02078,94,35.02078,0
1753,35.04078,102,35.04078,0
1754,35.06078,94,35.06078,0
1755,35.08078,82,35.08078,0
1756,35.10078,107,35.10078,0
1757,35.12078,96,35.12078,0
1758,35.14078,103,35.14078,0
1759,35.16078,93,35.16078,0
1760,35.18078,90,35.18078,0
1761,35.20078,99,35.20078,0
1762,35.22078,94,35.22078,0
1763,35.24078,78,35.24078,0
1764,35.26078,67,35.26078,0
1765,35.28078,87,35.28078,0
1766,35.30078,93,35.30078,0
1767,35.32078,84,35.32078,0
1768,35.34078,82,35.34078,0
1769,35.36078,95,35.36078,0
1770,35.38078,99,35.38078,0
1771,35.40078,66,35.40078,0
1772,35.42078,68,35.42078,0
1773,35.44078,85,35.44078,0
1774,35.46078,80,35.46078,0
1775,35.48078,71,35.48078,0
1776,35.50078,73,35.50078,0
1777,35.52078,67,35.52078,0
1778,35.54078,72,35.54078,0
1779,35.56078,72,35.56078,0
1780,35.58078,72,35.58078,0
1781,35.60078,73,35.60078,0
1782,35.62078,57,35.62078,0
1783,35.64078,51,35.64078,0
1784,35.66078,56,35.66078,0
1785,35.68078,58,35.68078,0
1786,35.70078,76,35.70078,0
1787,35.72078,64,35.72078,0
1788,35.74078,54,35.74078,0
1789,35.76078,52,35.76078,0
1790,35.78078,54,35.78078,0
1791,35.80078,45,35.80078,0
1792,35.82078,47,35.82078,0
1793,35.84078,49,35.84078,0
1794,35.86078,53,35.86078,0
1795,35.88078,58,35.88078,0
1796,35.90078,46,35.90078,0
1797,35.92078,49,35.92078,0
1798,35.94078,41,35.94078,0
1799,35.96078,46,35.96078,0
1800,35.98078,43,35.98078,0
1801,36.00078,53,36.00078,0
1802,36.02078,64,36.02078,0
1803,36.04078,46,36.04078,0
1804,36.06078,55,36.06078,0
1805,36.08078,50,36.08078,0
1806,36.10078,43,36.10078,0
1807,36.12078,51,36.12078,0
1808,36.14078,48,36.14078,0
1809,36.16078,43,36.16078,0
1810,36.18078,39,36.18078,0
1811,36.20078,51,36.20078,0
1812,36.22078,57,36.22078,0
1813,36.24078,39,36.24078,0
1814,36.26078,47,36.26078,0
1815,36.28078,60,36.28078,0
1816,36.30078,56,36.30078,0
1817,36.32078,64,36.32078,0
1818,36.34078,55,36.34078,0
1819,36.36078,57,36.36078,0
1820,36.38078,45,36.38078,0
1821,36.40078,51,36.40078,0
1822,36.42078,45,36.42078,0
1823,36.44078,50,36.44078,0
1824,36.46078,37,36.46078,0
1825,36.48078,47,36.48078,0
1826,36.50078,41,36.50078,0
1827,36.52078,38,36.52078,0
1828,36.54078,36,36.54078,0
1829,36.56078,30,36.56078,0
1830,36.58078,29,36.58078,0
1831,36.60078,33,36.60078,0
1832,36.62078,29,36.62078,0
1833,36.64078,35,36.64078,0
1834,36.66078,27,36.66078,0
1835,36.68078,23,36.68078,0
1836,36.70078,26,36.70078,0
1837,36.72078,33,36.72078,0
1838,36.74078,38,36.74078,0
1839,36.76078,45,36.76078,0
1840,36.78078,31,36.78078,0
1841,36.80078,32,36.80078,0
1842,36.82078,32,36.82078,0
1843,36.84078,19,36.84078,0
1844,36.86078,39,36.86078,0
1845,36.88078,28,36.88078,0
1846,36.90078,35,36.90078,0
1847,36.92078,30,36.92078,0
1848,36.94078,23,36.94078,0
1849,36.96078,25,36.96078,0
1850,36.98078,17,36.98078,0
1851,37.00078,24,37.00078,0
1852,37.02078,33,37.02078,0
1853,37.04078,18,37.04078,0
1854,37.06078,32,37.06078,0
1855,37.08078,27,37.08078,0
1856,37.10078,33,37.10078,0
1857,37.12078,20,37.12078,0
1858,37.14078,16,37.14078,0
1859,37.16078,22,37.16078,0
1860,37.18078,30,37.18078,0
1861,37.20078,29,37.20078,0
1862,37.22078,26,37.22078,0
1863,37.24078,37,37.24078,0
1864,37.26078,22,37.26078,0
1865,37.28078,29,37.28078,0
1866,37.30078,33,37.30078,0
1867,37.32078,30,37.32078,0
1868,37.34078,26,37.34078,0
1869,37.36078,26,37.36078,0
1870,37.38078,20,37.38078,0
1871,37.40078,19,37.40078,0
1872,37.42078,18,37.42078,0
1873,37.44078,22,37.44078,0
1874,37.46078,25,37.46078,0
1875,37.48078,34,37.48078,0
1876,37.50078,23,37.50078,0
1877,37.52078,21,37.52078,0
1878,37.54078,25,37.54078,0
1879,37.56078,27,37.56078,0
1880,37.58078,18,37.58078,0
1881,37.60078,31,37.60078,0
1882,37.62078,22,37.62078,0
1883,37.64078,22,37.64078,0
1884,37.66078,21,37.66078,0
1885,37.68078,30,37.68078,0
1886,37.70078,20,37.70078,0
1887,37.72078,22,37.72078,0
1888,37.74078,18,37.74078,0
1889,37.76078,17,37.76078,0
1890,37.78078,13,37.78078,0
1891,37.80078,22,37.80078,0
1892,37.82078,14,37.82078,0
1893,37.84078,17,37.84078,0
1894,37.86078,15,37.86078,0
1895,37.88078,22,37.88078,0
1896,37.90078,19,37.90078,0
1897,37.92078,18,37.92078,0
1898,37.94078,16,37.94078,0
1899,37.96078,20,37.96078,0
1900,37.98078,29,37.98078,0
1901,38.00078,17,38.00078,0
1902,38.02078,15,38.02078,0
1903,38.04078,19,38.04078,0
1904,38.06078,18,38.06078,0
1905,38.08078,18,38.08078,0
1906,38.10078,16,38.10078,0
1907,38.12078,20,38.12078,0
1908,38.14078,21,38.14078,0
1909,38.16078,16,38.16078,0
1910,38.18078,21,38.18078,0
1911,38.20078,18,38.20078,0
1912,38.22078,20,38.22078,0
1913,38.24078,22,38.24078,0
1914,38.26078,16,38.26078,0
1915,38.28078,12,38.28078,0
1916,38.30078,16,38.30078,0
1917,38.32078,18,38.32078,0
1918,38.34078,18,38.34078,0
1919,38.36078,21,38.36078,0
1920,38.38078,20,38.38078,0
1921,38.40078,22,38.40078,0
1922,38.42078,15,38.42078,0
1923,38.44078,15,38.44078,0
1924,38.46078,13,38.46078,0
1925,38.48078,10,38.48078,0
1926,38.50078,13,38.50078,0
1927,38.52078,13,38.52078,0
1928,38.54078,18,38.54078,0
1929,38.56078,16,38.56078,0
1930,38.58078,10,38.58078,0
1931,38.60078,15,38.60078,0
1932,38.62078,9,38.62078,0
1933,38.64078,18,38.64078,0
1934,38.66078,18,38.66078,0
1935,38.68078,11,38.68078,0
1936,38.70078,13,38.70078,0
1937,38.72078,23,38.72078,0
1938,38.74078,13,38.74078,0
1939,38.76078,18,38.76078,0
1940,38.78078,16,38.78078,0
1941,38.80078,17,38.80078,0
1942,38.82078,8,38.82078,0
1943,38.84078,15,38.84078,0
1944,38.86078,15,38.86078,0
1945,38.88078,18,38.88078,0
1946,38.90078,16,38.90078,0
1947,38.92078,7,38.92078,0
1948,38.94078,18,38.94078,0
1949,38.96078,11,38.96078,0
1950,38.98078,12,38.98078,0
1951,39.00078,13,39.00078,0
1952,39.02078,12,39.02078,0
1953,39.04078,15,39.04078,0
1954,39.06078,7,39.06078,0
1955,39.08078,9,39.08078,0
1956,39.10078,14,39.10078,0
1957,39.12078,11,39.12078,0
1958,39.14078,13,39.14078,0
1959,39.16078,7,39.16078,0
1960,39.18078,20,39.18078,0
1961,39.20078,17,39.20078,0
1962,39.22078,20,39.22078,0
1963,39.24078,19,39.24078,0
1964,39.26078,12,39.26078,0
1965,39.28078,10,39.28078,0
1966,39.30078,12,39.30078,0
1967,39.32078,8,39.32078,0
1968,39.34078,13,39.34078,0
1969,39.36078,12,39.36078,0
1970,39.38078,13,39.38078,0
1971,39.40078,9,39.40078,0
1972,39.42078,13,39.42078,0
1973,39.44078,7,39.44078,0
1974,39.46078,18,39.46078,0
1975,39.48078,10,39.48078,0
1976,39.50078,11,39.50078,0
1977,39.52078,10,39.52078,0
1978,39.54078,11,39.54078,0
1979,39.56078,12,39.56078,0
1980,39.58078,9,39.58078,0
1981,39.60078,9,39.60078,0
1982,39.62078,13,39.62078,0
1983,39.64078,10,39.64078,0
1984,39.66078,8,39.66078,0
1985,39.68078,13,39.68078,0
1986,39.70078,10,39.70078,0
1987,39.72078,9,39.72078,0
1988,39.74078,9,39.74078,0
1989,39.76078,7,39.76078,0
1990,39.78078,14,39.78078,0
1991,39.80078,10,39.80078,0
1992,39.82078,6,39.82078,0
1993,39.84078,6,39.84078,0
1994,39.86078,10,39.86078,0
1995,39.88078,7,39.88078,0
1996,39.90078,16,39.90078,0
1997,39.92078,9,39.92078,0
1998,39.94078,8,39.94078,0
1999,39.96078,7,39.96078,0
2000,39.98078,18,39.98078,0
2001,40.00078,10,40.00078,0
2002,40.02078,6,40.02078,0
2003,40.04078,8,40.04078,0
2004,40.06078,10,40.06078,0
2005,40.08078,5,40.08078,0
2006,40.10078,5,40.10078,0
2007,40.12078,11,40.12078,0
2008,40.14078,16,40.14078,0
2009,40.16078,7,40.16078,0
2010,40.18078,6,40.18078,0
2011,40.20078,11,40.20078,0
2012,40.22078,7,40.22078,0
2013,40.24078,12,40.24078,0
2014,40.26078,11,40.26078,0
2015,40.28078,13,40.28078,0
2016,40.30078,4,40.30078,0
2017,40.32078,9,40.32078,0
2018,40.34078,8,40.34078,0
2019,40.36078,10,40.36078,0
2020,40.38078,7,40.38078,0
2021,40.40078,13,40.40078,0
2022,40.42078,7,40.42078,0
2023,40.44078,12,40.44078,0
2024,40.46078,10,40.46078,0
2025,40.48078,15,40.48078,0
2026,40.50078,9,40.50078,0
2027,40.52078,7,40.52078,0
2028,40.54078,9,40.54078,0
2029,40.56078,11,40.56078,0
2030,40.58078,10,40.58078,0
2031,40.60078,14,40.60078,0
2032,40.62078,9,40.62078,0
2033,40.64078,9,40.64078,0
2034,40.66078,6,40.66078,0
2035,40.68078,10,40.68078,0
2036,40.70078,8,40.70078,0
2037,40.72078,9,40.72078,0
2038,40.74078,8,40.74078,0
2039,40.76078,17,40.76078,0
2040,40.78078,9,40.78078,0
2041,40.80078,7,40.80078,0
2042,40.82078,5,40.82078,0
2043,40.84078,7,40.84078,0
2044,40.86078,8,40.86078,0
2045,40.88078,7,40.88078,0
2046,40.90078,9,40.90078,0
2047,40.92078,12,40.92078,0
2048,40.94078,6,40.94078,0
