Bruker AXS HMP Instrument Tools Complete CSV
FileName,C:\MeinZeugs\Uni\Publikationen\2025\MeIn pXRF\DAQ\Device_monitoring_sample_element_precision_Schauer\data_raw\Example_Drift\03541-Mudrock Dual.pdz
SerialString,SG2-6390
TubeTargetElement,45
NumberOfSpectra,2
SampleID,
AcquisitionDateTime,4/2/2025 1:46:27 PM
TotalElapsedTimeInSeconds,120
AnodeTakeOffAngle,45
SampleIncidenceAngle,45
BeThicknessInMicroMeters,125
SampleTakeOffAngle,65
SpotSizeUsed,8
NumberOfUserCustomFields,5
UserCustomFieldHeader,FieldName,FieldValue
UserCustomField,Operator,Supervisor
UserCustomField,Material,Standard
UserCustomField,ID,
UserCustomField,Probe,SdAR-M2
UserCustomField,Projekt,Brennexperiment
AnalysisMode,32
AnalysisType,1
UsedAutoCalSelect,False
ResultUnits,PPM
ErrorMultiplier,2
CalFileName,MudrockDual
CalPackageName,
CalPackagePartNumber,
TypeStandardizationSetName,
NumberOfElementsInCalculatedResults,27
CalculatedResults:AtomicNum,ElementSymbol,Units,Value,TypeStandardizedValue,Error,RangeMin,RangeMax,Tramp,Nominal
12,Mg,PPM,0.3735977,0.3735977,0.05052179,0,0,False,False
13,Al,PPM,4.453906,4.453906,0.03029272,0,0,False,False
14,Si,PPM,23.33945,23.33945,0.0409765,0,0,False,False
15,P,PPM,0.01943387,0.01943387,0.002931979,0,0,False,False
16,S,PPM,0.1922641,0.1922641,0.002716518,0,0,False,False
19,K,PPM,3.364211,3.364211,0.006326906,0,0,False,False
20,Ca,PPM,0.6430367,0.6430367,0.002266347,0,0,False,False
22,Ti,PPM,0.1357706,0.1357706,0.001088661,0,0,False,False
23,V,PPM,0.007260063,0.007260063,0.0005661944,0,0,False,False
24,Cr,PPM,0.004843407,0.004843407,0.0003393405,0,0,False,False
25,Mn,PPM,0.08757964,0.08757964,0.0005928804,0,0,False,False
26,Fe,PPM,1.872736,1.872736,0.002659773,0,0,False,False
27,Co,PPM,0,0,7.153471E-05,0,0,False,False
28,Ni,PPM,0.005112776,0.005112776,0.0001802784,0,0,False,False
29,Cu,PPM,0.02965008,0.02965008,0.0003105978,0,0,False,False
30,Zn,PPM,0.09527077,0.09527077,0.0004390697,0,0,False,False
33,As,PPM,0.04208347,0.04208347,0.0002566669,0,0,False,False
37,Rb,PPM,0.01458206,0.01458206,0.0001189104,0,0,False,False
38,Sr,PPM,0.01542854,0.01542854,0.0001280848,0,0,False,False
39,Y,PPM,0.005440909,0.005440909,0.0001229465,0,0,False,False
40,Zr,PPM,0.01927039,0.01927039,0.0001257319,0,0,False,False
41,Nb,PPM,0.002157586,0.002157586,9.869443E-05,0,0,False,False
42,Mo,PPM,0.002353367,0.002353367,0.0001073665,0,0,False,False
56,Ba,PPM,0.1390847,0.1390847,0.007794696,0,0,False,False
82,Pb,PPM,0.04292082,0.04292082,0.0002364036,0,0,False,False
90,Th,PPM,0.001770802,0.001770802,2.860298E-05,0,0,False,False
92,U,PPM,0.0003557552,0.0003557552,0.0002528547,0,0,False,False
MatchSpreadThreshold,0.05
IsTrampEnabled,False
IsNominalEnabled,False
NumberOfGradeIDMatchResults,3
GradeIDMatchResultsHeader,GradeID,MatchConfidence
GradeIDMatchResult,,0
GradeIDMatchResult,,0
GradeIDMatchResult,,0
ParametersForEachSpectrum,Spectrum 1,,Spectrum 2,
XrayVoltageInkV,40,,15,
XrayFilamentCurrentInMicroAmps,38.85,,27.9,
RawCounts,3218982,,3245270,
ValidCounts,2720670,,2866920,
eVPerChannel,20,,20,
StartingKeV,0.0006912467,,0.0006912467,
ZeroOffsetInKeV,-0.0006912467,,-0.0006912467,
StartingChannel,0.03456233,,0.03456233,
NumberOfChannels,2048,,2048,
CountsPerSecond,64088.67,,59591.05,
XilinxFirmwareVersion,,,,
IlluminationID,MudRock Trace40,,MudRock Maj15,
Filter1ElementAtomicNum,22,,0,
Filter1Thickness,25,,0,
Filter2ElementAtomicNum,13,,0,
Filter2Thickness,300,,0,
Filter3ElementAtomicNum,0,,0,
Filter3Thickness,0,,0,
AcquisitionDateTime,4/2/2025 1:46:27 PM,,4/2/2025 1:46:27 PM,
LiveTimeInSeconds,42.74502,,47.18798,
DeadTimeInSeconds,7.482001,,7.270999,
ResetTimeInSeconds,6.048998,,1.77,
DetectorTempInC,-27,,-27,
AmbientTempInF,112,,112,
NosePressureInMilliBars,998.0001,,998.0001,
NoseTemperatureInC,37,,37,
ActiveTimeInSeconds,50.22701,,54.45901,
PacketTimeInSeconds,56.27601,,56.22902,
CommunicationTimeInSeconds,,,,
ElapsedClockTimeInSeconds,60,,60,
Spectrum:ChannelNumber,ChannelStartInKeV,ChannelCount,ChannelStartInKeV,ChannelCount
1,0.0006912467,0,0.0006912467,0
2,0.02069125,0,0.02069125,0
3,0.04069125,0,0.04069125,0
4,0.06069124,0,0.06069124,0
5,0.08069125,0,0.08069125,0
6,0.1006912,0,0.1006912,0
7,0.1206912,0,0.1206912,0
8,0.1406913,0,0.1406913,0
9,0.1606912,0,0.1606912,0
10,0.1806912,0,0.1806912,0
11,0.2006913,0,0.2006913,0
12,0.2206912,0,0.2206912,0
13,0.2406912,0,0.2406912,0
14,0.2606913,0,0.2606913,0
15,0.2806912,8,0.2806912,8
16,0.3006912,105,0.3006912,84
17,0.3206913,667,0.3206913,546
18,0.3406912,2654,0.3406912,2756
19,0.3606912,7057,0.3606912,7728
20,0.3806913,10998,0.3806913,12588
21,0.4006912,10941,0.4006912,12647
22,0.4206913,6609,0.4206913,7244
23,0.4406912,2477,0.4406912,2566
24,0.4606912,581,0.4606912,572
25,0.4806913,103,0.4806913,82
26,0.5006912,21,0.5006912,4
27,0.5206913,4,0.5206913,1
28,0.5406913,4,0.5406913,0
29,0.5606912,2,0.5606912,0
30,0.5806912,2,0.5806912,0
31,0.6006913,2,0.6006913,0
32,0.6206912,2,0.6206912,0
33,0.6406912,0,0.6406912,0
34,0.6606913,4,0.6606913,0
35,0.6806912,626,0.6806912,81
36,0.7006912,614,0.7006912,70
37,0.7206913,664,0.7206913,92
38,0.7406912,633,0.7406912,69
39,0.7606912,635,0.7606912,71
40,0.7806913,623,0.7806913,81
41,0.8006912,631,0.8006912,75
42,0.8206912,596,0.8206912,77
43,0.8406913,607,0.8406913,102
44,0.8606912,577,0.8606912,112
45,0.8806912,596,0.8806912,131
46,0.9006913,586,0.9006913,189
47,0.9206913,590,0.9206913,241
48,0.9406912,592,0.9406912,269
49,0.9606913,552,0.9606913,226
50,0.9806913,634,0.9806913,220
51,1.000691,617,1.000691,179
52,1.020691,633,1.020691,122
53,1.040691,546,1.040691,141
54,1.060691,576,1.060691,164
55,1.080691,577,1.080691,193
56,1.100691,549,1.100691,199
57,1.120691,520,1.120691,168
58,1.140691,529,1.140691,152
59,1.160691,578,1.160691,168
60,1.180691,548,1.180691,224
61,1.200691,497,1.200691,250
62,1.220691,517,1.220691,271
63,1.240691,523,1.240691,265
64,1.260691,482,1.260691,212
65,1.280691,532,1.280691,175
66,1.300691,501,1.300691,147
67,1.320691,494,1.320691,127
68,1.340691,507,1.340691,159
69,1.360691,489,1.360691,212
70,1.380691,490,1.380691,369
71,1.400691,505,1.400691,865
72,1.420691,513,1.420691,2058
73,1.440691,566,1.440691,3877
74,1.460691,574,1.460691,6063
75,1.480691,654,1.480691,6865
76,1.500691,630,1.500691,6254
77,1.520691,545,1.520691,4861
78,1.540691,544,1.540691,3209
79,1.560691,530,1.560691,2256
80,1.580691,490,1.580691,1560
81,1.600691,480,1.600691,1406
82,1.620691,463,1.620691,2154
83,1.640691,521,1.640691,5791
84,1.660691,602,1.660691,16097
85,1.680691,882,1.680691,36736
86,1.700691,1248,1.700691,65171
87,1.720691,1602,1.720691,88987
88,1.740691,1660,1.740691,93720
89,1.760691,1399,1.760691,76697
90,1.780691,1060,1.780691,49910
91,1.800691,752,1.800691,26452
92,1.820691,591,1.820691,12945
93,1.840691,462,1.840691,6887
94,1.860691,465,1.860691,3921
95,1.880691,449,1.880691,2079
96,1.900691,388,1.900691,1179
97,1.920691,414,1.920691,643
98,1.940691,389,1.940691,477
99,1.960691,380,1.960691,448
100,1.980691,383,1.980691,459
101,2.000691,369,2.000691,453
102,2.020691,381,2.020691,412
103,2.040691,346,2.040691,385
104,2.060691,403,2.060691,349
105,2.080691,345,2.080691,273
106,2.100691,350,2.100691,264
107,2.120691,341,2.120691,305
108,2.140691,347,2.140691,286
109,2.160691,372,2.160691,271
110,2.180691,375,2.180691,321
111,2.200691,329,2.200691,379
112,2.220691,304,2.220691,500
113,2.240691,342,2.240691,730
114,2.260691,332,2.260691,1081
115,2.280691,363,2.280691,1559
116,2.300691,366,2.300691,1745
117,2.320691,343,2.320691,1795
118,2.340691,339,2.340691,1670
119,2.360691,346,2.360691,1491
120,2.380691,361,2.380691,1337
121,2.400691,314,2.400691,1133
122,2.420691,338,2.420691,980
123,2.440691,315,2.440691,975
124,2.460691,310,2.460691,918
125,2.480691,326,2.480691,812
126,2.500691,304,2.500691,766
127,2.520691,294,2.520691,807
128,2.540691,290,2.540691,821
129,2.560691,275,2.560691,949
130,2.580691,307,2.580691,1432
131,2.600691,267,2.600691,2441
132,2.620691,255,2.620691,4108
133,2.640691,267,2.640691,6747
134,2.660691,255,2.660691,9757
135,2.680691,251,2.680691,11685
136,2.700691,229,2.700691,12246
137,2.720691,282,2.720691,10876
138,2.740691,239,2.740691,8295
139,2.760691,257,2.760691,6321
140,2.780691,249,2.780691,5637
141,2.800691,249,2.800691,6164
142,2.820691,261,2.820691,6787
143,2.840691,228,2.840691,7062
144,2.860691,291,2.860691,6961
145,2.880691,329,2.880691,6908
146,2.900691,383,2.900691,7212
147,2.920691,444,2.920691,8071
148,2.940691,473,2.940691,8961
149,2.960691,516,2.960691,8945
150,2.980691,491,2.980691,7965
151,3.000691,400,3.000691,6072
152,3.020691,340,3.020691,4130
153,3.040691,272,3.040691,2560
154,3.060691,205,3.060691,1677
155,3.080691,220,3.080691,1319
156,3.100691,217,3.100691,1192
157,3.120691,226,3.120691,1282
158,3.140691,226,3.140691,1554
159,3.160691,248,3.160691,2045
160,3.180691,348,3.180691,2991
161,3.200691,557,3.200691,5448
162,3.220691,1029,3.220691,10801
163,3.240691,1844,3.240691,20758
164,3.260691,2934,3.260691,35583
165,3.280691,4100,3.280691,51378
166,3.300691,4891,3.300691,62499
167,3.320691,4945,3.320691,63600
168,3.340691,4224,3.340691,53893
169,3.360691,2982,3.360691,38415
170,3.380691,1932,3.380691,22728
171,3.400691,1029,3.400691,11766
172,3.420691,511,3.420691,5489
173,3.440691,304,3.440691,2618
174,3.460691,276,3.460691,1714
175,3.480691,247,3.480691,1875
176,3.500691,319,3.500691,2673
177,3.520691,437,3.520691,4221
178,3.540691,616,3.540691,6266
179,3.560691,807,3.560691,8397
180,3.580691,983,3.580691,9953
181,3.600691,1098,3.600691,11243
182,3.620691,1119,3.620691,12055
183,3.640691,1278,3.640691,12907
184,3.660691,1337,3.660691,13736
185,3.680691,1473,3.680691,14006
186,3.700691,1326,3.700691,13167
187,3.720691,1050,3.720691,10859
188,3.740691,803,3.740691,7509
189,3.760691,564,3.760691,4839
190,3.780691,301,3.780691,2915
191,3.800691,186,3.800691,1598
192,3.820691,152,3.820691,1087
193,3.840691,110,3.840691,922
194,3.860691,122,3.860691,934
195,3.880691,128,3.880691,957
196,3.900691,145,3.900691,1019
197,3.920691,137,3.920691,1174
198,3.940691,172,3.940691,1448
199,3.960691,225,3.960691,1888
200,3.980691,251,3.980691,2270
201,4.000691,267,4.000691,2551
202,4.020691,304,4.020691,2539
203,4.040691,262,4.040691,2328
204,4.060691,223,4.060691,1923
205,4.080691,153,4.080691,1534
206,4.100691,130,4.100691,1237
207,4.120691,94,4.120691,1037
208,4.140691,101,4.140691,989
209,4.160691,79,4.160691,916
210,4.180691,84,4.180691,887
211,4.200691,76,4.200691,906
212,4.220691,66,4.220691,860
213,4.240691,89,4.240691,896
214,4.260691,68,4.260691,929
215,4.280691,87,4.280691,923
216,4.300691,88,4.300691,927
217,4.320691,82,4.320691,1003
218,4.340691,92,4.340691,1123
219,4.360691,124,4.360691,1218
220,4.380691,179,4.380691,1572
221,4.400691,295,4.400691,2111
222,4.420691,470,4.420691,3076
223,4.440691,667,4.440691,4170
224,4.460691,846,4.460691,5555
225,4.480691,1062,4.480691,6506
226,4.500691,1099,4.500691,6949
227,4.520691,999,4.520691,6681
228,4.540691,898,4.540691,5798
229,4.560691,708,4.560691,4444
230,4.580691,513,4.580691,3231
231,4.600691,411,4.600691,2466
232,4.620691,294,4.620691,1891
233,4.640691,285,4.640691,1705
234,4.660691,264,4.660691,1566
235,4.680691,247,4.680691,1612
236,4.700691,225,4.700691,1402
237,4.720691,192,4.720691,1396
238,4.740691,167,4.740691,1448
239,4.760691,165,4.760691,1606
240,4.780691,202,4.780691,1782
241,4.800691,283,4.800691,1943
242,4.820691,285,4.820691,2181
243,4.840691,283,4.840691,2240
244,4.860691,310,4.860691,2355
245,4.880691,332,4.880691,2457
246,4.900691,341,4.900691,2562
247,4.920691,335,4.920691,2585
248,4.940691,305,4.940691,2529
249,4.960691,278,4.960691,2320
250,4.980691,227,4.980691,2196
251,5.000691,184,5.000691,2092
252,5.020691,123,5.020691,1946
253,5.040691,104,5.040691,1846
254,5.060691,94,5.060691,1845
255,5.080691,102,5.080691,1843
256,5.100691,84,5.100691,1791
257,5.120691,115,5.120691,1922
258,5.140691,106,5.140691,1887
259,5.160691,117,5.160691,1914
260,5.180691,124,5.180691,1894
261,5.200691,140,5.200691,1864
262,5.220691,124,5.220691,1918
263,5.240691,126,5.240691,1810
264,5.260691,112,5.260691,1847
265,5.280691,127,5.280691,1856
266,5.300691,145,5.300691,1943
267,5.320691,125,5.320691,1792
268,5.340691,145,5.340691,1960
269,5.360691,141,5.360691,2076
270,5.380691,158,5.380691,2125
271,5.400691,141,5.400691,2125
272,5.420691,133,5.420691,2141
273,5.440691,142,5.440691,2057
274,5.460691,154,5.460691,2038
275,5.480691,123,5.480691,1974
276,5.500691,115,5.500691,1984
277,5.520691,103,5.520691,1958
278,5.540691,105,5.540691,2002
279,5.560691,105,5.560691,1871
280,5.580691,101,5.580691,1961
281,5.600691,81,5.600691,1835
282,5.620691,84,5.620691,1907
283,5.640691,81,5.640691,1899
284,5.660691,97,5.660691,1874
285,5.680691,87,5.680691,1871
286,5.700691,87,5.700691,1837
287,5.720691,117,5.720691,2021
288,5.740691,168,5.740691,2084
289,5.760691,239,5.760691,2316
290,5.780691,396,5.780691,2573
291,5.800691,662,5.800691,3311
292,5.820691,956,5.820691,4185
293,5.840691,1373,5.840691,5149
294,5.860691,1661,5.860691,6219
295,5.880691,1910,5.880691,6633
296,5.900691,1990,5.900691,6858
297,5.920691,1753,5.920691,6314
298,5.940691,1434,5.940691,5356
299,5.960691,969,5.960691,4271
300,5.980691,699,5.980691,3410
301,6.000691,435,6.000691,2794
302,6.020691,271,6.020691,2346
303,6.040691,182,6.040691,2073
304,6.060691,141,6.060691,1973
305,6.080691,146,6.080691,1921
306,6.100691,105,6.100691,1944
307,6.120691,137,6.120691,1925
308,6.140691,179,6.140691,1997
309,6.160691,239,6.160691,2043
310,6.180691,286,6.180691,2206
311,6.200691,439,6.200691,2511
312,6.220691,997,6.220691,3245
313,6.240691,1932,6.240691,5027
314,6.260691,4084,6.260691,8562
315,6.280691,7746,6.280691,15120
316,6.300691,13770,6.300691,25966
317,6.320691,21768,6.320691,40378
318,6.340691,31646,6.340691,58621
319,6.360691,40775,6.360691,75447
320,6.380691,46273,6.380691,87084
321,6.400691,48247,6.400691,89889
322,6.420691,44344,6.420691,83105
323,6.440691,36306,6.440691,69319
324,6.460691,27082,6.460691,51770
325,6.480691,18142,6.480691,34965
326,6.500691,11053,6.500691,21653
327,6.520691,5946,6.520691,12419
328,6.540691,3158,6.540691,7264
329,6.560691,1494,6.560691,4252
330,6.580691,740,6.580691,2949
331,6.600691,386,6.600691,2201
332,6.620691,238,6.620691,1954
333,6.640691,205,6.640691,1905
334,6.660691,154,6.660691,1868
335,6.680691,178,6.680691,1823
336,6.700691,151,6.700691,1869
337,6.720691,150,6.720691,1754
338,6.740691,135,6.740691,1868
339,6.760691,158,6.760691,1826
340,6.780691,159,6.780691,1922
341,6.800691,211,6.800691,1870
342,6.820691,215,6.820691,1951
343,6.840691,281,6.840691,2051
344,6.860691,363,6.860691,2210
345,6.880691,521,6.880691,2576
346,6.900691,860,6.900691,2795
347,6.920691,1229,6.920691,3688
348,6.940691,1982,6.940691,4895
349,6.960691,2969,6.960691,6550
350,6.980691,4270,6.980691,8831
351,7.000691,5732,7.000691,11252
352,7.020691,7002,7.020691,13149
353,7.040691,7617,7.040691,14533
354,7.060691,7603,7.060691,14426
355,7.080691,7044,7.080691,13251
356,7.100691,5608,7.100691,11135
357,7.120691,4301,7.120691,8676
358,7.140691,2900,7.140691,6379
359,7.160691,1805,7.160691,4549
360,7.180691,1009,7.180691,3337
361,7.200691,539,7.200691,2468
362,7.220691,289,7.220691,1954
363,7.240691,163,7.240691,1901
364,7.260691,89,7.260691,1776
365,7.280691,77,7.280691,1787
366,7.300691,79,7.300691,1783
367,7.320691,93,7.320691,1830
368,7.340691,89,7.340691,1887
369,7.360691,100,7.360691,2159
370,7.380691,152,7.380691,2226
371,7.400691,197,7.400691,2412
372,7.420691,268,7.420691,2573
373,7.440691,273,7.440691,2867
374,7.460691,312,7.460691,2920
375,7.480691,287,7.480691,2943
376,7.500691,291,7.500691,2738
377,7.520691,236,7.520691,2521
378,7.540691,184,7.540691,2285
379,7.560691,150,7.560691,1868
380,7.580691,107,7.580691,1761
381,7.600691,88,7.600691,1674
382,7.620691,82,7.620691,1558
383,7.640691,74,7.640691,1538
384,7.660691,53,7.660691,1490
385,7.680691,64,7.680691,1545
386,7.700691,67,7.700691,1548
387,7.720691,57,7.720691,1512
388,7.740691,104,7.740691,1530
389,7.760691,83,7.760691,1432
390,7.780691,84,7.780691,1496
391,7.800691,87,7.800691,1450
392,7.820691,66,7.820691,1535
393,7.840691,101,7.840691,1501
394,7.860691,128,7.860691,1617
395,7.880691,161,7.880691,1597
396,7.900691,295,7.900691,1647
397,7.920691,419,7.920691,1754
398,7.940691,653,7.940691,1838
399,7.960691,900,7.960691,2072
400,7.980691,1215,7.980691,2218
401,8.000691,1457,8.000691,2432
402,8.020691,1624,8.020691,2589
403,8.040691,1709,8.040691,2670
404,8.060691,1610,8.060691,2658
405,8.080691,1403,8.080691,2565
406,8.100691,1117,8.100691,2398
407,8.120691,793,8.120691,2294
408,8.140691,596,8.140691,2001
409,8.160691,366,8.160691,1981
410,8.180692,253,8.180692,1899
411,8.200691,211,8.200691,1856
412,8.220692,156,8.220692,1824
413,8.240691,147,8.240691,1834
414,8.260692,133,8.260692,1814
415,8.280691,150,8.280691,1705
416,8.300692,125,8.300692,1686
417,8.320691,122,8.320691,1585
418,8.340692,137,8.340692,1591
419,8.360691,126,8.360691,1589
420,8.380692,147,8.380692,1572
421,8.400691,174,8.400691,1544
422,8.420691,194,8.420691,1566
423,8.440691,298,8.440691,1720
424,8.460691,492,8.460691,1639
425,8.480691,856,8.480691,1843
426,8.500691,1336,8.500691,2070
427,8.520691,2181,8.520691,2437
428,8.540691,3188,8.540691,2967
429,8.560691,4386,8.560691,3432
430,8.580691,5516,8.580691,3951
431,8.600691,6582,8.600691,4324
432,8.620691,6825,8.620691,4645
433,8.640691,6685,8.640691,4482
434,8.660691,6066,8.660691,4193
435,8.680692,5114,8.680692,3803
436,8.700691,3881,8.700691,3330
437,8.720692,2686,8.720692,2725
438,8.740691,1848,8.740691,2300
439,8.760692,1110,8.760692,2067
440,8.780691,714,8.780691,1815
441,8.800692,489,8.800692,1799
442,8.820691,356,8.820691,1714
443,8.840692,371,8.840692,1683
444,8.860691,362,8.860691,1737
445,8.880692,386,8.880692,1686
446,8.900691,402,8.900691,1702
447,8.920691,418,8.920691,1644
448,8.940691,338,8.940691,1610
449,8.960691,309,8.960691,1616
450,8.980691,285,8.980691,1620
451,9.000691,233,9.000691,1611
452,9.020691,224,9.020691,1639
453,9.040691,227,9.040691,1609
454,9.060691,203,9.060691,1660
455,9.080691,232,9.080691,1572
456,9.100691,292,9.100691,1577
457,9.120691,342,9.120691,1623
458,9.140691,440,9.140691,1602
459,9.160691,487,9.160691,1609
460,9.180692,541,9.180692,1665
461,9.200691,533,9.200691,1646
462,9.220692,555,9.220692,1583
463,9.240691,518,9.240691,1600
464,9.260692,476,9.260692,1662
465,9.280691,421,9.280691,1692
466,9.300692,360,9.300692,1585
467,9.320691,316,9.320691,1503
468,9.340692,275,9.340692,1568
469,9.360691,271,9.360691,1612
470,9.380692,251,9.380692,1604
471,9.400691,274,9.400691,1536
472,9.420691,352,9.420691,1597
473,9.440691,432,9.440691,1643
474,9.460691,636,9.460691,1685
475,9.480691,746,9.480691,1849
476,9.500691,901,9.500691,1807
477,9.520691,1102,9.520691,1906
478,9.540691,1271,9.540691,2000
479,9.560691,1281,9.560691,1955
480,9.580691,1259,9.580691,2030
481,9.600691,1194,9.600691,1924
482,9.620691,988,9.620691,1991
483,9.640691,824,9.640691,1808
484,9.660691,663,9.660691,1817
485,9.680692,530,9.680692,1799
486,9.700691,378,9.700691,1797
487,9.720692,311,9.720692,1661
488,9.740691,270,9.740691,1636
489,9.760692,252,9.760692,1655
490,9.780691,244,9.780691,1591
491,9.800692,215,9.800692,1528
492,9.820691,232,9.820691,1621
493,9.840692,265,9.840692,1537
494,9.860691,235,9.860691,1451
495,9.880692,250,9.880692,1505
496,9.900691,225,9.900691,1550
497,9.920691,248,9.920691,1455
498,9.940691,260,9.940691,1489
499,9.960691,243,9.960691,1502
500,9.980691,234,9.980691,1477
501,10.00069,247,10.00069,1508
502,10.02069,227,10.02069,1561
503,10.04069,250,10.04069,1486
504,10.06069,262,10.06069,1466
505,10.08069,265,10.08069,1453
506,10.10069,259,10.10069,1523
507,10.12069,302,10.12069,1392
508,10.14069,297,10.14069,1447
509,10.16069,319,10.16069,1451
510,10.18069,331,10.18069,1432
511,10.20069,318,10.20069,1477
512,10.22069,347,10.22069,1497
513,10.24069,383,10.24069,1426
514,10.26069,385,10.26069,1433
515,10.28069,464,10.28069,1412
516,10.30069,499,10.30069,1446
517,10.32069,654,10.32069,1428
518,10.34069,783,10.34069,1421
519,10.36069,1065,10.36069,1494
520,10.38069,1456,10.38069,1504
521,10.40069,1980,10.40069,1480
522,10.42069,2665,10.42069,1519
523,10.44069,3580,10.44069,1630
524,10.46069,4625,10.46069,1534
525,10.48069,5615,10.48069,1673
526,10.50069,6471,10.50069,1680
527,10.52069,7093,10.52069,1733
528,10.54069,7296,10.54069,1620
529,10.56069,7166,10.56069,1663
530,10.58069,6351,10.58069,1687
531,10.60069,5377,10.60069,1616
532,10.62069,4314,10.62069,1498
533,10.64069,3325,10.64069,1473
534,10.66069,2364,10.66069,1406
535,10.68069,1650,10.68069,1391
536,10.70069,1232,10.70069,1286
537,10.72069,832,10.72069,1321
538,10.74069,634,10.74069,1249
539,10.76069,533,10.76069,1236
540,10.78069,501,10.78069,1263
541,10.80069,463,10.80069,1241
542,10.82069,434,10.82069,1361
543,10.84069,439,10.84069,1293
544,10.86069,462,10.86069,1275
545,10.88069,472,10.88069,1225
546,10.90069,445,10.90069,1244
547,10.92069,464,10.92069,1216
548,10.94069,472,10.94069,1205
549,10.96069,421,10.96069,1264
550,10.98069,415,10.98069,1146
551,11.00069,452,11.00069,1192
552,11.02069,498,11.02069,1121
553,11.04069,466,11.04069,1220
554,11.06069,450,11.06069,1145
555,11.08069,498,11.08069,1199
556,11.10069,488,11.10069,1160
557,11.12069,537,11.12069,1162
558,11.14069,520,11.14069,1201
559,11.16069,531,11.16069,1111
560,11.18069,527,11.18069,1079
561,11.20069,615,11.20069,1177
562,11.22069,560,11.22069,1132
563,11.24069,591,11.24069,1146
564,11.26069,575,11.26069,1147
565,11.28069,605,11.28069,1136
566,11.30069,679,11.30069,1083
567,11.32069,677,11.32069,1138
568,11.34069,653,11.34069,1100
569,11.36069,653,11.36069,1137
570,11.38069,657,11.38069,1048
571,11.40069,622,11.40069,1103
572,11.42069,648,11.42069,1117
573,11.44069,614,11.44069,1083
574,11.46069,645,11.46069,1045
575,11.48069,595,11.48069,1083
576,11.50069,635,11.50069,1104
577,11.52069,576,11.52069,997
578,11.54069,655,11.54069,1099
579,11.56069,622,11.56069,1000
580,11.58069,648,11.58069,1004
581,11.60069,666,11.60069,996
582,11.62069,725,11.62069,1070
583,11.64069,711,11.64069,987
584,11.66069,739,11.66069,1027
585,11.68069,779,11.68069,1066
586,11.70069,831,11.70069,1009
587,11.72069,824,11.72069,1009
588,11.74069,807,11.74069,955
589,11.76069,871,11.76069,944
590,11.78069,765,11.78069,922
591,11.80069,791,11.80069,983
592,11.82069,759,11.82069,953
593,11.84069,774,11.84069,937
594,11.86069,707,11.86069,962
595,11.88069,722,11.88069,936
596,11.90069,709,11.90069,951
597,11.92069,740,11.92069,950
598,11.94069,767,11.94069,952
599,11.96069,720,11.96069,935
600,11.98069,746,11.98069,906
601,12.00069,789,12.00069,883
602,12.02069,768,12.02069,921
603,12.04069,816,12.04069,896
604,12.06069,853,12.06069,924
605,12.08069,867,12.08069,902
606,12.10069,856,12.10069,856
607,12.12069,906,12.12069,827
608,12.14069,940,12.14069,877
609,12.16069,928,12.16069,828
610,12.18069,963,12.18069,840
611,12.20069,1025,12.20069,865
612,12.22069,1095,12.22069,903
613,12.24069,1096,12.24069,825
614,12.26069,1162,12.26069,820
615,12.28069,1134,12.28069,785
616,12.30069,1092,12.30069,845
617,12.32069,1104,12.32069,834
618,12.34069,1116,12.34069,800
619,12.36069,1106,12.36069,802
620,12.38069,1182,12.38069,781
621,12.40069,1279,12.40069,812
622,12.42069,1352,12.42069,778
623,12.44069,1636,12.44069,725
624,12.46069,1993,12.46069,778
625,12.48069,2479,12.48069,815
626,12.50069,3110,12.50069,779
627,12.52069,4017,12.52069,755
628,12.54069,4786,12.54069,763
629,12.56069,5478,12.56069,805
630,12.58069,6088,12.58069,833
631,12.60069,6352,12.60069,742
632,12.62069,6263,12.62069,819
633,12.64069,6124,12.64069,753
634,12.66069,5363,12.66069,718
635,12.68069,4567,12.68069,751
636,12.70069,3963,12.70069,694
637,12.72069,3244,12.72069,807
638,12.74069,2598,12.74069,759
639,12.76069,2346,12.76069,765
640,12.78069,1919,12.78069,788
641,12.80069,1734,12.80069,756
642,12.82069,1577,12.82069,764
643,12.84069,1518,12.84069,734
644,12.86069,1478,12.86069,706
645,12.88069,1361,12.88069,714
646,12.90069,1417,12.90069,677
647,12.92069,1322,12.92069,664
648,12.94069,1338,12.94069,665
649,12.96069,1365,12.96069,579
650,12.98069,1414,12.98069,651
651,13.00069,1397,13.00069,583
652,13.02069,1306,13.02069,570
653,13.04069,1285,13.04069,584
654,13.06069,1288,13.06069,594
655,13.08069,1242,13.08069,572
656,13.10069,1179,13.10069,559
657,13.12069,1250,13.12069,547
658,13.14069,1290,13.14069,509
659,13.16069,1332,13.16069,515
660,13.18069,1441,13.18069,500
661,13.20069,1614,13.20069,508
662,13.22069,1868,13.22069,517
663,13.24069,2254,13.24069,500
664,13.26069,2672,13.26069,466
665,13.28069,3079,13.28069,521
666,13.30069,3600,13.30069,504
667,13.32069,3828,13.32069,463
668,13.34069,4177,13.34069,489
669,13.36069,4394,13.36069,444
670,13.38069,4298,13.38069,473
671,13.40069,4181,13.40069,500
672,13.42069,3779,13.42069,508
673,13.44069,3404,13.44069,494
674,13.46069,2856,13.46069,478
675,13.48069,2465,13.48069,443
676,13.50069,2083,13.50069,476
677,13.52069,1798,13.52069,409
678,13.54069,1618,13.54069,416
679,13.56069,1386,13.56069,414
680,13.58069,1252,13.58069,410
681,13.60069,1246,13.60069,409
682,13.62069,1225,13.62069,384
683,13.64069,1232,13.64069,357
684,13.66069,1220,13.66069,392
685,13.68069,1153,13.68069,368
686,13.70069,1233,13.70069,369
687,13.72069,1207,13.72069,359
688,13.74069,1239,13.74069,337
689,13.76069,1211,13.76069,327
690,13.78069,1188,13.78069,345
691,13.80069,1271,13.80069,319
692,13.82069,1252,13.82069,319
693,13.84069,1230,13.84069,272
694,13.86069,1324,13.86069,289
695,13.88069,1333,13.88069,289
696,13.90069,1394,13.90069,275
697,13.92069,1474,13.92069,272
698,13.94069,1593,13.94069,253
699,13.96069,1840,13.96069,249
700,13.98069,2095,13.98069,240
701,14.00069,2446,14.00069,258
702,14.02069,2882,14.02069,229
703,14.04069,3256,14.04069,234
704,14.06069,3591,14.06069,241
705,14.08069,4047,14.08069,225
706,14.10069,4412,14.10069,232
707,14.12069,4378,14.12069,185
708,14.14069,4514,14.14069,184
709,14.16069,4376,14.16069,200
710,14.18069,4176,14.18069,171
711,14.20069,3795,14.20069,173
712,14.22069,3393,14.22069,170
713,14.24069,2889,14.24069,167
714,14.26069,2566,14.26069,164
715,14.28069,2083,14.28069,163
716,14.30069,1925,14.30069,140
717,14.32069,1753,14.32069,136
718,14.34069,1517,14.34069,143
719,14.36069,1556,14.36069,97
720,14.38069,1456,14.38069,126
721,14.40069,1475,14.40069,115
722,14.42069,1356,14.42069,105
723,14.44069,1416,14.44069,96
724,14.46069,1419,14.46069,98
725,14.48069,1398,14.48069,95
726,14.50069,1414,14.50069,93
727,14.52069,1537,14.52069,100
728,14.54069,1488,14.54069,104
729,14.56069,1479,14.56069,74
730,14.58069,1542,14.58069,68
731,14.60069,1544,14.60069,63
732,14.62069,1736,14.62069,68
733,14.64069,1783,14.64069,75
734,14.66069,1935,14.66069,69
735,14.68069,2082,14.68069,50
736,14.70069,2253,14.70069,69
737,14.72069,2154,14.72069,73
738,14.74069,2460,14.74069,54
739,14.76069,2518,14.76069,45
740,14.78069,2567,14.78069,50
741,14.80069,2652,14.80069,48
742,14.82069,2589,14.82069,47
743,14.84069,2602,14.84069,27
744,14.86069,2748,14.86069,33
745,14.88069,2770,14.88069,33
746,14.90069,2747,14.90069,34
747,14.92069,2855,14.92069,38
748,14.94069,2761,14.94069,30
749,14.96069,2756,14.96069,27
750,14.98069,2674,14.98069,29
751,15.00069,2567,15.00069,24
752,15.02069,2375,15.02069,18
753,15.04069,2229,15.04069,26
754,15.06069,2081,15.06069,21
755,15.08069,2066,15.08069,17
756,15.10069,2037,15.10069,28
757,15.12069,1982,15.12069,25
758,15.14069,1938,15.14069,23
759,15.16069,1873,15.16069,26
760,15.18069,1812,15.18069,15
761,15.20069,1886,15.20069,11
762,15.22069,1754,15.22069,18
763,15.24069,1766,15.24069,19
764,15.26069,1778,15.26069,13
765,15.28069,1648,15.28069,11
766,15.30069,1647,15.30069,17
767,15.32069,1586,15.32069,8
768,15.34069,1576,15.34069,8
769,15.36069,1650,15.36069,13
770,15.38069,1590,15.38069,12
771,15.40069,1624,15.40069,10
772,15.42069,1571,15.42069,9
773,15.44069,1646,15.44069,8
774,15.46069,1636,15.46069,12
775,15.48069,1734,15.48069,9
776,15.50069,1941,15.50069,9
777,15.52069,2068,15.52069,8
778,15.54069,2302,15.54069,18
779,15.56069,2732,15.56069,11
780,15.58069,3094,15.58069,12
781,15.60069,3670,15.60069,14
782,15.62069,4340,15.62069,16
783,15.64069,4881,15.64069,14
784,15.66069,5723,15.66069,18
785,15.68069,6168,15.68069,19
786,15.70069,6590,15.70069,14
787,15.72069,6939,15.72069,9
788,15.74069,7020,15.74069,12
789,15.76069,6900,15.76069,10
790,15.78069,6631,15.78069,11
791,15.80069,6113,15.80069,12
792,15.82069,5435,15.82069,12
793,15.84069,4933,15.84069,15
794,15.86069,4218,15.86069,18
795,15.88069,3692,15.88069,8
796,15.90069,3103,15.90069,11
797,15.92069,2659,15.92069,17
798,15.94069,2238,15.94069,11
799,15.96069,2104,15.96069,12
800,15.98069,1937,15.98069,12
801,16.00069,1904,16.00069,16
802,16.02069,1798,16.02069,13
803,16.04069,1716,16.04069,12
804,16.06069,1734,16.06069,14
805,16.08069,1785,16.08069,8
806,16.10069,1738,16.10069,11
807,16.12069,1792,16.12069,12
808,16.14069,1724,16.14069,11
809,16.16069,1673,16.16069,8
810,16.18069,1747,16.18069,12
811,16.20069,1771,16.20069,10
812,16.22069,1689,16.22069,9
813,16.24069,1691,16.24069,10
814,16.26069,1731,16.26069,12
815,16.28069,1737,16.28069,11
816,16.30069,1668,16.30069,6
817,16.32069,1758,16.32069,8
818,16.34069,1793,16.34069,11
819,16.36069,1776,16.36069,10
820,16.38069,1731,16.38069,8
821,16.40069,1799,16.40069,9
822,16.42069,1797,16.42069,12
823,16.44069,1937,16.44069,11
824,16.46069,2048,16.46069,11
825,16.48069,1996,16.48069,18
826,16.50069,2011,16.50069,10
827,16.52069,2143,16.52069,9
828,16.54069,2132,16.54069,9
829,16.56069,2220,16.56069,12
830,16.58069,2241,16.58069,12
831,16.60069,2214,16.60069,11
832,16.62069,2303,16.62069,7
833,16.64069,2134,16.64069,9
834,16.66069,2089,16.66069,13
835,16.68069,2096,16.68069,12
836,16.70069,2029,16.70069,5
837,16.72069,1951,16.72069,5
838,16.74069,1879,16.74069,12
839,16.76069,1942,16.76069,5
840,16.78069,1840,16.78069,12
841,16.80069,1818,16.80069,7
842,16.82069,1721,16.82069,4
843,16.84069,1787,16.84069,8
844,16.86069,1771,16.86069,8
845,16.88069,1763,16.88069,5
846,16.90069,1812,16.90069,13
847,16.92069,1768,16.92069,11
848,16.94069,1785,16.94069,9
849,16.96069,1825,16.96069,11
850,16.98069,1763,16.98069,11
851,17.00069,1773,17.00069,12
852,17.02069,1826,17.02069,12
853,17.04069,1731,17.04069,10
854,17.06069,1747,17.06069,8
855,17.08069,1739,17.08069,10
856,17.10069,1728,17.10069,9
857,17.12069,1719,17.12069,5
858,17.14069,1770,17.14069,6
859,17.16069,1848,17.16069,10
860,17.18069,1799,17.18069,9
861,17.20069,1811,17.20069,10
862,17.22069,1855,17.22069,8
863,17.24069,1888,17.24069,5
864,17.26069,1824,17.26069,13
865,17.28069,1928,17.28069,7
866,17.30069,1982,17.30069,13
867,17.32069,1963,17.32069,5
868,17.34069,2019,17.34069,7
869,17.36069,2112,17.36069,11
870,17.38069,2155,17.38069,9
871,17.40069,2164,17.40069,15
872,17.42069,2131,17.42069,2
873,17.44069,2079,17.44069,6
874,17.46069,2277,17.46069,12
875,17.48069,2259,17.48069,12
876,17.50069,2310,17.50069,6
877,17.52069,2367,17.52069,7
878,17.54069,2522,17.54069,4
879,17.56069,2623,17.56069,6
880,17.58069,2562,17.58069,5
881,17.60069,2781,17.60069,10
882,17.62069,2861,17.62069,4
883,17.64069,2803,17.64069,7
884,17.66069,2734,17.66069,10
885,17.68069,2724,17.68069,4
886,17.70069,2674,17.70069,4
887,17.72069,2664,17.72069,5
888,17.74069,2445,17.74069,4
889,17.76069,2406,17.76069,8
890,17.78069,2283,17.78069,6
891,17.80069,2223,17.80069,9
892,17.82069,2271,17.82069,9
893,17.84069,2184,17.84069,7
894,17.86069,2243,17.86069,8
895,17.88069,2238,17.88069,11
896,17.90069,2247,17.90069,9
897,17.92069,2234,17.92069,7
898,17.94069,2260,17.94069,5
899,17.96069,2339,17.96069,5
900,17.98069,2358,17.98069,12
901,18.00069,2323,18.00069,4
902,18.02069,2256,18.02069,2
903,18.04069,2341,18.04069,7
904,18.06069,2204,18.06069,3
905,18.08069,2299,18.08069,6
906,18.10069,2334,18.10069,4
907,18.12069,2347,18.12069,11
908,18.14069,2368,18.14069,2
909,18.16069,2412,18.16069,4
910,18.18069,2432,18.18069,7
911,18.20069,2458,18.20069,8
912,18.22069,2518,18.22069,4
913,18.24069,2522,18.24069,7
914,18.26069,2577,18.26069,3
915,18.28069,2626,18.28069,4
916,18.30069,2674,18.30069,9
917,18.32069,2589,18.32069,3
918,18.34069,2734,18.34069,6
919,18.36069,2803,18.36069,3
920,18.38069,2841,18.38069,2
921,18.40069,2876,18.40069,5
922,18.42069,2949,18.42069,6
923,18.44069,3051,18.44069,5
924,18.46069,3170,18.46069,7
925,18.48069,3270,18.48069,5
926,18.50069,3406,18.50069,5
927,18.52069,3527,18.52069,8
928,18.54069,3675,18.54069,5
929,18.56069,3756,18.56069,5
930,18.58069,3907,18.58069,5
931,18.60069,4182,18.60069,6
932,18.62069,4241,18.62069,5
933,18.64069,4419,18.64069,6
934,18.66069,4651,18.66069,7
935,18.68069,4723,18.68069,5
936,18.70069,5087,18.70069,8
937,18.72069,5216,18.72069,5
938,18.74069,5312,18.74069,8
939,18.76069,5530,18.76069,3
940,18.78069,5674,18.78069,4
941,18.80069,6093,18.80069,5
942,18.82069,6212,18.82069,6
943,18.84069,6424,18.84069,2
944,18.86069,6627,18.86069,3
945,18.88069,6682,18.88069,2
946,18.90069,6773,18.90069,7
947,18.92069,6971,18.92069,4
948,18.94069,7006,18.94069,5
949,18.96069,7367,18.96069,4
950,18.98069,7413,18.98069,5
951,19.00069,7413,19.00069,3
952,19.02069,7428,19.02069,5
953,19.04069,7345,19.04069,3
954,19.06069,7349,19.06069,5
955,19.08069,7235,19.08069,6
956,19.10069,7399,19.10069,3
957,19.12069,7142,19.12069,7
958,19.14069,7143,19.14069,6
959,19.16069,6783,19.16069,5
960,19.18069,6684,19.18069,3
961,19.20069,6427,19.20069,4
962,19.22069,6306,19.22069,3
963,19.24069,6010,19.24069,3
964,19.26069,5950,19.26069,3
965,19.28069,5550,19.28069,2
966,19.30069,5449,19.30069,7
967,19.32069,5202,19.32069,4
968,19.34069,5120,19.34069,4
969,19.36069,4827,19.36069,5
970,19.38069,4529,19.38069,4
971,19.40069,4283,19.40069,3
972,19.42069,4305,19.42069,3
973,19.44069,4106,19.44069,1
974,19.46069,3939,19.46069,3
975,19.48069,3745,19.48069,0
976,19.50069,3522,19.50069,4
977,19.52069,3446,19.52069,5
978,19.54069,3344,19.54069,4
979,19.56069,3228,19.56069,3
980,19.58069,3094,19.58069,0
981,19.60069,3024,19.60069,4
982,19.62069,2907,19.62069,6
983,19.64069,2894,19.64069,6
984,19.66069,2746,19.66069,5
985,19.68069,2664,19.68069,4
986,19.70069,2631,19.70069,1
987,19.72069,2465,19.72069,2
988,19.74069,2417,19.74069,2
989,19.76069,2375,19.76069,2
990,19.78069,2441,19.78069,4
991,19.80069,2355,19.80069,6
992,19.82069,2412,19.82069,2
993,19.84069,2397,19.84069,1
994,19.86069,2440,19.86069,1
995,19.88069,2613,19.88069,4
996,19.90069,2725,19.90069,0
997,19.92069,2787,19.92069,3
998,19.94069,3071,19.94069,3
999,19.96069,3310,19.96069,1
1000,19.98069,3715,19.98069,1
1001,20.00069,3922,20.00069,3
1002,20.02069,4277,20.02069,2
1003,20.04069,4648,20.04069,2
1004,20.06069,4791,20.06069,3
1005,20.08069,5291,20.08069,3
1006,20.10069,5373,20.10069,2
1007,20.12069,5650,20.12069,4
1008,20.14069,5858,20.14069,4
1009,20.16069,5872,20.16069,0
1010,20.18069,5841,20.18069,7
1011,20.20069,5729,20.20069,7
1012,20.22069,5495,20.22069,3
1013,20.24069,4934,20.24069,1
1014,20.26069,4695,20.26069,2
1015,20.28069,4166,20.28069,2
1016,20.30069,3741,20.30069,2
1017,20.32069,3409,20.32069,4
1018,20.34069,2950,20.34069,2
1019,20.36069,2657,20.36069,6
1020,20.38069,2350,20.38069,0
1021,20.40069,2160,20.40069,1
1022,20.42069,2097,20.42069,2
1023,20.44069,1957,20.44069,3
1024,20.46069,1906,20.46069,2
1025,20.48069,1861,20.48069,1
1026,20.50069,1943,20.50069,1
1027,20.52069,1817,20.52069,2
1028,20.54069,1859,20.54069,4
1029,20.56069,1889,20.56069,2
1030,20.58069,1864,20.58069,4
1031,20.60069,1947,20.60069,0
1032,20.62069,1923,20.62069,3
1033,20.64069,1903,20.64069,1
1034,20.66069,1933,20.66069,0
1035,20.68069,1902,20.68069,1
1036,20.70069,1933,20.70069,1
1037,20.72069,1917,20.72069,1
1038,20.74069,1954,20.74069,1
1039,20.76069,2007,20.76069,2
1040,20.78069,2071,20.78069,2
1041,20.80069,1969,20.80069,1
1042,20.82069,2175,20.82069,3
1043,20.84069,2114,20.84069,4
1044,20.86069,2066,20.86069,3
1045,20.88069,2209,20.88069,1
1046,20.90069,2134,20.90069,0
1047,20.92069,2288,20.92069,1
1048,20.94069,2256,20.94069,1
1049,20.96069,2282,20.96069,0
1050,20.98069,2240,20.98069,3
1051,21.00069,2277,21.00069,0
1052,21.02069,2358,21.02069,2
1053,21.04069,2442,21.04069,2
1054,21.06069,2424,21.06069,1
1055,21.08069,2506,21.08069,1
1056,21.10069,2547,21.10069,0
1057,21.12069,2523,21.12069,2
1058,21.14069,2590,21.14069,0
1059,21.16069,2523,21.16069,1
1060,21.18069,2749,21.18069,2
1061,21.20069,2657,21.20069,2
1062,21.22069,2656,21.22069,0
1063,21.24069,2564,21.24069,2
1064,21.26069,2625,21.26069,0
1065,21.28069,2607,21.28069,0
1066,21.30069,2715,21.30069,2
1067,21.32069,2681,21.32069,3
1068,21.34069,2578,21.34069,1
1069,21.36069,2604,21.36069,0
1070,21.38069,2576,21.38069,0
1071,21.40069,2597,21.40069,4
1072,21.42069,2541,21.42069,3
1073,21.44069,2609,21.44069,1
1074,21.46069,2515,21.46069,0
1075,21.48069,2469,21.48069,1
1076,21.50069,2487,21.50069,1
1077,21.52069,2515,21.52069,2
1078,21.54069,2384,21.54069,3
1079,21.56069,2364,21.56069,3
1080,21.58069,2274,21.58069,4
1081,21.60069,2259,21.60069,2
1082,21.62069,2273,21.62069,0
1083,21.64069,2179,21.64069,1
1084,21.66069,2211,21.66069,0
1085,21.68069,2081,21.68069,3
1086,21.70069,2114,21.70069,1
1087,21.72069,2023,21.72069,1
1088,21.74069,2108,21.74069,2
1089,21.76069,2005,21.76069,0
1090,21.78069,1953,21.78069,0
1091,21.80069,1978,21.80069,1
1092,21.82069,1892,21.82069,2
1093,21.84069,1876,21.84069,3
1094,21.86069,1849,21.86069,0
1095,21.88069,1964,21.88069,1
1096,21.90069,1873,21.90069,0
1097,21.92069,1774,21.92069,0
1098,21.94069,1880,21.94069,0
1099,21.96069,1734,21.96069,0
1100,21.98069,1797,21.98069,0
1101,22.00069,1786,22.00069,1
1102,22.02069,1805,22.02069,0
1103,22.04069,1781,22.04069,0
1104,22.06069,1818,22.06069,0
1105,22.08069,1773,22.08069,1
1106,22.10069,1703,22.10069,0
1107,22.12069,1658,22.12069,0
1108,22.14069,1575,22.14069,1
1109,22.16069,1618,22.16069,0
1110,22.18069,1568,22.18069,0
1111,22.20069,1600,22.20069,0
1112,22.22069,1583,22.22069,0
1113,22.24069,1721,22.24069,2
1114,22.26069,1587,22.26069,1
1115,22.28069,1523,22.28069,1
1116,22.30069,1569,22.30069,2
1117,22.32069,1507,22.32069,0
1118,22.34069,1458,22.34069,1
1119,22.36069,1561,22.36069,0
1120,22.38069,1477,22.38069,0
1121,22.40069,1540,22.40069,1
1122,22.42069,1503,22.42069,0
1123,22.44069,1512,22.44069,1
1124,22.46069,1561,22.46069,0
1125,22.48069,1538,22.48069,2
1126,22.50069,1599,22.50069,0
1127,22.52069,1684,22.52069,1
1128,22.54069,1726,22.54069,0
1129,22.56069,1670,22.56069,0
1130,22.58069,1757,22.58069,0
1131,22.60069,1942,22.60069,1
1132,22.62069,1959,22.62069,1
1133,22.64069,2021,22.64069,0
1134,22.66069,2115,22.66069,0
1135,22.68069,2050,22.68069,0
1136,22.70069,2051,22.70069,1
1137,22.72069,2063,22.72069,0
1138,22.74069,2059,22.74069,0
1139,22.76069,1958,22.76069,0
1140,22.78069,1836,22.78069,0
1141,22.80069,1731,22.80069,0
1142,22.82069,1736,22.82069,0
1143,22.84069,1657,22.84069,0
1144,22.86069,1559,22.86069,1
1145,22.88069,1507,22.88069,2
1146,22.90069,1560,22.90069,0
1147,22.92069,1408,22.92069,1
1148,22.94069,1448,22.94069,0
1149,22.96069,1465,22.96069,2
1150,22.98069,1409,22.98069,0
1151,23.00069,1422,23.00069,1
1152,23.02069,1477,23.02069,0
1153,23.04069,1550,23.04069,0
1154,23.06069,1423,23.06069,0
1155,23.08069,1511,23.08069,0
1156,23.10069,1419,23.10069,1
1157,23.12069,1447,23.12069,1
1158,23.14069,1495,23.14069,1
1159,23.16069,1464,23.16069,2
1160,23.18069,1474,23.18069,0
1161,23.20069,1484,23.20069,0
1162,23.22069,1385,23.22069,2
1163,23.24069,1357,23.24069,1
1164,23.26069,1412,23.26069,0
1165,23.28069,1346,23.28069,1
1166,23.30069,1391,23.30069,0
1167,23.32069,1440,23.32069,0
1168,23.34069,1346,23.34069,1
1169,23.36069,1302,23.36069,0
1170,23.38069,1401,23.38069,0
1171,23.40069,1330,23.40069,0
1172,23.42069,1313,23.42069,0
1173,23.44069,1349,23.44069,0
1174,23.46069,1273,23.46069,1
1175,23.48069,1260,23.48069,2
1176,23.50069,1321,23.50069,1
1177,23.52069,1217,23.52069,1
1178,23.54069,1323,23.54069,1
1179,23.56069,1346,23.56069,0
1180,23.58069,1273,23.58069,0
1181,23.60069,1200,23.60069,0
1182,23.62069,1317,23.62069,1
1183,23.64069,1233,23.64069,0
1184,23.66069,1222,23.66069,0
1185,23.68069,1302,23.68069,0
1186,23.70069,1309,23.70069,0
1187,23.72069,1263,23.72069,0
1188,23.74069,1292,23.74069,3
1189,23.76069,1284,23.76069,0
1190,23.78069,1321,23.78069,0
1191,23.80069,1248,23.80069,0
1192,23.82069,1268,23.82069,1
1193,23.84069,1257,23.84069,0
1194,23.86069,1184,23.86069,0
1195,23.88069,1302,23.88069,0
1196,23.90069,1303,23.90069,1
1197,23.92069,1207,23.92069,1
1198,23.94069,1262,23.94069,0
1199,23.96069,1222,23.96069,0
1200,23.98069,1246,23.98069,1
1201,24.00069,1307,24.00069,0
1202,24.02069,1275,24.02069,0
1203,24.04069,1206,24.04069,0
1204,24.06069,1261,24.06069,0
1205,24.08069,1260,24.08069,0
1206,24.10069,1252,24.10069,1
1207,24.12069,1217,24.12069,1
1208,24.14069,1213,24.14069,1
1209,24.16069,1224,24.16069,0
1210,24.18069,1234,24.18069,0
1211,24.20069,1203,24.20069,1
1212,24.22069,1202,24.22069,0
1213,24.24069,1189,24.24069,0
1214,24.26069,1251,24.26069,0
1215,24.28069,1252,24.28069,0
1216,24.30069,1208,24.30069,2
1217,24.32069,1204,24.32069,1
1218,24.34069,1246,24.34069,0
1219,24.36069,1232,24.36069,0
1220,24.38069,1199,24.38069,0
1221,24.40069,1186,24.40069,1
1222,24.42069,1210,24.42069,0
1223,24.44069,1236,24.44069,0
1224,24.46069,1172,24.46069,0
1225,24.48069,1215,24.48069,0
1226,24.50069,1206,24.50069,0
1227,24.52069,1215,24.52069,0
1228,24.54069,1215,24.54069,0
1229,24.56069,1259,24.56069,1
1230,24.58069,1162,24.58069,0
1231,24.60069,1203,24.60069,0
1232,24.62069,1222,24.62069,0
1233,24.64069,1199,24.64069,0
1234,24.66069,1226,24.66069,0
1235,24.68069,1235,24.68069,0
1236,24.70069,1160,24.70069,0
1237,24.72069,1151,24.72069,1
1238,24.74069,1203,24.74069,0
1239,24.76069,1166,24.76069,0
1240,24.78069,1121,24.78069,0
1241,24.80069,1151,24.80069,0
1242,24.82069,1180,24.82069,0
1243,24.84069,1152,24.84069,0
1244,24.86069,1171,24.86069,0
1245,24.88069,1195,24.88069,0
1246,24.90069,1171,24.90069,0
1247,24.92069,1201,24.92069,0
1248,24.94069,1261,24.94069,0
1249,24.96069,1221,24.96069,1
1250,24.98069,1188,24.98069,0
1251,25.00069,1177,25.00069,0
1252,25.02069,1170,25.02069,0
1253,25.04069,1177,25.04069,0
1254,25.06069,1173,25.06069,0
1255,25.08069,1198,25.08069,0
1256,25.10069,1238,25.10069,1
1257,25.12069,1242,25.12069,0
1258,25.14069,1271,25.14069,0
1259,25.16069,1312,25.16069,0
1260,25.18069,1173,25.18069,0
1261,25.20069,1196,25.20069,0
1262,25.22069,1214,25.22069,0
1263,25.24069,1204,25.24069,0
1264,25.26069,1166,25.26069,1
1265,25.28069,1236,25.28069,0
1266,25.30069,1204,25.30069,0
1267,25.32069,1169,25.32069,0
1268,25.34069,1165,25.34069,0
1269,25.36069,1190,25.36069,0
1270,25.38069,1141,25.38069,0
1271,25.40069,1112,25.40069,0
1272,25.42069,1134,25.42069,0
1273,25.44069,1156,25.44069,1
1274,25.46069,1076,25.46069,0
1275,25.48069,1107,25.48069,0
1276,25.50069,1067,25.50069,0
1277,25.52069,1062,25.52069,0
1278,25.54069,1123,25.54069,1
1279,25.56069,1135,25.56069,0
1280,25.58069,1142,25.58069,0
1281,25.60069,1084,25.60069,0
1282,25.62069,1104,25.62069,1
1283,25.64069,1069,25.64069,0
1284,25.66069,1127,25.66069,0
1285,25.68069,1093,25.68069,0
1286,25.70069,1038,25.70069,0
1287,25.72069,1090,25.72069,0
1288,25.74069,1067,25.74069,0
1289,25.76069,1128,25.76069,1
1290,25.78069,1082,25.78069,0
1291,25.80069,1038,25.80069,0
1292,25.82069,1060,25.82069,1
1293,25.84069,1077,25.84069,0
1294,25.86069,1068,25.86069,0
1295,25.88069,1042,25.88069,0
1296,25.90069,1069,25.90069,1
1297,25.92069,1131,25.92069,0
1298,25.94069,1083,25.94069,0
1299,25.96069,1127,25.96069,0
1300,25.98069,1138,25.98069,0
1301,26.00069,1149,26.00069,1
1302,26.02069,1134,26.02069,0
1303,26.04069,1075,26.04069,0
1304,26.06069,1116,26.06069,0
1305,26.08069,1052,26.08069,0
1306,26.10069,1147,26.10069,0
1307,26.12069,1153,26.12069,0
1308,26.14069,1071,26.14069,0
1309,26.16069,1154,26.16069,0
1310,26.18069,1134,26.18069,0
1311,26.20069,1143,26.20069,0
1312,26.22069,1132,26.22069,0
1313,26.24069,1159,26.24069,0
1314,26.26069,1106,26.26069,0
1315,26.28069,1110,26.28069,0
1316,26.30069,1162,26.30069,0
1317,26.32069,1131,26.32069,0
1318,26.34069,1154,26.34069,0
1319,26.36069,1195,26.36069,0
1320,26.38069,1168,26.38069,0
1321,26.40069,1145,26.40069,0
1322,26.42069,1147,26.42069,0
1323,26.44069,1080,26.44069,0
1324,26.46069,1079,26.46069,0
1325,26.48069,1091,26.48069,0
1326,26.50069,1045,26.50069,1
1327,26.52069,1029,26.52069,0
1328,26.54069,1033,26.54069,0
1329,26.56069,999,26.56069,0
1330,26.58069,1021,26.58069,0
1331,26.60069,1022,26.60069,0
1332,26.62069,1013,26.62069,0
1333,26.64069,958,26.64069,0
1334,26.66069,988,26.66069,0
1335,26.68069,987,26.68069,0
1336,26.70069,966,26.70069,1
1337,26.72069,918,26.72069,0
1338,26.74069,905,26.74069,0
1339,26.76069,975,26.76069,0
1340,26.78069,1021,26.78069,0
1341,26.80069,996,26.80069,0
1342,26.82069,891,26.82069,0
1343,26.84069,962,26.84069,0
1344,26.86069,950,26.86069,0
1345,26.88069,931,26.88069,0
1346,26.90069,965,26.90069,0
1347,26.92069,999,26.92069,0
1348,26.94069,991,26.94069,0
1349,26.96069,941,26.96069,0
1350,26.98069,907,26.98069,0
1351,27.00069,902,27.00069,0
1352,27.02069,924,27.02069,0
1353,27.04069,980,27.04069,0
1354,27.06069,930,27.06069,0
1355,27.08069,931,27.08069,0
1356,27.10069,961,27.10069,0
1357,27.12069,918,27.12069,0
1358,27.14069,916,27.14069,0
1359,27.16069,927,27.16069,0
1360,27.18069,924,27.18069,0
1361,27.20069,936,27.20069,2
1362,27.22069,932,27.22069,0
1363,27.24069,955,27.24069,0
1364,27.26069,914,27.26069,0
1365,27.28069,937,27.28069,0
1366,27.30069,896,27.30069,0
1367,27.32069,923,27.32069,0
1368,27.34069,901,27.34069,0
1369,27.36069,961,27.36069,0
1370,27.38069,881,27.38069,0
1371,27.40069,913,27.40069,0
1372,27.42069,872,27.42069,0
1373,27.44069,866,27.44069,0
1374,27.46069,930,27.46069,0
1375,27.48069,910,27.48069,0
1376,27.50069,902,27.50069,0
1377,27.52069,881,27.52069,0
1378,27.54069,851,27.54069,0
1379,27.56069,845,27.56069,0
1380,27.58069,922,27.58069,0
1381,27.60069,863,27.60069,0
1382,27.62069,827,27.62069,0
1383,27.64069,841,27.64069,0
1384,27.66069,855,27.66069,0
1385,27.68069,874,27.68069,0
1386,27.70069,850,27.70069,0
1387,27.72069,850,27.72069,0
1388,27.74069,853,27.74069,0
1389,27.76069,840,27.76069,0
1390,27.78069,853,27.78069,0
1391,27.80069,842,27.80069,0
1392,27.82069,817,27.82069,0
1393,27.84069,830,27.84069,0
1394,27.86069,852,27.86069,0
1395,27.88069,850,27.88069,0
1396,27.90069,829,27.90069,0
1397,27.92069,809,27.92069,0
1398,27.94069,854,27.94069,0
1399,27.96069,865,27.96069,0
1400,27.98069,802,27.98069,0
1401,28.00069,818,28.00069,0
1402,28.02069,827,28.02069,0
1403,28.04069,797,28.04069,0
1404,28.06069,819,28.06069,0
1405,28.08069,815,28.08069,0
1406,28.10069,770,28.10069,0
1407,28.12069,797,28.12069,0
1408,28.14069,861,28.14069,0
1409,28.16069,811,28.16069,1
1410,28.18069,874,28.18069,0
1411,28.20069,785,28.20069,0
1412,28.22069,785,28.22069,0
1413,28.24069,778,28.24069,0
1414,28.26069,783,28.26069,0
1415,28.28069,743,28.28069,0
1416,28.30069,785,28.30069,0
1417,28.32069,798,28.32069,0
1418,28.34069,782,28.34069,0
1419,28.36069,839,28.36069,0
1420,28.38069,802,28.38069,0
1421,28.40069,864,28.40069,0
1422,28.42069,767,28.42069,0
1423,28.44069,778,28.44069,0
1424,28.46069,762,28.46069,0
1425,28.48069,804,28.48069,0
1426,28.50069,780,28.50069,0
1427,28.52069,772,28.52069,0
1428,28.54069,846,28.54069,0
1429,28.56069,805,28.56069,0
1430,28.58069,773,28.58069,0
1431,28.60069,752,28.60069,0
1432,28.62069,761,28.62069,0
1433,28.64069,803,28.64069,0
1434,28.66069,788,28.66069,0
1435,28.68069,710,28.68069,0
1436,28.70069,776,28.70069,0
1437,28.72069,801,28.72069,0
1438,28.74069,723,28.74069,0
1439,28.76069,783,28.76069,0
1440,28.78069,781,28.78069,0
1441,28.80069,750,28.80069,0
1442,28.82069,759,28.82069,0
1443,28.84069,731,28.84069,0
1444,28.86069,770,28.86069,0
1445,28.88069,727,28.88069,0
1446,28.90069,747,28.90069,0
1447,28.92069,687,28.92069,0
1448,28.94069,734,28.94069,0
1449,28.96069,691,28.96069,0
1450,28.98069,753,28.98069,0
1451,29.00069,777,29.00069,0
1452,29.02069,699,29.02069,0
1453,29.04069,751,29.04069,0
1454,29.06069,693,29.06069,0
1455,29.08069,725,29.08069,0
1456,29.10069,745,29.10069,0
1457,29.12069,746,29.12069,0
1458,29.14069,713,29.14069,0
1459,29.16069,716,29.16069,0
1460,29.18069,712,29.18069,0
1461,29.20069,674,29.20069,0
1462,29.22069,734,29.22069,0
1463,29.24069,682,29.24069,0
1464,29.26069,714,29.26069,0
1465,29.28069,708,29.28069,0
1466,29.30069,678,29.30069,0
1467,29.32069,654,29.32069,0
1468,29.34069,679,29.34069,0
1469,29.36069,716,29.36069,0
1470,29.38069,725,29.38069,0
1471,29.40069,666,29.40069,0
1472,29.42069,704,29.42069,0
1473,29.44069,682,29.44069,0
1474,29.46069,708,29.46069,0
1475,29.48069,627,29.48069,0
1476,29.50069,681,29.50069,0
1477,29.52069,654,29.52069,0
1478,29.54069,688,29.54069,0
1479,29.56069,709,29.56069,0
1480,29.58069,652,29.58069,0
1481,29.60069,670,29.60069,0
1482,29.62069,710,29.62069,0
1483,29.64069,676,29.64069,0
1484,29.66069,718,29.66069,0
1485,29.68069,703,29.68069,0
1486,29.70069,692,29.70069,0
1487,29.72069,685,29.72069,0
1488,29.74069,615,29.74069,0
1489,29.76069,687,29.76069,0
1490,29.78069,630,29.78069,0
1491,29.80069,656,29.80069,0
1492,29.82069,654,29.82069,0
1493,29.84069,645,29.84069,0
1494,29.86069,656,29.86069,0
1495,29.88069,632,29.88069,0
1496,29.90069,679,29.90069,0
1497,29.92069,651,29.92069,0
1498,29.94069,659,29.94069,0
1499,29.96069,639,29.96069,0
1500,29.98069,618,29.98069,0
1501,30.00069,616,30.00069,0
1502,30.02069,623,30.02069,0
1503,30.04069,577,30.04069,0
1504,30.06069,589,30.06069,0
1505,30.08069,615,30.08069,0
1506,30.10069,642,30.10069,0
1507,30.12069,631,30.12069,0
1508,30.14069,589,30.14069,0
1509,30.16069,563,30.16069,0
1510,30.18069,589,30.18069,0
1511,30.20069,577,30.20069,0
1512,30.22069,597,30.22069,0
1513,30.24069,651,30.24069,0
1514,30.26069,600,30.26069,0
1515,30.28069,578,30.28069,0
1516,30.30069,583,30.30069,0
1517,30.32069,560,30.32069,0
1518,30.34069,548,30.34069,0
1519,30.36069,604,30.36069,0
1520,30.38069,582,30.38069,0
1521,30.40069,565,30.40069,0
1522,30.42069,595,30.42069,0
1523,30.44069,586,30.44069,0
1524,30.46069,587,30.46069,0
1525,30.48069,567,30.48069,0
1526,30.50069,551,30.50069,0
1527,30.52069,596,30.52069,0
1528,30.54069,535,30.54069,0
1529,30.56069,534,30.56069,0
1530,30.58069,568,30.58069,0
1531,30.60069,515,30.60069,0
1532,30.62069,553,30.62069,0
1533,30.64069,540,30.64069,0
1534,30.66069,518,30.66069,0
1535,30.68069,537,30.68069,0
1536,30.70069,553,30.70069,0
1537,30.72069,545,30.72069,0
1538,30.74069,532,30.74069,0
1539,30.76069,553,30.76069,0
1540,30.78069,554,30.78069,0
1541,30.80069,560,30.80069,0
1542,30.82069,516,30.82069,0
1543,30.84069,530,30.84069,0
1544,30.86069,513,30.86069,0
1545,30.88069,537,30.88069,0
1546,30.90069,541,30.90069,0
1547,30.92069,535,30.92069,0
1548,30.94069,517,30.94069,0
1549,30.96069,472,30.96069,0
1550,30.98069,509,30.98069,0
1551,31.00069,510,31.00069,0
1552,31.02069,548,31.02069,0
1553,31.04069,523,31.04069,0
1554,31.06069,550,31.06069,0
1555,31.08069,520,31.08069,0
1556,31.10069,484,31.10069,0
1557,31.12069,525,31.12069,0
1558,31.14069,499,31.14069,0
1559,31.16069,522,31.16069,0
1560,31.18069,543,31.18069,0
1561,31.20069,494,31.20069,0
1562,31.22069,488,31.22069,0
1563,31.24069,462,31.24069,0
1564,31.26069,462,31.26069,0
1565,31.28069,475,31.28069,0
1566,31.30069,539,31.30069,0
1567,31.32069,477,31.32069,0
1568,31.34069,486,31.34069,0
1569,31.36069,497,31.36069,0
1570,31.38069,457,31.38069,0
1571,31.40069,458,31.40069,0
1572,31.42069,482,31.42069,0
1573,31.44069,489,31.44069,0
1574,31.46069,490,31.46069,0
1575,31.48069,465,31.48069,0
1576,31.50069,486,31.50069,0
1577,31.52069,509,31.52069,0
1578,31.54069,427,31.54069,0
1579,31.56069,493,31.56069,0
1580,31.58069,454,31.58069,0
1581,31.60069,481,31.60069,0
1582,31.62069,457,31.62069,0
1583,31.64069,477,31.64069,0
1584,31.66069,473,31.66069,0
1585,31.68069,433,31.68069,0
1586,31.70069,493,31.70069,0
1587,31.72069,453,31.72069,0
1588,31.74069,464,31.74069,0
1589,31.76069,509,31.76069,0
1590,31.78069,456,31.78069,0
1591,31.80069,462,31.80069,0
1592,31.82069,437,31.82069,0
1593,31.84069,427,31.84069,0
1594,31.86069,454,31.86069,0
1595,31.88069,437,31.88069,0
1596,31.90069,439,31.90069,0
1597,31.92069,462,31.92069,0
1598,31.94069,450,31.94069,0
1599,31.96069,475,31.96069,0
1600,31.98069,470,31.98069,0
1601,32.00069,412,32.00069,0
1602,32.02069,439,32.02069,0
1603,32.04069,461,32.04069,0
1604,32.06069,437,32.06069,0
1605,32.08069,432,32.08069,0
1606,32.10069,474,32.10069,0
1607,32.12069,412,32.12069,0
1608,32.14069,472,32.14069,0
1609,32.16069,449,32.16069,0
1610,32.18069,438,32.18069,0
1611,32.20069,441,32.20069,0
1612,32.22069,436,32.22069,0
1613,32.24069,440,32.24069,0
1614,32.26069,418,32.26069,0
1615,32.28069,444,32.28069,0
1616,32.30069,444,32.30069,0
1617,32.32069,451,32.32069,0
1618,32.34069,390,32.34069,0
1619,32.36069,377,32.36069,0
1620,32.38069,395,32.38069,0
1621,32.40069,365,32.40069,0
1622,32.42069,353,32.42069,0
1623,32.44069,382,32.44069,0
1624,32.46069,346,32.46069,0
1625,32.48069,342,32.48069,0
1626,32.50069,388,32.50069,0
1627,32.52069,355,32.52069,0
1628,32.54069,354,32.54069,0
1629,32.56069,320,32.56069,0
1630,32.58069,349,32.58069,0
1631,32.60069,330,32.60069,0
1632,32.62069,372,32.62069,0
1633,32.64069,330,32.64069,0
1634,32.66069,332,32.66069,0
1635,32.68069,350,32.68069,0
1636,32.70069,366,32.70069,0
1637,32.72069,359,32.72069,0
1638,32.74069,343,32.74069,0
1639,32.76069,360,32.76069,0
1640,32.78069,384,32.78069,0
1641,32.80069,306,32.80069,0
1642,32.82069,346,32.82069,0
1643,32.84069,320,32.84069,0
1644,32.86069,311,32.86069,0
1645,32.88069,315,32.88069,0
1646,32.90069,325,32.90069,0
1647,32.92069,335,32.92069,0
1648,32.94069,327,32.94069,0
1649,32.96069,333,32.96069,0
1650,32.98069,324,32.98069,0
1651,33.00069,333,33.00069,0
1652,33.02069,290,33.02069,0
1653,33.04069,320,33.04069,0
1654,33.06069,303,33.06069,0
1655,33.08069,325,33.08069,0
1656,33.10069,296,33.10069,0
1657,33.12069,321,33.12069,0
1658,33.14069,291,33.14069,0
1659,33.16069,260,33.16069,0
1660,33.18069,256,33.18069,0
1661,33.20069,273,33.20069,0
1662,33.22069,291,33.22069,0
1663,33.24069,271,33.24069,0
1664,33.26069,296,33.26069,0
1665,33.28069,304,33.28069,0
1666,33.30069,276,33.30069,0
1667,33.32069,274,33.32069,0
1668,33.34069,257,33.34069,0
1669,33.36069,297,33.36069,0
1670,33.38069,288,33.38069,0
1671,33.40069,278,33.40069,0
1672,33.42069,262,33.42069,0
1673,33.44069,255,33.44069,0
1674,33.46069,257,33.46069,0
1675,33.48069,273,33.48069,0
1676,33.50069,232,33.50069,0
1677,33.52069,284,33.52069,0
1678,33.54069,231,33.54069,0
1679,33.56069,245,33.56069,0
1680,33.58069,235,33.58069,0
1681,33.60069,235,33.60069,0
1682,33.62069,213,33.62069,0
1683,33.64069,238,33.64069,0
1684,33.66069,236,33.66069,0
1685,33.68069,236,33.68069,0
1686,33.70069,229,33.70069,0
1687,33.72069,244,33.72069,0
1688,33.74069,219,33.74069,0
1689,33.76069,231,33.76069,0
1690,33.78069,211,33.78069,0
1691,33.80069,215,33.80069,0
1692,33.82069,267,33.82069,0
1693,33.84069,224,33.84069,0
1694,33.86069,205,33.86069,0
1695,33.88069,196,33.88069,0
1696,33.90069,188,33.90069,0
1697,33.92069,212,33.92069,0
1698,33.94069,205,33.94069,0
1699,33.96069,234,33.96069,0
1700,33.98069,218,33.98069,0
1701,34.00069,202,34.00069,0
1702,34.02069,185,34.02069,0
1703,34.04069,199,34.04069,0
1704,34.06069,187,34.06069,0
1705,34.08069,200,34.08069,0
1706,34.10069,177,34.10069,0
1707,34.12069,188,34.12069,0
1708,34.14069,181,34.14069,0
1709,34.16069,193,34.16069,0
1710,34.18069,198,34.18069,0
1711,34.20069,184,34.20069,0
1712,34.22069,181,34.22069,0
1713,34.24069,169,34.24069,0
1714,34.26069,179,34.26069,0
1715,34.28069,165,34.28069,0
1716,34.30069,161,34.30069,0
1717,34.32069,150,34.32069,0
1718,34.34069,179,34.34069,0
1719,34.36069,153,34.36069,0
1720,34.38069,174,34.38069,0
1721,34.40069,173,34.40069,0
1722,34.42069,154,34.42069,0
1723,34.44069,167,34.44069,0
1724,34.46069,160,34.46069,0
1725,34.48069,142,34.48069,0
1726,34.50069,154,34.50069,0
1727,34.52069,147,34.52069,0
1728,34.54069,144,34.54069,0
1729,34.56069,136,34.56069,0
1730,34.58069,148,34.58069,0
1731,34.60069,136,34.60069,0
1732,34.62069,112,34.62069,0
1733,34.64069,121,34.64069,0
1734,34.66069,143,34.66069,0
1735,34.68069,122,34.68069,0
1736,34.70069,131,34.70069,0
1737,34.72069,135,34.72069,0
1738,34.74069,140,34.74069,0
1739,34.76069,129,34.76069,0
1740,34.78069,121,34.78069,0
1741,34.80069,133,34.80069,0
1742,34.82069,114,34.82069,0
1743,34.84069,110,34.84069,0
1744,34.86069,133,34.86069,0
1745,34.88069,91,34.88069,0
1746,34.90069,132,34.90069,0
1747,34.92069,106,34.92069,0
1748,34.94069,104,34.94069,0
1749,34.96069,93,34.96069,0
1750,34.98069,114,34.98069,0
1751,35.00069,105,35.00069,0
1752,35.02069,114,35.02069,0
1753,35.04069,109,35.04069,0
1754,35.06069,85,35.06069,0
1755,35.08069,95,35.08069,0
1756,35.10069,94,35.10069,0
1757,35.12069,97,35.12069,0
1758,35.14069,76,35.14069,0
1759,35.16069,93,35.16069,0
1760,35.18069,94,35.18069,0
1761,35.20069,98,35.20069,0
1762,35.22069,79,35.22069,0
1763,35.24069,82,35.24069,0
1764,35.26069,106,35.26069,0
1765,35.28069,86,35.28069,0
1766,35.30069,66,35.30069,0
1767,35.32069,64,35.32069,0
1768,35.34069,82,35.34069,0
1769,35.36069,62,35.36069,0
1770,35.38069,65,35.38069,0
1771,35.40069,63,35.40069,0
1772,35.42069,81,35.42069,0
1773,35.44069,67,35.44069,0
1774,35.46069,73,35.46069,0
1775,35.48069,60,35.48069,0
1776,35.50069,70,35.50069,0
1777,35.52069,68,35.52069,0
1778,35.54069,79,35.54069,0
1779,35.56069,63,35.56069,0
1780,35.58069,66,35.58069,0
1781,35.60069,53,35.60069,0
1782,35.62069,54,35.62069,0
1783,35.64069,53,35.64069,0
1784,35.66069,44,35.66069,0
1785,35.68069,52,35.68069,0
1786,35.70069,53,35.70069,0
1787,35.72069,63,35.72069,0
1788,35.74069,38,35.74069,0
1789,35.76069,54,35.76069,0
1790,35.78069,48,35.78069,0
1791,35.80069,46,35.80069,0
1792,35.82069,51,35.82069,0
1793,35.84069,51,35.84069,0
1794,35.86069,54,35.86069,0
1795,35.88069,45,35.88069,0
1796,35.90069,52,35.90069,0
1797,35.92069,34,35.92069,0
1798,35.94069,43,35.94069,0
1799,35.96069,42,35.96069,0
1800,35.98069,45,35.98069,0
1801,36.00069,34,36.00069,0
1802,36.02069,49,36.02069,0
1803,36.04069,41,36.04069,0
1804,36.06069,50,36.06069,0
1805,36.08069,45,36.08069,0
1806,36.10069,50,36.10069,0
1807,36.12069,46,36.12069,0
1808,36.14069,42,36.14069,0
1809,36.16069,39,36.16069,0
1810,36.18069,39,36.18069,0
1811,36.20069,43,36.20069,0
1812,36.22069,56,36.22069,0
1813,36.24069,39,36.24069,0
1814,36.26069,56,36.26069,0
1815,36.28069,47,36.28069,0
1816,36.30069,41,36.30069,0
1817,36.32069,36,36.32069,0
1818,36.34069,49,36.34069,0
1819,36.36069,36,36.36069,0
1820,36.38069,30,36.38069,0
1821,36.40069,48,36.40069,0
1822,36.42069,35,36.42069,0
1823,36.44069,31,36.44069,0
1824,36.46069,41,36.46069,0
1825,36.48069,35,36.48069,0
1826,36.50069,35,36.50069,0
1827,36.52069,36,36.52069,0
1828,36.54069,38,36.54069,0
1829,36.56069,30,36.56069,0
1830,36.58069,31,36.58069,0
1831,36.60069,34,36.60069,0
1832,36.62069,23,36.62069,0
1833,36.64069,31,36.64069,0
1834,36.66069,30,36.66069,0
1835,36.68069,37,36.68069,0
1836,36.70069,25,36.70069,0
1837,36.72069,32,36.72069,0
1838,36.74069,25,36.74069,0
1839,36.76069,25,36.76069,0
1840,36.78069,31,36.78069,0
1841,36.80069,22,36.80069,0
1842,36.82069,13,36.82069,0
1843,36.84069,19,36.84069,0
1844,36.86069,30,36.86069,0
1845,36.88069,28,36.88069,0
1846,36.90069,28,36.90069,0
1847,36.92069,16,36.92069,0
1848,36.94069,29,36.94069,0
1849,36.96069,15,36.96069,0
1850,36.98069,25,36.98069,0
1851,37.00069,23,37.00069,0
1852,37.02069,23,37.02069,0
1853,37.04069,21,37.04069,0
1854,37.06069,18,37.06069,0
1855,37.08069,33,37.08069,0
1856,37.10069,22,37.10069,0
1857,37.12069,31,37.12069,0
1858,37.14069,17,37.14069,0
1859,37.16069,29,37.16069,0
1860,37.18069,23,37.18069,0
1861,37.20069,26,37.20069,0
1862,37.22069,24,37.22069,0
1863,37.24069,18,37.24069,0
1864,37.26069,27,37.26069,0
1865,37.28069,23,37.28069,0
1866,37.30069,25,37.30069,0
1867,37.32069,18,37.32069,0
1868,37.34069,20,37.34069,0
1869,37.36069,25,37.36069,0
1870,37.38069,23,37.38069,0
1871,37.40069,19,37.40069,0
1872,37.42069,26,37.42069,0
1873,37.44069,18,37.44069,0
1874,37.46069,22,37.46069,0
1875,37.48069,13,37.48069,0
1876,37.50069,22,37.50069,0
1877,37.52069,15,37.52069,0
1878,37.54069,34,37.54069,0
1879,37.56069,21,37.56069,0
1880,37.58069,22,37.58069,0
1881,37.60069,29,37.60069,0
1882,37.62069,13,37.62069,0
1883,37.64069,18,37.64069,0
1884,37.66069,19,37.66069,0
1885,37.68069,19,37.68069,0
1886,37.70069,17,37.70069,0
1887,37.72069,21,37.72069,0
1888,37.74069,20,37.74069,0
1889,37.76069,14,37.76069,0
1890,37.78069,12,37.78069,0
1891,37.80069,22,37.80069,0
1892,37.82069,22,37.82069,0
1893,37.84069,14,37.84069,0
1894,37.86069,23,37.86069,0
1895,37.88069,16,37.88069,0
1896,37.90069,21,37.90069,0
1897,37.92069,14,37.92069,0
1898,37.94069,18,37.94069,0
1899,37.96069,19,37.96069,0
1900,37.98069,14,37.98069,0
1901,38.00069,22,38.00069,0
1902,38.02069,17,38.02069,0
1903,38.04069,13,38.04069,0
1904,38.06069,14,38.06069,0
1905,38.08069,23,38.08069,0
1906,38.10069,13,38.10069,0
1907,38.12069,16,38.12069,0
1908,38.14069,18,38.14069,0
1909,38.16069,10,38.16069,0
1910,38.18069,18,38.18069,0
1911,38.20069,20,38.20069,0
1912,38.22069,10,38.22069,0
1913,38.24069,11,38.24069,0
1914,38.26069,14,38.26069,0
1915,38.28069,17,38.28069,0
1916,38.30069,14,38.30069,0
1917,38.32069,13,38.32069,0
1918,38.34069,14,38.34069,0
1919,38.36069,10,38.36069,0
1920,38.38069,13,38.38069,0
1921,38.40069,10,38.40069,0
1922,38.42069,11,38.42069,0
1923,38.44069,18,38.44069,0
1924,38.46069,11,38.46069,0
1925,38.48069,16,38.48069,0
1926,38.50069,15,38.50069,0
1927,38.52069,15,38.52069,0
1928,38.54069,11,38.54069,0
1929,38.56069,19,38.56069,0
1930,38.58069,10,38.58069,0
1931,38.60069,14,38.60069,0
1932,38.62069,14,38.62069,0
1933,38.64069,12,38.64069,0
1934,38.66069,11,38.66069,0
1935,38.68069,20,38.68069,0
1936,38.70069,11,38.70069,0
1937,38.72069,12,38.72069,0
1938,38.74069,13,38.74069,0
1939,38.76069,11,38.76069,0
1940,38.78069,14,38.78069,0
1941,38.80069,11,38.80069,0
1942,38.82069,11,38.82069,0
1943,38.84069,8,38.84069,0
1944,38.86069,13,38.86069,0
1945,38.88069,8,38.88069,0
1946,38.90069,15,38.90069,0
1947,38.92069,9,38.92069,0
1948,38.94069,15,38.94069,0
1949,38.96069,16,38.96069,0
1950,38.98069,8,38.98069,0
1951,39.00069,8,39.00069,0
1952,39.02069,7,39.02069,0
1953,39.04069,9,39.04069,0
1954,39.06069,11,39.06069,0
1955,39.08069,9,39.08069,0
1956,39.10069,13,39.10069,0
1957,39.12069,10,39.12069,0
1958,39.14069,12,39.14069,0
1959,39.16069,16,39.16069,0
1960,39.18069,16,39.18069,0
1961,39.20069,9,39.20069,0
1962,39.22069,6,39.22069,0
1963,39.24069,9,39.24069,0
1964,39.26069,6,39.26069,0
1965,39.28069,13,39.28069,0
1966,39.30069,4,39.30069,0
1967,39.32069,14,39.32069,0
1968,39.34069,14,39.34069,0
1969,39.36069,11,39.36069,0
1970,39.38069,14,39.38069,0
1971,39.40069,8,39.40069,0
1972,39.42069,9,39.42069,0
1973,39.44069,10,39.44069,0
1974,39.46069,7,39.46069,0
1975,39.48069,11,39.48069,0
1976,39.50069,9,39.50069,0
1977,39.52069,5,39.52069,0
1978,39.54069,13,39.54069,0
1979,39.56069,10,39.56069,0
1980,39.58069,16,39.58069,0
1981,39.60069,7,39.60069,0
1982,39.62069,5,39.62069,0
1983,39.64069,15,39.64069,0
1984,39.66069,3,39.66069,0
1985,39.68069,6,39.68069,0
1986,39.70069,8,39.70069,0
1987,39.72069,9,39.72069,0
1988,39.74069,10,39.74069,0
1989,39.76069,13,39.76069,0
1990,39.78069,8,39.78069,0
1991,39.80069,3,39.80069,0
1992,39.82069,10,39.82069,0
1993,39.84069,6,39.84069,0
1994,39.86069,14,39.86069,0
1995,39.88069,8,39.88069,0
1996,39.90069,6,39.90069,0
1997,39.92069,10,39.92069,0
1998,39.94069,6,39.94069,0
1999,39.96069,3,39.96069,0
2000,39.98069,10,39.98069,0
2001,40.00069,4,40.00069,0
2002,40.02069,12,40.02069,0
2003,40.04069,4,40.04069,0
2004,40.06069,9,40.06069,0
2005,40.08069,7,40.08069,0
2006,40.10069,7,40.10069,0
2007,40.12069,10,40.12069,0
2008,40.14069,4,40.14069,0
2009,40.16069,9,40.16069,0
2010,40.18069,9,40.18069,0
2011,40.20069,8,40.20069,0
2012,40.22069,9,40.22069,0
2013,40.24069,7,40.24069,0
2014,40.26069,11,40.26069,0
2015,40.28069,6,40.28069,0
2016,40.30069,6,40.30069,0
2017,40.32069,6,40.32069,0
2018,40.34069,7,40.34069,0
2019,40.36069,7,40.36069,0
2020,40.38069,4,40.38069,0
2021,40.40069,5,40.40069,0
2022,40.42069,7,40.42069,0
2023,40.44069,9,40.44069,0
2024,40.46069,6,40.46069,0
2025,40.48069,11,40.48069,0
2026,40.50069,11,40.50069,0
2027,40.52069,3,40.52069,0
2028,40.54069,3,40.54069,0
2029,40.56069,8,40.56069,0
2030,40.58069,6,40.58069,0
2031,40.60069,5,40.60069,0
2032,40.62069,7,40.62069,0
2033,40.64069,8,40.64069,0
2034,40.66069,12,40.66069,0
2035,40.68069,3,40.68069,0
2036,40.70069,8,40.70069,0
2037,40.72069,7,40.72069,0
2038,40.74069,8,40.74069,0
2039,40.76069,8,40.76069,0
2040,40.78069,5,40.78069,0
2041,40.80069,11,40.80069,0
2042,40.82069,6,40.82069,0
2043,40.84069,11,40.84069,0
2044,40.86069,8,40.86069,0
2045,40.88069,9,40.88069,0
2046,40.90069,4,40.90069,0
2047,40.92069,10,40.92069,0
2048,40.94069,6,40.94069,0
