Bruker AXS HMP Instrument Tools Complete CSV
FileName,C:\MeinZeugs\Uni\Publikationen\2025\MeIn pXRF\DAQ\Device_monitoring_sample_element_precision_Schauer\data_raw\Example_Drift\03657-Mudrock Dual.pdz
SerialString,SG2-6390
TubeTargetElement,45
NumberOfSpectra,2
SampleID,
AcquisitionDateTime,4/3/2025 1:06:11 PM
TotalElapsedTimeInSeconds,120
AnodeTakeOffAngle,45
SampleIncidenceAngle,45
BeThicknessInMicroMeters,125
SampleTakeOffAngle,65
SpotSizeUsed,8
NumberOfUserCustomFields,5
UserCustomFieldHeader,FieldName,FieldValue
UserCustomField,Operator,Supervisor
UserCustomField,Material,Standard
UserCustomField,ID,
UserCustomField,Probe,SdAR-M2
UserCustomField,Projekt,Brennexperiment
AnalysisMode,32
AnalysisType,1
UsedAutoCalSelect,False
ResultUnits,PPM
ErrorMultiplier,2
CalFileName,MudrockDual
CalPackageName,
CalPackagePartNumber,
TypeStandardizationSetName,
NumberOfElementsInCalculatedResults,27
CalculatedResults:AtomicNum,ElementSymbol,Units,Value,TypeStandardizedValue,Error,RangeMin,RangeMax,Tramp,Nominal
12,Mg,PPM,0.2943277,0.2943277,0.04914987,0,0,False,False
13,Al,PPM,4.585208,4.585208,0.03065261,0,0,False,False
14,Si,PPM,23.67452,23.67452,0.04132874,0,0,False,False
15,P,PPM,0.01533645,0.01533645,0.002920996,0,0,False,False
16,S,PPM,0.1992366,0.1992366,0.002740364,0,0,False,False
19,K,PPM,3.450636,3.450636,0.006419977,0,0,False,False
20,Ca,PPM,0.6569363,0.6569363,0.00229128,0,0,False,False
22,Ti,PPM,0.1320149,0.1320149,0.001089396,0,0,False,False
23,V,PPM,0.007235329,0.007235329,0.0005702405,0,0,False,False
24,Cr,PPM,0.004642595,0.004642595,0.0003414004,0,0,False,False
25,Mn,PPM,0.08965766,0.08965766,0.000600322,0,0,False,False
26,Fe,PPM,1.89646,1.89646,0.002676129,0,0,False,False
27,Co,PPM,0.0002699613,0.0002699613,7.060474E-05,0,0,False,False
28,Ni,PPM,0.005011183,0.005011183,0.0001747019,0,0,False,False
29,Cu,PPM,0.02880967,0.02880967,0.0003001583,0,0,False,False
30,Zn,PPM,0.08971227,0.08971227,0.0004193282,0,0,False,False
33,As,PPM,0.04122914,0.04122914,0.0002510857,0,0,False,False
37,Rb,PPM,0.0150449,0.0150449,0.0001202017,0,0,False,False
38,Sr,PPM,0.01530874,0.01530874,0.0001251651,0,0,False,False
39,Y,PPM,0.005522287,0.005522287,0.0001202918,0,0,False,False
40,Zr,PPM,0.02170929,0.02170929,0.0001304281,0,0,False,False
41,Nb,PPM,0.00227414,0.00227414,0.0001006761,0,0,False,False
42,Mo,PPM,0.002341814,0.002341814,0.0001096543,0,0,False,False
56,Ba,PPM,0.1588242,0.1588242,0.007878671,0,0,False,False
82,Pb,PPM,0.04518416,0.04518416,0.0002408872,0,0,False,False
90,Th,PPM,0.001776121,0.001776121,2.771704E-05,0,0,False,False
92,U,PPM,0.0003786685,0.0003786685,0.000254217,0,0,False,False
MatchSpreadThreshold,0.05
IsTrampEnabled,False
IsNominalEnabled,False
NumberOfGradeIDMatchResults,3
GradeIDMatchResultsHeader,GradeID,MatchConfidence
GradeIDMatchResult,,0
GradeIDMatchResult,,0
GradeIDMatchResult,,0
ParametersForEachSpectrum,Spectrum 1,,Spectrum 2,
XrayVoltageInkV,40,,15,
XrayFilamentCurrentInMicroAmps,38.85,,27.9,
RawCounts,3294723,,3309605,
ValidCounts,2774393,,2917531,
eVPerChannel,20,,20,
StartingKeV,0.0007370104,,0.0007370104,
ZeroOffsetInKeV,-0.0007370104,,-0.0007370104,
StartingChannel,0.03685052,,0.03685052,
NumberOfChannels,2048,,2048,
CountsPerSecond,65860.2,,60738.93,
XilinxFirmwareVersion,,,,
IlluminationID,MudRock Trace40,,MudRock Maj15,
Filter1ElementAtomicNum,22,,0,
Filter1Thickness,25,,0,
Filter2ElementAtomicNum,13,,0,
Filter2Thickness,300,,0,
Filter3ElementAtomicNum,0,,0,
Filter3Thickness,0,,0,
AcquisitionDateTime,4/3/2025 1:06:11 PM,,4/3/2025 1:06:11 PM,
LiveTimeInSeconds,42.37401,,47.07601,
DeadTimeInSeconds,7.651996,,7.413002,
ResetTimeInSeconds,6.258002,,1.799999,
DetectorTempInC,-27,,-27,
AmbientTempInF,105,,105,
NosePressureInMilliBars,1000,,1000,
NoseTemperatureInC,35,,35,
ActiveTimeInSeconds,50.026,,54.48902,
PacketTimeInSeconds,56.28401,,56.28902,
CommunicationTimeInSeconds,,,,
ElapsedClockTimeInSeconds,60,,60,
Spectrum:ChannelNumber,ChannelStartInKeV,ChannelCount,ChannelStartInKeV,ChannelCount
1,0.0007370104,0,0.0007370104,0
2,0.02073701,0,0.02073701,0
3,0.04073701,0,0.04073701,0
4,0.06073701,0,0.06073701,0
5,0.08073701,0,0.08073701,0
6,0.100737,0,0.100737,0
7,0.120737,0,0.120737,0
8,0.140737,0,0.140737,0
9,0.160737,0,0.160737,0
10,0.180737,0,0.180737,0
11,0.200737,0,0.200737,0
12,0.220737,0,0.220737,0
13,0.240737,0,0.240737,0
14,0.260737,1,0.260737,0
15,0.280737,12,0.280737,12
16,0.300737,100,0.300737,75
17,0.320737,713,0.320737,579
18,0.340737,2808,0.340737,2718
19,0.360737,6984,0.360737,7589
20,0.380737,10638,0.380737,12544
21,0.400737,10628,0.400737,12281
22,0.420737,6641,0.420737,7432
23,0.440737,2505,0.440737,2605
24,0.460737,650,0.460737,608
25,0.480737,134,0.480737,89
26,0.500737,16,0.500737,8
27,0.520737,5,0.520737,2
28,0.540737,3,0.540737,2
29,0.560737,1,0.560737,0
30,0.580737,3,0.580737,3
31,0.600737,2,0.600737,0
32,0.620737,1,0.620737,1
33,0.640737,1,0.640737,0
34,0.660737,0,0.660737,0
35,0.680737,678,0.680737,72
36,0.700737,629,0.700737,67
37,0.720737,633,0.720737,69
38,0.740737,702,0.740737,77
39,0.760737,635,0.760737,66
40,0.780737,622,0.780737,68
41,0.800737,644,0.800737,73
42,0.820737,598,0.820737,75
43,0.840737,645,0.840737,79
44,0.860737,620,0.860737,91
45,0.880737,614,0.880737,129
46,0.900737,586,0.900737,173
47,0.920737,587,0.920737,239
48,0.940737,582,0.940737,274
49,0.960737,550,0.960737,253
50,0.980737,614,0.980737,216
51,1.000737,559,1.000737,153
52,1.020737,566,1.020737,127
53,1.040737,526,1.040737,176
54,1.060737,554,1.060737,164
55,1.080737,524,1.080737,190
56,1.100737,556,1.100737,160
57,1.120737,546,1.120737,169
58,1.140737,593,1.140737,159
59,1.160737,531,1.160737,172
60,1.180737,553,1.180737,213
61,1.200737,544,1.200737,239
62,1.220737,592,1.220737,238
63,1.240737,522,1.240737,218
64,1.260737,535,1.260737,229
65,1.280737,505,1.280737,153
66,1.300737,506,1.300737,147
67,1.320737,512,1.320737,133
68,1.340737,492,1.340737,158
69,1.360737,517,1.360737,208
70,1.380737,479,1.380737,392
71,1.400737,498,1.400737,961
72,1.420737,515,1.420737,2185
73,1.440737,543,1.440737,4140
74,1.460737,667,1.460737,6166
75,1.480737,623,1.480737,6981
76,1.500737,643,1.500737,6380
77,1.520737,645,1.520737,4757
78,1.540737,582,1.540737,3232
79,1.560737,548,1.560737,2247
80,1.580737,485,1.580737,1608
81,1.600737,494,1.600737,1426
82,1.620737,516,1.620737,2242
83,1.640737,529,1.640737,6246
84,1.660737,637,1.660737,17035
85,1.680737,947,1.680737,37828
86,1.700737,1262,1.700737,66335
87,1.720737,1544,1.720737,89776
88,1.740737,1545,1.740737,93941
89,1.760737,1422,1.760737,77908
90,1.780737,1067,1.780737,50763
91,1.800737,806,1.800737,27305
92,1.820737,590,1.820737,13504
93,1.840737,532,1.840737,6824
94,1.860737,503,1.860737,3939
95,1.880737,413,1.880737,2012
96,1.900737,420,1.900737,1135
97,1.920737,424,1.920737,657
98,1.940737,402,1.940737,467
99,1.960737,380,1.960737,423
100,1.980737,423,1.980737,436
101,2.000737,381,2.000737,451
102,2.020737,355,2.020737,431
103,2.040737,378,2.040737,391
104,2.060737,361,2.060737,306
105,2.080737,381,2.080737,294
106,2.100737,317,2.100737,229
107,2.120737,376,2.120737,287
108,2.140737,389,2.140737,301
109,2.160737,351,2.160737,298
110,2.180737,346,2.180737,291
111,2.200737,337,2.200737,337
112,2.220737,359,2.220737,563
113,2.240737,337,2.240737,714
114,2.260737,352,2.260737,1147
115,2.280737,380,2.280737,1480
116,2.300737,337,2.300737,1750
117,2.320737,348,2.320737,1853
118,2.340737,356,2.340737,1766
119,2.360737,336,2.360737,1532
120,2.380737,323,2.380737,1337
121,2.400737,361,2.400737,1158
122,2.420737,324,2.420737,1031
123,2.440737,346,2.440737,918
124,2.460737,343,2.460737,880
125,2.480737,312,2.480737,777
126,2.500737,304,2.500737,807
127,2.520737,333,2.520737,744
128,2.540737,315,2.540737,827
129,2.560737,277,2.560737,1070
130,2.580737,263,2.580737,1497
131,2.600737,260,2.600737,2477
132,2.620737,332,2.620737,4223
133,2.640737,285,2.640737,6796
134,2.660737,299,2.660737,9584
135,2.680737,273,2.680737,11650
136,2.700737,269,2.700737,12062
137,2.720737,273,2.720737,10576
138,2.740737,266,2.740737,7989
139,2.760737,266,2.760737,6342
140,2.780737,262,2.780737,5640
141,2.800737,257,2.800737,6146
142,2.820737,274,2.820737,6568
143,2.840737,251,2.840737,6964
144,2.860737,280,2.860737,6817
145,2.880737,307,2.880737,6794
146,2.900737,420,2.900737,7273
147,2.920737,432,2.920737,7970
148,2.940737,527,2.940737,8734
149,2.960737,507,2.960737,8801
150,2.980737,463,2.980737,7594
151,3.000737,400,3.000737,5832
152,3.020737,337,3.020737,3976
153,3.040737,282,3.040737,2513
154,3.060737,250,3.060737,1681
155,3.080737,236,3.080737,1252
156,3.100737,208,3.100737,1175
157,3.120737,230,3.120737,1336
158,3.140737,223,3.140737,1525
159,3.160737,280,3.160737,2058
160,3.180737,353,3.180737,3033
161,3.200737,588,3.200737,5748
162,3.220737,998,3.220737,11337
163,3.240737,1878,3.240737,21931
164,3.260737,2946,3.260737,36805
165,3.280737,4118,3.280737,52752
166,3.300737,4947,3.300737,64223
167,3.320737,4992,3.320737,63890
168,3.340737,4221,3.340737,54590
169,3.360737,2980,3.360737,38239
170,3.380737,1912,3.380737,22915
171,3.400737,1011,3.400737,11905
172,3.420737,531,3.420737,5512
173,3.440737,336,3.440737,2687
174,3.460737,280,3.460737,1781
175,3.480737,254,3.480737,1894
176,3.500737,296,3.500737,2852
177,3.520737,448,3.520737,4197
178,3.540737,625,3.540737,6388
179,3.560737,737,3.560737,8618
180,3.580737,883,3.580737,10140
181,3.600737,1046,3.600737,11574
182,3.620737,1173,3.620737,12394
183,3.640737,1318,3.640737,12981
184,3.660737,1357,3.660737,14003
185,3.680737,1434,3.680737,14389
186,3.700737,1314,3.700737,13077
187,3.720737,1134,3.720737,10967
188,3.740737,827,3.740737,7717
189,3.760737,507,3.760737,4911
190,3.780737,315,3.780737,2851
191,3.800737,210,3.800737,1682
192,3.820737,151,3.820737,1144
193,3.840737,125,3.840737,894
194,3.860737,125,3.860737,857
195,3.880737,132,3.880737,888
196,3.900737,116,3.900737,1020
197,3.920737,150,3.920737,1158
198,3.940737,177,3.940737,1504
199,3.960737,230,3.960737,1861
200,3.980737,258,3.980737,2308
201,4.000737,275,4.000737,2483
202,4.020737,305,4.020737,2644
203,4.040737,284,4.040737,2381
204,4.060737,192,4.060737,2002
205,4.080737,158,4.080737,1624
206,4.100737,132,4.100737,1308
207,4.120737,130,4.120737,1103
208,4.140737,100,4.140737,997
209,4.160737,87,4.160737,896
210,4.180737,77,4.180737,904
211,4.200737,81,4.200737,874
212,4.220737,78,4.220737,859
213,4.240737,76,4.240737,856
214,4.260737,90,4.260737,917
215,4.280737,95,4.280737,939
216,4.300737,92,4.300737,974
217,4.320737,92,4.320737,988
218,4.340737,98,4.340737,1130
219,4.360737,139,4.360737,1246
220,4.380737,187,4.380737,1609
221,4.400737,280,4.400737,2201
222,4.420737,474,4.420737,3157
223,4.440737,742,4.440737,4388
224,4.460737,917,4.460737,5610
225,4.480737,1074,4.480737,6577
226,4.500737,1090,4.500737,6890
227,4.520737,1078,4.520737,6644
228,4.540737,845,4.540737,5744
229,4.560737,678,4.560737,4293
230,4.580737,546,4.580737,3216
231,4.600737,358,4.600737,2536
232,4.620737,330,4.620737,1935
233,4.640737,299,4.640737,1757
234,4.660737,266,4.660737,1664
235,4.680737,234,4.680737,1567
236,4.700737,211,4.700737,1537
237,4.720737,179,4.720737,1490
238,4.740737,150,4.740737,1484
239,4.760737,174,4.760737,1711
240,4.780737,183,4.780737,1854
241,4.800737,249,4.800737,2053
242,4.820737,273,4.820737,2178
243,4.840737,290,4.840737,2372
244,4.860737,277,4.860737,2456
245,4.880737,316,4.880737,2501
246,4.900737,340,4.900737,2520
247,4.920737,347,4.920737,2648
248,4.940737,303,4.940737,2518
249,4.960737,265,4.960737,2397
250,4.980737,217,4.980737,2267
251,5.000737,154,5.000737,2043
252,5.020737,113,5.020737,1928
253,5.040737,100,5.040737,1817
254,5.060737,95,5.060737,1812
255,5.080737,108,5.080737,1873
256,5.100737,113,5.100737,1869
257,5.120737,119,5.120737,1940
258,5.140737,128,5.140737,1946
259,5.160737,136,5.160737,1928
260,5.180737,135,5.180737,1954
261,5.200737,137,5.200737,2084
262,5.220737,118,5.220737,1974
263,5.240737,141,5.240737,1905
264,5.260737,145,5.260737,1928
265,5.280737,99,5.280737,1904
266,5.300737,139,5.300737,1974
267,5.320737,129,5.320737,1956
268,5.340737,155,5.340737,2002
269,5.360737,138,5.360737,1999
270,5.380737,158,5.380737,2066
271,5.400737,151,5.400737,2177
272,5.420737,160,5.420737,2141
273,5.440737,150,5.440737,2034
274,5.460737,145,5.460737,2099
275,5.480737,110,5.480737,2060
276,5.500737,111,5.500737,1903
277,5.520737,105,5.520737,1972
278,5.540737,103,5.540737,1997
279,5.560737,101,5.560737,1898
280,5.580737,107,5.580737,1939
281,5.600737,84,5.600737,1895
282,5.620737,88,5.620737,1835
283,5.640737,90,5.640737,1903
284,5.660737,75,5.660737,1854
285,5.680737,96,5.680737,1974
286,5.700737,101,5.700737,2029
287,5.720737,151,5.720737,2008
288,5.740737,150,5.740737,2049
289,5.760737,252,5.760737,2293
290,5.780737,427,5.780737,2800
291,5.800737,675,5.800737,3393
292,5.820737,1015,5.820737,4316
293,5.840737,1331,5.840737,5317
294,5.860737,1746,5.860737,6301
295,5.880737,1911,5.880737,6813
296,5.900737,1975,5.900737,6869
297,5.920737,1760,5.920737,6401
298,5.940737,1386,5.940737,5517
299,5.960737,1015,5.960737,4438
300,5.980737,667,5.980737,3457
301,6.000737,447,6.000737,2716
302,6.020737,226,6.020737,2345
303,6.040737,176,6.040737,2148
304,6.060737,151,6.060737,2046
305,6.080737,126,6.080737,2018
306,6.100737,163,6.100737,1934
307,6.120737,144,6.120737,1965
308,6.140737,185,6.140737,2071
309,6.160737,232,6.160737,2167
310,6.180737,306,6.180737,2230
311,6.200737,517,6.200737,2646
312,6.220737,1064,6.220737,3485
313,6.240737,2035,6.240737,5268
314,6.260737,4248,6.260737,8975
315,6.280737,8101,6.280737,16184
316,6.300737,14250,6.300737,27045
317,6.320737,22249,6.320737,42765
318,6.340737,31972,6.340737,60520
319,6.360737,39822,6.360737,77228
320,6.380737,46028,6.380737,88935
321,6.400737,47327,6.400737,91169
322,6.420737,43498,6.420737,83891
323,6.440737,35992,6.440737,69210
324,6.460737,26459,6.460737,51572
325,6.480737,17916,6.480737,34871
326,6.500737,10792,6.500737,21561
327,6.520737,5809,6.520737,12598
328,6.540737,3118,6.540737,7308
329,6.560737,1516,6.560737,4305
330,6.580737,724,6.580737,2907
331,6.600737,402,6.600737,2292
332,6.620737,257,6.620737,2134
333,6.640737,164,6.640737,2001
334,6.660737,180,6.660737,1851
335,6.680737,160,6.680737,1986
336,6.700737,164,6.700737,1903
337,6.720737,135,6.720737,1906
338,6.740737,170,6.740737,1929
339,6.760737,187,6.760737,1902
340,6.780737,184,6.780737,1875
341,6.800737,178,6.800737,2008
342,6.820737,232,6.820737,2018
343,6.840737,295,6.840737,2252
344,6.860737,361,6.860737,2273
345,6.880737,550,6.880737,2525
346,6.900737,835,6.900737,3000
347,6.920737,1267,6.920737,3886
348,6.940737,2025,6.940737,5032
349,6.960737,3187,6.960737,6827
350,6.980737,4537,6.980737,9081
351,7.000737,5830,7.000737,11742
352,7.020737,7144,7.020737,13641
353,7.040737,7438,7.040737,15024
354,7.060737,7557,7.060737,14990
355,7.080737,6674,7.080737,13509
356,7.100737,5643,7.100737,11481
357,7.120737,4137,7.120737,8684
358,7.140737,2834,7.140737,6484
359,7.160737,1799,7.160737,4542
360,7.180737,967,7.180737,3173
361,7.200737,536,7.200737,2602
362,7.220737,303,7.220737,2143
363,7.240737,162,7.240737,1894
364,7.260737,104,7.260737,1826
365,7.280737,75,7.280737,1805
366,7.300737,91,7.300737,1822
367,7.320737,76,7.320737,1868
368,7.340737,105,7.340737,1930
369,7.360737,112,7.360737,2070
370,7.380737,173,7.380737,2214
371,7.400737,206,7.400737,2599
372,7.420737,251,7.420737,2761
373,7.440737,310,7.440737,2899
374,7.460737,300,7.460737,2931
375,7.480737,312,7.480737,2965
376,7.500737,246,7.500737,2863
377,7.520737,224,7.520737,2581
378,7.540737,182,7.540737,2302
379,7.560737,149,7.560737,2055
380,7.580737,112,7.580737,1798
381,7.600737,92,7.600737,1721
382,7.620737,74,7.620737,1609
383,7.640737,79,7.640737,1603
384,7.660737,59,7.660737,1608
385,7.680737,53,7.680737,1526
386,7.700737,62,7.700737,1501
387,7.720737,66,7.720737,1457
388,7.740737,72,7.740737,1532
389,7.760737,69,7.760737,1572
390,7.780737,78,7.780737,1512
391,7.800737,80,7.800737,1619
392,7.820737,95,7.820737,1560
393,7.840737,109,7.840737,1632
394,7.860737,156,7.860737,1524
395,7.880737,213,7.880737,1589
396,7.900737,294,7.900737,1729
397,7.920737,463,7.920737,1779
398,7.940737,691,7.940737,1974
399,7.960737,909,7.960737,2144
400,7.980737,1292,7.980737,2368
401,8.000737,1486,8.000737,2448
402,8.020737,1728,8.020737,2677
403,8.040737,1689,8.040737,2673
404,8.060737,1587,8.060737,2689
405,8.080737,1287,8.080737,2629
406,8.100737,1044,8.100737,2469
407,8.120737,770,8.120737,2249
408,8.140737,582,8.140737,2183
409,8.160737,360,8.160737,2006
410,8.180737,241,8.180737,1982
411,8.200737,162,8.200737,1951
412,8.220737,161,8.220737,1907
413,8.240737,156,8.240737,1808
414,8.260737,145,8.260737,1833
415,8.280737,140,8.280737,1795
416,8.300737,125,8.300737,1704
417,8.320737,150,8.320737,1657
418,8.340737,129,8.340737,1675
419,8.360737,142,8.360737,1606
420,8.380737,151,8.380737,1565
421,8.400737,168,8.400737,1609
422,8.420737,192,8.420737,1632
423,8.440737,322,8.440737,1666
424,8.460737,504,8.460737,1704
425,8.480737,797,8.480737,1921
426,8.500737,1436,8.500737,2099
427,8.520737,2110,8.520737,2444
428,8.540737,3150,8.540737,2961
429,8.560737,4378,8.560737,3419
430,8.580737,5505,8.580737,3956
431,8.600737,6391,8.600737,4603
432,8.620737,6694,8.620737,4575
433,8.640737,6519,8.640737,4511
434,8.660737,5896,8.660737,4275
435,8.680737,4715,8.680737,3751
436,8.700737,3742,8.700737,3276
437,8.720737,2607,8.720737,2699
438,8.740737,1739,8.740737,2286
439,8.760737,1099,8.760737,2060
440,8.780737,677,8.780737,1949
441,8.800737,499,8.800737,1825
442,8.820737,349,8.820737,1764
443,8.840737,357,8.840737,1722
444,8.860737,361,8.860737,1733
445,8.880737,389,8.880737,1716
446,8.900737,388,8.900737,1693
447,8.920737,382,8.920737,1785
448,8.940737,347,8.940737,1696
449,8.960737,302,8.960737,1678
450,8.980737,271,8.980737,1613
451,9.000737,260,9.000737,1690
452,9.020737,243,9.020737,1586
453,9.040737,186,9.040737,1696
454,9.060737,207,9.060737,1610
455,9.080737,250,9.080737,1601
456,9.100737,277,9.100737,1540
457,9.120737,376,9.120737,1655
458,9.140737,390,9.140737,1613
459,9.160737,521,9.160737,1696
460,9.180737,537,9.180737,1670
461,9.200737,594,9.200737,1666
462,9.220737,567,9.220737,1732
463,9.240737,571,9.240737,1660
464,9.260737,498,9.260737,1668
465,9.280737,430,9.280737,1748
466,9.300737,352,9.300737,1614
467,9.320737,315,9.320737,1681
468,9.340737,312,9.340737,1601
469,9.360737,273,9.360737,1638
470,9.380737,245,9.380737,1671
471,9.400737,302,9.400737,1643
472,9.420737,353,9.420737,1684
473,9.440737,407,9.440737,1689
474,9.460737,600,9.460737,1798
475,9.480737,751,9.480737,1828
476,9.500737,886,9.500737,1792
477,9.520737,1127,9.520737,1891
478,9.540737,1196,9.540737,2028
479,9.560737,1276,9.560737,2065
480,9.580737,1281,9.580737,2015
481,9.600737,1142,9.600737,2072
482,9.620737,1012,9.620737,1892
483,9.640737,809,9.640737,1853
484,9.660737,668,9.660737,1930
485,9.680737,494,9.680737,1780
486,9.700737,379,9.700737,1837
487,9.720737,284,9.720737,1749
488,9.740737,280,9.740737,1700
489,9.760737,247,9.760737,1679
490,9.780737,229,9.780737,1717
491,9.800737,226,9.800737,1603
492,9.820737,247,9.820737,1626
493,9.840737,226,9.840737,1521
494,9.860737,260,9.860737,1526
495,9.880737,230,9.880737,1480
496,9.900737,239,9.900737,1569
497,9.920737,245,9.920737,1576
498,9.940737,283,9.940737,1562
499,9.960737,280,9.960737,1556
500,9.980737,253,9.980737,1540
501,10.00074,253,10.00074,1466
502,10.02074,263,10.02074,1503
503,10.04074,274,10.04074,1518
504,10.06074,267,10.06074,1609
505,10.08074,237,10.08074,1576
506,10.10074,253,10.10074,1517
507,10.12074,284,10.12074,1463
508,10.14074,295,10.14074,1505
509,10.16074,309,10.16074,1525
510,10.18074,318,10.18074,1437
511,10.20074,364,10.20074,1473
512,10.22074,375,10.22074,1504
513,10.24074,398,10.24074,1447
514,10.26074,432,10.26074,1473
515,10.28074,466,10.28074,1468
516,10.30074,508,10.30074,1460
517,10.32074,633,10.32074,1520
518,10.34074,851,10.34074,1560
519,10.36074,1107,10.36074,1397
520,10.38074,1512,10.38074,1435
521,10.40074,2114,10.40074,1515
522,10.42074,2869,10.42074,1542
523,10.44074,3794,10.44074,1631
524,10.46074,4943,10.46074,1718
525,10.48074,5763,10.48074,1689
526,10.50074,6847,10.50074,1713
527,10.52074,7100,10.52074,1698
528,10.54074,7395,10.54074,1780
529,10.56074,7012,10.56074,1767
530,10.58074,6355,10.58074,1651
531,10.60074,5435,10.60074,1566
532,10.62074,4386,10.62074,1519
533,10.64074,3247,10.64074,1544
534,10.66074,2396,10.66074,1390
535,10.68074,1597,10.68074,1378
536,10.70074,1185,10.70074,1363
537,10.72074,845,10.72074,1333
538,10.74074,671,10.74074,1330
539,10.76074,515,10.76074,1333
540,10.78074,504,10.78074,1270
541,10.80074,467,10.80074,1275
542,10.82074,467,10.82074,1338
543,10.84074,461,10.84074,1315
544,10.86074,471,10.86074,1294
545,10.88074,458,10.88074,1276
546,10.90074,441,10.90074,1318
547,10.92074,409,10.92074,1274
548,10.94074,452,10.94074,1299
549,10.96074,451,10.96074,1292
550,10.98074,456,10.98074,1222
551,11.00074,487,11.00074,1219
552,11.02074,436,11.02074,1234
553,11.04074,499,11.04074,1151
554,11.06074,464,11.06074,1168
555,11.08074,481,11.08074,1252
556,11.10074,498,11.10074,1193
557,11.12074,535,11.12074,1240
558,11.14074,516,11.14074,1156
559,11.16074,507,11.16074,1147
560,11.18074,555,11.18074,1173
561,11.20074,551,11.20074,1198
562,11.22074,623,11.22074,1166
563,11.24074,630,11.24074,1143
564,11.26074,600,11.26074,1136
565,11.28074,600,11.28074,1220
566,11.30074,608,11.30074,1175
567,11.32074,672,11.32074,1173
568,11.34074,661,11.34074,1151
569,11.36074,643,11.36074,1129
570,11.38074,646,11.38074,1161
571,11.40074,669,11.40074,1103
572,11.42074,620,11.42074,1141
573,11.44074,656,11.44074,1107
574,11.46074,608,11.46074,1091
575,11.48074,590,11.48074,1116
576,11.50074,590,11.50074,1102
577,11.52074,638,11.52074,1039
578,11.54074,642,11.54074,1055
579,11.56074,626,11.56074,1093
580,11.58074,710,11.58074,1072
581,11.60074,662,11.60074,1068
582,11.62074,755,11.62074,1051
583,11.64074,789,11.64074,1113
584,11.66074,790,11.66074,1076
585,11.68074,827,11.68074,1068
586,11.70074,824,11.70074,1060
587,11.72074,849,11.72074,987
588,11.74074,777,11.74074,1086
589,11.76074,862,11.76074,975
590,11.78074,802,11.78074,1053
591,11.80074,793,11.80074,1018
592,11.82074,792,11.82074,1003
593,11.84074,718,11.84074,1047
594,11.86074,781,11.86074,977
595,11.88074,712,11.88074,920
596,11.90074,732,11.90074,938
597,11.92074,706,11.92074,1016
598,11.94074,727,11.94074,925
599,11.96074,754,11.96074,910
600,11.98074,777,11.98074,910
601,12.00074,749,12.00074,874
602,12.02074,814,12.02074,894
603,12.04074,784,12.04074,938
604,12.06074,824,12.06074,940
605,12.08074,852,12.08074,890
606,12.10074,904,12.10074,891
607,12.12074,894,12.12074,906
608,12.14074,939,12.14074,866
609,12.16074,979,12.16074,880
610,12.18074,1016,12.18074,897
611,12.20074,1050,12.20074,906
612,12.22074,1081,12.22074,899
613,12.24074,1103,12.24074,824
614,12.26074,1223,12.26074,895
615,12.28074,1203,12.28074,867
616,12.30074,1162,12.30074,855
617,12.32074,1163,12.32074,853
618,12.34074,1218,12.34074,859
619,12.36074,1133,12.36074,789
620,12.38074,1255,12.38074,839
621,12.40074,1294,12.40074,786
622,12.42074,1379,12.42074,792
623,12.44074,1705,12.44074,794
624,12.46074,2008,12.46074,753
625,12.48074,2611,12.48074,747
626,12.50074,3326,12.50074,784
627,12.52074,4133,12.52074,810
628,12.54074,4995,12.54074,777
629,12.56074,5882,12.56074,842
630,12.58074,6263,12.58074,806
631,12.60074,6584,12.60074,800
632,12.62074,6329,12.62074,759
633,12.64074,6119,12.64074,843
634,12.66074,5500,12.66074,779
635,12.68074,4799,12.68074,773
636,12.70074,3992,12.70074,801
637,12.72074,3391,12.72074,805
638,12.74074,2702,12.74074,793
639,12.76074,2378,12.76074,828
640,12.78074,1974,12.78074,777
641,12.80074,1731,12.80074,749
642,12.82074,1615,12.82074,784
643,12.84074,1528,12.84074,736
644,12.86074,1412,12.86074,721
645,12.88074,1437,12.88074,729
646,12.90074,1347,12.90074,686
647,12.92074,1325,12.92074,634
648,12.94074,1354,12.94074,675
649,12.96074,1315,12.96074,627
650,12.98074,1347,12.98074,604
651,13.00074,1389,13.00074,586
652,13.02074,1348,13.02074,602
653,13.04074,1354,13.04074,590
654,13.06074,1274,13.06074,581
655,13.08074,1336,13.08074,567
656,13.10074,1289,13.10074,579
657,13.12074,1277,13.12074,589
658,13.14074,1316,13.14074,528
659,13.16074,1324,13.16074,551
660,13.18074,1525,13.18074,524
661,13.20074,1695,13.20074,526
662,13.22074,2002,13.22074,514
663,13.24074,2321,13.24074,550
664,13.26074,2728,13.26074,530
665,13.28074,3187,13.28074,528
666,13.30074,3634,13.30074,512
667,13.32074,4047,13.32074,497
668,13.34074,4381,13.34074,494
669,13.36074,4400,13.36074,512
670,13.38074,4385,13.38074,501
671,13.40074,4066,13.40074,480
672,13.42074,3809,13.42074,470
673,13.44074,3313,13.44074,504
674,13.46074,2924,13.46074,470
675,13.48074,2449,13.48074,461
676,13.50074,2097,13.50074,455
677,13.52074,1714,13.52074,434
678,13.54074,1557,13.54074,453
679,13.56074,1424,13.56074,435
680,13.58074,1341,13.58074,382
681,13.60074,1234,13.60074,395
682,13.62074,1288,13.62074,388
683,13.64074,1165,13.64074,382
684,13.66074,1229,13.66074,396
685,13.68074,1200,13.68074,350
686,13.70074,1221,13.70074,355
687,13.72074,1212,13.72074,325
688,13.74074,1168,13.74074,330
689,13.76074,1285,13.76074,360
690,13.78074,1275,13.78074,338
691,13.80074,1301,13.80074,317
692,13.82074,1326,13.82074,352
693,13.84074,1311,13.84074,322
694,13.86074,1315,13.86074,314
695,13.88074,1330,13.88074,325
696,13.90074,1383,13.90074,305
697,13.92074,1540,13.92074,281
698,13.94074,1720,13.94074,284
699,13.96074,1849,13.96074,276
700,13.98074,2142,13.98074,273
701,14.00074,2534,14.00074,225
702,14.02074,2870,14.02074,245
703,14.04074,3354,14.04074,248
704,14.06074,3809,14.06074,215
705,14.08074,4172,14.08074,234
706,14.10074,4486,14.10074,225
707,14.12074,4644,14.12074,217
708,14.14074,4659,14.14074,202
709,14.16074,4465,14.16074,205
710,14.18074,4103,14.18074,188
711,14.20074,3752,14.20074,155
712,14.22074,3346,14.22074,187
713,14.24074,3040,14.24074,196
714,14.26074,2533,14.26074,156
715,14.28074,2109,14.28074,181
716,14.30074,1939,14.30074,147
717,14.32074,1723,14.32074,149
718,14.34074,1600,14.34074,120
719,14.36074,1529,14.36074,123
720,14.38074,1510,14.38074,117
721,14.40074,1463,14.40074,112
722,14.42074,1452,14.42074,118
723,14.44074,1453,14.44074,105
724,14.46074,1427,14.46074,106
725,14.48074,1489,14.48074,107
726,14.50074,1415,14.50074,73
727,14.52074,1449,14.52074,95
728,14.54074,1528,14.54074,81
729,14.56074,1550,14.56074,81
730,14.58074,1646,14.58074,88
731,14.60074,1673,14.60074,66
732,14.62074,1755,14.62074,64
733,14.64074,1971,14.64074,85
734,14.66074,2019,14.66074,81
735,14.68074,2197,14.68074,73
736,14.70074,2243,14.70074,58
737,14.72074,2348,14.72074,51
738,14.74074,2358,14.74074,50
739,14.76074,2592,14.76074,48
740,14.78074,2605,14.78074,45
741,14.80074,2660,14.80074,31
742,14.82074,2663,14.82074,38
743,14.84074,2723,14.84074,33
744,14.86074,2808,14.86074,41
745,14.88074,2842,14.88074,21
746,14.90074,2925,14.90074,22
747,14.92074,2834,14.92074,24
748,14.94074,2841,14.94074,32
749,14.96074,2878,14.96074,30
750,14.98074,2742,14.98074,22
751,15.00074,2622,15.00074,21
752,15.02074,2442,15.02074,22
753,15.04074,2259,15.04074,19
754,15.06074,2153,15.06074,27
755,15.08074,1975,15.08074,17
756,15.10074,1987,15.10074,17
757,15.12074,1971,15.12074,24
758,15.14074,1877,15.14074,18
759,15.16074,1930,15.16074,18
760,15.18074,1946,15.18074,14
761,15.20074,1983,15.20074,16
762,15.22074,1922,15.22074,15
763,15.24074,1863,15.24074,9
764,15.26074,1808,15.26074,22
765,15.28074,1844,15.28074,8
766,15.30074,1724,15.30074,13
767,15.32074,1592,15.32074,15
768,15.34074,1579,15.34074,14
769,15.36074,1621,15.36074,12
770,15.38074,1673,15.38074,15
771,15.40074,1624,15.40074,14
772,15.42074,1639,15.42074,20
773,15.44074,1747,15.44074,11
774,15.46074,1722,15.46074,11
775,15.48074,1819,15.48074,13
776,15.50074,1961,15.50074,12
777,15.52074,2245,15.52074,9
778,15.54074,2507,15.54074,14
779,15.56074,2920,15.56074,7
780,15.58074,3345,15.58074,13
781,15.60074,4055,15.60074,11
782,15.62074,4745,15.62074,10
783,15.64074,5253,15.64074,8
784,15.66074,6089,15.66074,10
785,15.68074,6631,15.68074,18
786,15.70074,7152,15.70074,12
787,15.72074,7502,15.72074,15
788,15.74074,7659,15.74074,12
789,15.76074,7422,15.76074,18
790,15.78074,6961,15.78074,10
791,15.80074,6522,15.80074,16
792,15.82074,5940,15.82074,12
793,15.84074,5102,15.84074,9
794,15.86074,4295,15.86074,17
795,15.88074,3788,15.88074,13
796,15.90074,3165,15.90074,11
797,15.92074,2685,15.92074,10
798,15.94074,2443,15.94074,16
799,15.96074,2084,15.96074,22
800,15.98074,1930,15.98074,13
801,16.00074,1823,16.00074,10
802,16.02074,1787,16.02074,10
803,16.04074,1774,16.04074,18
804,16.06074,1752,16.06074,14
805,16.08074,1759,16.08074,9
806,16.10074,1865,16.10074,16
807,16.12074,1860,16.12074,8
808,16.14074,1827,16.14074,11
809,16.16074,1833,16.16074,14
810,16.18074,1768,16.18074,12
811,16.20074,1769,16.20074,11
812,16.22074,1746,16.22074,11
813,16.24074,1688,16.24074,12
814,16.26074,1686,16.26074,13
815,16.28074,1709,16.28074,17
816,16.30074,1769,16.30074,8
817,16.32074,1771,16.32074,13
818,16.34074,1733,16.34074,6
819,16.36074,1706,16.36074,11
820,16.38074,1806,16.38074,11
821,16.40074,1859,16.40074,10
822,16.42074,1888,16.42074,12
823,16.44074,1912,16.44074,9
824,16.46074,2044,16.46074,10
825,16.48074,2067,16.48074,11
826,16.50074,2165,16.50074,6
827,16.52074,2283,16.52074,15
828,16.54074,2158,16.54074,10
829,16.56074,2222,16.56074,10
830,16.58074,2302,16.58074,15
831,16.60074,2213,16.60074,11
832,16.62074,2320,16.62074,15
833,16.64074,2195,16.64074,7
834,16.66074,2152,16.66074,11
835,16.68074,2085,16.68074,8
836,16.70074,2105,16.70074,11
837,16.72074,2077,16.72074,9
838,16.74074,1912,16.74074,4
839,16.76074,1967,16.76074,13
840,16.78074,1926,16.78074,11
841,16.80074,1833,16.80074,6
842,16.82074,1899,16.82074,11
843,16.84074,1889,16.84074,7
844,16.86074,1820,16.86074,8
845,16.88074,1768,16.88074,8
846,16.90074,1802,16.90074,11
847,16.92074,1849,16.92074,14
848,16.94074,1813,16.94074,9
849,16.96074,1863,16.96074,9
850,16.98074,1788,16.98074,3
851,17.00074,1829,17.00074,8
852,17.02074,1775,17.02074,11
853,17.04074,1791,17.04074,9
854,17.06074,1841,17.06074,16
855,17.08074,1823,17.08074,4
856,17.10074,1759,17.10074,10
857,17.12074,1838,17.12074,14
858,17.14074,1827,17.14074,9
859,17.16074,1924,17.16074,10
860,17.18074,1909,17.18074,8
861,17.20074,1945,17.20074,8
862,17.22074,1865,17.22074,9
863,17.24074,1903,17.24074,7
864,17.26074,1884,17.26074,8
865,17.28074,1951,17.28074,11
866,17.30074,2102,17.30074,6
867,17.32074,2087,17.32074,8
868,17.34074,2085,17.34074,3
869,17.36074,2103,17.36074,9
870,17.38074,2022,17.38074,11
871,17.40074,2112,17.40074,7
872,17.42074,2215,17.42074,10
873,17.44074,2258,17.44074,7
874,17.46074,2242,17.46074,8
875,17.48074,2306,17.48074,7
876,17.50074,2470,17.50074,7
877,17.52074,2520,17.52074,2
878,17.54074,2423,17.54074,8
879,17.56074,2729,17.56074,10
880,17.58074,2782,17.58074,8
881,17.60074,2907,17.60074,9
882,17.62074,2848,17.62074,5
883,17.64074,2938,17.64074,6
884,17.66074,2934,17.66074,5
885,17.68074,2708,17.68074,3
886,17.70074,2806,17.70074,9
887,17.72074,2670,17.72074,8
888,17.74074,2616,17.74074,1
889,17.76074,2545,17.76074,9
890,17.78074,2321,17.78074,7
891,17.80074,2332,17.80074,8
892,17.82074,2293,17.82074,10
893,17.84074,2335,17.84074,6
894,17.86074,2335,17.86074,9
895,17.88074,2251,17.88074,13
896,17.90074,2273,17.90074,5
897,17.92074,2328,17.92074,4
898,17.94074,2361,17.94074,7
899,17.96074,2370,17.96074,6
900,17.98074,2321,17.98074,6
901,18.00074,2337,18.00074,10
902,18.02074,2397,18.02074,10
903,18.04074,2393,18.04074,5
904,18.06074,2284,18.06074,6
905,18.08074,2296,18.08074,6
906,18.10074,2440,18.10074,5
907,18.12074,2350,18.12074,6
908,18.14074,2556,18.14074,8
909,18.16074,2408,18.16074,9
910,18.18074,2520,18.18074,4
911,18.20074,2503,18.20074,4
912,18.22074,2531,18.22074,2
913,18.24074,2444,18.24074,3
914,18.26074,2635,18.26074,6
915,18.28074,2724,18.28074,4
916,18.30074,2743,18.30074,6
917,18.32074,2721,18.32074,1
918,18.34074,2700,18.34074,7
919,18.36074,2898,18.36074,6
920,18.38074,2946,18.38074,6
921,18.40074,2912,18.40074,2
922,18.42074,3071,18.42074,4
923,18.44074,3000,18.44074,10
924,18.46074,3197,18.46074,8
925,18.48074,3363,18.48074,3
926,18.50074,3455,18.50074,1
927,18.52074,3549,18.52074,2
928,18.54074,3681,18.54074,5
929,18.56074,3880,18.56074,5
930,18.58074,3972,18.58074,9
931,18.60074,4261,18.60074,10
932,18.62074,4250,18.62074,3
933,18.64074,4441,18.64074,1
934,18.66074,4755,18.66074,5
935,18.68074,4868,18.68074,7
936,18.70074,5070,18.70074,6
937,18.72074,5220,18.72074,7
938,18.74074,5343,18.74074,4
939,18.76074,5689,18.76074,4
940,18.78074,5913,18.78074,5
941,18.80074,6140,18.80074,7
942,18.82074,6315,18.82074,6
943,18.84074,6489,18.84074,6
944,18.86074,6635,18.86074,6
945,18.88074,6933,18.88074,7
946,18.90074,7154,18.90074,1
947,18.92074,7206,18.92074,4
948,18.94074,7280,18.94074,3
949,18.96074,7550,18.96074,3
950,18.98074,7408,18.98074,6
951,19.00074,7632,19.00074,3
952,19.02074,7557,19.02074,6
953,19.04074,7582,19.04074,7
954,19.06074,7590,19.06074,3
955,19.08074,7539,19.08074,1
956,19.10074,7287,19.10074,3
957,19.12074,7327,19.12074,3
958,19.14074,7065,19.14074,7
959,19.16074,7068,19.16074,3
960,19.18074,6918,19.18074,3
961,19.20074,6630,19.20074,3
962,19.22074,6576,19.22074,2
963,19.24074,6182,19.24074,8
964,19.26074,6132,19.26074,3
965,19.28074,5728,19.28074,3
966,19.30074,5559,19.30074,4
967,19.32074,5410,19.32074,3
968,19.34074,5093,19.34074,7
969,19.36074,4834,19.36074,5
970,19.38074,4803,19.38074,5
971,19.40074,4428,19.40074,2
972,19.42074,4399,19.42074,10
973,19.44074,4170,19.44074,5
974,19.46074,4124,19.46074,2
975,19.48074,3881,19.48074,4
976,19.50074,3512,19.50074,0
977,19.52074,3614,19.52074,6
978,19.54074,3478,19.54074,4
979,19.56074,3264,19.56074,3
980,19.58074,3293,19.58074,3
981,19.60074,3076,19.60074,1
982,19.62074,2917,19.62074,1
983,19.64074,2864,19.64074,8
984,19.66074,2709,19.66074,7
985,19.68074,2603,19.68074,4
986,19.70074,2663,19.70074,7
987,19.72074,2705,19.72074,4
988,19.74074,2497,19.74074,3
989,19.76074,2475,19.76074,4
990,19.78074,2379,19.78074,4
991,19.80074,2469,19.80074,5
992,19.82074,2393,19.82074,5
993,19.84074,2438,19.84074,3
994,19.86074,2581,19.86074,3
995,19.88074,2664,19.88074,2
996,19.90074,2776,19.90074,2
997,19.92074,3008,19.92074,3
998,19.94074,3200,19.94074,2
999,19.96074,3465,19.96074,2
1000,19.98074,3705,19.98074,3
1001,20.00074,4223,20.00074,1
1002,20.02074,4431,20.02074,3
1003,20.04074,4790,20.04074,2
1004,20.06074,5003,20.06074,1
1005,20.08074,5486,20.08074,3
1006,20.10074,5761,20.10074,4
1007,20.12074,5732,20.12074,5
1008,20.14074,5884,20.14074,7
1009,20.16074,6209,20.16074,3
1010,20.18074,6078,20.18074,1
1011,20.20074,5796,20.20074,1
1012,20.22074,5572,20.22074,1
1013,20.24074,5120,20.24074,2
1014,20.26074,4700,20.26074,5
1015,20.28074,4215,20.28074,5
1016,20.30074,3820,20.30074,3
1017,20.32074,3290,20.32074,0
1018,20.34074,2921,20.34074,3
1019,20.36074,2640,20.36074,4
1020,20.38074,2375,20.38074,5
1021,20.40074,2234,20.40074,1
1022,20.42074,2114,20.42074,3
1023,20.44074,2029,20.44074,2
1024,20.46074,1883,20.46074,2
1025,20.48074,1848,20.48074,3
1026,20.50074,1928,20.50074,0
1027,20.52074,1918,20.52074,3
1028,20.54074,1899,20.54074,2
1029,20.56074,1921,20.56074,5
1030,20.58074,1974,20.58074,3
1031,20.60074,1962,20.60074,0
1032,20.62074,1940,20.62074,0
1033,20.64074,1999,20.64074,5
1034,20.66074,1977,20.66074,1
1035,20.68074,1980,20.68074,2
1036,20.70074,2028,20.70074,1
1037,20.72074,1999,20.72074,2
1038,20.74074,2062,20.74074,2
1039,20.76074,2006,20.76074,1
1040,20.78074,2090,20.78074,3
1041,20.80074,2213,20.80074,1
1042,20.82074,2147,20.82074,4
1043,20.84074,2097,20.84074,0
1044,20.86074,2122,20.86074,2
1045,20.88074,2296,20.88074,2
1046,20.90074,2315,20.90074,2
1047,20.92074,2240,20.92074,1
1048,20.94074,2352,20.94074,4
1049,20.96074,2342,20.96074,2
1050,20.98074,2411,20.98074,1
1051,21.00074,2505,21.00074,1
1052,21.02074,2420,21.02074,1
1053,21.04074,2536,21.04074,0
1054,21.06074,2511,21.06074,3
1055,21.08074,2554,21.08074,1
1056,21.10074,2654,21.10074,0
1057,21.12074,2559,21.12074,3
1058,21.14074,2671,21.14074,3
1059,21.16074,2710,21.16074,2
1060,21.18074,2613,21.18074,3
1061,21.20074,2698,21.20074,1
1062,21.22074,2717,21.22074,5
1063,21.24074,2642,21.24074,3
1064,21.26074,2694,21.26074,1
1065,21.28074,2808,21.28074,0
1066,21.30074,2672,21.30074,0
1067,21.32074,2694,21.32074,3
1068,21.34074,2635,21.34074,2
1069,21.36074,2751,21.36074,1
1070,21.38074,2660,21.38074,0
1071,21.40074,2658,21.40074,0
1072,21.42074,2575,21.42074,0
1073,21.44074,2582,21.44074,1
1074,21.46074,2561,21.46074,0
1075,21.48074,2500,21.48074,1
1076,21.50074,2456,21.50074,1
1077,21.52074,2501,21.52074,0
1078,21.54074,2477,21.54074,0
1079,21.56074,2412,21.56074,2
1080,21.58074,2418,21.58074,0
1081,21.60074,2290,21.60074,2
1082,21.62074,2307,21.62074,0
1083,21.64074,2257,21.64074,1
1084,21.66074,2235,21.66074,1
1085,21.68074,2341,21.68074,1
1086,21.70074,2195,21.70074,1
1087,21.72074,2192,21.72074,1
1088,21.74074,2048,21.74074,1
1089,21.76074,2037,21.76074,4
1090,21.78074,2024,21.78074,0
1091,21.80074,1962,21.80074,0
1092,21.82074,1985,21.82074,2
1093,21.84074,1950,21.84074,0
1094,21.86074,1931,21.86074,1
1095,21.88074,1909,21.88074,1
1096,21.90074,1883,21.90074,1
1097,21.92074,1872,21.92074,0
1098,21.94074,1786,21.94074,1
1099,21.96074,1860,21.96074,0
1100,21.98074,1856,21.98074,2
1101,22.00074,1873,22.00074,2
1102,22.02074,1802,22.02074,2
1103,22.04074,1814,22.04074,2
1104,22.06074,1860,22.06074,3
1105,22.08074,1764,22.08074,0
1106,22.10074,1716,22.10074,0
1107,22.12074,1754,22.12074,2
1108,22.14074,1762,22.14074,3
1109,22.16074,1670,22.16074,0
1110,22.18074,1663,22.18074,2
1111,22.20074,1672,22.20074,0
1112,22.22074,1667,22.22074,1
1113,22.24074,1614,22.24074,1
1114,22.26074,1615,22.26074,1
1115,22.28074,1605,22.28074,1
1116,22.30074,1645,22.30074,1
1117,22.32074,1519,22.32074,0
1118,22.34074,1590,22.34074,1
1119,22.36074,1558,22.36074,0
1120,22.38074,1595,22.38074,1
1121,22.40074,1568,22.40074,1
1122,22.42074,1556,22.42074,0
1123,22.44074,1554,22.44074,0
1124,22.46074,1612,22.46074,1
1125,22.48074,1719,22.48074,2
1126,22.50074,1642,22.50074,0
1127,22.52074,1635,22.52074,0
1128,22.54074,1675,22.54074,0
1129,22.56074,1877,22.56074,0
1130,22.58074,1961,22.58074,1
1131,22.60074,1995,22.60074,0
1132,22.62074,2074,22.62074,2
1133,22.64074,2050,22.64074,0
1134,22.66074,2218,22.66074,1
1135,22.68074,2141,22.68074,0
1136,22.70074,2082,22.70074,2
1137,22.72074,2136,22.72074,1
1138,22.74074,2087,22.74074,2
1139,22.76074,2047,22.76074,1
1140,22.78074,1866,22.78074,0
1141,22.80074,1800,22.80074,0
1142,22.82074,1787,22.82074,0
1143,22.84074,1677,22.84074,0
1144,22.86074,1717,22.86074,0
1145,22.88074,1550,22.88074,0
1146,22.90074,1510,22.90074,1
1147,22.92074,1453,22.92074,0
1148,22.94074,1463,22.94074,0
1149,22.96074,1394,22.96074,0
1150,22.98074,1510,22.98074,1
1151,23.00074,1513,23.00074,0
1152,23.02074,1509,23.02074,0
1153,23.04074,1510,23.04074,1
1154,23.06074,1529,23.06074,0
1155,23.08074,1472,23.08074,0
1156,23.10074,1457,23.10074,2
1157,23.12074,1513,23.12074,0
1158,23.14074,1588,23.14074,1
1159,23.16074,1511,23.16074,1
1160,23.18074,1518,23.18074,2
1161,23.20074,1447,23.20074,0
1162,23.22074,1514,23.22074,1
1163,23.24074,1464,23.24074,1
1164,23.26074,1457,23.26074,0
1165,23.28074,1414,23.28074,2
1166,23.30074,1353,23.30074,1
1167,23.32074,1399,23.32074,0
1168,23.34074,1360,23.34074,0
1169,23.36074,1435,23.36074,4
1170,23.38074,1309,23.38074,0
1171,23.40074,1289,23.40074,1
1172,23.42074,1273,23.42074,0
1173,23.44074,1307,23.44074,0
1174,23.46074,1253,23.46074,0
1175,23.48074,1387,23.48074,0
1176,23.50074,1352,23.50074,1
1177,23.52074,1328,23.52074,0
1178,23.54074,1296,23.54074,1
1179,23.56074,1335,23.56074,0
1180,23.58074,1322,23.58074,1
1181,23.60074,1332,23.60074,0
1182,23.62074,1408,23.62074,2
1183,23.64074,1285,23.64074,2
1184,23.66074,1282,23.66074,0
1185,23.68074,1246,23.68074,0
1186,23.70074,1331,23.70074,0
1187,23.72074,1315,23.72074,1
1188,23.74074,1365,23.74074,0
1189,23.76074,1291,23.76074,0
1190,23.78074,1320,23.78074,0
1191,23.80074,1310,23.80074,1
1192,23.82074,1286,23.82074,2
1193,23.84074,1289,23.84074,1
1194,23.86074,1357,23.86074,1
1195,23.88074,1268,23.88074,0
1196,23.90074,1292,23.90074,0
1197,23.92074,1272,23.92074,2
1198,23.94074,1327,23.94074,0
1199,23.96074,1310,23.96074,1
1200,23.98074,1360,23.98074,0
1201,24.00074,1281,24.00074,0
1202,24.02074,1266,24.02074,1
1203,24.04074,1288,24.04074,0
1204,24.06074,1289,24.06074,0
1205,24.08074,1270,24.08074,1
1206,24.10074,1297,24.10074,0
1207,24.12074,1228,24.12074,0
1208,24.14074,1300,24.14074,1
1209,24.16074,1311,24.16074,0
1210,24.18074,1234,24.18074,0
1211,24.20074,1279,24.20074,0
1212,24.22074,1227,24.22074,0
1213,24.24074,1245,24.24074,0
1214,24.26074,1263,24.26074,0
1215,24.28074,1276,24.28074,1
1216,24.30074,1261,24.30074,0
1217,24.32074,1230,24.32074,0
1218,24.34074,1202,24.34074,0
1219,24.36074,1204,24.36074,0
1220,24.38074,1230,24.38074,0
1221,24.40074,1285,24.40074,1
1222,24.42074,1256,24.42074,0
1223,24.44074,1219,24.44074,0
1224,24.46074,1193,24.46074,0
1225,24.48074,1181,24.48074,0
1226,24.50074,1201,24.50074,0
1227,24.52074,1268,24.52074,0
1228,24.54074,1254,24.54074,0
1229,24.56074,1212,24.56074,0
1230,24.58074,1191,24.58074,1
1231,24.60074,1239,24.60074,0
1232,24.62074,1255,24.62074,0
1233,24.64074,1293,24.64074,1
1234,24.66074,1220,24.66074,0
1235,24.68074,1234,24.68074,0
1236,24.70074,1174,24.70074,0
1237,24.72074,1155,24.72074,0
1238,24.74074,1269,24.74074,0
1239,24.76074,1239,24.76074,0
1240,24.78074,1247,24.78074,1
1241,24.80074,1255,24.80074,0
1242,24.82074,1229,24.82074,0
1243,24.84074,1135,24.84074,0
1244,24.86074,1239,24.86074,0
1245,24.88074,1195,24.88074,0
1246,24.90074,1219,24.90074,0
1247,24.92074,1222,24.92074,0
1248,24.94074,1232,24.94074,1
1249,24.96074,1210,24.96074,0
1250,24.98074,1169,24.98074,0
1251,25.00074,1155,25.00074,0
1252,25.02074,1223,25.02074,0
1253,25.04074,1283,25.04074,0
1254,25.06074,1228,25.06074,0
1255,25.08074,1229,25.08074,0
1256,25.10074,1235,25.10074,1
1257,25.12074,1254,25.12074,0
1258,25.14074,1271,25.14074,0
1259,25.16074,1270,25.16074,0
1260,25.18074,1285,25.18074,0
1261,25.20074,1235,25.20074,0
1262,25.22074,1273,25.22074,0
1263,25.24074,1277,25.24074,1
1264,25.26074,1228,25.26074,0
1265,25.28074,1226,25.28074,0
1266,25.30074,1218,25.30074,0
1267,25.32074,1251,25.32074,0
1268,25.34074,1238,25.34074,0
1269,25.36074,1245,25.36074,0
1270,25.38074,1156,25.38074,0
1271,25.40074,1154,25.40074,0
1272,25.42074,1240,25.42074,0
1273,25.44074,1209,25.44074,0
1274,25.46074,1152,25.46074,0
1275,25.48074,1128,25.48074,0
1276,25.50074,1135,25.50074,0
1277,25.52074,1132,25.52074,0
1278,25.54074,1154,25.54074,0
1279,25.56074,1166,25.56074,0
1280,25.58074,1160,25.58074,0
1281,25.60074,1187,25.60074,0
1282,25.62074,1123,25.62074,0
1283,25.64074,1189,25.64074,0
1284,25.66074,1120,25.66074,0
1285,25.68074,1133,25.68074,0
1286,25.70074,1118,25.70074,0
1287,25.72074,1116,25.72074,0
1288,25.74074,1153,25.74074,0
1289,25.76074,1097,25.76074,0
1290,25.78074,1074,25.78074,0
1291,25.80074,1035,25.80074,0
1292,25.82074,1100,25.82074,0
1293,25.84074,1021,25.84074,0
1294,25.86074,1094,25.86074,0
1295,25.88074,1047,25.88074,0
1296,25.90074,1073,25.90074,0
1297,25.92074,1173,25.92074,0
1298,25.94074,1144,25.94074,0
1299,25.96074,1166,25.96074,0
1300,25.98074,1167,25.98074,0
1301,26.00074,1180,26.00074,0
1302,26.02074,1144,26.02074,0
1303,26.04074,1125,26.04074,0
1304,26.06074,1084,26.06074,0
1305,26.08074,1142,26.08074,0
1306,26.10074,1150,26.10074,0
1307,26.12074,1164,26.12074,0
1308,26.14074,1142,26.14074,0
1309,26.16074,1122,26.16074,0
1310,26.18074,1207,26.18074,0
1311,26.20074,1201,26.20074,0
1312,26.22074,1124,26.22074,0
1313,26.24074,1125,26.24074,0
1314,26.26074,1128,26.26074,0
1315,26.28074,1198,26.28074,0
1316,26.30074,1168,26.30074,0
1317,26.32074,1242,26.32074,0
1318,26.34074,1110,26.34074,0
1319,26.36074,1163,26.36074,0
1320,26.38074,1202,26.38074,0
1321,26.40074,1094,26.40074,0
1322,26.42074,1124,26.42074,0
1323,26.44074,1054,26.44074,0
1324,26.46074,1057,26.46074,0
1325,26.48074,1053,26.48074,0
1326,26.50074,1104,26.50074,0
1327,26.52074,1064,26.52074,0
1328,26.54074,1075,26.54074,0
1329,26.56074,1106,26.56074,0
1330,26.58074,1081,26.58074,0
1331,26.60074,1008,26.60074,0
1332,26.62074,1008,26.62074,0
1333,26.64074,975,26.64074,0
1334,26.66074,1023,26.66074,0
1335,26.68074,1010,26.68074,0
1336,26.70074,995,26.70074,0
1337,26.72074,992,26.72074,0
1338,26.74074,970,26.74074,0
1339,26.76074,961,26.76074,0
1340,26.78074,963,26.78074,0
1341,26.80074,1010,26.80074,0
1342,26.82074,972,26.82074,0
1343,26.84074,952,26.84074,0
1344,26.86074,996,26.86074,0
1345,26.88074,964,26.88074,0
1346,26.90074,1025,26.90074,0
1347,26.92074,926,26.92074,0
1348,26.94074,981,26.94074,0
1349,26.96074,925,26.96074,0
1350,26.98074,994,26.98074,0
1351,27.00074,964,27.00074,1
1352,27.02074,993,27.02074,0
1353,27.04074,907,27.04074,0
1354,27.06074,916,27.06074,0
1355,27.08074,1001,27.08074,0
1356,27.10074,934,27.10074,0
1357,27.12074,933,27.12074,0
1358,27.14074,934,27.14074,0
1359,27.16074,935,27.16074,0
1360,27.18074,933,27.18074,1
1361,27.20074,968,27.20074,0
1362,27.22074,955,27.22074,0
1363,27.24074,959,27.24074,0
1364,27.26074,952,27.26074,0
1365,27.28074,920,27.28074,0
1366,27.30074,912,27.30074,0
1367,27.32074,941,27.32074,0
1368,27.34074,904,27.34074,0
1369,27.36074,955,27.36074,0
1370,27.38074,939,27.38074,0
1371,27.40074,894,27.40074,0
1372,27.42074,956,27.42074,0
1373,27.44074,862,27.44074,0
1374,27.46074,946,27.46074,0
1375,27.48074,982,27.48074,0
1376,27.50074,939,27.50074,0
1377,27.52074,962,27.52074,0
1378,27.54074,892,27.54074,0
1379,27.56074,922,27.56074,0
1380,27.58074,869,27.58074,0
1381,27.60074,916,27.60074,0
1382,27.62074,891,27.62074,0
1383,27.64074,912,27.64074,0
1384,27.66074,876,27.66074,0
1385,27.68074,859,27.68074,0
1386,27.70074,906,27.70074,0
1387,27.72074,876,27.72074,0
1388,27.74074,855,27.74074,0
1389,27.76074,867,27.76074,0
1390,27.78074,847,27.78074,0
1391,27.80074,800,27.80074,0
1392,27.82074,868,27.82074,0
1393,27.84074,903,27.84074,0
1394,27.86074,836,27.86074,0
1395,27.88074,804,27.88074,0
1396,27.90074,868,27.90074,0
1397,27.92074,840,27.92074,0
1398,27.94074,845,27.94074,0
1399,27.96074,950,27.96074,0
1400,27.98074,910,27.98074,0
1401,28.00074,838,28.00074,0
1402,28.02074,849,28.02074,0
1403,28.04074,872,28.04074,0
1404,28.06074,820,28.06074,0
1405,28.08074,894,28.08074,0
1406,28.10074,836,28.10074,0
1407,28.12074,759,28.12074,0
1408,28.14074,822,28.14074,0
1409,28.16074,847,28.16074,0
1410,28.18074,810,28.18074,0
1411,28.20074,895,28.20074,0
1412,28.22074,853,28.22074,1
1413,28.24074,889,28.24074,0
1414,28.26074,822,28.26074,0
1415,28.28074,805,28.28074,0
1416,28.30074,813,28.30074,0
1417,28.32074,807,28.32074,0
1418,28.34074,814,28.34074,0
1419,28.36074,849,28.36074,0
1420,28.38074,797,28.38074,0
1421,28.40074,823,28.40074,0
1422,28.42074,831,28.42074,0
1423,28.44074,795,28.44074,0
1424,28.46074,741,28.46074,0
1425,28.48074,817,28.48074,0
1426,28.50074,794,28.50074,0
1427,28.52074,793,28.52074,0
1428,28.54074,803,28.54074,0
1429,28.56074,766,28.56074,0
1430,28.58074,794,28.58074,0
1431,28.60074,812,28.60074,0
1432,28.62074,770,28.62074,0
1433,28.64074,785,28.64074,0
1434,28.66074,786,28.66074,0
1435,28.68074,817,28.68074,0
1436,28.70074,799,28.70074,0
1437,28.72074,775,28.72074,0
1438,28.74074,703,28.74074,0
1439,28.76074,716,28.76074,0
1440,28.78074,783,28.78074,0
1441,28.80074,761,28.80074,0
1442,28.82074,761,28.82074,0
1443,28.84074,756,28.84074,0
1444,28.86074,711,28.86074,0
1445,28.88074,697,28.88074,0
1446,28.90074,775,28.90074,0
1447,28.92074,720,28.92074,0
1448,28.94074,740,28.94074,0
1449,28.96074,748,28.96074,0
1450,28.98074,741,28.98074,0
1451,29.00074,739,29.00074,0
1452,29.02074,734,29.02074,0
1453,29.04074,725,29.04074,0
1454,29.06074,765,29.06074,0
1455,29.08074,791,29.08074,0
1456,29.10074,762,29.10074,0
1457,29.12074,726,29.12074,0
1458,29.14074,764,29.14074,0
1459,29.16074,695,29.16074,0
1460,29.18074,730,29.18074,0
1461,29.20074,763,29.20074,0
1462,29.22074,714,29.22074,0
1463,29.24074,759,29.24074,0
1464,29.26074,665,29.26074,0
1465,29.28074,768,29.28074,0
1466,29.30074,709,29.30074,0
1467,29.32074,725,29.32074,0
1468,29.34074,697,29.34074,0
1469,29.36074,697,29.36074,0
1470,29.38074,689,29.38074,0
1471,29.40074,722,29.40074,0
1472,29.42074,699,29.42074,0
1473,29.44074,708,29.44074,0
1474,29.46074,705,29.46074,0
1475,29.48074,697,29.48074,0
1476,29.50074,765,29.50074,0
1477,29.52074,711,29.52074,0
1478,29.54074,716,29.54074,0
1479,29.56074,669,29.56074,0
1480,29.58074,706,29.58074,0
1481,29.60074,745,29.60074,0
1482,29.62074,668,29.62074,0
1483,29.64074,696,29.64074,0
1484,29.66074,674,29.66074,0
1485,29.68074,697,29.68074,0
1486,29.70074,714,29.70074,0
1487,29.72074,688,29.72074,0
1488,29.74074,693,29.74074,0
1489,29.76074,718,29.76074,0
1490,29.78074,700,29.78074,0
1491,29.80074,706,29.80074,0
1492,29.82074,742,29.82074,0
1493,29.84074,679,29.84074,0
1494,29.86074,649,29.86074,0
1495,29.88074,642,29.88074,0
1496,29.90074,659,29.90074,0
1497,29.92074,641,29.92074,0
1498,29.94074,657,29.94074,0
1499,29.96074,648,29.96074,0
1500,29.98074,620,29.98074,0
1501,30.00074,612,30.00074,0
1502,30.02074,672,30.02074,0
1503,30.04074,631,30.04074,0
1504,30.06074,663,30.06074,0
1505,30.08074,658,30.08074,0
1506,30.10074,656,30.10074,0
1507,30.12074,626,30.12074,0
1508,30.14074,610,30.14074,0
1509,30.16074,632,30.16074,0
1510,30.18074,606,30.18074,0
1511,30.20074,615,30.20074,0
1512,30.22074,588,30.22074,0
1513,30.24074,628,30.24074,0
1514,30.26074,566,30.26074,0
1515,30.28074,626,30.28074,0
1516,30.30074,644,30.30074,0
1517,30.32074,579,30.32074,0
1518,30.34074,609,30.34074,0
1519,30.36074,600,30.36074,0
1520,30.38074,595,30.38074,0
1521,30.40074,613,30.40074,0
1522,30.42074,609,30.42074,0
1523,30.44074,600,30.44074,0
1524,30.46074,632,30.46074,0
1525,30.48074,589,30.48074,0
1526,30.50074,593,30.50074,0
1527,30.52074,557,30.52074,0
1528,30.54074,547,30.54074,0
1529,30.56074,525,30.56074,0
1530,30.58074,607,30.58074,0
1531,30.60074,595,30.60074,0
1532,30.62074,531,30.62074,0
1533,30.64074,556,30.64074,0
1534,30.66074,575,30.66074,0
1535,30.68074,597,30.68074,0
1536,30.70074,558,30.70074,0
1537,30.72074,550,30.72074,0
1538,30.74074,595,30.74074,0
1539,30.76074,571,30.76074,0
1540,30.78074,607,30.78074,0
1541,30.80074,546,30.80074,0
1542,30.82074,511,30.82074,0
1543,30.84074,566,30.84074,0
1544,30.86074,550,30.86074,0
1545,30.88074,508,30.88074,0
1546,30.90074,532,30.90074,0
1547,30.92074,524,30.92074,0
1548,30.94074,527,30.94074,0
1549,30.96074,542,30.96074,0
1550,30.98074,523,30.98074,0
1551,31.00074,520,31.00074,0
1552,31.02074,505,31.02074,0
1553,31.04074,556,31.04074,0
1554,31.06074,515,31.06074,0
1555,31.08074,495,31.08074,0
1556,31.10074,533,31.10074,0
1557,31.12074,504,31.12074,0
1558,31.14074,522,31.14074,0
1559,31.16074,526,31.16074,0
1560,31.18074,492,31.18074,0
1561,31.20074,503,31.20074,0
1562,31.22074,516,31.22074,0
1563,31.24074,509,31.24074,0
1564,31.26074,480,31.26074,0
1565,31.28074,501,31.28074,0
1566,31.30074,535,31.30074,0
1567,31.32074,548,31.32074,0
1568,31.34074,535,31.34074,0
1569,31.36074,485,31.36074,0
1570,31.38074,493,31.38074,0
1571,31.40074,475,31.40074,0
1572,31.42074,462,31.42074,0
1573,31.44074,463,31.44074,0
1574,31.46074,512,31.46074,0
1575,31.48074,484,31.48074,0
1576,31.50074,482,31.50074,0
1577,31.52074,505,31.52074,0
1578,31.54074,479,31.54074,0
1579,31.56074,455,31.56074,0
1580,31.58074,484,31.58074,0
1581,31.60074,468,31.60074,0
1582,31.62074,474,31.62074,0
1583,31.64074,472,31.64074,0
1584,31.66074,501,31.66074,0
1585,31.68074,496,31.68074,0
1586,31.70074,515,31.70074,0
1587,31.72074,469,31.72074,0
1588,31.74074,496,31.74074,0
1589,31.76074,467,31.76074,0
1590,31.78074,498,31.78074,0
1591,31.80074,474,31.80074,0
1592,31.82074,464,31.82074,0
1593,31.84074,496,31.84074,0
1594,31.86074,481,31.86074,0
1595,31.88074,463,31.88074,0
1596,31.90074,515,31.90074,0
1597,31.92074,464,31.92074,0
1598,31.94074,459,31.94074,0
1599,31.96074,462,31.96074,0
1600,31.98074,455,31.98074,0
1601,32.00074,459,32.00074,0
1602,32.02074,482,32.02074,0
1603,32.04074,454,32.04074,0
1604,32.06074,482,32.06074,0
1605,32.08074,461,32.08074,0
1606,32.10074,447,32.10074,0
1607,32.12074,471,32.12074,0
1608,32.14074,501,32.14074,0
1609,32.16074,460,32.16074,0
1610,32.18074,475,32.18074,0
1611,32.20074,463,32.20074,0
1612,32.22074,430,32.22074,0
1613,32.24074,456,32.24074,0
1614,32.26074,451,32.26074,0
1615,32.28074,428,32.28074,0
1616,32.30074,412,32.30074,0
1617,32.32074,408,32.32074,0
1618,32.34074,409,32.34074,0
1619,32.36074,430,32.36074,0
1620,32.38074,387,32.38074,0
1621,32.40074,386,32.40074,0
1622,32.42074,400,32.42074,0
1623,32.44074,397,32.44074,0
1624,32.46074,432,32.46074,0
1625,32.48074,420,32.48074,0
1626,32.50074,393,32.50074,0
1627,32.52074,380,32.52074,0
1628,32.54074,363,32.54074,0
1629,32.56074,366,32.56074,0
1630,32.58074,397,32.58074,0
1631,32.60074,378,32.60074,0
1632,32.62074,348,32.62074,0
1633,32.64074,372,32.64074,0
1634,32.66074,414,32.66074,0
1635,32.68074,360,32.68074,0
1636,32.70074,394,32.70074,0
1637,32.72074,355,32.72074,0
1638,32.74074,319,32.74074,0
1639,32.76074,366,32.76074,0
1640,32.78074,342,32.78074,0
1641,32.80074,365,32.80074,0
1642,32.82074,333,32.82074,0
1643,32.84074,370,32.84074,0
1644,32.86074,349,32.86074,0
1645,32.88074,355,32.88074,0
1646,32.90074,377,32.90074,0
1647,32.92074,347,32.92074,0
1648,32.94074,316,32.94074,0
1649,32.96074,336,32.96074,0
1650,32.98074,347,32.98074,0
1651,33.00074,352,33.00074,0
1652,33.02074,328,33.02074,0
1653,33.04074,343,33.04074,0
1654,33.06074,312,33.06074,0
1655,33.08074,309,33.08074,0
1656,33.10074,312,33.10074,0
1657,33.12074,313,33.12074,0
1658,33.14074,294,33.14074,0
1659,33.16074,291,33.16074,0
1660,33.18074,295,33.18074,0
1661,33.20074,247,33.20074,0
1662,33.22074,311,33.22074,0
1663,33.24074,294,33.24074,0
1664,33.26074,264,33.26074,0
1665,33.28074,310,33.28074,0
1666,33.30074,275,33.30074,0
1667,33.32074,263,33.32074,0
1668,33.34074,291,33.34074,0
1669,33.36074,261,33.36074,0
1670,33.38074,258,33.38074,0
1671,33.40074,247,33.40074,0
1672,33.42074,291,33.42074,0
1673,33.44074,292,33.44074,0
1674,33.46074,275,33.46074,0
1675,33.48074,253,33.48074,0
1676,33.50074,266,33.50074,0
1677,33.52074,277,33.52074,0
1678,33.54074,262,33.54074,0
1679,33.56074,241,33.56074,0
1680,33.58074,239,33.58074,0
1681,33.60074,263,33.60074,0
1682,33.62074,254,33.62074,0
1683,33.64074,262,33.64074,0
1684,33.66074,244,33.66074,0
1685,33.68074,249,33.68074,0
1686,33.70074,238,33.70074,0
1687,33.72074,249,33.72074,0
1688,33.74074,230,33.74074,0
1689,33.76074,252,33.76074,0
1690,33.78074,208,33.78074,0
1691,33.80074,216,33.80074,0
1692,33.82074,228,33.82074,0
1693,33.84074,230,33.84074,0
1694,33.86074,254,33.86074,0
1695,33.88074,235,33.88074,0
1696,33.90074,220,33.90074,0
1697,33.92074,218,33.92074,0
1698,33.94074,204,33.94074,0
1699,33.96074,224,33.96074,0
1700,33.98074,204,33.98074,0
1701,34.00074,215,34.00074,0
1702,34.02074,219,34.02074,0
1703,34.04074,220,34.04074,0
1704,34.06074,198,34.06074,0
1705,34.08074,188,34.08074,0
1706,34.10074,212,34.10074,0
1707,34.12074,176,34.12074,0
1708,34.14074,173,34.14074,0
1709,34.16074,177,34.16074,0
1710,34.18074,192,34.18074,0
1711,34.20074,185,34.20074,0
1712,34.22074,191,34.22074,0
1713,34.24074,180,34.24074,0
1714,34.26074,198,34.26074,0
1715,34.28074,156,34.28074,0
1716,34.30074,160,34.30074,0
1717,34.32074,178,34.32074,0
1718,34.34074,190,34.34074,0
1719,34.36074,160,34.36074,0
1720,34.38074,169,34.38074,0
1721,34.40074,173,34.40074,0
1722,34.42074,170,34.42074,0
1723,34.44074,149,34.44074,0
1724,34.46074,165,34.46074,0
1725,34.48074,151,34.48074,0
1726,34.50074,168,34.50074,0
1727,34.52074,151,34.52074,0
1728,34.54074,155,34.54074,0
1729,34.56074,126,34.56074,0
1730,34.58074,156,34.58074,0
1731,34.60074,131,34.60074,0
1732,34.62074,147,34.62074,0
1733,34.64074,136,34.64074,0
1734,34.66074,135,34.66074,0
1735,34.68074,135,34.68074,0
1736,34.70074,137,34.70074,0
1737,34.72074,112,34.72074,0
1738,34.74074,134,34.74074,0
1739,34.76074,124,34.76074,0
1740,34.78074,131,34.78074,0
1741,34.80074,116,34.80074,0
1742,34.82074,142,34.82074,0
1743,34.84074,113,34.84074,0
1744,34.86074,113,34.86074,0
1745,34.88074,135,34.88074,0
1746,34.90074,117,34.90074,0
1747,34.92074,92,34.92074,0
1748,34.94074,103,34.94074,0
1749,34.96074,114,34.96074,0
1750,34.98074,105,34.98074,0
1751,35.00074,92,35.00074,0
1752,35.02074,123,35.02074,0
1753,35.04074,109,35.04074,0
1754,35.06074,114,35.06074,0
1755,35.08074,104,35.08074,0
1756,35.10074,69,35.10074,0
1757,35.12074,102,35.12074,0
1758,35.14074,98,35.14074,0
1759,35.16074,93,35.16074,0
1760,35.18074,87,35.18074,0
1761,35.20074,83,35.20074,0
1762,35.22074,78,35.22074,0
1763,35.24074,90,35.24074,0
1764,35.26074,80,35.26074,0
1765,35.28074,94,35.28074,0
1766,35.30074,78,35.30074,0
1767,35.32074,83,35.32074,0
1768,35.34074,70,35.34074,0
1769,35.36074,67,35.36074,0
1770,35.38074,66,35.38074,0
1771,35.40074,75,35.40074,0
1772,35.42074,80,35.42074,0
1773,35.44074,67,35.44074,0
1774,35.46074,66,35.46074,0
1775,35.48074,65,35.48074,0
1776,35.50074,65,35.50074,0
1777,35.52074,73,35.52074,0
1778,35.54074,56,35.54074,0
1779,35.56074,71,35.56074,0
1780,35.58074,61,35.58074,0
1781,35.60074,68,35.60074,0
1782,35.62074,53,35.62074,0
1783,35.64074,65,35.64074,0
1784,35.66074,70,35.66074,0
1785,35.68074,45,35.68074,0
1786,35.70074,48,35.70074,0
1787,35.72074,58,35.72074,0
1788,35.74074,60,35.74074,0
1789,35.76074,55,35.76074,0
1790,35.78074,50,35.78074,0
1791,35.80074,62,35.80074,0
1792,35.82074,37,35.82074,0
1793,35.84074,56,35.84074,0
1794,35.86074,47,35.86074,0
1795,35.88074,55,35.88074,0
1796,35.90074,34,35.90074,0
1797,35.92074,37,35.92074,0
1798,35.94074,46,35.94074,0
1799,35.96074,47,35.96074,0
1800,35.98074,45,35.98074,0
1801,36.00074,53,36.00074,0
1802,36.02074,51,36.02074,0
1803,36.04074,32,36.04074,0
1804,36.06074,38,36.06074,0
1805,36.08074,37,36.08074,0
1806,36.10074,34,36.10074,0
1807,36.12074,49,36.12074,0
1808,36.14074,53,36.14074,0
1809,36.16074,47,36.16074,0
1810,36.18074,49,36.18074,0
1811,36.20074,49,36.20074,0
1812,36.22074,45,36.22074,0
1813,36.24074,52,36.24074,0
1814,36.26074,50,36.26074,0
1815,36.28074,49,36.28074,0
1816,36.30074,37,36.30074,0
1817,36.32074,48,36.32074,0
1818,36.34074,36,36.34074,0
1819,36.36074,43,36.36074,0
1820,36.38074,41,36.38074,0
1821,36.40074,48,36.40074,0
1822,36.42074,42,36.42074,0
1823,36.44074,44,36.44074,0
1824,36.46074,33,36.46074,0
1825,36.48074,35,36.48074,0
1826,36.50074,34,36.50074,0
1827,36.52074,31,36.52074,0
1828,36.54074,42,36.54074,0
1829,36.56074,44,36.56074,0
1830,36.58074,39,36.58074,0
1831,36.60074,27,36.60074,0
1832,36.62074,35,36.62074,0
1833,36.64074,27,36.64074,0
1834,36.66074,35,36.66074,0
1835,36.68074,27,36.68074,0
1836,36.70074,20,36.70074,0
1837,36.72074,25,36.72074,0
1838,36.74074,33,36.74074,0
1839,36.76074,20,36.76074,0
1840,36.78074,26,36.78074,0
1841,36.80074,20,36.80074,0
1842,36.82074,33,36.82074,0
1843,36.84074,22,36.84074,0
1844,36.86074,23,36.86074,0
1845,36.88074,30,36.88074,0
1846,36.90074,29,36.90074,0
1847,36.92074,27,36.92074,0
1848,36.94074,37,36.94074,0
1849,36.96074,41,36.96074,0
1850,36.98074,30,36.98074,0
1851,37.00074,22,37.00074,0
1852,37.02074,20,37.02074,0
1853,37.04074,37,37.04074,0
1854,37.06074,33,37.06074,0
1855,37.08074,28,37.08074,0
1856,37.10074,25,37.10074,0
1857,37.12074,27,37.12074,0
1858,37.14074,29,37.14074,0
1859,37.16074,30,37.16074,0
1860,37.18074,31,37.18074,0
1861,37.20074,16,37.20074,0
1862,37.22074,29,37.22074,0
1863,37.24074,23,37.24074,0
1864,37.26074,19,37.26074,0
1865,37.28074,21,37.28074,0
1866,37.30074,19,37.30074,0
1867,37.32074,27,37.32074,0
1868,37.34074,23,37.34074,0
1869,37.36074,21,37.36074,0
1870,37.38074,19,37.38074,0
1871,37.40074,15,37.40074,0
1872,37.42074,23,37.42074,0
1873,37.44074,21,37.44074,0
1874,37.46074,19,37.46074,0
1875,37.48074,21,37.48074,0
1876,37.50074,16,37.50074,0
1877,37.52074,28,37.52074,0
1878,37.54074,15,37.54074,0
1879,37.56074,27,37.56074,0
1880,37.58074,18,37.58074,0
1881,37.60074,19,37.60074,0
1882,37.62074,19,37.62074,0
1883,37.64074,30,37.64074,0
1884,37.66074,13,37.66074,0
1885,37.68074,21,37.68074,0
1886,37.70074,14,37.70074,0
1887,37.72074,17,37.72074,0
1888,37.74074,17,37.74074,0
1889,37.76074,18,37.76074,0
1890,37.78074,12,37.78074,0
1891,37.80074,11,37.80074,0
1892,37.82074,14,37.82074,0
1893,37.84074,16,37.84074,0
1894,37.86074,14,37.86074,0
1895,37.88074,19,37.88074,0
1896,37.90074,16,37.90074,0
1897,37.92074,15,37.92074,0
1898,37.94074,24,37.94074,0
1899,37.96074,15,37.96074,0
1900,37.98074,25,37.98074,0
1901,38.00074,15,38.00074,0
1902,38.02074,21,38.02074,0
1903,38.04074,14,38.04074,0
1904,38.06074,13,38.06074,0
1905,38.08074,18,38.08074,0
1906,38.10074,16,38.10074,0
1907,38.12074,21,38.12074,0
1908,38.14074,19,38.14074,0
1909,38.16074,14,38.16074,0
1910,38.18074,23,38.18074,0
1911,38.20074,19,38.20074,0
1912,38.22074,19,38.22074,0
1913,38.24074,12,38.24074,0
1914,38.26074,15,38.26074,0
1915,38.28074,15,38.28074,0
1916,38.30074,7,38.30074,0
1917,38.32074,18,38.32074,0
1918,38.34074,18,38.34074,0
1919,38.36074,9,38.36074,0
1920,38.38074,18,38.38074,0
1921,38.40074,13,38.40074,0
1922,38.42074,16,38.42074,0
1923,38.44074,10,38.44074,0
1924,38.46074,15,38.46074,0
1925,38.48074,14,38.48074,0
1926,38.50074,10,38.50074,0
1927,38.52074,12,38.52074,0
1928,38.54074,12,38.54074,0
1929,38.56074,17,38.56074,0
1930,38.58074,15,38.58074,0
1931,38.60074,10,38.60074,0
1932,38.62074,13,38.62074,0
1933,38.64074,9,38.64074,0
1934,38.66074,16,38.66074,0
1935,38.68074,16,38.68074,0
1936,38.70074,22,38.70074,0
1937,38.72074,14,38.72074,0
1938,38.74074,16,38.74074,0
1939,38.76074,14,38.76074,0
1940,38.78074,16,38.78074,0
1941,38.80074,17,38.80074,0
1942,38.82074,15,38.82074,0
1943,38.84074,16,38.84074,0
1944,38.86074,11,38.86074,0
1945,38.88074,18,38.88074,0
1946,38.90074,11,38.90074,0
1947,38.92074,19,38.92074,0
1948,38.94074,14,38.94074,0
1949,38.96074,13,38.96074,0
1950,38.98074,18,38.98074,0
1951,39.00074,6,39.00074,0
1952,39.02074,12,39.02074,0
1953,39.04074,6,39.04074,0
1954,39.06074,18,39.06074,0
1955,39.08074,12,39.08074,0
1956,39.10074,12,39.10074,0
1957,39.12074,17,39.12074,0
1958,39.14074,9,39.14074,0
1959,39.16074,15,39.16074,0
1960,39.18074,11,39.18074,0
1961,39.20074,16,39.20074,0
1962,39.22074,11,39.22074,0
1963,39.24074,8,39.24074,0
1964,39.26074,12,39.26074,0
1965,39.28074,16,39.28074,0
1966,39.30074,12,39.30074,0
1967,39.32074,9,39.32074,0
1968,39.34074,14,39.34074,0
1969,39.36074,11,39.36074,0
1970,39.38074,14,39.38074,0
1971,39.40074,12,39.40074,0
1972,39.42074,7,39.42074,0
1973,39.44074,10,39.44074,0
1974,39.46074,14,39.46074,0
1975,39.48074,7,39.48074,0
1976,39.50074,5,39.50074,0
1977,39.52074,9,39.52074,0
1978,39.54074,12,39.54074,0
1979,39.56074,13,39.56074,0
1980,39.58074,7,39.58074,0
1981,39.60074,5,39.60074,0
1982,39.62074,9,39.62074,0
1983,39.64074,9,39.64074,0
1984,39.66074,8,39.66074,0
1985,39.68074,4,39.68074,0
1986,39.70074,8,39.70074,0
1987,39.72074,4,39.72074,0
1988,39.74074,6,39.74074,0
1989,39.76074,5,39.76074,0
1990,39.78074,4,39.78074,0
1991,39.80074,13,39.80074,0
1992,39.82074,7,39.82074,0
1993,39.84074,4,39.84074,0
1994,39.86074,9,39.86074,0
1995,39.88074,6,39.88074,0
1996,39.90074,6,39.90074,0
1997,39.92074,8,39.92074,0
1998,39.94074,14,39.94074,0
1999,39.96074,7,39.96074,0
2000,39.98074,11,39.98074,0
2001,40.00074,6,40.00074,0
2002,40.02074,7,40.02074,0
2003,40.04074,6,40.04074,0
2004,40.06074,13,40.06074,0
2005,40.08074,8,40.08074,0
2006,40.10074,8,40.10074,0
2007,40.12074,9,40.12074,0
2008,40.14074,5,40.14074,0
2009,40.16074,11,40.16074,0
2010,40.18074,7,40.18074,0
2011,40.20074,14,40.20074,0
2012,40.22074,10,40.22074,0
2013,40.24074,8,40.24074,0
2014,40.26074,11,40.26074,0
2015,40.28074,16,40.28074,0
2016,40.30074,8,40.30074,0
2017,40.32074,6,40.32074,0
2018,40.34074,10,40.34074,0
2019,40.36074,10,40.36074,0
2020,40.38074,10,40.38074,0
2021,40.40074,11,40.40074,0
2022,40.42074,10,40.42074,0
2023,40.44074,6,40.44074,0
2024,40.46074,13,40.46074,0
2025,40.48074,6,40.48074,0
2026,40.50074,8,40.50074,0
2027,40.52074,3,40.52074,0
2028,40.54074,9,40.54074,0
2029,40.56074,7,40.56074,0
2030,40.58074,5,40.58074,0
2031,40.60074,4,40.60074,0
2032,40.62074,8,40.62074,0
2033,40.64074,10,40.64074,0
2034,40.66074,11,40.66074,0
2035,40.68074,4,40.68074,0
2036,40.70074,7,40.70074,0
2037,40.72074,11,40.72074,0
2038,40.74074,13,40.74074,0
2039,40.76074,6,40.76074,0
2040,40.78074,8,40.78074,0
2041,40.80074,6,40.80074,0
2042,40.82074,8,40.82074,0
2043,40.84074,9,40.84074,0
2044,40.86074,6,40.86074,0
2045,40.88074,10,40.88074,0
2046,40.90074,5,40.90074,0
2047,40.92074,8,40.92074,0
2048,40.94074,10,40.94074,0
