Bruker AXS HMP Instrument Tools Complete CSV
FileName,C:\MeinZeugs\Uni\Publikationen\2025\MeIn pXRF\DAQ\Device_monitoring_sample_element_precision_Schauer\data_raw\Example_Drift\03659-Mudrock Dual.pdz
SerialString,SG2-6390
TubeTargetElement,45
NumberOfSpectra,2
SampleID,
AcquisitionDateTime,4/3/2025 1:10:40 PM
TotalElapsedTimeInSeconds,120
AnodeTakeOffAngle,45
SampleIncidenceAngle,45
BeThicknessInMicroMeters,125
SampleTakeOffAngle,65
SpotSizeUsed,8
NumberOfUserCustomFields,5
UserCustomFieldHeader,FieldName,FieldValue
UserCustomField,Operator,Supervisor
UserCustomField,Material,Standard
UserCustomField,ID,
UserCustomField,Probe,SdAR-M2
UserCustomField,Projekt,Brennexperiment
AnalysisMode,32
AnalysisType,1
UsedAutoCalSelect,False
ResultUnits,PPM
ErrorMultiplier,2
CalFileName,MudrockDual
CalPackageName,
CalPackagePartNumber,
TypeStandardizationSetName,
NumberOfElementsInCalculatedResults,27
CalculatedResults:AtomicNum,ElementSymbol,Units,Value,TypeStandardizedValue,Error,RangeMin,RangeMax,Tramp,Nominal
12,Mg,PPM,0.3727985,0.3727985,0.05062059,0,0,False,False
13,Al,PPM,4.583498,4.583498,0.03065744,0,0,False,False
14,Si,PPM,23.76265,23.76265,0.04138041,0,0,False,False
15,P,PPM,0.01865616,0.01865616,0.002952168,0,0,False,False
16,S,PPM,0.2047489,0.2047489,0.002774487,0,0,False,False
19,K,PPM,3.431352,3.431352,0.006405305,0,0,False,False
20,Ca,PPM,0.6579822,0.6579822,0.002296326,0,0,False,False
22,Ti,PPM,0.13558,0.13558,0.001092811,0,0,False,False
23,V,PPM,0.007907616,0.007907616,0.0005714235,0,0,False,False
24,Cr,PPM,0.004376266,0.004376266,0.0003402143,0,0,False,False
25,Mn,PPM,0.08894056,0.08894056,0.000598137,0,0,False,False
26,Fe,PPM,1.886069,1.886069,0.002666287,0,0,False,False
27,Co,PPM,0.0001040475,0.0001040475,7.071879E-05,0,0,False,False
28,Ni,PPM,0.005027245,0.005027245,0.0001763682,0,0,False,False
29,Cu,PPM,0.02928711,0.02928711,0.0003032185,0,0,False,False
30,Zn,PPM,0.09055427,0.09055427,0.0004234544,0,0,False,False
33,As,PPM,0.04124124,0.04124124,0.0002528119,0,0,False,False
37,Rb,PPM,0.01529946,0.01529946,0.000120445,0,0,False,False
38,Sr,PPM,0.01548164,0.01548164,0.0001265617,0,0,False,False
39,Y,PPM,0.005486972,0.005486972,0.0001216913,0,0,False,False
40,Zr,PPM,0.02103151,0.02103151,0.000129449,0,0,False,False
41,Nb,PPM,0.002009881,0.002009881,9.997265E-05,0,0,False,False
42,Mo,PPM,0.002211167,0.002211167,0.0001092393,0,0,False,False
56,Ba,PPM,0.1428875,0.1428875,0.007839831,0,0,False,False
82,Pb,PPM,0.0444645,0.0444645,0.0002394351,0,0,False,False
90,Th,PPM,0.001796359,0.001796359,2.796992E-05,0,0,False,False
92,U,PPM,0.0005452093,0.0005452093,0.0002538996,0,0,False,False
MatchSpreadThreshold,0.05
IsTrampEnabled,False
IsNominalEnabled,False
NumberOfGradeIDMatchResults,3
GradeIDMatchResultsHeader,GradeID,MatchConfidence
GradeIDMatchResult,,0
GradeIDMatchResult,,0
GradeIDMatchResult,,0
ParametersForEachSpectrum,Spectrum 1,,Spectrum 2,
XrayVoltageInkV,40,,15,
XrayFilamentCurrentInMicroAmps,38.85,,27.9,
RawCounts,3282793,,3300212,
ValidCounts,2764307,,2911920,
eVPerChannel,20,,20,
StartingKeV,0.0006570285,,0.0006570285,
ZeroOffsetInKeV,-0.0006570285,,-0.0006570285,
StartingChannel,0.03285143,,0.03285143,
NumberOfChannels,2048,,2048,
CountsPerSecond,65565.39,,60548.77,
XilinxFirmwareVersion,,,,
IlluminationID,MudRock Trace40,,MudRock Maj15,
Filter1ElementAtomicNum,22,,0,
Filter1Thickness,25,,0,
Filter2ElementAtomicNum,13,,0,
Filter2Thickness,300,,0,
Filter3ElementAtomicNum,0,,0,
Filter3Thickness,0,,0,
AcquisitionDateTime,4/3/2025 1:10:40 PM,,4/3/2025 1:10:40 PM,
LiveTimeInSeconds,42.44601,,47.112,
DeadTimeInSeconds,7.622997,,7.393003,
ResetTimeInSeconds,6.222003,,1.799999,
DetectorTempInC,-27,,-27,
AmbientTempInF,111.6,,111.6,
NosePressureInMilliBars,1000,,1000,
NoseTemperatureInC,36,,36,
ActiveTimeInSeconds,50.06899,,54.50502,
PacketTimeInSeconds,56.29099,,56.30502,
CommunicationTimeInSeconds,,,,
ElapsedClockTimeInSeconds,60,,60,
Spectrum:ChannelNumber,ChannelStartInKeV,ChannelCount,ChannelStartInKeV,ChannelCount
1,0.0006570285,0,0.0006570285,0
2,0.02065703,0,0.02065703,0
3,0.04065703,0,0.04065703,0
4,0.06065703,0,0.06065703,0
5,0.08065703,0,0.08065703,0
6,0.100657,0,0.100657,0
7,0.120657,0,0.120657,0
8,0.140657,0,0.140657,0
9,0.160657,0,0.160657,0
10,0.180657,0,0.180657,0
11,0.200657,0,0.200657,0
12,0.220657,0,0.220657,0
13,0.240657,0,0.240657,0
14,0.260657,2,0.260657,0
15,0.280657,11,0.280657,4
16,0.300657,104,0.300657,86
17,0.320657,707,0.320657,642
18,0.340657,2693,0.340657,2750
19,0.360657,6960,0.360657,7838
20,0.380657,10868,0.380657,12413
21,0.400657,10908,0.400657,12267
22,0.420657,6414,0.420657,7281
23,0.440657,2619,0.440657,2665
24,0.460657,621,0.460657,625
25,0.480657,101,0.480657,80
26,0.500657,12,0.500657,9
27,0.520657,8,0.520657,0
28,0.540657,0,0.540657,0
29,0.560657,3,0.560657,1
30,0.580657,2,0.580657,0
31,0.600657,1,0.600657,0
32,0.620657,1,0.620657,0
33,0.640657,1,0.640657,0
34,0.660657,2,0.660657,0
35,0.680657,632,0.680657,83
36,0.700657,643,0.700657,69
37,0.7206571,688,0.7206571,65
38,0.740657,622,0.740657,73
39,0.760657,580,0.760657,89
40,0.7806571,622,0.7806571,68
41,0.800657,646,0.800657,94
42,0.820657,624,0.820657,101
43,0.8406571,601,0.8406571,83
44,0.860657,563,0.860657,109
45,0.880657,582,0.880657,120
46,0.9006571,624,0.9006571,174
47,0.920657,590,0.920657,213
48,0.940657,558,0.940657,266
49,0.960657,574,0.960657,259
50,0.980657,616,0.980657,206
51,1.000657,613,1.000657,160
52,1.020657,552,1.020657,152
53,1.040657,615,1.040657,157
54,1.060657,592,1.060657,189
55,1.080657,570,1.080657,166
56,1.100657,620,1.100657,185
57,1.120657,533,1.120657,167
58,1.140657,551,1.140657,145
59,1.160657,568,1.160657,175
60,1.180657,518,1.180657,210
61,1.200657,572,1.200657,253
62,1.220657,541,1.220657,283
63,1.240657,534,1.240657,257
64,1.260657,583,1.260657,206
65,1.280657,500,1.280657,181
66,1.300657,547,1.300657,151
67,1.320657,510,1.320657,149
68,1.340657,515,1.340657,159
69,1.360657,512,1.360657,177
70,1.380657,466,1.380657,378
71,1.400657,512,1.400657,878
72,1.420657,574,1.420657,2146
73,1.440657,597,1.440657,4104
74,1.460657,654,1.460657,6005
75,1.480657,588,1.480657,7188
76,1.500657,629,1.500657,6397
77,1.520657,603,1.520657,4895
78,1.540657,568,1.540657,3231
79,1.560657,535,1.560657,2207
80,1.580657,505,1.580657,1622
81,1.600657,490,1.600657,1366
82,1.620657,471,1.620657,2239
83,1.640657,527,1.640657,6053
84,1.660657,663,1.660657,17060
85,1.680657,972,1.680657,37936
86,1.700657,1311,1.700657,66207
87,1.720657,1532,1.720657,90059
88,1.740657,1576,1.740657,95124
89,1.760657,1405,1.760657,77426
90,1.780657,1066,1.780657,50677
91,1.800657,754,1.800657,27187
92,1.820657,560,1.820657,13571
93,1.840657,516,1.840657,6815
94,1.860657,454,1.860657,3889
95,1.880657,434,1.880657,2197
96,1.900657,430,1.900657,1133
97,1.920657,395,1.920657,663
98,1.940657,405,1.940657,461
99,1.960657,416,1.960657,418
100,1.980657,370,1.980657,453
101,2.000657,380,2.000657,466
102,2.020657,368,2.020657,406
103,2.040657,400,2.040657,391
104,2.060657,367,2.060657,367
105,2.080657,364,2.080657,291
106,2.100657,356,2.100657,287
107,2.120657,338,2.120657,269
108,2.140657,360,2.140657,292
109,2.160657,343,2.160657,276
110,2.180657,349,2.180657,345
111,2.200657,307,2.200657,368
112,2.220657,363,2.220657,536
113,2.240657,328,2.240657,768
114,2.260657,329,2.260657,1128
115,2.280657,373,2.280657,1553
116,2.300657,369,2.300657,1849
117,2.320657,393,2.320657,1929
118,2.340657,358,2.340657,1801
119,2.360657,368,2.360657,1562
120,2.380657,324,2.380657,1296
121,2.400657,330,2.400657,1176
122,2.420657,344,2.420657,1075
123,2.440657,326,2.440657,929
124,2.460657,313,2.460657,871
125,2.480657,287,2.480657,832
126,2.500657,288,2.500657,741
127,2.520657,291,2.520657,773
128,2.540657,285,2.540657,845
129,2.560657,316,2.560657,995
130,2.580657,290,2.580657,1509
131,2.600657,300,2.600657,2533
132,2.620657,273,2.620657,4246
133,2.640657,297,2.640657,6824
134,2.660657,270,2.660657,9589
135,2.680657,278,2.680657,11754
136,2.700657,277,2.700657,12113
137,2.720657,270,2.720657,10627
138,2.740657,253,2.740657,8192
139,2.760657,260,2.760657,6328
140,2.780657,247,2.780657,5782
141,2.800657,252,2.800657,6028
142,2.820657,251,2.820657,6710
143,2.840657,237,2.840657,6980
144,2.860657,274,2.860657,6941
145,2.880657,336,2.880657,6775
146,2.900657,323,2.900657,7083
147,2.920657,468,2.920657,7892
148,2.940657,488,2.940657,8929
149,2.960657,473,2.960657,8853
150,2.980657,479,2.980657,7925
151,3.000657,398,3.000657,5964
152,3.020657,293,3.020657,3888
153,3.040657,260,3.040657,2577
154,3.060657,233,3.060657,1667
155,3.080657,198,3.080657,1381
156,3.100657,229,3.100657,1180
157,3.120657,227,3.120657,1293
158,3.140657,241,3.140657,1640
159,3.160657,253,3.160657,2007
160,3.180657,348,3.180657,3062
161,3.200657,555,3.200657,5504
162,3.220657,1027,3.220657,11287
163,3.240657,1800,3.240657,21768
164,3.260657,2892,3.260657,36351
165,3.280657,4176,3.280657,52256
166,3.300657,4869,3.300657,63295
167,3.320657,4851,3.320657,63965
168,3.340657,4275,3.340657,54066
169,3.360657,2999,3.360657,38788
170,3.380657,1889,3.380657,23076
171,3.400657,1113,3.400657,11908
172,3.420657,575,3.420657,5499
173,3.440657,363,3.440657,2672
174,3.460657,253,3.460657,1850
175,3.480657,271,3.480657,1891
176,3.500657,324,3.500657,2782
177,3.520657,460,3.520657,4277
178,3.540657,616,3.540657,6337
179,3.560657,829,3.560657,8320
180,3.580657,1020,3.580657,10276
181,3.600657,1035,3.600657,11541
182,3.620657,1189,3.620657,12189
183,3.640657,1255,3.640657,13130
184,3.660657,1339,3.660657,13995
185,3.680657,1414,3.680657,14297
186,3.700657,1263,3.700657,13381
187,3.720657,1091,3.720657,10799
188,3.740657,834,3.740657,7800
189,3.760657,523,3.760657,5019
190,3.780657,314,3.780657,2894
191,3.800657,221,3.800657,1712
192,3.820657,159,3.820657,1080
193,3.840657,130,3.840657,962
194,3.860657,126,3.860657,799
195,3.880657,135,3.880657,952
196,3.900657,142,3.900657,1041
197,3.920657,158,3.920657,1180
198,3.940657,187,3.940657,1501
199,3.960657,213,3.960657,1925
200,3.980657,220,3.980657,2311
201,4.000657,264,4.000657,2505
202,4.020657,272,4.020657,2599
203,4.040657,263,4.040657,2469
204,4.060657,216,4.060657,2064
205,4.080657,172,4.080657,1678
206,4.100657,136,4.100657,1306
207,4.120657,104,4.120657,1101
208,4.140657,105,4.140657,993
209,4.160657,106,4.160657,969
210,4.180657,87,4.180657,944
211,4.200657,78,4.200657,870
212,4.220657,88,4.220657,901
213,4.240657,84,4.240657,937
214,4.260657,74,4.260657,913
215,4.280657,66,4.280657,947
216,4.300657,59,4.300657,973
217,4.320657,78,4.320657,998
218,4.340657,89,4.340657,1172
219,4.360657,130,4.360657,1321
220,4.380657,187,4.380657,1544
221,4.400657,333,4.400657,2240
222,4.420657,428,4.420657,3183
223,4.440657,666,4.440657,4347
224,4.460657,882,4.460657,5588
225,4.480657,1051,4.480657,6549
226,4.500657,1115,4.500657,7037
227,4.520657,1092,4.520657,6823
228,4.540657,866,4.540657,5621
229,4.560657,689,4.560657,4368
230,4.580657,503,4.580657,3228
231,4.600657,384,4.600657,2492
232,4.620657,339,4.620657,2010
233,4.640657,289,4.640657,1725
234,4.660657,312,4.660657,1625
235,4.680657,232,4.680657,1495
236,4.700657,189,4.700657,1493
237,4.720657,167,4.720657,1482
238,4.740657,145,4.740657,1616
239,4.760657,194,4.760657,1603
240,4.780657,183,4.780657,1832
241,4.800657,225,4.800657,2022
242,4.820657,297,4.820657,2185
243,4.840657,299,4.840657,2374
244,4.860657,307,4.860657,2445
245,4.880657,308,4.880657,2564
246,4.900657,311,4.900657,2408
247,4.920657,329,4.920657,2554
248,4.940657,310,4.940657,2677
249,4.960657,265,4.960657,2347
250,4.980657,243,4.980657,2277
251,5.000657,173,5.000657,2181
252,5.020657,132,5.020657,1938
253,5.040657,112,5.040657,1856
254,5.060657,109,5.060657,1875
255,5.080657,114,5.080657,1884
256,5.100657,94,5.100657,1821
257,5.120657,115,5.120657,1937
258,5.140657,105,5.140657,1879
259,5.160657,133,5.160657,1956
260,5.180657,127,5.180657,2001
261,5.200657,117,5.200657,1930
262,5.220657,119,5.220657,1862
263,5.240657,129,5.240657,1881
264,5.260657,131,5.260657,1865
265,5.280657,109,5.280657,1855
266,5.300657,129,5.300657,1953
267,5.320657,138,5.320657,1965
268,5.340657,132,5.340657,2072
269,5.360657,145,5.360657,2056
270,5.380657,138,5.380657,1986
271,5.400657,159,5.400657,2127
272,5.420657,162,5.420657,2066
273,5.440657,144,5.440657,2056
274,5.460657,137,5.460657,2027
275,5.480657,134,5.480657,2043
276,5.500657,122,5.500657,2039
277,5.520657,95,5.520657,2130
278,5.540657,109,5.540657,2041
279,5.560657,87,5.560657,1860
280,5.580657,86,5.580657,1923
281,5.600657,63,5.600657,1893
282,5.620657,78,5.620657,1935
283,5.640657,97,5.640657,1851
284,5.660657,91,5.660657,1925
285,5.680657,85,5.680657,1907
286,5.700657,91,5.700657,1905
287,5.720657,127,5.720657,1992
288,5.740657,160,5.740657,2173
289,5.760657,239,5.760657,2250
290,5.780657,393,5.780657,2768
291,5.800657,659,5.800657,3379
292,5.820657,924,5.820657,4417
293,5.840657,1347,5.840657,5288
294,5.860657,1607,5.860657,6242
295,5.880657,1935,5.880657,6688
296,5.900657,1923,5.900657,6885
297,5.920657,1759,5.920657,6178
298,5.940657,1395,5.940657,5397
299,5.960657,1028,5.960657,4465
300,5.980657,685,5.980657,3522
301,6.000657,429,6.000657,2763
302,6.020657,279,6.020657,2324
303,6.040657,181,6.040657,2141
304,6.060657,145,6.060657,1988
305,6.080657,144,6.080657,1893
306,6.100657,139,6.100657,1930
307,6.120657,143,6.120657,1984
308,6.140657,148,6.140657,2028
309,6.160657,208,6.160657,2041
310,6.180657,283,6.180657,2181
311,6.200657,482,6.200657,2604
312,6.220657,980,6.220657,3406
313,6.240657,2047,6.240657,5372
314,6.260657,4079,6.260657,8909
315,6.280657,7969,6.280657,16050
316,6.300657,13966,6.300657,26959
317,6.320657,21765,6.320657,41656
318,6.340657,31367,6.340657,60217
319,6.360657,39965,6.360657,76395
320,6.380657,45868,6.380657,88071
321,6.400657,47259,6.400657,90634
322,6.420657,43590,6.420657,84027
323,6.440657,36468,6.440657,69602
324,6.460657,27052,6.460657,51850
325,6.480657,18056,6.480657,34953
326,6.500657,10895,6.500657,21617
327,6.520657,5877,6.520657,12707
328,6.540657,2932,6.540657,7174
329,6.560657,1512,6.560657,4353
330,6.580657,743,6.580657,2875
331,6.600657,434,6.600657,2300
332,6.620657,223,6.620657,1997
333,6.640657,202,6.640657,1906
334,6.660657,163,6.660657,1938
335,6.680657,155,6.680657,1845
336,6.700657,129,6.700657,1862
337,6.720657,147,6.720657,1783
338,6.740657,148,6.740657,1839
339,6.760657,167,6.760657,1890
340,6.780657,173,6.780657,1871
341,6.800657,212,6.800657,1923
342,6.820657,246,6.820657,2009
343,6.840657,310,6.840657,2110
344,6.860657,365,6.860657,2298
345,6.880657,553,6.880657,2545
346,6.900657,794,6.900657,2968
347,6.920657,1311,6.920657,3713
348,6.940657,2031,6.940657,5072
349,6.960657,3076,6.960657,6693
350,6.980657,4326,6.980657,9022
351,7.000657,5798,7.000657,11572
352,7.020657,6935,7.020657,13397
353,7.040657,7566,7.040657,14850
354,7.060657,7725,7.060657,14773
355,7.080657,6959,7.080657,13223
356,7.100657,5644,7.100657,11177
357,7.120657,4352,7.120657,8812
358,7.140657,2960,7.140657,6438
359,7.160657,1883,7.160657,4457
360,7.180657,1022,7.180657,3120
361,7.200657,508,7.200657,2523
362,7.220657,292,7.220657,2058
363,7.240657,157,7.240657,1876
364,7.260657,99,7.260657,1786
365,7.280657,100,7.280657,1803
366,7.300657,75,7.300657,1833
367,7.320657,73,7.320657,1917
368,7.340657,94,7.340657,1945
369,7.360657,116,7.360657,2027
370,7.380657,154,7.380657,2136
371,7.400657,232,7.400657,2532
372,7.420657,238,7.420657,2748
373,7.440657,281,7.440657,2970
374,7.460657,316,7.460657,3030
375,7.480657,316,7.480657,3026
376,7.500657,269,7.500657,2727
377,7.520657,197,7.520657,2605
378,7.540657,184,7.540657,2273
379,7.560657,145,7.560657,1956
380,7.580657,123,7.580657,1820
381,7.600657,85,7.600657,1666
382,7.620657,90,7.620657,1666
383,7.640657,69,7.640657,1689
384,7.660657,54,7.660657,1567
385,7.680657,54,7.680657,1576
386,7.700657,62,7.700657,1566
387,7.720657,78,7.720657,1604
388,7.740657,62,7.740657,1500
389,7.760657,68,7.760657,1551
390,7.780657,77,7.780657,1561
391,7.800657,83,7.800657,1487
392,7.820657,111,7.820657,1654
393,7.840657,115,7.840657,1625
394,7.860657,142,7.860657,1499
395,7.880657,198,7.880657,1625
396,7.900657,301,7.900657,1720
397,7.920657,494,7.920657,1783
398,7.940657,686,7.940657,1997
399,7.960657,979,7.960657,2128
400,7.980657,1152,7.980657,2337
401,8.000657,1382,8.000657,2546
402,8.020657,1623,8.020657,2611
403,8.040657,1640,8.040657,2801
404,8.060658,1677,8.060658,2693
405,8.080657,1388,8.080657,2531
406,8.100657,1139,8.100657,2494
407,8.120657,860,8.120657,2304
408,8.140657,541,8.140657,2063
409,8.160657,359,8.160657,2103
410,8.180657,254,8.180657,1939
411,8.200657,192,8.200657,1883
412,8.220657,169,8.220657,1901
413,8.240657,137,8.240657,1862
414,8.260657,147,8.260657,1868
415,8.280657,137,8.280657,1774
416,8.300657,123,8.300657,1714
417,8.320657,120,8.320657,1662
418,8.340657,116,8.340657,1681
419,8.360657,120,8.360657,1614
420,8.380657,112,8.380657,1596
421,8.400657,153,8.400657,1583
422,8.420657,214,8.420657,1607
423,8.440657,321,8.440657,1581
424,8.460657,496,8.460657,1723
425,8.480657,832,8.480657,1900
426,8.500657,1333,8.500657,2176
427,8.520657,2105,8.520657,2435
428,8.540657,3219,8.540657,2931
429,8.560658,4288,8.560658,3476
430,8.580657,5426,8.580657,4041
431,8.600657,6171,8.600657,4359
432,8.620657,6593,8.620657,4478
433,8.640657,6458,8.640657,4577
434,8.660657,5932,8.660657,4292
435,8.680657,4914,8.680657,3812
436,8.700657,3768,8.700657,3235
437,8.720657,2666,8.720657,2791
438,8.740657,1796,8.740657,2356
439,8.760657,1119,8.760657,1999
440,8.780657,719,8.780657,1826
441,8.800657,477,8.800657,1813
442,8.820657,372,8.820657,1639
443,8.840657,372,8.840657,1725
444,8.860657,372,8.860657,1697
445,8.880657,384,8.880657,1642
446,8.900657,411,8.900657,1757
447,8.920657,359,8.920657,1709
448,8.940657,305,8.940657,1698
449,8.960657,319,8.960657,1706
450,8.980657,270,8.980657,1679
451,9.000657,218,9.000657,1692
452,9.020657,206,9.020657,1666
453,9.040657,211,9.040657,1608
454,9.060658,231,9.060658,1593
455,9.080657,272,9.080657,1564
456,9.100657,331,9.100657,1678
457,9.120657,361,9.120657,1639
458,9.140657,411,9.140657,1607
459,9.160657,503,9.160657,1735
460,9.180657,516,9.180657,1731
461,9.200657,560,9.200657,1679
462,9.220657,526,9.220657,1626
463,9.240657,506,9.240657,1617
464,9.260657,461,9.260657,1611
465,9.280657,428,9.280657,1653
466,9.300657,369,9.300657,1693
467,9.320657,309,9.320657,1602
468,9.340657,262,9.340657,1575
469,9.360657,256,9.360657,1623
470,9.380657,253,9.380657,1637
471,9.400657,287,9.400657,1613
472,9.420657,362,9.420657,1618
473,9.440657,420,9.440657,1685
474,9.460657,558,9.460657,1678
475,9.480657,731,9.480657,1832
476,9.500657,887,9.500657,1881
477,9.520657,1042,9.520657,1976
478,9.540657,1186,9.540657,2062
479,9.560658,1213,9.560658,2060
480,9.580657,1205,9.580657,1910
481,9.600657,1094,9.600657,1965
482,9.620657,998,9.620657,1998
483,9.640657,895,9.640657,1886
484,9.660657,692,9.660657,1823
485,9.680657,466,9.680657,1797
486,9.700657,387,9.700657,1815
487,9.720657,313,9.720657,1733
488,9.740657,247,9.740657,1740
489,9.760657,262,9.760657,1680
490,9.780657,229,9.780657,1715
491,9.800657,243,9.800657,1604
492,9.820657,248,9.820657,1490
493,9.840657,240,9.840657,1571
494,9.860657,266,9.860657,1508
495,9.880657,246,9.880657,1565
496,9.900657,240,9.900657,1510
497,9.920657,257,9.920657,1574
498,9.940657,262,9.940657,1553
499,9.960657,264,9.960657,1517
500,9.980657,271,9.980657,1547
501,10.00066,254,10.00066,1527
502,10.02066,247,10.02066,1503
503,10.04066,270,10.04066,1572
504,10.06066,259,10.06066,1502
505,10.08066,251,10.08066,1551
506,10.10066,303,10.10066,1544
507,10.12066,309,10.12066,1475
508,10.14066,274,10.14066,1493
509,10.16066,293,10.16066,1466
510,10.18066,320,10.18066,1525
511,10.20066,355,10.20066,1494
512,10.22066,350,10.22066,1473
513,10.24066,372,10.24066,1444
514,10.26066,398,10.26066,1540
515,10.28066,514,10.28066,1501
516,10.30066,528,10.30066,1458
517,10.32066,631,10.32066,1537
518,10.34066,809,10.34066,1440
519,10.36066,1087,10.36066,1487
520,10.38066,1523,10.38066,1516
521,10.40066,2078,10.40066,1585
522,10.42066,2906,10.42066,1587
523,10.44066,3750,10.44066,1615
524,10.46066,4750,10.46066,1665
525,10.48066,5681,10.48066,1770
526,10.50066,6599,10.50066,1687
527,10.52066,7185,10.52066,1748
528,10.54066,7348,10.54066,1769
529,10.56066,7022,10.56066,1731
530,10.58066,6315,10.58066,1671
531,10.60066,5380,10.60066,1592
532,10.62066,4312,10.62066,1508
533,10.64066,3266,10.64066,1459
534,10.66066,2354,10.66066,1454
535,10.68066,1599,10.68066,1320
536,10.70066,1116,10.70066,1331
537,10.72066,851,10.72066,1370
538,10.74066,650,10.74066,1322
539,10.76066,516,10.76066,1350
540,10.78066,531,10.78066,1341
541,10.80066,439,10.80066,1354
542,10.82066,484,10.82066,1290
543,10.84066,416,10.84066,1246
544,10.86066,486,10.86066,1245
545,10.88066,481,10.88066,1326
546,10.90066,420,10.90066,1256
547,10.92066,430,10.92066,1257
548,10.94066,454,10.94066,1243
549,10.96066,470,10.96066,1306
550,10.98066,458,10.98066,1207
551,11.00066,480,11.00066,1179
552,11.02066,463,11.02066,1230
553,11.04066,475,11.04066,1214
554,11.06066,454,11.06066,1174
555,11.08066,474,11.08066,1266
556,11.10066,492,11.10066,1205
557,11.12066,519,11.12066,1230
558,11.14066,526,11.14066,1165
559,11.16066,507,11.16066,1188
560,11.18066,555,11.18066,1180
561,11.20066,557,11.20066,1211
562,11.22066,575,11.22066,1142
563,11.24066,628,11.24066,1164
564,11.26066,591,11.26066,1186
565,11.28066,647,11.28066,1179
566,11.30066,643,11.30066,1107
567,11.32066,638,11.32066,1193
568,11.34066,677,11.34066,1141
569,11.36066,699,11.36066,1145
570,11.38066,569,11.38066,1113
571,11.40066,672,11.40066,1151
572,11.42066,604,11.42066,1027
573,11.44066,605,11.44066,1007
574,11.46066,643,11.46066,1066
575,11.48066,666,11.48066,1106
576,11.50066,594,11.50066,1022
577,11.52066,608,11.52066,1141
578,11.54066,616,11.54066,1083
579,11.56066,650,11.56066,1086
580,11.58066,682,11.58066,1073
581,11.60066,678,11.60066,1078
582,11.62066,722,11.62066,1012
583,11.64066,757,11.64066,1049
584,11.66066,790,11.66066,955
585,11.68066,787,11.68066,1141
586,11.70066,829,11.70066,1041
587,11.72066,841,11.72066,1045
588,11.74066,849,11.74066,1021
589,11.76066,803,11.76066,1016
590,11.78066,847,11.78066,996
591,11.80066,804,11.80066,971
592,11.82066,795,11.82066,1032
593,11.84066,750,11.84066,994
594,11.86066,705,11.86066,957
595,11.88066,740,11.88066,988
596,11.90066,712,11.90066,989
597,11.92066,704,11.92066,993
598,11.94066,695,11.94066,919
599,11.96066,765,11.96066,935
600,11.98066,791,11.98066,925
601,12.00066,741,12.00066,932
602,12.02066,774,12.02066,896
603,12.04066,801,12.04066,914
604,12.06066,815,12.06066,977
605,12.08066,815,12.08066,864
606,12.10066,883,12.10066,952
607,12.12066,885,12.12066,907
608,12.14066,939,12.14066,859
609,12.16066,986,12.16066,914
610,12.18066,1042,12.18066,893
611,12.20066,1006,12.20066,843
612,12.22066,1105,12.22066,874
613,12.24066,1130,12.24066,846
614,12.26066,1204,12.26066,843
615,12.28066,1183,12.28066,878
616,12.30066,1251,12.30066,834
617,12.32066,1171,12.32066,829
618,12.34066,1228,12.34066,840
619,12.36066,1205,12.36066,864
620,12.38066,1204,12.38066,853
621,12.40066,1247,12.40066,785
622,12.42066,1375,12.42066,877
623,12.44066,1639,12.44066,836
624,12.46066,2019,12.46066,819
625,12.48066,2594,12.48066,797
626,12.50066,3381,12.50066,765
627,12.52066,4039,12.52066,785
628,12.54066,4841,12.54066,821
629,12.56066,5590,12.56066,786
630,12.58066,6104,12.58066,755
631,12.60066,6421,12.60066,826
632,12.62066,6359,12.62066,771
633,12.64066,6137,12.64066,813
634,12.66066,5533,12.66066,724
635,12.68066,4779,12.68066,802
636,12.70066,4057,12.70066,764
637,12.72066,3240,12.72066,763
638,12.74066,2716,12.74066,850
639,12.76066,2307,12.76066,779
640,12.78066,2003,12.78066,825
641,12.80066,1801,12.80066,763
642,12.82066,1604,12.82066,782
643,12.84066,1528,12.84066,749
644,12.86066,1467,12.86066,778
645,12.88066,1370,12.88066,688
646,12.90066,1360,12.90066,726
647,12.92066,1402,12.92066,673
648,12.94066,1363,12.94066,677
649,12.96066,1383,12.96066,671
650,12.98066,1318,12.98066,640
651,13.00066,1364,13.00066,610
652,13.02066,1327,13.02066,618
653,13.04066,1302,13.04066,626
654,13.06066,1256,13.06066,635
655,13.08066,1279,13.08066,588
656,13.10066,1179,13.10066,555
657,13.12066,1209,13.12066,601
658,13.14066,1238,13.14066,582
659,13.16066,1347,13.16066,557
660,13.18066,1398,13.18066,539
661,13.20066,1674,13.20066,505
662,13.22066,1995,13.22066,538
663,13.24066,2396,13.24066,510
664,13.26066,2741,13.26066,523
665,13.28066,3168,13.28066,526
666,13.30066,3661,13.30066,502
667,13.32066,4026,13.32066,478
668,13.34066,4329,13.34066,489
669,13.36066,4599,13.36066,471
670,13.38066,4349,13.38066,489
671,13.40066,4133,13.40066,481
672,13.42066,3835,13.42066,513
673,13.44066,3359,13.44066,473
674,13.46066,3088,13.46066,494
675,13.48066,2565,13.48066,484
676,13.50066,2111,13.50066,452
677,13.52066,1784,13.52066,413
678,13.54066,1594,13.54066,454
679,13.56066,1378,13.56066,434
680,13.58066,1343,13.58066,401
681,13.60066,1321,13.60066,387
682,13.62066,1268,13.62066,412
683,13.64066,1184,13.64066,373
684,13.66066,1201,13.66066,367
685,13.68066,1212,13.68066,382
686,13.70066,1250,13.70066,349
687,13.72066,1151,13.72066,346
688,13.74066,1248,13.74066,368
689,13.76066,1245,13.76066,314
690,13.78066,1225,13.78066,357
691,13.80066,1273,13.80066,327
692,13.82066,1272,13.82066,320
693,13.84066,1235,13.84066,304
694,13.86066,1312,13.86066,304
695,13.88066,1370,13.88066,292
696,13.90066,1329,13.90066,286
697,13.92066,1498,13.92066,273
698,13.94066,1653,13.94066,268
699,13.96066,1849,13.96066,283
700,13.98066,2109,13.98066,256
701,14.00066,2454,14.00066,287
702,14.02066,2872,14.02066,226
703,14.04066,3281,14.04066,231
704,14.06066,3778,14.06066,223
705,14.08066,4192,14.08066,232
706,14.10066,4510,14.10066,212
707,14.12066,4577,14.12066,222
708,14.14066,4680,14.14066,194
709,14.16066,4496,14.16066,214
710,14.18066,4169,14.18066,193
711,14.20066,3840,14.20066,185
712,14.22066,3307,14.22066,164
713,14.24066,2990,14.24066,161
714,14.26066,2585,14.26066,155
715,14.28066,2215,14.28066,167
716,14.30066,1875,14.30066,137
717,14.32066,1787,14.32066,154
718,14.34066,1675,14.34066,153
719,14.36066,1566,14.36066,126
720,14.38066,1469,14.38066,140
721,14.40066,1397,14.40066,135
722,14.42066,1423,14.42066,113
723,14.44066,1391,14.44066,121
724,14.46066,1411,14.46066,116
725,14.48066,1484,14.48066,113
726,14.50066,1448,14.50066,119
727,14.52066,1506,14.52066,90
728,14.54066,1472,14.54066,107
729,14.56066,1483,14.56066,94
730,14.58066,1652,14.58066,58
731,14.60066,1656,14.60066,63
732,14.62066,1761,14.62066,61
733,14.64066,1933,14.64066,60
734,14.66066,1985,14.66066,59
735,14.68066,2100,14.68066,49
736,14.70066,2306,14.70066,52
737,14.72066,2381,14.72066,54
738,14.74066,2528,14.74066,55
739,14.76066,2578,14.76066,53
740,14.78066,2592,14.78066,48
741,14.80066,2680,14.80066,36
742,14.82066,2741,14.82066,40
743,14.84066,2757,14.84066,30
744,14.86066,2779,14.86066,28
745,14.88066,2838,14.88066,36
746,14.90066,2730,14.90066,30
747,14.92066,2907,14.92066,30
748,14.94066,2726,14.94066,26
749,14.96066,2828,14.96066,20
750,14.98066,2755,14.98066,36
751,15.00066,2571,15.00066,29
752,15.02066,2493,15.02066,31
753,15.04066,2304,15.04066,22
754,15.06066,2226,15.06066,19
755,15.08066,2034,15.08066,25
756,15.10066,2015,15.10066,22
757,15.12066,1910,15.12066,21
758,15.14066,1979,15.14066,18
759,15.16066,2016,15.16066,12
760,15.18066,1910,15.18066,17
761,15.20066,1798,15.20066,17
762,15.22066,1833,15.22066,12
763,15.24066,1802,15.24066,6
764,15.26066,1793,15.26066,21
765,15.28066,1746,15.28066,6
766,15.30066,1684,15.30066,14
767,15.32066,1688,15.32066,12
768,15.34066,1697,15.34066,8
769,15.36066,1651,15.36066,13
770,15.38066,1611,15.38066,17
771,15.40066,1634,15.40066,18
772,15.42066,1693,15.42066,20
773,15.44066,1568,15.44066,13
774,15.46066,1787,15.46066,9
775,15.48066,1763,15.48066,14
776,15.50066,1982,15.50066,18
777,15.52066,2149,15.52066,12
778,15.54066,2437,15.54066,10
779,15.56066,2820,15.56066,17
780,15.58066,3312,15.58066,10
781,15.60066,3859,15.60066,18
782,15.62066,4421,15.62066,14
783,15.64066,5216,15.64066,9
784,15.66066,5944,15.66066,18
785,15.68066,6608,15.68066,17
786,15.70066,6912,15.70066,17
787,15.72066,7361,15.72066,12
788,15.74066,7513,15.74066,17
789,15.76066,7371,15.76066,10
790,15.78066,6995,15.78066,16
791,15.80066,6462,15.80066,10
792,15.82066,5750,15.82066,13
793,15.84066,5123,15.84066,12
794,15.86066,4386,15.86066,14
795,15.88066,3758,15.88066,13
796,15.90066,3255,15.90066,14
797,15.92066,2615,15.92066,17
798,15.94066,2389,15.94066,9
799,15.96066,2136,15.96066,13
800,15.98066,1904,15.98066,14
801,16.00066,1809,16.00066,9
802,16.02066,1905,16.02066,7
803,16.04066,1819,16.04066,13
804,16.06066,1779,16.06066,13
805,16.08066,1732,16.08066,8
806,16.10066,1808,16.10066,11
807,16.12066,1786,16.12066,13
808,16.14066,1681,16.14066,9
809,16.16066,1830,16.16066,10
810,16.18066,1840,16.18066,8
811,16.20066,1737,16.20066,12
812,16.22066,1727,16.22066,2
813,16.24066,1739,16.24066,11
814,16.26066,1705,16.26066,5
815,16.28066,1728,16.28066,6
816,16.30066,1757,16.30066,16
817,16.32066,1726,16.32066,12
818,16.34066,1814,16.34066,5
819,16.36066,1783,16.36066,8
820,16.38066,1826,16.38066,11
821,16.40066,1874,16.40066,11
822,16.42066,1901,16.42066,8
823,16.44066,1899,16.44066,11
824,16.46066,1972,16.46066,14
825,16.48066,2016,16.48066,9
826,16.50066,2013,16.50066,9
827,16.52066,2123,16.52066,13
828,16.54066,2181,16.54066,8
829,16.56066,2220,16.56066,10
830,16.58066,2289,16.58066,6
831,16.60066,2220,16.60066,10
832,16.62066,2275,16.62066,15
833,16.64066,2213,16.64066,17
834,16.66066,2090,16.66066,11
835,16.68066,2124,16.68066,11
836,16.70066,2094,16.70066,10
837,16.72066,1973,16.72066,10
838,16.74066,1919,16.74066,5
839,16.76066,1866,16.76066,10
840,16.78066,1895,16.78066,6
841,16.80066,1845,16.80066,11
842,16.82066,1816,16.82066,12
843,16.84066,1811,16.84066,8
844,16.86066,1826,16.86066,9
845,16.88066,1742,16.88066,14
846,16.90066,1780,16.90066,11
847,16.92066,1852,16.92066,7
848,16.94066,1787,16.94066,13
849,16.96066,1764,16.96066,8
850,16.98066,1830,16.98066,7
851,17.00066,1762,17.00066,8
852,17.02066,1745,17.02066,9
853,17.04066,1833,17.04066,11
854,17.06066,1816,17.06066,7
855,17.08066,1782,17.08066,7
856,17.10066,1764,17.10066,12
857,17.12066,1779,17.12066,6
858,17.14066,1832,17.14066,7
859,17.16066,1855,17.16066,8
860,17.18066,1899,17.18066,6
861,17.20066,1880,17.20066,10
862,17.22066,1862,17.22066,13
863,17.24066,1956,17.24066,9
864,17.26066,1942,17.26066,13
865,17.28066,1982,17.28066,8
866,17.30066,2000,17.30066,7
867,17.32066,2009,17.32066,10
868,17.34066,2039,17.34066,14
869,17.36066,2089,17.36066,11
870,17.38066,2120,17.38066,6
871,17.40066,2183,17.40066,8
872,17.42066,2202,17.42066,6
873,17.44066,2186,17.44066,4
874,17.46066,2233,17.46066,12
875,17.48066,2291,17.48066,14
876,17.50066,2396,17.50066,8
877,17.52066,2459,17.52066,12
878,17.54066,2503,17.54066,7
879,17.56066,2641,17.56066,3
880,17.58066,2656,17.58066,8
881,17.60066,2867,17.60066,5
882,17.62066,2818,17.62066,11
883,17.64066,2900,17.64066,10
884,17.66066,2856,17.66066,5
885,17.68066,2872,17.68066,6
886,17.70066,2863,17.70066,9
887,17.72066,2685,17.72066,5
888,17.74066,2476,17.74066,7
889,17.76066,2544,17.76066,4
890,17.78066,2422,17.78066,9
891,17.80066,2352,17.80066,6
892,17.82066,2257,17.82066,7
893,17.84066,2224,17.84066,5
894,17.86066,2235,17.86066,4
895,17.88066,2340,17.88066,6
896,17.90066,2355,17.90066,7
897,17.92066,2259,17.92066,6
898,17.94066,2324,17.94066,6
899,17.96066,2307,17.96066,4
900,17.98066,2300,17.98066,4
901,18.00066,2327,18.00066,5
902,18.02066,2277,18.02066,7
903,18.04066,2377,18.04066,8
904,18.06066,2510,18.06066,6
905,18.08066,2347,18.08066,6
906,18.10066,2451,18.10066,3
907,18.12066,2334,18.12066,8
908,18.14066,2430,18.14066,8
909,18.16066,2414,18.16066,9
910,18.18066,2506,18.18066,6
911,18.20066,2530,18.20066,3
912,18.22066,2472,18.22066,4
913,18.24066,2502,18.24066,7
914,18.26066,2650,18.26066,9
915,18.28066,2572,18.28066,11
916,18.30066,2642,18.30066,7
917,18.32066,2691,18.32066,2
918,18.34066,2753,18.34066,6
919,18.36066,2790,18.36066,9
920,18.38066,2907,18.38066,2
921,18.40066,2998,18.40066,5
922,18.42066,3017,18.42066,2
923,18.44066,3181,18.44066,10
924,18.46066,3182,18.46066,7
925,18.48066,3333,18.48066,4
926,18.50066,3440,18.50066,9
927,18.52066,3538,18.52066,6
928,18.54066,3815,18.54066,7
929,18.56066,3864,18.56066,8
930,18.58066,3916,18.58066,6
931,18.60066,4188,18.60066,5
932,18.62066,4229,18.62066,12
933,18.64066,4539,18.64066,2
934,18.66066,4644,18.66066,6
935,18.68066,4877,18.68066,11
936,18.70066,4999,18.70066,10
937,18.72066,5151,18.72066,4
938,18.74066,5598,18.74066,1
939,18.76066,5655,18.76066,5
940,18.78066,5856,18.78066,8
941,18.80066,6164,18.80066,8
942,18.82066,6385,18.82066,2
943,18.84066,6539,18.84066,8
944,18.86066,6751,18.86066,5
945,18.88066,6984,18.88066,3
946,18.90066,7010,18.90066,3
947,18.92066,7092,18.92066,4
948,18.94066,7273,18.94066,4
949,18.96066,7519,18.96066,5
950,18.98066,7570,18.98066,3
951,19.00066,7589,19.00066,1
952,19.02066,7692,19.02066,6
953,19.04066,7520,19.04066,6
954,19.06066,7446,19.06066,8
955,19.08066,7479,19.08066,4
956,19.10066,7430,19.10066,3
957,19.12066,7270,19.12066,5
958,19.14066,7166,19.14066,3
959,19.16066,6953,19.16066,6
960,19.18066,6884,19.18066,5
961,19.20066,6598,19.20066,3
962,19.22066,6388,19.22066,8
963,19.24066,6183,19.24066,5
964,19.26066,6102,19.26066,1
965,19.28066,5675,19.28066,0
966,19.30066,5586,19.30066,7
967,19.32066,5338,19.32066,3
968,19.34066,5220,19.34066,3
969,19.36066,4884,19.36066,4
970,19.38066,4685,19.38066,6
971,19.40066,4454,19.40066,5
972,19.42066,4257,19.42066,3
973,19.44066,4213,19.44066,7
974,19.46066,3867,19.46066,2
975,19.48066,3938,19.48066,5
976,19.50066,3797,19.50066,2
977,19.52066,3574,19.52066,3
978,19.54066,3451,19.54066,3
979,19.56066,3259,19.56066,1
980,19.58066,3110,19.58066,1
981,19.60066,3195,19.60066,4
982,19.62066,3032,19.62066,2
983,19.64066,2934,19.64066,3
984,19.66066,2875,19.66066,2
985,19.68066,2635,19.68066,3
986,19.70066,2669,19.70066,2
987,19.72066,2597,19.72066,3
988,19.74066,2434,19.74066,3
989,19.76066,2484,19.76066,0
990,19.78066,2404,19.78066,2
991,19.80066,2443,19.80066,4
992,19.82066,2407,19.82066,4
993,19.84066,2427,19.84066,7
994,19.86066,2566,19.86066,4
995,19.88066,2653,19.88066,2
996,19.90066,2741,19.90066,1
997,19.92066,2908,19.92066,1
998,19.94066,3204,19.94066,3
999,19.96066,3443,19.96066,2
1000,19.98066,3678,19.98066,3
1001,20.00066,4133,20.00066,2
1002,20.02066,4332,20.02066,2
1003,20.04066,4816,20.04066,1
1004,20.06066,5154,20.06066,2
1005,20.08066,5430,20.08066,3
1006,20.10066,5679,20.10066,1
1007,20.12066,5793,20.12066,3
1008,20.14066,5917,20.14066,4
1009,20.16066,6009,20.16066,1
1010,20.18066,6031,20.18066,1
1011,20.20066,5755,20.20066,2
1012,20.22066,5532,20.22066,2
1013,20.24066,5276,20.24066,2
1014,20.26066,4738,20.26066,1
1015,20.28066,4311,20.28066,1
1016,20.30066,3862,20.30066,1
1017,20.32066,3500,20.32066,1
1018,20.34066,2970,20.34066,3
1019,20.36066,2683,20.36066,2
1020,20.38066,2446,20.38066,1
1021,20.40066,2288,20.40066,0
1022,20.42066,1996,20.42066,1
1023,20.44066,1948,20.44066,0
1024,20.46066,1991,20.46066,0
1025,20.48066,1978,20.48066,1
1026,20.50066,1892,20.50066,6
1027,20.52066,1899,20.52066,3
1028,20.54066,1831,20.54066,2
1029,20.56066,1936,20.56066,1
1030,20.58066,1933,20.58066,2
1031,20.60066,1938,20.60066,2
1032,20.62066,1883,20.62066,3
1033,20.64066,1928,20.64066,4
1034,20.66066,2006,20.66066,1
1035,20.68066,1984,20.68066,0
1036,20.70066,1988,20.70066,0
1037,20.72066,1962,20.72066,3
1038,20.74066,2002,20.74066,2
1039,20.76066,2002,20.76066,0
1040,20.78066,2160,20.78066,0
1041,20.80066,2076,20.80066,0
1042,20.82066,2155,20.82066,1
1043,20.84066,2082,20.84066,0
1044,20.86066,2156,20.86066,2
1045,20.88066,2199,20.88066,6
1046,20.90066,2206,20.90066,2
1047,20.92066,2267,20.92066,1
1048,20.94066,2393,20.94066,1
1049,20.96066,2375,20.96066,1
1050,20.98066,2410,20.98066,1
1051,21.00066,2434,21.00066,1
1052,21.02066,2365,21.02066,2
1053,21.04066,2442,21.04066,0
1054,21.06066,2481,21.06066,1
1055,21.08066,2570,21.08066,2
1056,21.10066,2522,21.10066,2
1057,21.12066,2624,21.12066,1
1058,21.14066,2597,21.14066,0
1059,21.16066,2578,21.16066,1
1060,21.18066,2639,21.18066,2
1061,21.20066,2625,21.20066,0
1062,21.22066,2787,21.22066,2
1063,21.24066,2810,21.24066,1
1064,21.26066,2671,21.26066,2
1065,21.28066,2780,21.28066,1
1066,21.30066,2681,21.30066,1
1067,21.32066,2705,21.32066,0
1068,21.34066,2690,21.34066,1
1069,21.36066,2738,21.36066,0
1070,21.38066,2720,21.38066,1
1071,21.40066,2585,21.40066,2
1072,21.42066,2667,21.42066,2
1073,21.44066,2669,21.44066,2
1074,21.46066,2525,21.46066,0
1075,21.48066,2489,21.48066,0
1076,21.50066,2408,21.50066,0
1077,21.52066,2442,21.52066,0
1078,21.54066,2508,21.54066,2
1079,21.56066,2416,21.56066,2
1080,21.58066,2438,21.58066,1
1081,21.60066,2326,21.60066,1
1082,21.62066,2251,21.62066,0
1083,21.64066,2249,21.64066,0
1084,21.66066,2252,21.66066,0
1085,21.68066,2142,21.68066,0
1086,21.70066,2176,21.70066,0
1087,21.72066,2176,21.72066,0
1088,21.74066,2040,21.74066,1
1089,21.76066,2107,21.76066,1
1090,21.78066,2068,21.78066,1
1091,21.80066,2018,21.80066,1
1092,21.82066,1967,21.82066,2
1093,21.84066,1910,21.84066,0
1094,21.86066,1952,21.86066,1
1095,21.88066,1966,21.88066,0
1096,21.90066,1822,21.90066,0
1097,21.92066,1880,21.92066,0
1098,21.94066,1862,21.94066,0
1099,21.96066,1896,21.96066,1
1100,21.98066,1952,21.98066,1
1101,22.00066,1856,22.00066,2
1102,22.02066,1827,22.02066,1
1103,22.04066,1833,22.04066,2
1104,22.06066,1796,22.06066,1
1105,22.08066,1856,22.08066,0
1106,22.10066,1775,22.10066,0
1107,22.12066,1693,22.12066,1
1108,22.14066,1772,22.14066,0
1109,22.16066,1722,22.16066,2
1110,22.18066,1736,22.18066,2
1111,22.20066,1630,22.20066,1
1112,22.22066,1644,22.22066,0
1113,22.24066,1604,22.24066,2
1114,22.26066,1595,22.26066,0
1115,22.28066,1645,22.28066,0
1116,22.30066,1577,22.30066,1
1117,22.32066,1512,22.32066,0
1118,22.34066,1582,22.34066,0
1119,22.36066,1563,22.36066,2
1120,22.38066,1572,22.38066,0
1121,22.40066,1490,22.40066,0
1122,22.42066,1572,22.42066,0
1123,22.44066,1486,22.44066,1
1124,22.46066,1556,22.46066,2
1125,22.48066,1512,22.48066,1
1126,22.50066,1608,22.50066,0
1127,22.52066,1713,22.52066,1
1128,22.54066,1734,22.54066,1
1129,22.56066,1813,22.56066,1
1130,22.58066,1818,22.58066,0
1131,22.60066,1905,22.60066,0
1132,22.62066,2035,22.62066,0
1133,22.64066,2122,22.64066,1
1134,22.66066,2059,22.66066,2
1135,22.68066,2108,22.68066,1
1136,22.70066,2127,22.70066,1
1137,22.72066,2085,22.72066,0
1138,22.74066,2058,22.74066,1
1139,22.76066,2002,22.76066,1
1140,22.78066,1871,22.78066,0
1141,22.80066,1869,22.80066,1
1142,22.82066,1667,22.82066,3
1143,22.84066,1667,22.84066,0
1144,22.86066,1599,22.86066,0
1145,22.88066,1602,22.88066,1
1146,22.90066,1602,22.90066,0
1147,22.92066,1432,22.92066,0
1148,22.94066,1542,22.94066,2
1149,22.96066,1460,22.96066,0
1150,22.98066,1446,22.98066,3
1151,23.00066,1436,23.00066,0
1152,23.02066,1517,23.02066,0
1153,23.04066,1549,23.04066,0
1154,23.06066,1524,23.06066,0
1155,23.08066,1462,23.08066,0
1156,23.10066,1522,23.10066,1
1157,23.12066,1547,23.12066,2
1158,23.14066,1453,23.14066,2
1159,23.16066,1499,23.16066,0
1160,23.18066,1439,23.18066,0
1161,23.20066,1519,23.20066,1
1162,23.22066,1429,23.22066,2
1163,23.24066,1431,23.24066,1
1164,23.26066,1410,23.26066,1
1165,23.28066,1348,23.28066,1
1166,23.30066,1333,23.30066,0
1167,23.32066,1367,23.32066,0
1168,23.34066,1350,23.34066,0
1169,23.36066,1279,23.36066,0
1170,23.38066,1367,23.38066,0
1171,23.40066,1287,23.40066,0
1172,23.42066,1377,23.42066,0
1173,23.44066,1363,23.44066,0
1174,23.46066,1394,23.46066,0
1175,23.48066,1325,23.48066,0
1176,23.50066,1350,23.50066,0
1177,23.52066,1329,23.52066,1
1178,23.54066,1348,23.54066,0
1179,23.56066,1325,23.56066,1
1180,23.58066,1286,23.58066,0
1181,23.60066,1284,23.60066,0
1182,23.62066,1326,23.62066,0
1183,23.64066,1362,23.64066,0
1184,23.66066,1284,23.66066,0
1185,23.68066,1374,23.68066,0
1186,23.70066,1319,23.70066,0
1187,23.72066,1314,23.72066,0
1188,23.74066,1250,23.74066,1
1189,23.76066,1319,23.76066,0
1190,23.78066,1325,23.78066,1
1191,23.80066,1293,23.80066,1
1192,23.82066,1272,23.82066,0
1193,23.84066,1282,23.84066,0
1194,23.86066,1276,23.86066,0
1195,23.88066,1264,23.88066,0
1196,23.90066,1266,23.90066,0
1197,23.92066,1364,23.92066,0
1198,23.94066,1239,23.94066,1
1199,23.96066,1329,23.96066,1
1200,23.98066,1362,23.98066,0
1201,24.00066,1301,24.00066,0
1202,24.02066,1300,24.02066,0
1203,24.04066,1305,24.04066,0
1204,24.06066,1306,24.06066,1
1205,24.08066,1263,24.08066,1
1206,24.10066,1325,24.10066,0
1207,24.12066,1271,24.12066,0
1208,24.14066,1291,24.14066,0
1209,24.16066,1238,24.16066,0
1210,24.18066,1293,24.18066,0
1211,24.20066,1267,24.20066,0
1212,24.22066,1238,24.22066,0
1213,24.24066,1221,24.24066,0
1214,24.26066,1244,24.26066,0
1215,24.28066,1316,24.28066,1
1216,24.30066,1209,24.30066,0
1217,24.32066,1263,24.32066,0
1218,24.34066,1271,24.34066,0
1219,24.36066,1245,24.36066,0
1220,24.38066,1203,24.38066,0
1221,24.40066,1272,24.40066,0
1222,24.42066,1294,24.42066,0
1223,24.44066,1272,24.44066,0
1224,24.46066,1199,24.46066,0
1225,24.48066,1230,24.48066,0
1226,24.50066,1176,24.50066,0
1227,24.52066,1187,24.52066,1
1228,24.54066,1185,24.54066,1
1229,24.56066,1291,24.56066,0
1230,24.58066,1246,24.58066,1
1231,24.60066,1318,24.60066,0
1232,24.62066,1206,24.62066,0
1233,24.64066,1156,24.64066,0
1234,24.66066,1211,24.66066,0
1235,24.68066,1230,24.68066,0
1236,24.70066,1190,24.70066,0
1237,24.72066,1159,24.72066,1
1238,24.74066,1254,24.74066,0
1239,24.76066,1194,24.76066,0
1240,24.78066,1182,24.78066,0
1241,24.80066,1221,24.80066,0
1242,24.82066,1161,24.82066,0
1243,24.84066,1201,24.84066,0
1244,24.86066,1236,24.86066,0
1245,24.88066,1198,24.88066,0
1246,24.90066,1262,24.90066,0
1247,24.92066,1193,24.92066,0
1248,24.94066,1245,24.94066,0
1249,24.96066,1251,24.96066,0
1250,24.98066,1262,24.98066,1
1251,25.00066,1219,25.00066,0
1252,25.02066,1216,25.02066,0
1253,25.04066,1249,25.04066,0
1254,25.06066,1242,25.06066,1
1255,25.08066,1225,25.08066,0
1256,25.10066,1295,25.10066,0
1257,25.12066,1272,25.12066,0
1258,25.14066,1243,25.14066,0
1259,25.16066,1238,25.16066,1
1260,25.18066,1207,25.18066,2
1261,25.20066,1239,25.20066,0
1262,25.22066,1249,25.22066,0
1263,25.24066,1297,25.24066,0
1264,25.26066,1253,25.26066,0
1265,25.28066,1271,25.28066,0
1266,25.30066,1250,25.30066,0
1267,25.32066,1194,25.32066,0
1268,25.34066,1203,25.34066,0
1269,25.36066,1198,25.36066,1
1270,25.38066,1209,25.38066,0
1271,25.40066,1170,25.40066,0
1272,25.42066,1171,25.42066,0
1273,25.44066,1110,25.44066,0
1274,25.46066,1151,25.46066,0
1275,25.48066,1182,25.48066,0
1276,25.50066,1094,25.50066,0
1277,25.52066,1117,25.52066,0
1278,25.54066,1136,25.54066,0
1279,25.56066,1123,25.56066,1
1280,25.58066,1125,25.58066,0
1281,25.60066,1115,25.60066,0
1282,25.62066,1075,25.62066,0
1283,25.64066,1151,25.64066,0
1284,25.66066,1156,25.66066,0
1285,25.68066,1132,25.68066,0
1286,25.70066,1100,25.70066,0
1287,25.72066,1136,25.72066,0
1288,25.74066,1087,25.74066,0
1289,25.76066,1153,25.76066,0
1290,25.78066,1060,25.78066,0
1291,25.80066,1106,25.80066,0
1292,25.82066,1134,25.82066,0
1293,25.84066,1116,25.84066,0
1294,25.86066,1069,25.86066,0
1295,25.88066,1069,25.88066,0
1296,25.90066,1033,25.90066,0
1297,25.92066,1111,25.92066,0
1298,25.94066,1127,25.94066,0
1299,25.96066,1152,25.96066,0
1300,25.98066,1138,25.98066,0
1301,26.00066,1123,26.00066,0
1302,26.02066,1152,26.02066,0
1303,26.04066,1138,26.04066,1
1304,26.06066,1137,26.06066,0
1305,26.08066,1175,26.08066,0
1306,26.10066,1137,26.10066,0
1307,26.12066,1139,26.12066,0
1308,26.14066,1147,26.14066,0
1309,26.16066,1075,26.16066,0
1310,26.18066,1120,26.18066,0
1311,26.20066,1146,26.20066,0
1312,26.22066,1178,26.22066,0
1313,26.24066,1148,26.24066,0
1314,26.26066,1167,26.26066,0
1315,26.28066,1183,26.28066,1
1316,26.30066,1153,26.30066,0
1317,26.32066,1144,26.32066,0
1318,26.34066,1131,26.34066,0
1319,26.36066,1190,26.36066,0
1320,26.38066,1162,26.38066,0
1321,26.40066,1095,26.40066,0
1322,26.42066,1175,26.42066,0
1323,26.44066,1124,26.44066,0
1324,26.46066,1111,26.46066,0
1325,26.48066,1090,26.48066,0
1326,26.50066,1031,26.50066,0
1327,26.52066,1000,26.52066,0
1328,26.54066,1009,26.54066,0
1329,26.56066,1037,26.56066,0
1330,26.58066,982,26.58066,0
1331,26.60066,1084,26.60066,0
1332,26.62066,1032,26.62066,0
1333,26.64066,978,26.64066,0
1334,26.66066,1025,26.66066,0
1335,26.68066,940,26.68066,0
1336,26.70066,971,26.70066,0
1337,26.72066,957,26.72066,0
1338,26.74066,977,26.74066,0
1339,26.76066,985,26.76066,0
1340,26.78066,999,26.78066,0
1341,26.80066,989,26.80066,0
1342,26.82066,961,26.82066,0
1343,26.84066,986,26.84066,0
1344,26.86066,964,26.86066,0
1345,26.88066,974,26.88066,0
1346,26.90066,952,26.90066,0
1347,26.92066,950,26.92066,0
1348,26.94066,981,26.94066,0
1349,26.96066,911,26.96066,0
1350,26.98066,945,26.98066,0
1351,27.00066,993,27.00066,0
1352,27.02066,890,27.02066,0
1353,27.04066,882,27.04066,0
1354,27.06066,975,27.06066,0
1355,27.08066,988,27.08066,0
1356,27.10066,971,27.10066,0
1357,27.12066,972,27.12066,0
1358,27.14066,950,27.14066,0
1359,27.16066,950,27.16066,0
1360,27.18066,993,27.18066,0
1361,27.20066,913,27.20066,0
1362,27.22066,969,27.22066,0
1363,27.24066,954,27.24066,0
1364,27.26066,892,27.26066,0
1365,27.28066,909,27.28066,0
1366,27.30066,918,27.30066,0
1367,27.32066,997,27.32066,0
1368,27.34066,891,27.34066,1
1369,27.36066,920,27.36066,0
1370,27.38066,920,27.38066,0
1371,27.40066,933,27.40066,0
1372,27.42066,955,27.42066,0
1373,27.44066,919,27.44066,0
1374,27.46066,972,27.46066,0
1375,27.48066,965,27.48066,0
1376,27.50066,962,27.50066,0
1377,27.52066,914,27.52066,0
1378,27.54066,845,27.54066,0
1379,27.56066,907,27.56066,0
1380,27.58066,881,27.58066,0
1381,27.60066,949,27.60066,0
1382,27.62066,930,27.62066,0
1383,27.64066,859,27.64066,0
1384,27.66066,878,27.66066,0
1385,27.68066,925,27.68066,0
1386,27.70066,917,27.70066,0
1387,27.72066,870,27.72066,0
1388,27.74066,868,27.74066,0
1389,27.76066,907,27.76066,0
1390,27.78066,837,27.78066,0
1391,27.80066,834,27.80066,0
1392,27.82066,893,27.82066,0
1393,27.84066,903,27.84066,0
1394,27.86066,842,27.86066,0
1395,27.88066,883,27.88066,0
1396,27.90066,857,27.90066,0
1397,27.92066,885,27.92066,0
1398,27.94066,817,27.94066,0
1399,27.96066,797,27.96066,0
1400,27.98066,843,27.98066,0
1401,28.00066,805,28.00066,0
1402,28.02066,820,28.02066,0
1403,28.04066,847,28.04066,0
1404,28.06066,785,28.06066,0
1405,28.08066,829,28.08066,0
1406,28.10066,843,28.10066,0
1407,28.12066,876,28.12066,0
1408,28.14066,819,28.14066,0
1409,28.16066,820,28.16066,0
1410,28.18066,838,28.18066,0
1411,28.20066,784,28.20066,0
1412,28.22066,804,28.22066,0
1413,28.24066,868,28.24066,0
1414,28.26066,805,28.26066,0
1415,28.28066,760,28.28066,0
1416,28.30066,821,28.30066,0
1417,28.32066,824,28.32066,0
1418,28.34066,814,28.34066,0
1419,28.36066,802,28.36066,0
1420,28.38066,860,28.38066,0
1421,28.40066,854,28.40066,0
1422,28.42066,816,28.42066,0
1423,28.44066,819,28.44066,0
1424,28.46066,817,28.46066,0
1425,28.48066,810,28.48066,0
1426,28.50066,813,28.50066,0
1427,28.52066,823,28.52066,0
1428,28.54066,806,28.54066,0
1429,28.56066,805,28.56066,0
1430,28.58066,811,28.58066,0
1431,28.60066,804,28.60066,0
1432,28.62066,759,28.62066,0
1433,28.64066,824,28.64066,0
1434,28.66066,814,28.66066,0
1435,28.68066,817,28.68066,0
1436,28.70066,748,28.70066,0
1437,28.72066,764,28.72066,0
1438,28.74066,772,28.74066,0
1439,28.76066,737,28.76066,0
1440,28.78066,785,28.78066,0
1441,28.80066,776,28.80066,0
1442,28.82066,751,28.82066,0
1443,28.84066,763,28.84066,0
1444,28.86066,757,28.86066,0
1445,28.88066,781,28.88066,0
1446,28.90066,768,28.90066,0
1447,28.92066,776,28.92066,0
1448,28.94066,746,28.94066,0
1449,28.96066,679,28.96066,0
1450,28.98066,761,28.98066,0
1451,29.00066,745,29.00066,0
1452,29.02066,740,29.02066,0
1453,29.04066,733,29.04066,0
1454,29.06066,735,29.06066,0
1455,29.08066,755,29.08066,0
1456,29.10066,727,29.10066,0
1457,29.12066,741,29.12066,0
1458,29.14066,775,29.14066,0
1459,29.16066,761,29.16066,0
1460,29.18066,774,29.18066,0
1461,29.20066,728,29.20066,0
1462,29.22066,708,29.22066,0
1463,29.24066,758,29.24066,0
1464,29.26066,690,29.26066,0
1465,29.28066,690,29.28066,0
1466,29.30066,739,29.30066,0
1467,29.32066,730,29.32066,0
1468,29.34066,703,29.34066,0
1469,29.36066,759,29.36066,0
1470,29.38066,721,29.38066,0
1471,29.40066,677,29.40066,0
1472,29.42066,727,29.42066,0
1473,29.44066,649,29.44066,0
1474,29.46066,733,29.46066,0
1475,29.48066,724,29.48066,0
1476,29.50066,687,29.50066,0
1477,29.52066,665,29.52066,0
1478,29.54066,698,29.54066,0
1479,29.56066,676,29.56066,0
1480,29.58066,698,29.58066,0
1481,29.60066,671,29.60066,0
1482,29.62066,717,29.62066,0
1483,29.64066,671,29.64066,0
1484,29.66066,732,29.66066,0
1485,29.68066,668,29.68066,0
1486,29.70066,692,29.70066,0
1487,29.72066,702,29.72066,0
1488,29.74066,713,29.74066,0
1489,29.76066,616,29.76066,0
1490,29.78066,705,29.78066,0
1491,29.80066,672,29.80066,0
1492,29.82066,705,29.82066,0
1493,29.84066,713,29.84066,0
1494,29.86066,687,29.86066,0
1495,29.88066,665,29.88066,0
1496,29.90066,601,29.90066,0
1497,29.92066,624,29.92066,0
1498,29.94066,653,29.94066,0
1499,29.96066,661,29.96066,0
1500,29.98066,620,29.98066,0
1501,30.00066,620,30.00066,0
1502,30.02066,649,30.02066,0
1503,30.04066,600,30.04066,0
1504,30.06066,625,30.06066,0
1505,30.08066,592,30.08066,0
1506,30.10066,611,30.10066,0
1507,30.12066,671,30.12066,0
1508,30.14066,629,30.14066,0
1509,30.16066,585,30.16066,0
1510,30.18066,670,30.18066,0
1511,30.20066,631,30.20066,0
1512,30.22066,623,30.22066,0
1513,30.24066,600,30.24066,0
1514,30.26066,606,30.26066,0
1515,30.28066,624,30.28066,0
1516,30.30066,619,30.30066,0
1517,30.32066,583,30.32066,0
1518,30.34066,612,30.34066,0
1519,30.36066,602,30.36066,0
1520,30.38066,590,30.38066,0
1521,30.40066,621,30.40066,0
1522,30.42066,607,30.42066,0
1523,30.44066,617,30.44066,0
1524,30.46066,570,30.46066,0
1525,30.48066,592,30.48066,0
1526,30.50066,570,30.50066,0
1527,30.52066,549,30.52066,0
1528,30.54066,554,30.54066,0
1529,30.56066,608,30.56066,0
1530,30.58066,589,30.58066,0
1531,30.60066,562,30.60066,0
1532,30.62066,550,30.62066,0
1533,30.64066,569,30.64066,0
1534,30.66066,584,30.66066,0
1535,30.68066,603,30.68066,0
1536,30.70066,564,30.70066,0
1537,30.72066,546,30.72066,0
1538,30.74066,587,30.74066,0
1539,30.76066,537,30.76066,0
1540,30.78066,541,30.78066,0
1541,30.80066,546,30.80066,0
1542,30.82066,523,30.82066,0
1543,30.84066,553,30.84066,0
1544,30.86066,518,30.86066,0
1545,30.88066,527,30.88066,0
1546,30.90066,547,30.90066,0
1547,30.92066,540,30.92066,0
1548,30.94066,529,30.94066,0
1549,30.96066,501,30.96066,0
1550,30.98066,522,30.98066,0
1551,31.00066,495,31.00066,0
1552,31.02066,552,31.02066,0
1553,31.04066,534,31.04066,0
1554,31.06066,493,31.06066,0
1555,31.08066,532,31.08066,0
1556,31.10066,513,31.10066,0
1557,31.12066,499,31.12066,0
1558,31.14066,539,31.14066,0
1559,31.16066,492,31.16066,0
1560,31.18066,487,31.18066,0
1561,31.20066,482,31.20066,0
1562,31.22066,483,31.22066,0
1563,31.24066,500,31.24066,0
1564,31.26066,491,31.26066,0
1565,31.28066,506,31.28066,0
1566,31.30066,481,31.30066,0
1567,31.32066,512,31.32066,0
1568,31.34066,507,31.34066,0
1569,31.36066,497,31.36066,0
1570,31.38066,460,31.38066,1
1571,31.40066,469,31.40066,0
1572,31.42066,494,31.42066,0
1573,31.44066,487,31.44066,0
1574,31.46066,450,31.46066,0
1575,31.48066,474,31.48066,0
1576,31.50066,503,31.50066,0
1577,31.52066,427,31.52066,0
1578,31.54066,475,31.54066,0
1579,31.56066,465,31.56066,0
1580,31.58066,494,31.58066,0
1581,31.60066,468,31.60066,0
1582,31.62066,473,31.62066,0
1583,31.64066,507,31.64066,0
1584,31.66066,495,31.66066,0
1585,31.68066,474,31.68066,0
1586,31.70066,524,31.70066,0
1587,31.72066,528,31.72066,0
1588,31.74066,447,31.74066,0
1589,31.76066,497,31.76066,0
1590,31.78066,479,31.78066,0
1591,31.80066,517,31.80066,0
1592,31.82066,489,31.82066,0
1593,31.84066,479,31.84066,0
1594,31.86066,482,31.86066,0
1595,31.88066,470,31.88066,0
1596,31.90066,464,31.90066,0
1597,31.92066,446,31.92066,0
1598,31.94066,427,31.94066,0
1599,31.96066,456,31.96066,0
1600,31.98066,429,31.98066,0
1601,32.00066,467,32.00066,0
1602,32.02066,451,32.02066,0
1603,32.04066,492,32.04066,0
1604,32.06066,456,32.06066,0
1605,32.08066,442,32.08066,0
1606,32.10066,463,32.10066,0
1607,32.12066,468,32.12066,0
1608,32.14066,534,32.14066,0
1609,32.16066,480,32.16066,0
1610,32.18066,435,32.18066,0
1611,32.20066,445,32.20066,0
1612,32.22066,471,32.22066,0
1613,32.24066,510,32.24066,0
1614,32.26066,473,32.26066,0
1615,32.28066,447,32.28066,0
1616,32.30066,440,32.30066,0
1617,32.32066,393,32.32066,0
1618,32.34066,422,32.34066,0
1619,32.36066,402,32.36066,0
1620,32.38066,420,32.38066,0
1621,32.40066,394,32.40066,0
1622,32.42066,381,32.42066,0
1623,32.44066,422,32.44066,0
1624,32.46066,351,32.46066,0
1625,32.48066,395,32.48066,0
1626,32.50066,393,32.50066,0
1627,32.52066,396,32.52066,0
1628,32.54066,368,32.54066,0
1629,32.56066,364,32.56066,0
1630,32.58066,360,32.58066,0
1631,32.60066,362,32.60066,1
1632,32.62066,350,32.62066,0
1633,32.64066,338,32.64066,0
1634,32.66066,372,32.66066,0
1635,32.68066,363,32.68066,0
1636,32.70066,334,32.70066,0
1637,32.72066,382,32.72066,0
1638,32.74066,348,32.74066,0
1639,32.76066,363,32.76066,0
1640,32.78066,341,32.78066,0
1641,32.80066,331,32.80066,0
1642,32.82066,351,32.82066,0
1643,32.84066,376,32.84066,0
1644,32.86066,338,32.86066,0
1645,32.88066,317,32.88066,0
1646,32.90066,292,32.90066,0
1647,32.92066,361,32.92066,0
1648,32.94066,340,32.94066,0
1649,32.96066,331,32.96066,0
1650,32.98066,316,32.98066,0
1651,33.00066,325,33.00066,0
1652,33.02066,307,33.02066,0
1653,33.04066,347,33.04066,0
1654,33.06066,329,33.06066,0
1655,33.08066,307,33.08066,0
1656,33.10066,323,33.10066,0
1657,33.12066,312,33.12066,0
1658,33.14066,295,33.14066,0
1659,33.16066,315,33.16066,0
1660,33.18066,302,33.18066,0
1661,33.20066,291,33.20066,0
1662,33.22066,328,33.22066,0
1663,33.24066,300,33.24066,0
1664,33.26066,289,33.26066,0
1665,33.28066,306,33.28066,0
1666,33.30066,304,33.30066,0
1667,33.32066,292,33.32066,0
1668,33.34066,274,33.34066,0
1669,33.36066,277,33.36066,0
1670,33.38066,285,33.38066,0
1671,33.40066,257,33.40066,0
1672,33.42066,281,33.42066,0
1673,33.44066,272,33.44066,0
1674,33.46066,283,33.46066,0
1675,33.48066,263,33.48066,0
1676,33.50066,319,33.50066,0
1677,33.52066,282,33.52066,0
1678,33.54066,254,33.54066,0
1679,33.56066,272,33.56066,0
1680,33.58066,270,33.58066,0
1681,33.60066,273,33.60066,0
1682,33.62066,260,33.62066,0
1683,33.64066,251,33.64066,0
1684,33.66066,226,33.66066,0
1685,33.68066,234,33.68066,0
1686,33.70066,254,33.70066,0
1687,33.72066,219,33.72066,0
1688,33.74066,262,33.74066,0
1689,33.76066,218,33.76066,0
1690,33.78066,238,33.78066,0
1691,33.80066,221,33.80066,0
1692,33.82066,216,33.82066,0
1693,33.84066,212,33.84066,0
1694,33.86066,222,33.86066,0
1695,33.88066,198,33.88066,0
1696,33.90066,227,33.90066,0
1697,33.92066,208,33.92066,0
1698,33.94066,226,33.94066,0
1699,33.96066,200,33.96066,0
1700,33.98066,231,33.98066,0
1701,34.00066,226,34.00066,0
1702,34.02066,208,34.02066,0
1703,34.04066,199,34.04066,0
1704,34.06066,193,34.06066,0
1705,34.08066,215,34.08066,0
1706,34.10066,207,34.10066,0
1707,34.12066,178,34.12066,0
1708,34.14066,217,34.14066,0
1709,34.16066,218,34.16066,0
1710,34.18066,210,34.18066,0
1711,34.20066,181,34.20066,0
1712,34.22066,191,34.22066,0
1713,34.24066,202,34.24066,0
1714,34.26066,166,34.26066,0
1715,34.28066,200,34.28066,0
1716,34.30066,173,34.30066,0
1717,34.32066,195,34.32066,0
1718,34.34066,167,34.34066,0
1719,34.36066,182,34.36066,0
1720,34.38066,187,34.38066,0
1721,34.40066,193,34.40066,0
1722,34.42066,168,34.42066,0
1723,34.44066,156,34.44066,0
1724,34.46066,182,34.46066,0
1725,34.48066,134,34.48066,0
1726,34.50066,137,34.50066,0
1727,34.52066,171,34.52066,0
1728,34.54066,141,34.54066,0
1729,34.56066,134,34.56066,0
1730,34.58066,140,34.58066,0
1731,34.60066,157,34.60066,0
1732,34.62066,155,34.62066,0
1733,34.64066,147,34.64066,0
1734,34.66066,142,34.66066,0
1735,34.68066,124,34.68066,0
1736,34.70066,130,34.70066,0
1737,34.72066,112,34.72066,0
1738,34.74066,139,34.74066,0
1739,34.76066,133,34.76066,0
1740,34.78066,106,34.78066,0
1741,34.80066,115,34.80066,0
1742,34.82066,113,34.82066,0
1743,34.84066,123,34.84066,0
1744,34.86066,120,34.86066,0
1745,34.88066,113,34.88066,0
1746,34.90066,120,34.90066,0
1747,34.92066,127,34.92066,0
1748,34.94066,115,34.94066,0
1749,34.96066,122,34.96066,0
1750,34.98066,108,34.98066,0
1751,35.00066,100,35.00066,0
1752,35.02066,98,35.02066,0
1753,35.04066,103,35.04066,0
1754,35.06066,82,35.06066,0
1755,35.08066,89,35.08066,0
1756,35.10066,79,35.10066,0
1757,35.12066,96,35.12066,0
1758,35.14066,103,35.14066,0
1759,35.16066,84,35.16066,0
1760,35.18066,79,35.18066,0
1761,35.20066,78,35.20066,0
1762,35.22066,85,35.22066,0
1763,35.24066,104,35.24066,0
1764,35.26066,72,35.26066,0
1765,35.28066,86,35.28066,0
1766,35.30066,82,35.30066,0
1767,35.32066,65,35.32066,0
1768,35.34066,93,35.34066,0
1769,35.36066,64,35.36066,0
1770,35.38066,67,35.38066,0
1771,35.40066,77,35.40066,0
1772,35.42066,76,35.42066,0
1773,35.44066,73,35.44066,0
1774,35.46066,68,35.46066,0
1775,35.48066,56,35.48066,0
1776,35.50066,70,35.50066,0
1777,35.52066,60,35.52066,0
1778,35.54066,70,35.54066,0
1779,35.56066,55,35.56066,0
1780,35.58066,63,35.58066,0
1781,35.60066,63,35.60066,0
1782,35.62066,50,35.62066,0
1783,35.64066,78,35.64066,0
1784,35.66066,64,35.66066,0
1785,35.68066,48,35.68066,0
1786,35.70066,57,35.70066,0
1787,35.72066,55,35.72066,0
1788,35.74066,53,35.74066,0
1789,35.76066,47,35.76066,0
1790,35.78066,45,35.78066,0
1791,35.80066,51,35.80066,0
1792,35.82066,60,35.82066,0
1793,35.84066,49,35.84066,0
1794,35.86066,42,35.86066,0
1795,35.88066,47,35.88066,0
1796,35.90066,52,35.90066,0
1797,35.92066,51,35.92066,0
1798,35.94066,51,35.94066,0
1799,35.96066,47,35.96066,0
1800,35.98066,38,35.98066,0
1801,36.00066,45,36.00066,0
1802,36.02066,36,36.02066,0
1803,36.04066,43,36.04066,0
1804,36.06066,54,36.06066,0
1805,36.08066,56,36.08066,0
1806,36.10066,40,36.10066,0
1807,36.12066,59,36.12066,0
1808,36.14066,49,36.14066,0
1809,36.16066,35,36.16066,0
1810,36.18066,42,36.18066,0
1811,36.20066,51,36.20066,0
1812,36.22066,50,36.22066,0
1813,36.24066,50,36.24066,0
1814,36.26066,49,36.26066,0
1815,36.28066,43,36.28066,0
1816,36.30066,53,36.30066,0
1817,36.32066,39,36.32066,0
1818,36.34066,50,36.34066,0
1819,36.36066,43,36.36066,0
1820,36.38066,45,36.38066,0
1821,36.40066,34,36.40066,0
1822,36.42066,37,36.42066,0
1823,36.44066,32,36.44066,0
1824,36.46066,27,36.46066,0
1825,36.48066,30,36.48066,0
1826,36.50066,36,36.50066,0
1827,36.52066,38,36.52066,0
1828,36.54066,36,36.54066,0
1829,36.56066,37,36.56066,0
1830,36.58066,26,36.58066,0
1831,36.60066,31,36.60066,0
1832,36.62066,31,36.62066,0
1833,36.64066,28,36.64066,0
1834,36.66066,29,36.66066,0
1835,36.68066,21,36.68066,0
1836,36.70066,40,36.70066,0
1837,36.72066,36,36.72066,0
1838,36.74066,28,36.74066,0
1839,36.76066,23,36.76066,0
1840,36.78066,21,36.78066,0
1841,36.80066,19,36.80066,0
1842,36.82066,29,36.82066,0
1843,36.84066,20,36.84066,0
1844,36.86066,19,36.86066,0
1845,36.88066,23,36.88066,0
1846,36.90066,28,36.90066,0
1847,36.92066,33,36.92066,0
1848,36.94066,23,36.94066,0
1849,36.96066,25,36.96066,0
1850,36.98066,19,36.98066,0
1851,37.00066,26,37.00066,0
1852,37.02066,28,37.02066,0
1853,37.04066,34,37.04066,0
1854,37.06066,31,37.06066,0
1855,37.08066,26,37.08066,0
1856,37.10066,20,37.10066,0
1857,37.12066,19,37.12066,0
1858,37.14066,20,37.14066,0
1859,37.16066,23,37.16066,0
1860,37.18066,28,37.18066,0
1861,37.20066,27,37.20066,0
1862,37.22066,28,37.22066,0
1863,37.24066,20,37.24066,0
1864,37.26066,12,37.26066,0
1865,37.28066,20,37.28066,0
1866,37.30066,21,37.30066,0
1867,37.32066,22,37.32066,0
1868,37.34066,19,37.34066,0
1869,37.36066,25,37.36066,0
1870,37.38066,28,37.38066,0
1871,37.40066,22,37.40066,0
1872,37.42066,18,37.42066,0
1873,37.44066,28,37.44066,0
1874,37.46066,29,37.46066,0
1875,37.48066,21,37.48066,0
1876,37.50066,16,37.50066,0
1877,37.52066,14,37.52066,0
1878,37.54066,8,37.54066,0
1879,37.56066,13,37.56066,0
1880,37.58066,27,37.58066,0
1881,37.60066,14,37.60066,0
1882,37.62066,18,37.62066,0
1883,37.64066,14,37.64066,0
1884,37.66066,14,37.66066,0
1885,37.68066,20,37.68066,0
1886,37.70066,21,37.70066,0
1887,37.72066,27,37.72066,0
1888,37.74066,24,37.74066,0
1889,37.76066,21,37.76066,0
1890,37.78066,25,37.78066,0
1891,37.80066,10,37.80066,0
1892,37.82066,14,37.82066,0
1893,37.84066,15,37.84066,0
1894,37.86066,30,37.86066,0
1895,37.88066,17,37.88066,0
1896,37.90066,14,37.90066,0
1897,37.92066,11,37.92066,0
1898,37.94066,14,37.94066,0
1899,37.96066,23,37.96066,0
1900,37.98066,10,37.98066,0
1901,38.00066,16,38.00066,0
1902,38.02066,14,38.02066,0
1903,38.04066,15,38.04066,0
1904,38.06066,16,38.06066,0
1905,38.08066,12,38.08066,0
1906,38.10066,20,38.10066,0
1907,38.12066,12,38.12066,0
1908,38.14066,21,38.14066,0
1909,38.16066,21,38.16066,0
1910,38.18066,15,38.18066,0
1911,38.20066,19,38.20066,0
1912,38.22066,16,38.22066,0
1913,38.24066,14,38.24066,0
1914,38.26066,14,38.26066,0
1915,38.28066,15,38.28066,0
1916,38.30066,19,38.30066,0
1917,38.32066,19,38.32066,0
1918,38.34066,17,38.34066,0
1919,38.36066,12,38.36066,0
1920,38.38066,20,38.38066,0
1921,38.40066,17,38.40066,0
1922,38.42066,16,38.42066,0
1923,38.44066,6,38.44066,0
1924,38.46066,14,38.46066,0
1925,38.48066,17,38.48066,0
1926,38.50066,10,38.50066,0
1927,38.52066,17,38.52066,0
1928,38.54066,10,38.54066,0
1929,38.56066,8,38.56066,0
1930,38.58066,10,38.58066,0
1931,38.60066,9,38.60066,0
1932,38.62066,12,38.62066,0
1933,38.64066,11,38.64066,0
1934,38.66066,20,38.66066,0
1935,38.68066,13,38.68066,0
1936,38.70066,13,38.70066,0
1937,38.72066,9,38.72066,0
1938,38.74066,10,38.74066,0
1939,38.76066,11,38.76066,0
1940,38.78066,10,38.78066,0
1941,38.80066,15,38.80066,0
1942,38.82066,10,38.82066,0
1943,38.84066,11,38.84066,0
1944,38.86066,16,38.86066,0
1945,38.88066,13,38.88066,0
1946,38.90066,14,38.90066,0
1947,38.92066,9,38.92066,0
1948,38.94066,12,38.94066,0
1949,38.96066,7,38.96066,0
1950,38.98066,13,38.98066,0
1951,39.00066,15,39.00066,0
1952,39.02066,10,39.02066,0
1953,39.04066,5,39.04066,0
1954,39.06066,8,39.06066,0
1955,39.08066,11,39.08066,0
1956,39.10066,7,39.10066,0
1957,39.12066,11,39.12066,0
1958,39.14066,13,39.14066,0
1959,39.16066,3,39.16066,0
1960,39.18066,10,39.18066,0
1961,39.20066,15,39.20066,0
1962,39.22066,13,39.22066,0
1963,39.24066,18,39.24066,0
1964,39.26066,12,39.26066,0
1965,39.28066,14,39.28066,0
1966,39.30066,8,39.30066,0
1967,39.32066,14,39.32066,0
1968,39.34066,13,39.34066,0
1969,39.36066,11,39.36066,0
1970,39.38066,12,39.38066,0
1971,39.40066,7,39.40066,0
1972,39.42066,5,39.42066,0
1973,39.44066,5,39.44066,0
1974,39.46066,17,39.46066,0
1975,39.48066,15,39.48066,0
1976,39.50066,5,39.50066,0
1977,39.52066,7,39.52066,0
1978,39.54066,13,39.54066,0
1979,39.56066,11,39.56066,0
1980,39.58066,8,39.58066,0
1981,39.60066,10,39.60066,0
1982,39.62066,9,39.62066,0
1983,39.64066,2,39.64066,0
1984,39.66066,6,39.66066,0
1985,39.68066,12,39.68066,0
1986,39.70066,6,39.70066,0
1987,39.72066,12,39.72066,0
1988,39.74066,14,39.74066,0
1989,39.76066,9,39.76066,0
1990,39.78066,7,39.78066,0
1991,39.80066,3,39.80066,0
1992,39.82066,7,39.82066,0
1993,39.84066,7,39.84066,0
1994,39.86066,9,39.86066,0
1995,39.88066,10,39.88066,0
1996,39.90066,6,39.90066,0
1997,39.92066,15,39.92066,0
1998,39.94066,9,39.94066,0
1999,39.96066,7,39.96066,0
2000,39.98066,7,39.98066,0
2001,40.00066,10,40.00066,0
2002,40.02066,9,40.02066,0
2003,40.04066,11,40.04066,0
2004,40.06066,8,40.06066,0
2005,40.08066,9,40.08066,0
2006,40.10066,5,40.10066,0
2007,40.12066,7,40.12066,0
2008,40.14066,6,40.14066,0
2009,40.16066,5,40.16066,0
2010,40.18066,6,40.18066,0
2011,40.20066,11,40.20066,0
2012,40.22066,7,40.22066,0
2013,40.24066,11,40.24066,0
2014,40.26066,7,40.26066,0
2015,40.28066,6,40.28066,0
2016,40.30066,6,40.30066,0
2017,40.32066,10,40.32066,0
2018,40.34066,10,40.34066,0
2019,40.36066,16,40.36066,0
2020,40.38066,7,40.38066,0
2021,40.40066,10,40.40066,0
2022,40.42066,8,40.42066,0
2023,40.44066,14,40.44066,0
2024,40.46066,6,40.46066,0
2025,40.48066,5,40.48066,0
2026,40.50066,11,40.50066,0
2027,40.52066,7,40.52066,0
2028,40.54066,11,40.54066,0
2029,40.56066,5,40.56066,0
2030,40.58066,8,40.58066,0
2031,40.60066,8,40.60066,0
2032,40.62066,7,40.62066,0
2033,40.64066,10,40.64066,0
2034,40.66066,7,40.66066,0
2035,40.68066,3,40.68066,0
2036,40.70066,11,40.70066,0
2037,40.72066,8,40.72066,0
2038,40.74066,12,40.74066,0
2039,40.76066,8,40.76066,0
2040,40.78066,7,40.78066,0
2041,40.80066,12,40.80066,0
2042,40.82066,6,40.82066,0
2043,40.84066,9,40.84066,0
2044,40.86066,11,40.86066,0
2045,40.88066,7,40.88066,0
2046,40.90066,5,40.90066,0
2047,40.92066,13,40.92066,0
2048,40.94066,8,40.94066,0
