Bruker AXS HMP Instrument Tools Complete CSV
FileName,C:\MeinZeugs\Uni\Publikationen\2025\MeIn pXRF\DAQ\Device_monitoring_sample_element_precision_Schauer\data_raw\Example_Drift\03665-Mudrock Dual.pdz
SerialString,SG2-6390
TubeTargetElement,45
NumberOfSpectra,2
SampleID,
AcquisitionDateTime,1/1/2006 12:02:06 PM
TotalElapsedTimeInSeconds,120
AnodeTakeOffAngle,45
SampleIncidenceAngle,45
BeThicknessInMicroMeters,125
SampleTakeOffAngle,65
SpotSizeUsed,8
NumberOfUserCustomFields,5
UserCustomFieldHeader,FieldName,FieldValue
UserCustomField,Operator,Supervisor
UserCustomField,Material,Standard
UserCustomField,ID,
UserCustomField,Probe,SdAR-M2
UserCustomField,Projekt,Brennexperiment
AnalysisMode,32
AnalysisType,1
UsedAutoCalSelect,False
ResultUnits,PPM
ErrorMultiplier,2
CalFileName,MudrockDual
CalPackageName,
CalPackagePartNumber,
TypeStandardizationSetName,
NumberOfElementsInCalculatedResults,27
CalculatedResults:AtomicNum,ElementSymbol,Units,Value,TypeStandardizedValue,Error,RangeMin,RangeMax,Tramp,Nominal
12,Mg,PPM,0.3220425,0.3220425,0.05021291,0,0,False,False
13,Al,PPM,4.863345,4.863345,0.03146478,0,0,False,False
14,Si,PPM,25.04635,25.04635,0.04255202,0,0,False,False
15,P,PPM,0.02028307,0.02028307,0.003012801,0,0,False,False
16,S,PPM,0.2055637,0.2055637,0.002805499,0,0,False,False
19,K,PPM,3.585833,3.585833,0.006596501,0,0,False,False
20,Ca,PPM,0.6809832,0.6809832,0.002347365,0,0,False,False
22,Ti,PPM,0.1424003,0.1424003,0.001115513,0,0,False,False
23,V,PPM,0.007608633,0.007608633,0.0005777444,0,0,False,False
24,Cr,PPM,0.003921136,0.003921136,0.0003415696,0,0,False,False
25,Mn,PPM,0.09250204,0.09250204,0.0006079634,0,0,False,False
26,Fe,PPM,1.891897,1.891897,0.002656112,0,0,False,False
27,Co,PPM,0.0001552419,0.0001552419,7.040521E-05,0,0,False,False
28,Ni,PPM,0.005347772,0.005347772,0.0001774691,0,0,False,False
29,Cu,PPM,0.02900229,0.02900229,0.0003009102,0,0,False,False
30,Zn,PPM,0.09132642,0.09132642,0.0004219864,0,0,False,False
33,As,PPM,0.04202209,0.04202209,0.000252834,0,0,False,False
37,Rb,PPM,0.01524186,0.01524186,0.0001201941,0,0,False,False
38,Sr,PPM,0.01530622,0.01530622,0.0001249328,0,0,False,False
39,Y,PPM,0.005433605,0.005433605,0.0001200797,0,0,False,False
40,Zr,PPM,0.02141554,0.02141554,0.000130798,0,0,False,False
41,Nb,PPM,0.002167196,0.002167196,0.0001013339,0,0,False,False
42,Mo,PPM,0.002369087,0.002369087,0.0001109141,0,0,False,False
56,Ba,PPM,0.1537233,0.1537233,0.007883685,0,0,False,False
82,Pb,PPM,0.04593077,0.04593077,0.0002428142,0,0,False,False
90,Th,PPM,0.001765952,0.001765952,2.767604E-05,0,0,False,False
92,U,PPM,0.001065818,0.001065818,0.0002553508,0,0,False,False
MatchSpreadThreshold,0.05
IsTrampEnabled,False
IsNominalEnabled,False
NumberOfGradeIDMatchResults,3
GradeIDMatchResultsHeader,GradeID,MatchConfidence
GradeIDMatchResult,,0
GradeIDMatchResult,,0
GradeIDMatchResult,,0
ParametersForEachSpectrum,Spectrum 1,,Spectrum 2,
XrayVoltageInkV,40,,15,
XrayFilamentCurrentInMicroAmps,38.85,,27.9,
RawCounts,3456058,,3542169,
ValidCounts,2805537,,2968289,
eVPerChannel,20,,20,
StartingKeV,0.0002820228,,0.0002820228,
ZeroOffsetInKeV,-0.0002820228,,-0.0002820228,
StartingChannel,0.01410114,,0.01410114,
NumberOfChannels,2048,,2048,
CountsPerSecond,69125.31,,64976.04,
XilinxFirmwareVersion,,,,
IlluminationID,MudRock Trace40,,MudRock Maj15,
Filter1ElementAtomicNum,22,,0,
Filter1Thickness,25,,0,
Filter2ElementAtomicNum,13,,0,
Filter2Thickness,300,,0,
Filter3ElementAtomicNum,0,,0,
Filter3Thickness,0,,0,
AcquisitionDateTime,1/1/2006 12:02:06 PM,,1/1/2006 12:02:06 PM,
LiveTimeInSeconds,42.182,,46.87701,
DeadTimeInSeconds,7.815004,,7.637998,
ResetTimeInSeconds,6.368998,,1.857001,
DetectorTempInC,-27,,-27,
AmbientTempInF,112,,112,
NosePressureInMilliBars,1000,,1000,
NoseTemperatureInC,38,,38,
ActiveTimeInSeconds,49.997,,54.51501,
PacketTimeInSeconds,56.366,,56.37201,
CommunicationTimeInSeconds,,,,
ElapsedClockTimeInSeconds,60,,60,
Spectrum:ChannelNumber,ChannelStartInKeV,ChannelCount,ChannelStartInKeV,ChannelCount
1,0.0002820228,0,0.0002820228,0
2,0.02028202,0,0.02028202,0
3,0.04028202,0,0.04028202,0
4,0.06028202,0,0.06028202,0
5,0.08028203,0,0.08028203,0
6,0.100282,0,0.100282,1
7,0.120282,0,0.120282,0
8,0.140282,0,0.140282,0
9,0.160282,0,0.160282,1
10,0.180282,0,0.180282,0
11,0.200282,0,0.200282,0
12,0.220282,0,0.220282,0
13,0.240282,0,0.240282,0
14,0.260282,1,0.260282,1
15,0.280282,11,0.280282,5
16,0.300282,98,0.300282,77
17,0.320282,669,0.320282,612
18,0.340282,2701,0.340282,2742
19,0.360282,6702,0.360282,7676
20,0.380282,10837,0.380282,12465
21,0.400282,10610,0.400282,12104
22,0.420282,6626,0.420282,7349
23,0.440282,2602,0.440282,2606
24,0.460282,606,0.460282,580
25,0.480282,102,0.480282,73
26,0.500282,15,0.500282,14
27,0.520282,9,0.520282,4
28,0.540282,8,0.540282,2
29,0.5602821,3,0.5602821,1
30,0.580282,6,0.580282,0
31,0.600282,2,0.600282,0
32,0.620282,2,0.620282,2
33,0.640282,2,0.640282,0
34,0.660282,2,0.660282,3
35,0.680282,643,0.680282,92
36,0.700282,681,0.700282,74
37,0.720282,681,0.720282,81
38,0.740282,658,0.740282,77
39,0.760282,626,0.760282,78
40,0.780282,649,0.780282,77
41,0.800282,639,0.800282,81
42,0.820282,612,0.820282,70
43,0.840282,629,0.840282,83
44,0.860282,617,0.860282,108
45,0.880282,598,0.880282,129
46,0.900282,634,0.900282,153
47,0.920282,594,0.920282,231
48,0.940282,561,0.940282,299
49,0.960282,587,0.960282,288
50,0.980282,621,0.980282,184
51,1.000282,552,1.000282,161
52,1.020282,613,1.020282,134
53,1.040282,578,1.040282,155
54,1.060282,599,1.060282,178
55,1.080282,569,1.080282,177
56,1.100282,578,1.100282,164
57,1.120282,566,1.120282,153
58,1.140282,555,1.140282,152
59,1.160282,599,1.160282,213
60,1.180282,578,1.180282,199
61,1.200282,570,1.200282,252
62,1.220282,526,1.220282,259
63,1.240282,567,1.240282,240
64,1.260282,590,1.260282,209
65,1.280282,532,1.280282,172
66,1.300282,520,1.300282,139
67,1.320282,495,1.320282,141
68,1.340282,506,1.340282,163
69,1.360282,501,1.360282,203
70,1.380282,531,1.380282,366
71,1.400282,488,1.400282,980
72,1.420282,560,1.420282,2232
73,1.440282,621,1.440282,4299
74,1.460282,669,1.460282,6334
75,1.480282,684,1.480282,7428
76,1.500282,620,1.500282,6845
77,1.520282,552,1.520282,4972
78,1.540282,533,1.540282,3315
79,1.560282,554,1.560282,2343
80,1.580282,470,1.580282,1740
81,1.600282,522,1.600282,1499
82,1.620282,485,1.620282,2402
83,1.640282,535,1.640282,6501
84,1.660282,662,1.660282,17304
85,1.680282,917,1.680282,39061
86,1.700282,1306,1.700282,68824
87,1.720282,1660,1.720282,93839
88,1.740282,1722,1.740282,98437
89,1.760282,1443,1.760282,80736
90,1.780282,1107,1.780282,52374
91,1.800282,801,1.800282,28101
92,1.820282,555,1.820282,13698
93,1.840282,518,1.840282,7079
94,1.860282,469,1.860282,3985
95,1.880282,418,1.880282,2250
96,1.900282,443,1.900282,1129
97,1.920282,391,1.920282,681
98,1.940282,382,1.940282,541
99,1.960282,406,1.960282,452
100,1.980282,409,1.980282,434
101,2.000282,367,2.000282,439
102,2.020282,358,2.020282,437
103,2.040282,343,2.040282,383
104,2.060282,403,2.060282,308
105,2.080282,371,2.080282,270
106,2.100282,399,2.100282,283
107,2.120282,342,2.120282,288
108,2.140282,365,2.140282,292
109,2.160282,394,2.160282,286
110,2.180282,351,2.180282,334
111,2.200282,327,2.200282,383
112,2.220282,356,2.220282,509
113,2.240282,372,2.240282,767
114,2.260282,360,2.260282,1189
115,2.280282,388,2.280282,1585
116,2.300282,339,2.300282,1766
117,2.320282,379,2.320282,2004
118,2.340282,427,2.340282,1737
119,2.360282,383,2.360282,1523
120,2.380282,384,2.380282,1268
121,2.400282,318,2.400282,1143
122,2.420282,353,2.420282,1095
123,2.440282,358,2.440282,1027
124,2.460282,335,2.460282,921
125,2.480282,351,2.480282,834
126,2.500282,323,2.500282,786
127,2.520282,319,2.520282,785
128,2.540282,278,2.540282,845
129,2.560282,306,2.560282,1032
130,2.580282,267,2.580282,1513
131,2.600282,286,2.600282,2537
132,2.620282,305,2.620282,4373
133,2.640282,260,2.640282,6744
134,2.660282,281,2.660282,9565
135,2.680282,274,2.680282,11838
136,2.700282,275,2.700282,12162
137,2.720282,258,2.720282,10585
138,2.740282,282,2.740282,8253
139,2.760282,250,2.760282,6265
140,2.780282,267,2.780282,5738
141,2.800282,267,2.800282,6038
142,2.820282,237,2.820282,6738
143,2.840282,272,2.840282,7054
144,2.860282,278,2.860282,6802
145,2.880282,325,2.880282,6592
146,2.900282,380,2.900282,7107
147,2.920282,420,2.920282,7930
148,2.940282,503,2.940282,8805
149,2.960282,478,2.960282,8740
150,2.980282,465,2.980282,7527
151,3.000282,391,3.000282,5742
152,3.020282,300,3.020282,3912
153,3.040282,270,3.040282,2438
154,3.060282,242,3.060282,1698
155,3.080282,204,3.080282,1292
156,3.100282,242,3.100282,1160
157,3.120282,246,3.120282,1330
158,3.140282,222,3.140282,1540
159,3.160282,266,3.160282,2064
160,3.180282,325,3.180282,3015
161,3.200282,606,3.200282,5702
162,3.220282,1019,3.220282,11290
163,3.240282,1903,3.240282,22012
164,3.260282,3098,3.260282,37552
165,3.280282,4240,3.280282,53985
166,3.300282,5114,3.300282,65017
167,3.320282,5042,3.320282,64961
168,3.340282,4282,3.340282,55350
169,3.360282,3068,3.360282,39214
170,3.380282,1919,3.380282,23657
171,3.400282,1102,3.400282,12250
172,3.420282,546,3.420282,5679
173,3.440282,307,3.440282,2695
174,3.460282,271,3.460282,1762
175,3.480282,300,3.480282,1909
176,3.500282,336,3.500282,2839
177,3.520282,455,3.520282,4369
178,3.540282,644,3.540282,6449
179,3.560282,816,3.560282,8607
180,3.580282,973,3.580282,10527
181,3.600282,1078,3.600282,11623
182,3.620282,1209,3.620282,12709
183,3.640282,1279,3.640282,13358
184,3.660282,1335,3.660282,14563
185,3.680282,1404,3.680282,14619
186,3.700282,1379,3.700282,13392
187,3.720282,1132,3.720282,11123
188,3.740282,820,3.740282,7979
189,3.760282,517,3.760282,4906
190,3.780282,325,3.780282,2957
191,3.800282,228,3.800282,1684
192,3.820282,145,3.820282,1103
193,3.840282,126,3.840282,975
194,3.860282,131,3.860282,893
195,3.880282,130,3.880282,875
196,3.900282,134,3.900282,1009
197,3.920282,147,3.920282,1256
198,3.940282,190,3.940282,1583
199,3.960282,229,3.960282,1967
200,3.980282,255,3.980282,2361
201,4.000282,271,4.000282,2573
202,4.020282,290,4.020282,2554
203,4.040282,259,4.040282,2356
204,4.060282,228,4.060282,2083
205,4.080282,141,4.080282,1631
206,4.100282,123,4.100282,1260
207,4.120282,100,4.120282,1069
208,4.140282,78,4.140282,1001
209,4.160282,104,4.160282,930
210,4.180282,85,4.180282,874
211,4.200282,106,4.200282,914
212,4.220282,79,4.220282,901
213,4.240282,79,4.240282,904
214,4.260282,78,4.260282,939
215,4.280282,85,4.280282,1018
216,4.300282,83,4.300282,979
217,4.320282,78,4.320282,1020
218,4.340282,110,4.340282,1111
219,4.360282,129,4.360282,1352
220,4.380282,206,4.380282,1647
221,4.400282,286,4.400282,2289
222,4.420282,482,4.420282,3279
223,4.440282,699,4.440282,4356
224,4.460282,978,4.460282,5855
225,4.480282,1068,4.480282,6730
226,4.500282,1191,4.500282,7212
227,4.520282,1089,4.520282,6940
228,4.540282,915,4.540282,5939
229,4.560282,751,4.560282,4639
230,4.580282,565,4.580282,3438
231,4.600282,393,4.600282,2430
232,4.620282,336,4.620282,2145
233,4.640282,314,4.640282,1847
234,4.660282,302,4.660282,1667
235,4.680282,248,4.680282,1587
236,4.700282,205,4.700282,1471
237,4.720282,165,4.720282,1525
238,4.740282,154,4.740282,1544
239,4.760282,154,4.760282,1716
240,4.780282,188,4.780282,1754
241,4.800282,237,4.800282,2081
242,4.820282,293,4.820282,2165
243,4.840282,325,4.840282,2397
244,4.860282,317,4.860282,2508
245,4.880282,344,4.880282,2587
246,4.900282,329,4.900282,2709
247,4.920282,330,4.920282,2599
248,4.940282,313,4.940282,2572
249,4.960282,272,4.960282,2411
250,4.980282,233,4.980282,2225
251,5.000282,155,5.000282,2133
252,5.020282,131,5.020282,1993
253,5.040282,110,5.040282,1931
254,5.060282,106,5.060282,1928
255,5.080282,108,5.080282,1900
256,5.100282,98,5.100282,1946
257,5.120282,103,5.120282,1883
258,5.140282,117,5.140282,1920
259,5.160282,129,5.160282,1972
260,5.180282,127,5.180282,1924
261,5.200282,127,5.200282,1965
262,5.220282,138,5.220282,1953
263,5.240282,122,5.240282,1864
264,5.260282,137,5.260282,1922
265,5.280282,116,5.280282,1921
266,5.300282,135,5.300282,1900
267,5.320282,126,5.320282,2058
268,5.340282,135,5.340282,2013
269,5.360282,140,5.360282,1980
270,5.380282,130,5.380282,2055
271,5.400282,142,5.400282,2117
272,5.420282,169,5.420282,2095
273,5.440282,126,5.440282,1983
274,5.460282,125,5.460282,2066
275,5.480282,120,5.480282,1980
276,5.500282,108,5.500282,1981
277,5.520282,95,5.520282,2012
278,5.540282,110,5.540282,2058
279,5.560282,86,5.560282,1932
280,5.580282,85,5.580282,1924
281,5.600282,76,5.600282,1976
282,5.620282,80,5.620282,2017
283,5.640282,89,5.640282,1989
284,5.660282,82,5.660282,1867
285,5.680282,103,5.680282,1913
286,5.700282,100,5.700282,1939
287,5.720282,117,5.720282,2013
288,5.740282,161,5.740282,2114
289,5.760282,285,5.760282,2225
290,5.780282,437,5.780282,2800
291,5.800282,678,5.800282,3458
292,5.820282,1059,5.820282,4384
293,5.840282,1438,5.840282,5483
294,5.860282,1730,5.860282,6447
295,5.880282,1957,5.880282,6900
296,5.900282,2074,5.900282,7148
297,5.920282,1849,5.920282,6442
298,5.940282,1428,5.940282,5528
299,5.960282,1007,5.960282,4504
300,5.980282,675,5.980282,3587
301,6.000282,453,6.000282,2831
302,6.020282,283,6.020282,2449
303,6.040282,197,6.040282,2209
304,6.060282,151,6.060282,2069
305,6.080282,145,6.080282,2041
306,6.100282,138,6.100282,1956
307,6.120282,146,6.120282,2043
308,6.140282,167,6.140282,2054
309,6.160282,227,6.160282,2133
310,6.180282,302,6.180282,2361
311,6.200282,505,6.200282,2616
312,6.220282,971,6.220282,3468
313,6.240282,2087,6.240282,5345
314,6.260282,4200,6.260282,9027
315,6.280282,8062,6.280282,16168
316,6.300282,14189,6.300282,27366
317,6.320282,22610,6.320282,42748
318,6.340282,31853,6.340282,60774
319,6.360282,41281,6.360282,77707
320,6.380282,46823,6.380282,89331
321,6.400282,48360,6.400282,92450
322,6.420282,44334,6.420282,85243
323,6.440282,36364,6.440282,70823
324,6.460282,26969,6.460282,52680
325,6.480282,18268,6.480282,35481
326,6.500282,11000,6.500282,22071
327,6.520282,6021,6.520282,12789
328,6.540282,3171,6.540282,7402
329,6.560282,1462,6.560282,4429
330,6.580282,724,6.580282,2988
331,6.600282,383,6.600282,2330
332,6.620282,237,6.620282,2180
333,6.640282,187,6.640282,1910
334,6.660282,171,6.660282,1991
335,6.680282,182,6.680282,1953
336,6.700282,191,6.700282,1879
337,6.720282,173,6.720282,1846
338,6.740282,173,6.740282,1861
339,6.760282,162,6.760282,1942
340,6.780282,207,6.780282,1871
341,6.800282,222,6.800282,1979
342,6.820282,232,6.820282,2062
343,6.840282,305,6.840282,2179
344,6.860282,382,6.860282,2251
345,6.880282,515,6.880282,2580
346,6.900282,776,6.900282,2932
347,6.920282,1315,6.920282,3963
348,6.940282,2088,6.940282,5101
349,6.960282,3125,6.960282,6890
350,6.980282,4446,6.980282,9172
351,7.000282,5889,7.000282,11602
352,7.020282,7098,7.020282,13788
353,7.040282,7891,7.040282,14893
354,7.060282,7810,7.060282,15125
355,7.080282,6961,7.080282,13696
356,7.100282,5663,7.100282,11449
357,7.120282,4337,7.120282,8874
358,7.140282,2949,7.140282,6469
359,7.160282,1807,7.160282,4561
360,7.180282,1017,7.180282,3244
361,7.200282,589,7.200282,2510
362,7.220282,299,7.220282,2073
363,7.240282,161,7.240282,1954
364,7.260282,110,7.260282,1792
365,7.280282,91,7.280282,1814
366,7.300282,83,7.300282,1879
367,7.320282,89,7.320282,1901
368,7.340282,89,7.340282,1944
369,7.360282,128,7.360282,2061
370,7.380282,170,7.380282,2310
371,7.400282,220,7.400282,2524
372,7.420282,257,7.420282,2785
373,7.440282,290,7.440282,2866
374,7.460282,310,7.460282,3089
375,7.480282,304,7.480282,2912
376,7.500282,310,7.500282,2836
377,7.520282,248,7.520282,2503
378,7.540282,198,7.540282,2331
379,7.560282,159,7.560282,2027
380,7.580282,118,7.580282,1816
381,7.600282,95,7.600282,1760
382,7.620282,75,7.620282,1628
383,7.640282,73,7.640282,1578
384,7.660282,56,7.660282,1527
385,7.680282,61,7.680282,1522
386,7.700282,68,7.700282,1564
387,7.720282,65,7.720282,1523
388,7.740282,68,7.740282,1583
389,7.760282,71,7.760282,1491
390,7.780282,71,7.780282,1547
391,7.800282,94,7.800282,1479
392,7.820282,95,7.820282,1634
393,7.840282,106,7.840282,1565
394,7.860282,148,7.860282,1577
395,7.880282,206,7.880282,1703
396,7.900282,312,7.900282,1694
397,7.920282,436,7.920282,1922
398,7.940282,681,7.940282,2009
399,7.960282,942,7.960282,2131
400,7.980282,1211,7.980282,2221
401,8.000282,1574,8.000282,2546
402,8.020282,1649,8.020282,2587
403,8.040282,1701,8.040282,2800
404,8.060282,1587,8.060282,2795
405,8.080282,1385,8.080282,2502
406,8.100282,1115,8.100282,2539
407,8.120282,807,8.120282,2287
408,8.140282,570,8.140282,2072
409,8.160282,373,8.160282,2067
410,8.180282,257,8.180282,1991
411,8.200282,182,8.200282,1868
412,8.220282,159,8.220282,1862
413,8.240282,140,8.240282,1865
414,8.260282,137,8.260282,1802
415,8.280282,129,8.280282,1833
416,8.300282,158,8.300282,1803
417,8.320282,147,8.320282,1712
418,8.340282,156,8.340282,1670
419,8.360282,136,8.360282,1599
420,8.380282,107,8.380282,1643
421,8.400282,172,8.400282,1573
422,8.420282,242,8.420282,1619
423,8.440282,299,8.440282,1630
424,8.460282,472,8.460282,1804
425,8.480282,815,8.480282,1881
426,8.500282,1370,8.500282,2017
427,8.520282,2196,8.520282,2431
428,8.540282,3199,8.540282,3047
429,8.560282,4377,8.560282,3449
430,8.580282,5467,8.580282,4170
431,8.600282,6545,8.600282,4508
432,8.620282,6834,8.620282,4654
433,8.640282,6490,8.640282,4443
434,8.660282,6041,8.660282,4359
435,8.680282,4890,8.680282,3834
436,8.700282,3947,8.700282,3315
437,8.720282,2735,8.720282,2917
438,8.740282,1849,8.740282,2343
439,8.760282,1137,8.760282,2057
440,8.780282,742,8.780282,1970
441,8.800282,477,8.800282,1833
442,8.820282,393,8.820282,1829
443,8.840282,332,8.840282,1744
444,8.860282,387,8.860282,1732
445,8.880282,420,8.880282,1769
446,8.900282,403,8.900282,1749
447,8.920282,363,8.920282,1741
448,8.940282,389,8.940282,1667
449,8.960282,312,8.960282,1704
450,8.980282,274,8.980282,1659
451,9.000282,222,9.000282,1627
452,9.020282,215,9.020282,1651
453,9.040282,204,9.040282,1601
454,9.060282,230,9.060282,1578
455,9.080282,269,9.080282,1589
456,9.100282,292,9.100282,1601
457,9.120282,390,9.120282,1640
458,9.140282,432,9.140282,1644
459,9.160282,490,9.160282,1711
460,9.180282,564,9.180282,1724
461,9.200282,537,9.200282,1679
462,9.220282,577,9.220282,1684
463,9.240282,519,9.240282,1629
464,9.260282,500,9.260282,1690
465,9.280282,403,9.280282,1642
466,9.300282,404,9.300282,1622
467,9.320282,315,9.320282,1634
468,9.340282,302,9.340282,1707
469,9.360282,264,9.360282,1630
470,9.380282,252,9.380282,1692
471,9.400282,299,9.400282,1560
472,9.420282,373,9.420282,1663
473,9.440282,424,9.440282,1696
474,9.460282,567,9.460282,1783
475,9.480282,767,9.480282,1817
476,9.500282,928,9.500282,1966
477,9.520282,1057,9.520282,1946
478,9.540282,1232,9.540282,2052
479,9.560282,1273,9.560282,2045
480,9.580282,1274,9.580282,2046
481,9.600282,1135,9.600282,1948
482,9.620282,1090,9.620282,1985
483,9.640282,858,9.640282,1871
484,9.660282,659,9.660282,1832
485,9.680282,492,9.680282,1852
486,9.700282,363,9.700282,1886
487,9.720282,314,9.720282,1816
488,9.740282,301,9.740282,1721
489,9.760282,257,9.760282,1650
490,9.780282,253,9.780282,1669
491,9.800282,254,9.800282,1646
492,9.820282,228,9.820282,1612
493,9.840282,232,9.840282,1594
494,9.860282,234,9.860282,1565
495,9.880282,232,9.880282,1545
496,9.900282,264,9.900282,1480
497,9.920282,272,9.920282,1635
498,9.940282,254,9.940282,1523
499,9.960282,265,9.960282,1548
500,9.980282,250,9.980282,1581
501,10.00028,252,10.00028,1498
502,10.02028,252,10.02028,1581
503,10.04028,235,10.04028,1515
504,10.06028,271,10.06028,1445
505,10.08028,255,10.08028,1541
506,10.10028,277,10.10028,1446
507,10.12028,301,10.12028,1541
508,10.14028,307,10.14028,1591
509,10.16028,309,10.16028,1457
510,10.18028,325,10.18028,1511
511,10.20028,338,10.20028,1504
512,10.22028,363,10.22028,1581
513,10.24028,379,10.24028,1521
514,10.26028,370,10.26028,1453
515,10.28028,433,10.28028,1484
516,10.30028,545,10.30028,1537
517,10.32028,675,10.32028,1487
518,10.34028,807,10.34028,1529
519,10.36028,1130,10.36028,1548
520,10.38028,1443,10.38028,1519
521,10.40028,2126,10.40028,1505
522,10.42028,2858,10.42028,1596
523,10.44028,3739,10.44028,1655
524,10.46028,4953,10.46028,1620
525,10.48028,5812,10.48028,1730
526,10.50028,6779,10.50028,1764
527,10.52028,7390,10.52028,1820
528,10.54028,7456,10.54028,1727
529,10.56028,7260,10.56028,1706
530,10.58028,6755,10.58028,1621
531,10.60028,5650,10.60028,1572
532,10.62028,4444,10.62028,1534
533,10.64028,3344,10.64028,1541
534,10.66028,2397,10.66028,1451
535,10.68028,1780,10.68028,1402
536,10.70028,1198,10.70028,1441
537,10.72028,883,10.72028,1322
538,10.74028,650,10.74028,1360
539,10.76028,523,10.76028,1262
540,10.78028,472,10.78028,1401
541,10.80028,437,10.80028,1424
542,10.82028,457,10.82028,1309
543,10.84028,491,10.84028,1296
544,10.86028,484,10.86028,1290
545,10.88028,413,10.88028,1332
546,10.90028,455,10.90028,1308
547,10.92028,483,10.92028,1309
548,10.94028,455,10.94028,1230
549,10.96028,473,10.96028,1318
550,10.98028,494,10.98028,1302
551,11.00028,439,11.00028,1287
552,11.02028,480,11.02028,1250
553,11.04028,470,11.04028,1239
554,11.06028,500,11.06028,1281
555,11.08028,480,11.08028,1236
556,11.10028,505,11.10028,1164
557,11.12028,502,11.12028,1189
558,11.14028,539,11.14028,1144
559,11.16028,573,11.16028,1150
560,11.18028,564,11.18028,1169
561,11.20028,564,11.20028,1242
562,11.22028,616,11.22028,1203
563,11.24028,604,11.24028,1219
564,11.26028,585,11.26028,1181
565,11.28028,632,11.28028,1214
566,11.30028,671,11.30028,1148
567,11.32028,628,11.32028,1263
568,11.34028,666,11.34028,1081
569,11.36028,645,11.36028,1137
570,11.38028,624,11.38028,1173
571,11.40028,691,11.40028,1091
572,11.42028,655,11.42028,1054
573,11.44028,586,11.44028,1044
574,11.46028,698,11.46028,1155
575,11.48028,636,11.48028,1086
576,11.50028,642,11.50028,1056
577,11.52028,616,11.52028,1099
578,11.54028,628,11.54028,1069
579,11.56028,641,11.56028,1075
580,11.58028,649,11.58028,1101
581,11.60028,703,11.60028,1089
582,11.62028,733,11.62028,1050
583,11.64028,768,11.64028,1099
584,11.66028,832,11.66028,1126
585,11.68028,787,11.68028,1129
586,11.70028,833,11.70028,1029
587,11.72028,858,11.72028,1118
588,11.74028,862,11.74028,1018
589,11.76028,842,11.76028,993
590,11.78028,825,11.78028,1051
591,11.80028,780,11.80028,1033
592,11.82028,737,11.82028,1102
593,11.84028,750,11.84028,996
594,11.86028,698,11.86028,1019
595,11.88028,727,11.88028,963
596,11.90028,694,11.90028,993
597,11.92028,711,11.92028,961
598,11.94028,767,11.94028,1004
599,11.96028,784,11.96028,977
600,11.98028,736,11.98028,963
601,12.00028,706,12.00028,954
602,12.02028,776,12.02028,955
603,12.04028,831,12.04028,904
604,12.06028,821,12.06028,922
605,12.08028,796,12.08028,879
606,12.10028,814,12.10028,915
607,12.12028,903,12.12028,887
608,12.14028,968,12.14028,903
609,12.16028,925,12.16028,917
610,12.18028,1016,12.18028,901
611,12.20028,1057,12.20028,895
612,12.22028,1104,12.22028,829
613,12.24028,1127,12.24028,815
614,12.26028,1224,12.26028,871
615,12.28028,1128,12.28028,844
616,12.30028,1161,12.30028,920
617,12.32028,1221,12.32028,866
618,12.34028,1304,12.34028,855
619,12.36028,1240,12.36028,880
620,12.38028,1227,12.38028,851
621,12.40028,1306,12.40028,813
622,12.42028,1423,12.42028,833
623,12.44028,1674,12.44028,763
624,12.46028,2018,12.46028,781
625,12.48028,2712,12.48028,807
626,12.50028,3436,12.50028,803
627,12.52028,4198,12.52028,805
628,12.54028,4979,12.54028,814
629,12.56028,5735,12.56028,817
630,12.58028,6242,12.58028,837
631,12.60028,6533,12.60028,848
632,12.62028,6596,12.62028,803
633,12.64028,6075,12.64028,799
634,12.66028,5603,12.66028,801
635,12.68028,4826,12.68028,767
636,12.70028,4127,12.70028,865
637,12.72028,3451,12.72028,807
638,12.74028,2802,12.74028,792
639,12.76028,2438,12.76028,802
640,12.78028,2101,12.78028,807
641,12.80028,1825,12.80028,762
642,12.82028,1699,12.82028,816
643,12.84028,1519,12.84028,824
644,12.86028,1453,12.86028,690
645,12.88028,1370,12.88028,745
646,12.90028,1404,12.90028,713
647,12.92028,1357,12.92028,722
648,12.94028,1332,12.94028,657
649,12.96028,1367,12.96028,694
650,12.98028,1443,12.98028,613
651,13.00028,1339,13.00028,660
652,13.02028,1298,13.02028,607
653,13.04028,1299,13.04028,618
654,13.06028,1346,13.06028,574
655,13.08028,1271,13.08028,618
656,13.10028,1208,13.10028,591
657,13.12028,1310,13.12028,585
658,13.14028,1310,13.14028,560
659,13.16028,1358,13.16028,606
660,13.18028,1516,13.18028,563
661,13.20028,1671,13.20028,543
662,13.22028,2029,13.22028,562
663,13.24028,2384,13.24028,524
664,13.26028,2739,13.26028,539
665,13.28028,3259,13.28028,522
666,13.30028,3780,13.30028,534
667,13.32028,4124,13.32028,506
668,13.34028,4375,13.34028,541
669,13.36028,4506,13.36028,492
670,13.38028,4478,13.38028,522
671,13.40028,4206,13.40028,504
672,13.42028,3805,13.42028,456
673,13.44028,3364,13.44028,532
674,13.46028,2965,13.46028,517
675,13.48028,2514,13.48028,478
676,13.50028,2149,13.50028,434
677,13.52028,1837,13.52028,464
678,13.54028,1665,13.54028,455
679,13.56028,1485,13.56028,440
680,13.58028,1407,13.58028,419
681,13.60028,1342,13.60028,411
682,13.62028,1248,13.62028,397
683,13.64028,1282,13.64028,412
684,13.66028,1234,13.66028,337
685,13.68028,1277,13.68028,382
686,13.70028,1282,13.70028,365
687,13.72028,1297,13.72028,378
688,13.74028,1179,13.74028,345
689,13.76028,1262,13.76028,332
690,13.78028,1263,13.78028,306
691,13.80028,1242,13.80028,320
692,13.82028,1264,13.82028,334
693,13.84028,1356,13.84028,287
694,13.86028,1364,13.86028,289
695,13.88028,1317,13.88028,312
696,13.90028,1427,13.90028,279
697,13.92028,1573,13.92028,291
698,13.94028,1662,13.94028,304
699,13.96028,1859,13.96028,278
700,13.98028,2140,13.98028,252
701,14.00028,2494,14.00028,247
702,14.02028,2923,14.02028,257
703,14.04028,3400,14.04028,227
704,14.06028,3716,14.06028,230
705,14.08028,4278,14.08028,231
706,14.10028,4373,14.10028,256
707,14.12028,4683,14.12028,237
708,14.14028,4690,14.14028,210
709,14.16028,4496,14.16028,192
710,14.18028,4243,14.18028,187
711,14.20028,3767,14.20028,176
712,14.22028,3323,14.22028,173
713,14.24028,2984,14.24028,175
714,14.26028,2498,14.26028,199
715,14.28028,2226,14.28028,134
716,14.30028,1908,14.30028,161
717,14.32028,1744,14.32028,135
718,14.34028,1617,14.34028,143
719,14.36028,1596,14.36028,134
720,14.38028,1508,14.38028,120
721,14.40028,1476,14.40028,133
722,14.42028,1403,14.42028,122
723,14.44028,1414,14.44028,106
724,14.46028,1444,14.46028,109
725,14.48028,1437,14.48028,116
726,14.50028,1441,14.50028,91
727,14.52028,1464,14.52028,89
728,14.54028,1549,14.54028,100
729,14.56028,1587,14.56028,88
730,14.58028,1576,14.58028,90
731,14.60028,1633,14.60028,91
732,14.62028,1735,14.62028,66
733,14.64028,1891,14.64028,56
734,14.66028,2001,14.66028,53
735,14.68028,2235,14.68028,60
736,14.70028,2308,14.70028,58
737,14.72028,2385,14.72028,47
738,14.74028,2511,14.74028,48
739,14.76028,2632,14.76028,63
740,14.78028,2597,14.78028,38
741,14.80028,2710,14.80028,45
742,14.82028,2790,14.82028,36
743,14.84028,2735,14.84028,49
744,14.86028,2778,14.86028,38
745,14.88028,2820,14.88028,27
746,14.90028,2889,14.90028,27
747,14.92028,2860,14.92028,33
748,14.94028,2822,14.94028,28
749,14.96028,2785,14.96028,29
750,14.98028,2672,14.98028,22
751,15.00028,2522,15.00028,24
752,15.02028,2412,15.02028,20
753,15.04028,2349,15.04028,23
754,15.06028,2239,15.06028,22
755,15.08028,2153,15.08028,19
756,15.10028,1980,15.10028,21
757,15.12028,1940,15.12028,20
758,15.14028,1996,15.14028,20
759,15.16028,1941,15.16028,22
760,15.18028,1939,15.18028,20
761,15.20028,1847,15.20028,14
762,15.22028,1840,15.22028,14
763,15.24028,1876,15.24028,29
764,15.26028,1824,15.26028,20
765,15.28028,1700,15.28028,12
766,15.30028,1658,15.30028,11
767,15.32028,1690,15.32028,17
768,15.34028,1649,15.34028,9
769,15.36028,1608,15.36028,15
770,15.38028,1711,15.38028,13
771,15.40028,1620,15.40028,10
772,15.42028,1693,15.42028,10
773,15.44028,1660,15.44028,12
774,15.46028,1753,15.46028,13
775,15.48028,1879,15.48028,17
776,15.50028,2025,15.50028,13
777,15.52028,2158,15.52028,8
778,15.54028,2491,15.54028,20
779,15.56028,2804,15.56028,20
780,15.58028,3352,15.58028,12
781,15.60028,3887,15.60028,14
782,15.62028,4654,15.62028,16
783,15.64028,5291,15.64028,12
784,15.66028,5909,15.66028,17
785,15.68028,6581,15.68028,16
786,15.70028,7065,15.70028,12
787,15.72028,7345,15.72028,13
788,15.74028,7517,15.74028,16
789,15.76028,7393,15.76028,14
790,15.78028,7013,15.78028,15
791,15.80028,6416,15.80028,10
792,15.82028,5962,15.82028,12
793,15.84028,5184,15.84028,18
794,15.86028,4431,15.86028,16
795,15.88028,3831,15.88028,14
796,15.90028,3112,15.90028,11
797,15.92028,2753,15.92028,13
798,15.94028,2420,15.94028,14
799,15.96028,2143,15.96028,14
800,15.98028,1981,15.98028,15
801,16.00028,1972,16.00028,10
802,16.02028,1852,16.02028,13
803,16.04028,1752,16.04028,9
804,16.06028,1839,16.06028,18
805,16.08028,1831,16.08028,17
806,16.10028,1736,16.10028,11
807,16.12028,1760,16.12028,14
808,16.14028,1773,16.14028,11
809,16.16028,1823,16.16028,6
810,16.18028,1797,16.18028,16
811,16.20028,1857,16.20028,15
812,16.22028,1753,16.22028,7
813,16.24028,1818,16.24028,14
814,16.26028,1672,16.26028,11
815,16.28028,1769,16.28028,12
816,16.30028,1831,16.30028,8
817,16.32028,1743,16.32028,6
818,16.34028,1748,16.34028,8
819,16.36028,1885,16.36028,8
820,16.38028,1870,16.38028,15
821,16.40028,1907,16.40028,11
822,16.42028,1916,16.42028,12
823,16.44028,2067,16.44028,15
824,16.46028,2038,16.46028,12
825,16.48028,2039,16.48028,15
826,16.50028,2140,16.50028,14
827,16.52028,2157,16.52028,10
828,16.54028,2224,16.54028,7
829,16.56028,2281,16.56028,11
830,16.58028,2291,16.58028,12
831,16.60028,2243,16.60028,13
832,16.62028,2270,16.62028,6
833,16.64028,2250,16.64028,7
834,16.66028,2207,16.66028,13
835,16.68028,2068,16.68028,8
836,16.70028,2058,16.70028,12
837,16.72028,1978,16.72028,14
838,16.74028,2033,16.74028,13
839,16.76028,1898,16.76028,7
840,16.78028,1843,16.78028,12
841,16.80028,1827,16.80028,11
842,16.82028,1901,16.82028,8
843,16.84028,1880,16.84028,15
844,16.86028,1887,16.86028,16
845,16.88028,1756,16.88028,12
846,16.90028,1829,16.90028,7
847,16.92028,1771,16.92028,14
848,16.94028,1750,16.94028,11
849,16.96028,1865,16.96028,10
850,16.98028,1867,16.98028,13
851,17.00028,1822,17.00028,16
852,17.02028,1846,17.02028,13
853,17.04028,1813,17.04028,16
854,17.06028,1794,17.06028,12
855,17.08028,1810,17.08028,11
856,17.10028,1904,17.10028,8
857,17.12028,1897,17.12028,5
858,17.14028,1917,17.14028,7
859,17.16028,1859,17.16028,12
860,17.18028,1965,17.18028,11
861,17.20028,1929,17.20028,11
862,17.22028,1967,17.22028,13
863,17.24028,1950,17.24028,10
864,17.26028,1992,17.26028,7
865,17.28028,1998,17.28028,8
866,17.30028,2027,17.30028,8
867,17.32028,2051,17.32028,5
868,17.34028,2086,17.34028,6
869,17.36028,2129,17.36028,6
870,17.38028,2218,17.38028,9
871,17.40028,2281,17.40028,7
872,17.42028,2213,17.42028,4
873,17.44028,2234,17.44028,13
874,17.46028,2337,17.46028,10
875,17.48028,2358,17.48028,5
876,17.50028,2433,17.50028,3
877,17.52028,2464,17.52028,10
878,17.54028,2552,17.54028,10
879,17.56028,2616,17.56028,6
880,17.58028,2737,17.58028,5
881,17.60028,2798,17.60028,11
882,17.62028,2918,17.62028,9
883,17.64028,2793,17.64028,8
884,17.66028,2791,17.66028,3
885,17.68028,2784,17.68028,12
886,17.70028,2770,17.70028,9
887,17.72028,2703,17.72028,11
888,17.74028,2651,17.74028,8
889,17.76028,2503,17.76028,11
890,17.78028,2399,17.78028,6
891,17.80028,2387,17.80028,5
892,17.82028,2368,17.82028,7
893,17.84028,2268,17.84028,3
894,17.86028,2292,17.86028,3
895,17.88028,2239,17.88028,4
896,17.90028,2330,17.90028,7
897,17.92028,2318,17.92028,6
898,17.94028,2335,17.94028,5
899,17.96028,2342,17.96028,8
900,17.98028,2418,17.98028,4
901,18.00028,2327,18.00028,5
902,18.02028,2379,18.02028,7
903,18.04028,2428,18.04028,6
904,18.06028,2401,18.06028,12
905,18.08028,2355,18.08028,9
906,18.10028,2368,18.10028,3
907,18.12028,2385,18.12028,5
908,18.14028,2410,18.14028,2
909,18.16028,2399,18.16028,3
910,18.18028,2486,18.18028,8
911,18.20028,2445,18.20028,11
912,18.22028,2468,18.22028,10
913,18.24028,2529,18.24028,11
914,18.26028,2653,18.26028,9
915,18.28028,2722,18.28028,8
916,18.30028,2629,18.30028,4
917,18.32028,2688,18.32028,2
918,18.34028,2820,18.34028,6
919,18.36028,2875,18.36028,6
920,18.38028,2878,18.38028,6
921,18.40028,2907,18.40028,4
922,18.42028,3010,18.42028,6
923,18.44028,3181,18.44028,2
924,18.46028,3211,18.46028,4
925,18.48028,3212,18.48028,7
926,18.50028,3434,18.50028,3
927,18.52028,3500,18.52028,3
928,18.54028,3826,18.54028,7
929,18.56028,3825,18.56028,3
930,18.58028,4026,18.58028,7
931,18.60028,4048,18.60028,7
932,18.62028,4327,18.62028,4
933,18.64028,4558,18.64028,5
934,18.66028,4670,18.66028,6
935,18.68028,4836,18.68028,4
936,18.70028,5028,18.70028,4
937,18.72028,5201,18.72028,3
938,18.74028,5362,18.74028,6
939,18.76028,5805,18.76028,6
940,18.78028,5864,18.78028,7
941,18.80028,6200,18.80028,5
942,18.82028,6357,18.82028,2
943,18.84028,6560,18.84028,5
944,18.86028,6681,18.86028,6
945,18.88028,6829,18.88028,5
946,18.90028,6921,18.90028,5
947,18.92028,7220,18.92028,7
948,18.94028,7432,18.94028,5
949,18.96028,7493,18.96028,6
950,18.98028,7597,18.98028,9
951,19.00028,7691,19.00028,4
952,19.02028,7440,19.02028,4
953,19.04028,7535,19.04028,2
954,19.06028,7586,19.06028,7
955,19.08028,7567,19.08028,3
956,19.10028,7329,19.10028,4
957,19.12028,7556,19.12028,6
958,19.14028,7232,19.14028,5
959,19.16028,7083,19.16028,4
960,19.18028,6820,19.18028,3
961,19.20028,6752,19.20028,4
962,19.22028,6637,19.22028,3
963,19.24028,6358,19.24028,4
964,19.26028,6283,19.26028,2
965,19.28028,5913,19.28028,3
966,19.30028,5733,19.30028,5
967,19.32028,5459,19.32028,4
968,19.34028,5220,19.34028,4
969,19.36028,5082,19.36028,8
970,19.38028,4962,19.38028,4
971,19.40028,4524,19.40028,4
972,19.42028,4471,19.42028,7
973,19.44028,4400,19.44028,3
974,19.46028,4142,19.46028,2
975,19.48028,3922,19.48028,3
976,19.50028,3739,19.50028,3
977,19.52028,3573,19.52028,2
978,19.54028,3425,19.54028,2
979,19.56028,3277,19.56028,2
980,19.58028,3315,19.58028,3
981,19.60028,3144,19.60028,2
982,19.62028,3054,19.62028,5
983,19.64028,2954,19.64028,5
984,19.66028,2861,19.66028,4
985,19.68028,2877,19.68028,4
986,19.70028,2666,19.70028,3
987,19.72028,2577,19.72028,1
988,19.74028,2480,19.74028,3
989,19.76028,2585,19.76028,3
990,19.78028,2499,19.78028,2
991,19.80028,2385,19.80028,2
992,19.82028,2423,19.82028,3
993,19.84028,2499,19.84028,2
994,19.86028,2681,19.86028,5
995,19.88028,2715,19.88028,3
996,19.90028,2812,19.90028,2
997,19.92028,2889,19.92028,2
998,19.94028,3173,19.94028,4
999,19.96028,3612,19.96028,2
1000,19.98028,3753,19.98028,3
1001,20.00028,4322,20.00028,3
1002,20.02028,4531,20.02028,1
1003,20.04028,4737,20.04028,3
1004,20.06028,5108,20.06028,2
1005,20.08028,5427,20.08028,3
1006,20.10028,5803,20.10028,5
1007,20.12028,5875,20.12028,0
1008,20.14028,6048,20.14028,0
1009,20.16028,6044,20.16028,4
1010,20.18028,6091,20.18028,2
1011,20.20028,5727,20.20028,3
1012,20.22028,5535,20.22028,5
1013,20.24028,5240,20.24028,2
1014,20.26028,4697,20.26028,5
1015,20.28028,4326,20.28028,3
1016,20.30028,3749,20.30028,5
1017,20.32028,3319,20.32028,3
1018,20.34028,3040,20.34028,2
1019,20.36028,2854,20.36028,4
1020,20.38028,2400,20.38028,2
1021,20.40028,2245,20.40028,0
1022,20.42028,2141,20.42028,2
1023,20.44028,2062,20.44028,9
1024,20.46028,2010,20.46028,1
1025,20.48028,1951,20.48028,3
1026,20.50028,1950,20.50028,4
1027,20.52028,1902,20.52028,0
1028,20.54028,2047,20.54028,2
1029,20.56028,1862,20.56028,0
1030,20.58028,1892,20.58028,2
1031,20.60028,2001,20.60028,1
1032,20.62028,1931,20.62028,1
1033,20.64028,2019,20.64028,1
1034,20.66028,2054,20.66028,2
1035,20.68028,2036,20.68028,1
1036,20.70028,2064,20.70028,1
1037,20.72028,2025,20.72028,0
1038,20.74028,2093,20.74028,4
1039,20.76028,2072,20.76028,2
1040,20.78028,2040,20.78028,0
1041,20.80028,2020,20.80028,1
1042,20.82028,2173,20.82028,2
1043,20.84028,2105,20.84028,1
1044,20.86028,2120,20.86028,4
1045,20.88028,2171,20.88028,1
1046,20.90028,2245,20.90028,0
1047,20.92028,2212,20.92028,2
1048,20.94028,2296,20.94028,3
1049,20.96028,2431,20.96028,0
1050,20.98028,2424,20.98028,0
1051,21.00028,2358,21.00028,2
1052,21.02028,2407,21.02028,0
1053,21.04028,2501,21.04028,1
1054,21.06028,2531,21.06028,2
1055,21.08028,2556,21.08028,1
1056,21.10028,2580,21.10028,1
1057,21.12028,2588,21.12028,1
1058,21.14028,2571,21.14028,1
1059,21.16028,2626,21.16028,0
1060,21.18028,2746,21.18028,1
1061,21.20028,2689,21.20028,1
1062,21.22028,2666,21.22028,2
1063,21.24028,2670,21.24028,2
1064,21.26028,2733,21.26028,0
1065,21.28028,2805,21.28028,0
1066,21.30028,2844,21.30028,0
1067,21.32028,2823,21.32028,0
1068,21.34028,2771,21.34028,1
1069,21.36028,2599,21.36028,0
1070,21.38028,2649,21.38028,2
1071,21.40028,2636,21.40028,0
1072,21.42028,2658,21.42028,2
1073,21.44028,2628,21.44028,2
1074,21.46028,2586,21.46028,1
1075,21.48028,2608,21.48028,1
1076,21.50028,2506,21.50028,2
1077,21.52028,2464,21.52028,1
1078,21.54028,2528,21.54028,0
1079,21.56028,2538,21.56028,2
1080,21.58028,2461,21.58028,1
1081,21.60028,2452,21.60028,0
1082,21.62028,2338,21.62028,2
1083,21.64028,2310,21.64028,1
1084,21.66028,2208,21.66028,0
1085,21.68028,2249,21.68028,1
1086,21.70028,2256,21.70028,2
1087,21.72028,2150,21.72028,2
1088,21.74028,2095,21.74028,1
1089,21.76028,2118,21.76028,0
1090,21.78028,2057,21.78028,0
1091,21.80028,2061,21.80028,1
1092,21.82028,2092,21.82028,0
1093,21.84028,2026,21.84028,2
1094,21.86028,1989,21.86028,1
1095,21.88028,1968,21.88028,0
1096,21.90028,1906,21.90028,0
1097,21.92028,1940,21.92028,2
1098,21.94028,1808,21.94028,0
1099,21.96028,1879,21.96028,2
1100,21.98028,1835,21.98028,0
1101,22.00028,1915,22.00028,1
1102,22.02028,1813,22.02028,2
1103,22.04028,1786,22.04028,1
1104,22.06028,1869,22.06028,1
1105,22.08028,1789,22.08028,1
1106,22.10028,1717,22.10028,0
1107,22.12028,1675,22.12028,1
1108,22.14028,1769,22.14028,1
1109,22.16028,1677,22.16028,2
1110,22.18028,1714,22.18028,0
1111,22.20028,1646,22.20028,2
1112,22.22028,1653,22.22028,0
1113,22.24028,1714,22.24028,1
1114,22.26028,1673,22.26028,0
1115,22.28028,1563,22.28028,3
1116,22.30028,1644,22.30028,0
1117,22.32028,1645,22.32028,1
1118,22.34028,1604,22.34028,3
1119,22.36028,1645,22.36028,1
1120,22.38028,1610,22.38028,0
1121,22.40028,1636,22.40028,2
1122,22.42028,1571,22.42028,0
1123,22.44028,1529,22.44028,1
1124,22.46028,1630,22.46028,2
1125,22.48028,1616,22.48028,0
1126,22.50028,1656,22.50028,1
1127,22.52028,1680,22.52028,1
1128,22.54028,1832,22.54028,1
1129,22.56028,1794,22.56028,0
1130,22.58028,1921,22.58028,0
1131,22.60028,1945,22.60028,1
1132,22.62028,2035,22.62028,2
1133,22.64028,2098,22.64028,1
1134,22.66028,2181,22.66028,2
1135,22.68028,2210,22.68028,0
1136,22.70028,2247,22.70028,1
1137,22.72028,2134,22.72028,1
1138,22.74028,2052,22.74028,1
1139,22.76028,2080,22.76028,4
1140,22.78028,1976,22.78028,0
1141,22.80028,1827,22.80028,1
1142,22.82028,1830,22.82028,1
1143,22.84028,1723,22.84028,1
1144,22.86028,1689,22.86028,0
1145,22.88028,1673,22.88028,1
1146,22.90028,1562,22.90028,0
1147,22.92028,1433,22.92028,0
1148,22.94028,1533,22.94028,1
1149,22.96028,1550,22.96028,0
1150,22.98028,1478,22.98028,0
1151,23.00028,1478,23.00028,0
1152,23.02028,1434,23.02028,1
1153,23.04028,1546,23.04028,0
1154,23.06028,1553,23.06028,0
1155,23.08028,1530,23.08028,0
1156,23.10028,1455,23.10028,0
1157,23.12028,1582,23.12028,1
1158,23.14028,1503,23.14028,1
1159,23.16028,1519,23.16028,2
1160,23.18028,1500,23.18028,0
1161,23.20028,1528,23.20028,0
1162,23.22028,1443,23.22028,0
1163,23.24028,1452,23.24028,1
1164,23.26028,1408,23.26028,0
1165,23.28028,1468,23.28028,0
1166,23.30028,1357,23.30028,0
1167,23.32028,1396,23.32028,1
1168,23.34028,1385,23.34028,0
1169,23.36028,1411,23.36028,1
1170,23.38028,1349,23.38028,1
1171,23.40028,1344,23.40028,2
1172,23.42028,1401,23.42028,2
1173,23.44028,1362,23.44028,3
1174,23.46028,1348,23.46028,0
1175,23.48028,1354,23.48028,0
1176,23.50028,1394,23.50028,0
1177,23.52028,1332,23.52028,1
1178,23.54028,1335,23.54028,0
1179,23.56028,1344,23.56028,3
1180,23.58028,1393,23.58028,0
1181,23.60028,1338,23.60028,1
1182,23.62028,1324,23.62028,0
1183,23.64028,1314,23.64028,0
1184,23.66028,1360,23.66028,0
1185,23.68028,1321,23.68028,0
1186,23.70028,1309,23.70028,0
1187,23.72028,1330,23.72028,1
1188,23.74028,1326,23.74028,1
1189,23.76028,1327,23.76028,0
1190,23.78028,1310,23.78028,0
1191,23.80028,1318,23.80028,0
1192,23.82028,1334,23.82028,0
1193,23.84028,1224,23.84028,0
1194,23.86028,1389,23.86028,0
1195,23.88028,1245,23.88028,0
1196,23.90028,1357,23.90028,0
1197,23.92028,1347,23.92028,1
1198,23.94028,1379,23.94028,0
1199,23.96028,1375,23.96028,0
1200,23.98028,1361,23.98028,1
1201,24.00028,1359,24.00028,0
1202,24.02028,1284,24.02028,0
1203,24.04028,1323,24.04028,1
1204,24.06028,1247,24.06028,1
1205,24.08028,1296,24.08028,0
1206,24.10028,1308,24.10028,0
1207,24.12028,1297,24.12028,0
1208,24.14028,1237,24.14028,2
1209,24.16028,1300,24.16028,0
1210,24.18028,1309,24.18028,0
1211,24.20028,1306,24.20028,0
1212,24.22028,1252,24.22028,1
1213,24.24028,1246,24.24028,0
1214,24.26028,1342,24.26028,0
1215,24.28028,1270,24.28028,1
1216,24.30028,1199,24.30028,0
1217,24.32028,1264,24.32028,0
1218,24.34028,1309,24.34028,0
1219,24.36028,1306,24.36028,0
1220,24.38028,1292,24.38028,0
1221,24.40028,1285,24.40028,0
1222,24.42028,1251,24.42028,1
1223,24.44028,1253,24.44028,0
1224,24.46028,1247,24.46028,0
1225,24.48028,1272,24.48028,0
1226,24.50028,1207,24.50028,1
1227,24.52028,1271,24.52028,0
1228,24.54028,1191,24.54028,0
1229,24.56028,1282,24.56028,0
1230,24.58028,1209,24.58028,0
1231,24.60028,1266,24.60028,0
1232,24.62028,1207,24.62028,0
1233,24.64028,1300,24.64028,0
1234,24.66028,1264,24.66028,0
1235,24.68028,1223,24.68028,0
1236,24.70028,1289,24.70028,1
1237,24.72028,1258,24.72028,0
1238,24.74028,1224,24.74028,0
1239,24.76028,1197,24.76028,0
1240,24.78028,1190,24.78028,0
1241,24.80028,1242,24.80028,1
1242,24.82028,1196,24.82028,0
1243,24.84028,1285,24.84028,0
1244,24.86028,1279,24.86028,1
1245,24.88028,1227,24.88028,0
1246,24.90028,1255,24.90028,0
1247,24.92028,1174,24.92028,0
1248,24.94028,1293,24.94028,1
1249,24.96028,1228,24.96028,0
1250,24.98028,1208,24.98028,0
1251,25.00028,1186,25.00028,0
1252,25.02028,1237,25.02028,0
1253,25.04028,1220,25.04028,0
1254,25.06028,1270,25.06028,0
1255,25.08028,1251,25.08028,0
1256,25.10028,1229,25.10028,0
1257,25.12028,1302,25.12028,1
1258,25.14028,1213,25.14028,0
1259,25.16028,1231,25.16028,1
1260,25.18028,1228,25.18028,1
1261,25.20028,1204,25.20028,0
1262,25.22028,1226,25.22028,0
1263,25.24028,1256,25.24028,1
1264,25.26028,1228,25.26028,0
1265,25.28028,1263,25.28028,0
1266,25.30028,1295,25.30028,0
1267,25.32028,1228,25.32028,1
1268,25.34028,1236,25.34028,0
1269,25.36028,1227,25.36028,0
1270,25.38028,1200,25.38028,0
1271,25.40028,1164,25.40028,0
1272,25.42028,1232,25.42028,0
1273,25.44028,1202,25.44028,0
1274,25.46028,1154,25.46028,0
1275,25.48028,1168,25.48028,0
1276,25.50028,1148,25.50028,0
1277,25.52028,1233,25.52028,0
1278,25.54028,1160,25.54028,0
1279,25.56028,1193,25.56028,0
1280,25.58028,1115,25.58028,0
1281,25.60028,1125,25.60028,0
1282,25.62028,1067,25.62028,0
1283,25.64028,1164,25.64028,2
1284,25.66028,1064,25.66028,0
1285,25.68028,1172,25.68028,0
1286,25.70028,1151,25.70028,0
1287,25.72028,1132,25.72028,0
1288,25.74028,1109,25.74028,0
1289,25.76028,1029,25.76028,0
1290,25.78028,1059,25.78028,0
1291,25.80028,1103,25.80028,1
1292,25.82028,1123,25.82028,1
1293,25.84028,1096,25.84028,0
1294,25.86028,1123,25.86028,0
1295,25.88028,1111,25.88028,0
1296,25.90028,1110,25.90028,0
1297,25.92028,1156,25.92028,0
1298,25.94028,1154,25.94028,0
1299,25.96028,1108,25.96028,0
1300,25.98028,1137,25.98028,0
1301,26.00028,1127,26.00028,0
1302,26.02028,1220,26.02028,0
1303,26.04028,1164,26.04028,0
1304,26.06028,1107,26.06028,0
1305,26.08028,1164,26.08028,0
1306,26.10028,1191,26.10028,0
1307,26.12028,1159,26.12028,0
1308,26.14028,1184,26.14028,0
1309,26.16028,1213,26.16028,0
1310,26.18028,1178,26.18028,0
1311,26.20028,1157,26.20028,0
1312,26.22028,1200,26.22028,0
1313,26.24028,1187,26.24028,0
1314,26.26028,1209,26.26028,0
1315,26.28028,1283,26.28028,0
1316,26.30028,1276,26.30028,0
1317,26.32028,1299,26.32028,0
1318,26.34028,1230,26.34028,1
1319,26.36028,1122,26.36028,0
1320,26.38028,1179,26.38028,0
1321,26.40028,1162,26.40028,0
1322,26.42028,1115,26.42028,0
1323,26.44028,1104,26.44028,0
1324,26.46028,1149,26.46028,0
1325,26.48028,1075,26.48028,0
1326,26.50028,1102,26.50028,0
1327,26.52028,1052,26.52028,0
1328,26.54028,1018,26.54028,0
1329,26.56028,989,26.56028,1
1330,26.58028,1074,26.58028,0
1331,26.60028,1010,26.60028,0
1332,26.62028,1005,26.62028,0
1333,26.64028,1045,26.64028,0
1334,26.66028,978,26.66028,0
1335,26.68028,1053,26.68028,0
1336,26.70028,985,26.70028,0
1337,26.72028,1014,26.72028,0
1338,26.74028,970,26.74028,0
1339,26.76028,991,26.76028,0
1340,26.78028,980,26.78028,0
1341,26.80028,956,26.80028,0
1342,26.82028,1055,26.82028,0
1343,26.84028,979,26.84028,0
1344,26.86028,989,26.86028,0
1345,26.88028,931,26.88028,0
1346,26.90028,1029,26.90028,0
1347,26.92028,942,26.92028,0
1348,26.94028,995,26.94028,0
1349,26.96028,947,26.96028,0
1350,26.98028,1039,26.98028,1
1351,27.00028,968,27.00028,0
1352,27.02028,972,27.02028,0
1353,27.04028,922,27.04028,0
1354,27.06028,959,27.06028,1
1355,27.08028,967,27.08028,1
1356,27.10028,994,27.10028,0
1357,27.12028,980,27.12028,0
1358,27.14028,1015,27.14028,0
1359,27.16028,974,27.16028,1
1360,27.18028,928,27.18028,0
1361,27.20028,983,27.20028,0
1362,27.22028,923,27.22028,0
1363,27.24028,957,27.24028,0
1364,27.26028,925,27.26028,0
1365,27.28028,967,27.28028,0
1366,27.30028,954,27.30028,0
1367,27.32028,936,27.32028,0
1368,27.34028,983,27.34028,0
1369,27.36028,945,27.36028,0
1370,27.38028,923,27.38028,0
1371,27.40028,982,27.40028,0
1372,27.42028,938,27.42028,0
1373,27.44028,962,27.44028,0
1374,27.46028,937,27.46028,0
1375,27.48028,947,27.48028,0
1376,27.50028,950,27.50028,0
1377,27.52028,905,27.52028,0
1378,27.54028,908,27.54028,0
1379,27.56028,904,27.56028,0
1380,27.58028,891,27.58028,0
1381,27.60028,893,27.60028,0
1382,27.62028,932,27.62028,0
1383,27.64028,923,27.64028,0
1384,27.66028,892,27.66028,0
1385,27.68028,914,27.68028,0
1386,27.70028,849,27.70028,0
1387,27.72028,895,27.72028,0
1388,27.74028,828,27.74028,0
1389,27.76028,867,27.76028,0
1390,27.78028,838,27.78028,0
1391,27.80028,913,27.80028,0
1392,27.82028,921,27.82028,0
1393,27.84028,865,27.84028,0
1394,27.86028,940,27.86028,0
1395,27.88028,871,27.88028,0
1396,27.90028,860,27.90028,0
1397,27.92028,888,27.92028,0
1398,27.94028,910,27.94028,0
1399,27.96028,831,27.96028,0
1400,27.98028,872,27.98028,0
1401,28.00028,875,28.00028,0
1402,28.02028,899,28.02028,0
1403,28.04028,864,28.04028,0
1404,28.06028,856,28.06028,0
1405,28.08028,885,28.08028,0
1406,28.10028,899,28.10028,0
1407,28.12028,871,28.12028,0
1408,28.14028,836,28.14028,0
1409,28.16028,864,28.16028,0
1410,28.18028,867,28.18028,0
1411,28.20028,801,28.20028,0
1412,28.22028,823,28.22028,0
1413,28.24028,868,28.24028,0
1414,28.26028,795,28.26028,0
1415,28.28028,844,28.28028,0
1416,28.30028,865,28.30028,0
1417,28.32028,808,28.32028,0
1418,28.34028,845,28.34028,0
1419,28.36028,872,28.36028,0
1420,28.38028,850,28.38028,0
1421,28.40028,835,28.40028,0
1422,28.42028,866,28.42028,0
1423,28.44028,817,28.44028,0
1424,28.46028,805,28.46028,0
1425,28.48028,835,28.48028,0
1426,28.50028,828,28.50028,0
1427,28.52028,846,28.52028,0
1428,28.54028,820,28.54028,0
1429,28.56028,771,28.56028,0
1430,28.58028,827,28.58028,0
1431,28.60028,833,28.60028,0
1432,28.62028,768,28.62028,0
1433,28.64028,797,28.64028,0
1434,28.66028,797,28.66028,0
1435,28.68028,810,28.68028,0
1436,28.70028,760,28.70028,0
1437,28.72028,768,28.72028,0
1438,28.74028,741,28.74028,0
1439,28.76028,729,28.76028,0
1440,28.78028,782,28.78028,0
1441,28.80028,802,28.80028,0
1442,28.82028,751,28.82028,0
1443,28.84028,787,28.84028,0
1444,28.86028,761,28.86028,0
1445,28.88028,798,28.88028,0
1446,28.90028,766,28.90028,0
1447,28.92028,740,28.92028,0
1448,28.94028,747,28.94028,0
1449,28.96028,751,28.96028,0
1450,28.98028,742,28.98028,0
1451,29.00028,752,29.00028,0
1452,29.02028,722,29.02028,0
1453,29.04028,789,29.04028,0
1454,29.06028,745,29.06028,0
1455,29.08028,770,29.08028,0
1456,29.10028,773,29.10028,0
1457,29.12028,736,29.12028,0
1458,29.14028,773,29.14028,0
1459,29.16028,734,29.16028,0
1460,29.18028,766,29.18028,0
1461,29.20028,685,29.20028,0
1462,29.22028,750,29.22028,0
1463,29.24028,759,29.24028,0
1464,29.26028,697,29.26028,0
1465,29.28028,679,29.28028,0
1466,29.30028,707,29.30028,0
1467,29.32028,672,29.32028,0
1468,29.34028,744,29.34028,0
1469,29.36028,722,29.36028,0
1470,29.38028,727,29.38028,0
1471,29.40028,733,29.40028,0
1472,29.42028,714,29.42028,0
1473,29.44028,738,29.44028,0
1474,29.46028,722,29.46028,0
1475,29.48028,719,29.48028,0
1476,29.50028,722,29.50028,0
1477,29.52028,716,29.52028,0
1478,29.54028,712,29.54028,0
1479,29.56028,760,29.56028,0
1480,29.58028,730,29.58028,0
1481,29.60028,749,29.60028,0
1482,29.62028,692,29.62028,0
1483,29.64028,757,29.64028,0
1484,29.66028,708,29.66028,0
1485,29.68028,708,29.68028,0
1486,29.70028,703,29.70028,0
1487,29.72028,670,29.72028,0
1488,29.74028,677,29.74028,0
1489,29.76028,655,29.76028,0
1490,29.78028,632,29.78028,0
1491,29.80028,694,29.80028,0
1492,29.82028,687,29.82028,0
1493,29.84028,709,29.84028,0
1494,29.86028,674,29.86028,0
1495,29.88028,641,29.88028,0
1496,29.90028,627,29.90028,0
1497,29.92028,620,29.92028,0
1498,29.94028,692,29.94028,0
1499,29.96028,671,29.96028,0
1500,29.98028,662,29.98028,0
1501,30.00028,633,30.00028,0
1502,30.02028,683,30.02028,0
1503,30.04028,658,30.04028,0
1504,30.06028,640,30.06028,0
1505,30.08028,606,30.08028,0
1506,30.10028,605,30.10028,0
1507,30.12028,672,30.12028,0
1508,30.14028,640,30.14028,0
1509,30.16028,668,30.16028,0
1510,30.18028,655,30.18028,0
1511,30.20028,666,30.20028,0
1512,30.22028,625,30.22028,0
1513,30.24028,619,30.24028,0
1514,30.26028,628,30.26028,0
1515,30.28028,589,30.28028,0
1516,30.30028,629,30.30028,0
1517,30.32028,635,30.32028,0
1518,30.34028,623,30.34028,0
1519,30.36028,625,30.36028,0
1520,30.38028,623,30.38028,0
1521,30.40028,652,30.40028,0
1522,30.42028,621,30.42028,0
1523,30.44028,604,30.44028,0
1524,30.46028,615,30.46028,0
1525,30.48028,599,30.48028,0
1526,30.50028,593,30.50028,0
1527,30.52028,582,30.52028,0
1528,30.54028,570,30.54028,0
1529,30.56028,608,30.56028,0
1530,30.58028,586,30.58028,0
1531,30.60028,592,30.60028,0
1532,30.62028,565,30.62028,0
1533,30.64028,569,30.64028,0
1534,30.66028,573,30.66028,0
1535,30.68028,566,30.68028,0
1536,30.70028,551,30.70028,0
1537,30.72028,562,30.72028,0
1538,30.74028,619,30.74028,0
1539,30.76028,583,30.76028,0
1540,30.78028,590,30.78028,0
1541,30.80028,568,30.80028,0
1542,30.82028,597,30.82028,0
1543,30.84028,575,30.84028,0
1544,30.86028,579,30.86028,0
1545,30.88028,563,30.88028,0
1546,30.90028,536,30.90028,0
1547,30.92028,577,30.92028,0
1548,30.94028,558,30.94028,0
1549,30.96028,573,30.96028,0
1550,30.98028,526,30.98028,0
1551,31.00028,509,31.00028,0
1552,31.02028,547,31.02028,0
1553,31.04028,534,31.04028,0
1554,31.06028,545,31.06028,0
1555,31.08028,545,31.08028,0
1556,31.10028,541,31.10028,0
1557,31.12028,542,31.12028,0
1558,31.14028,542,31.14028,0
1559,31.16028,545,31.16028,0
1560,31.18028,498,31.18028,0
1561,31.20028,494,31.20028,0
1562,31.22028,504,31.22028,0
1563,31.24028,512,31.24028,0
1564,31.26028,510,31.26028,0
1565,31.28028,525,31.28028,0
1566,31.30028,526,31.30028,0
1567,31.32028,509,31.32028,0
1568,31.34028,519,31.34028,0
1569,31.36028,493,31.36028,0
1570,31.38028,504,31.38028,0
1571,31.40028,481,31.40028,0
1572,31.42028,522,31.42028,0
1573,31.44028,472,31.44028,0
1574,31.46028,480,31.46028,0
1575,31.48028,509,31.48028,0
1576,31.50028,509,31.50028,0
1577,31.52028,515,31.52028,0
1578,31.54028,478,31.54028,0
1579,31.56028,522,31.56028,0
1580,31.58028,508,31.58028,0
1581,31.60028,509,31.60028,0
1582,31.62028,482,31.62028,0
1583,31.64028,505,31.64028,0
1584,31.66028,490,31.66028,0
1585,31.68028,500,31.68028,0
1586,31.70028,503,31.70028,0
1587,31.72028,474,31.72028,0
1588,31.74028,486,31.74028,0
1589,31.76028,523,31.76028,0
1590,31.78028,478,31.78028,0
1591,31.80028,457,31.80028,0
1592,31.82028,486,31.82028,0
1593,31.84028,473,31.84028,0
1594,31.86028,475,31.86028,0
1595,31.88028,475,31.88028,0
1596,31.90028,481,31.90028,0
1597,31.92028,451,31.92028,0
1598,31.94028,451,31.94028,0
1599,31.96028,481,31.96028,0
1600,31.98028,502,31.98028,0
1601,32.00028,484,32.00028,0
1602,32.02028,499,32.02028,0
1603,32.04028,492,32.04028,0
1604,32.06028,447,32.06028,0
1605,32.08028,506,32.08028,0
1606,32.10028,498,32.10028,0
1607,32.12028,463,32.12028,0
1608,32.14028,469,32.14028,0
1609,32.16028,502,32.16028,0
1610,32.18028,473,32.18028,0
1611,32.20028,478,32.20028,0
1612,32.22028,469,32.22028,0
1613,32.24028,431,32.24028,0
1614,32.26028,409,32.26028,0
1615,32.28028,452,32.28028,0
1616,32.30028,436,32.30028,0
1617,32.32028,434,32.32028,0
1618,32.34028,394,32.34028,0
1619,32.36028,373,32.36028,0
1620,32.38028,444,32.38028,0
1621,32.40028,408,32.40028,0
1622,32.42028,368,32.42028,0
1623,32.44028,398,32.44028,0
1624,32.46028,375,32.46028,0
1625,32.48028,405,32.48028,0
1626,32.50028,395,32.50028,0
1627,32.52028,373,32.52028,0
1628,32.54028,390,32.54028,0
1629,32.56028,382,32.56028,0
1630,32.58028,357,32.58028,0
1631,32.60028,421,32.60028,0
1632,32.62028,377,32.62028,0
1633,32.64028,348,32.64028,0
1634,32.66028,376,32.66028,0
1635,32.68028,391,32.68028,0
1636,32.70028,322,32.70028,0
1637,32.72028,334,32.72028,0
1638,32.74028,323,32.74028,0
1639,32.76028,360,32.76028,0
1640,32.78028,361,32.78028,0
1641,32.80028,355,32.80028,0
1642,32.82028,312,32.82028,0
1643,32.84028,365,32.84028,0
1644,32.86028,353,32.86028,0
1645,32.88028,341,32.88028,0
1646,32.90028,323,32.90028,0
1647,32.92028,318,32.92028,0
1648,32.94028,352,32.94028,0
1649,32.96028,320,32.96028,0
1650,32.98028,294,32.98028,0
1651,33.00028,329,33.00028,0
1652,33.02028,310,33.02028,0
1653,33.04028,291,33.04028,0
1654,33.06028,279,33.06028,0
1655,33.08028,334,33.08028,0
1656,33.10028,329,33.10028,0
1657,33.12028,334,33.12028,0
1658,33.14028,326,33.14028,0
1659,33.16028,312,33.16028,0
1660,33.18028,291,33.18028,0
1661,33.20028,337,33.20028,0
1662,33.22028,277,33.22028,0
1663,33.24028,309,33.24028,0
1664,33.26028,300,33.26028,0
1665,33.28028,278,33.28028,0
1666,33.30028,341,33.30028,0
1667,33.32028,309,33.32028,0
1668,33.34028,322,33.34028,0
1669,33.36028,258,33.36028,0
1670,33.38028,290,33.38028,0
1671,33.40028,271,33.40028,0
1672,33.42028,270,33.42028,0
1673,33.44028,254,33.44028,0
1674,33.46028,248,33.46028,0
1675,33.48028,269,33.48028,0
1676,33.50028,281,33.50028,0
1677,33.52028,262,33.52028,0
1678,33.54028,264,33.54028,0
1679,33.56028,273,33.56028,0
1680,33.58028,256,33.58028,0
1681,33.60028,246,33.60028,0
1682,33.62028,276,33.62028,0
1683,33.64028,259,33.64028,0
1684,33.66028,273,33.66028,0
1685,33.68028,260,33.68028,0
1686,33.70028,280,33.70028,0
1687,33.72028,241,33.72028,0
1688,33.74028,256,33.74028,0
1689,33.76028,201,33.76028,0
1690,33.78028,209,33.78028,0
1691,33.80028,228,33.80028,0
1692,33.82028,227,33.82028,0
1693,33.84028,245,33.84028,0
1694,33.86028,237,33.86028,0
1695,33.88028,216,33.88028,0
1696,33.90028,195,33.90028,0
1697,33.92028,222,33.92028,0
1698,33.94028,205,33.94028,0
1699,33.96028,211,33.96028,0
1700,33.98028,209,33.98028,0
1701,34.00028,220,34.00028,0
1702,34.02028,197,34.02028,0
1703,34.04028,212,34.04028,0
1704,34.06028,207,34.06028,0
1705,34.08028,222,34.08028,0
1706,34.10028,185,34.10028,0
1707,34.12028,235,34.12028,0
1708,34.14028,208,34.14028,0
1709,34.16028,204,34.16028,0
1710,34.18028,187,34.18028,0
1711,34.20028,176,34.20028,0
1712,34.22028,192,34.22028,0
1713,34.24028,195,34.24028,0
1714,34.26028,200,34.26028,0
1715,34.28028,167,34.28028,0
1716,34.30028,189,34.30028,0
1717,34.32028,194,34.32028,0
1718,34.34028,159,34.34028,0
1719,34.36028,177,34.36028,0
1720,34.38028,169,34.38028,0
1721,34.40028,164,34.40028,0
1722,34.42028,188,34.42028,0
1723,34.44028,170,34.44028,0
1724,34.46028,157,34.46028,0
1725,34.48028,145,34.48028,0
1726,34.50028,149,34.50028,0
1727,34.52028,166,34.52028,0
1728,34.54028,148,34.54028,0
1729,34.56028,159,34.56028,0
1730,34.58028,161,34.58028,0
1731,34.60028,162,34.60028,0
1732,34.62028,142,34.62028,0
1733,34.64028,157,34.64028,0
1734,34.66028,141,34.66028,0
1735,34.68028,134,34.68028,0
1736,34.70028,153,34.70028,0
1737,34.72028,143,34.72028,0
1738,34.74028,123,34.74028,0
1739,34.76028,129,34.76028,0
1740,34.78028,128,34.78028,0
1741,34.80028,118,34.80028,0
1742,34.82028,123,34.82028,0
1743,34.84028,118,34.84028,0
1744,34.86028,145,34.86028,0
1745,34.88028,101,34.88028,0
1746,34.90028,96,34.90028,0
1747,34.92028,114,34.92028,0
1748,34.94028,108,34.94028,0
1749,34.96028,117,34.96028,0
1750,34.98028,97,34.98028,0
1751,35.00028,108,35.00028,0
1752,35.02028,114,35.02028,0
1753,35.04028,105,35.04028,0
1754,35.06028,116,35.06028,0
1755,35.08028,70,35.08028,0
1756,35.10028,93,35.10028,0
1757,35.12028,84,35.12028,0
1758,35.14028,99,35.14028,0
1759,35.16028,96,35.16028,0
1760,35.18028,93,35.18028,0
1761,35.20028,96,35.20028,0
1762,35.22028,89,35.22028,0
1763,35.24028,85,35.24028,0
1764,35.26028,76,35.26028,0
1765,35.28028,70,35.28028,0
1766,35.30028,90,35.30028,0
1767,35.32028,77,35.32028,0
1768,35.34028,87,35.34028,0
1769,35.36028,75,35.36028,0
1770,35.38028,87,35.38028,0
1771,35.40028,80,35.40028,0
1772,35.42028,69,35.42028,0
1773,35.44028,61,35.44028,0
1774,35.46028,71,35.46028,0
1775,35.48028,68,35.48028,0
1776,35.50028,84,35.50028,0
1777,35.52028,75,35.52028,0
1778,35.54028,58,35.54028,0
1779,35.56028,64,35.56028,0
1780,35.58028,56,35.58028,0
1781,35.60028,79,35.60028,0
1782,35.62028,66,35.62028,0
1783,35.64028,67,35.64028,0
1784,35.66028,54,35.66028,0
1785,35.68028,56,35.68028,0
1786,35.70028,56,35.70028,0
1787,35.72028,55,35.72028,0
1788,35.74028,56,35.74028,0
1789,35.76028,60,35.76028,0
1790,35.78028,59,35.78028,0
1791,35.80028,50,35.80028,0
1792,35.82028,53,35.82028,0
1793,35.84028,36,35.84028,0
1794,35.86028,53,35.86028,0
1795,35.88028,59,35.88028,0
1796,35.90028,38,35.90028,0
1797,35.92028,56,35.92028,0
1798,35.94028,44,35.94028,0
1799,35.96028,42,35.96028,0
1800,35.98028,40,35.98028,0
1801,36.00028,49,36.00028,0
1802,36.02028,61,36.02028,0
1803,36.04028,49,36.04028,0
1804,36.06028,34,36.06028,0
1805,36.08028,42,36.08028,0
1806,36.10028,44,36.10028,0
1807,36.12028,46,36.12028,0
1808,36.14028,46,36.14028,0
1809,36.16028,42,36.16028,0
1810,36.18028,50,36.18028,0
1811,36.20028,53,36.20028,0
1812,36.22028,56,36.22028,0
1813,36.24028,44,36.24028,0
1814,36.26028,47,36.26028,0
1815,36.28028,50,36.28028,0
1816,36.30028,45,36.30028,0
1817,36.32028,48,36.32028,0
1818,36.34028,35,36.34028,0
1819,36.36028,50,36.36028,0
1820,36.38028,48,36.38028,0
1821,36.40028,42,36.40028,0
1822,36.42028,40,36.42028,0
1823,36.44028,38,36.44028,0
1824,36.46028,35,36.46028,0
1825,36.48028,43,36.48028,0
1826,36.50028,35,36.50028,0
1827,36.52028,30,36.52028,0
1828,36.54028,31,36.54028,0
1829,36.56028,33,36.56028,0
1830,36.58028,35,36.58028,0
1831,36.60028,26,36.60028,0
1832,36.62028,34,36.62028,0
1833,36.64028,26,36.64028,0
1834,36.66028,31,36.66028,0
1835,36.68028,31,36.68028,0
1836,36.70028,32,36.70028,0
1837,36.72028,34,36.72028,0
1838,36.74028,33,36.74028,0
1839,36.76028,33,36.76028,0
1840,36.78028,31,36.78028,0
1841,36.80028,24,36.80028,0
1842,36.82028,31,36.82028,0
1843,36.84028,22,36.84028,0
1844,36.86028,25,36.86028,0
1845,36.88028,31,36.88028,0
1846,36.90028,29,36.90028,0
1847,36.92028,33,36.92028,0
1848,36.94028,34,36.94028,0
1849,36.96028,34,36.96028,0
1850,36.98028,26,36.98028,0
1851,37.00028,27,37.00028,0
1852,37.02028,32,37.02028,0
1853,37.04028,29,37.04028,0
1854,37.06028,23,37.06028,0
1855,37.08028,29,37.08028,0
1856,37.10028,29,37.10028,0
1857,37.12028,29,37.12028,0
1858,37.14028,28,37.14028,0
1859,37.16028,25,37.16028,0
1860,37.18028,21,37.18028,0
1861,37.20028,35,37.20028,0
1862,37.22028,31,37.22028,0
1863,37.24028,30,37.24028,0
1864,37.26028,24,37.26028,0
1865,37.28028,19,37.28028,0
1866,37.30028,21,37.30028,0
1867,37.32028,25,37.32028,0
1868,37.34028,23,37.34028,0
1869,37.36028,22,37.36028,0
1870,37.38028,20,37.38028,0
1871,37.40028,17,37.40028,0
1872,37.42028,24,37.42028,0
1873,37.44028,11,37.44028,0
1874,37.46028,16,37.46028,0
1875,37.48028,18,37.48028,0
1876,37.50028,20,37.50028,0
1877,37.52028,21,37.52028,0
1878,37.54028,17,37.54028,0
1879,37.56028,32,37.56028,0
1880,37.58028,20,37.58028,0
1881,37.60028,18,37.60028,0
1882,37.62028,25,37.62028,0
1883,37.64028,24,37.64028,0
1884,37.66028,16,37.66028,0
1885,37.68028,14,37.68028,0
1886,37.70028,19,37.70028,0
1887,37.72028,28,37.72028,0
1888,37.74028,16,37.74028,0
1889,37.76028,14,37.76028,0
1890,37.78028,24,37.78028,0
1891,37.80028,27,37.80028,0
1892,37.82028,15,37.82028,0
1893,37.84028,14,37.84028,0
1894,37.86028,24,37.86028,0
1895,37.88028,22,37.88028,0
1896,37.90028,20,37.90028,0
1897,37.92028,20,37.92028,0
1898,37.94028,17,37.94028,0
1899,37.96028,15,37.96028,0
1900,37.98028,21,37.98028,0
1901,38.00028,18,38.00028,0
1902,38.02028,17,38.02028,0
1903,38.04028,17,38.04028,0
1904,38.06028,20,38.06028,0
1905,38.08028,23,38.08028,0
1906,38.10028,19,38.10028,0
1907,38.12028,22,38.12028,0
1908,38.14028,16,38.14028,0
1909,38.16028,16,38.16028,0
1910,38.18028,20,38.18028,0
1911,38.20028,13,38.20028,0
1912,38.22028,9,38.22028,0
1913,38.24028,17,38.24028,0
1914,38.26028,14,38.26028,0
1915,38.28028,14,38.28028,0
1916,38.30028,26,38.30028,0
1917,38.32028,11,38.32028,0
1918,38.34028,20,38.34028,0
1919,38.36028,8,38.36028,0
1920,38.38028,21,38.38028,0
1921,38.40028,19,38.40028,0
1922,38.42028,13,38.42028,0
1923,38.44028,15,38.44028,0
1924,38.46028,12,38.46028,0
1925,38.48028,13,38.48028,0
1926,38.50028,13,38.50028,0
1927,38.52028,18,38.52028,0
1928,38.54028,9,38.54028,0
1929,38.56028,14,38.56028,0
1930,38.58028,15,38.58028,0
1931,38.60028,11,38.60028,0
1932,38.62028,15,38.62028,0
1933,38.64028,9,38.64028,0
1934,38.66028,12,38.66028,0
1935,38.68028,15,38.68028,0
1936,38.70028,15,38.70028,0
1937,38.72028,17,38.72028,0
1938,38.74028,11,38.74028,0
1939,38.76028,20,38.76028,0
1940,38.78028,14,38.78028,0
1941,38.80028,18,38.80028,0
1942,38.82028,12,38.82028,0
1943,38.84028,8,38.84028,0
1944,38.86028,9,38.86028,0
1945,38.88028,8,38.88028,0
1946,38.90028,11,38.90028,0
1947,38.92028,11,38.92028,0
1948,38.94028,8,38.94028,0
1949,38.96028,12,38.96028,0
1950,38.98028,15,38.98028,0
1951,39.00028,12,39.00028,0
1952,39.02028,13,39.02028,0
1953,39.04028,10,39.04028,0
1954,39.06028,11,39.06028,0
1955,39.08028,13,39.08028,0
1956,39.10028,10,39.10028,0
1957,39.12028,7,39.12028,0
1958,39.14028,5,39.14028,0
1959,39.16028,14,39.16028,0
1960,39.18028,12,39.18028,0
1961,39.20028,14,39.20028,0
1962,39.22028,14,39.22028,0
1963,39.24028,7,39.24028,0
1964,39.26028,6,39.26028,0
1965,39.28028,11,39.28028,0
1966,39.30028,9,39.30028,0
1967,39.32028,9,39.32028,0
1968,39.34028,14,39.34028,0
1969,39.36028,9,39.36028,0
1970,39.38028,7,39.38028,0
1971,39.40028,5,39.40028,0
1972,39.42028,5,39.42028,0
1973,39.44028,6,39.44028,0
1974,39.46028,12,39.46028,0
1975,39.48028,6,39.48028,0
1976,39.50028,12,39.50028,0
1977,39.52028,10,39.52028,0
1978,39.54028,5,39.54028,0
1979,39.56028,12,39.56028,0
1980,39.58028,17,39.58028,0
1981,39.60028,9,39.60028,0
1982,39.62028,17,39.62028,0
1983,39.64028,7,39.64028,0
1984,39.66028,7,39.66028,0
1985,39.68028,12,39.68028,0
1986,39.70028,9,39.70028,0
1987,39.72028,8,39.72028,0
1988,39.74028,7,39.74028,0
1989,39.76028,6,39.76028,0
1990,39.78028,9,39.78028,0
1991,39.80028,6,39.80028,0
1992,39.82028,7,39.82028,0
1993,39.84028,8,39.84028,0
1994,39.86028,19,39.86028,0
1995,39.88028,5,39.88028,0
1996,39.90028,8,39.90028,0
1997,39.92028,12,39.92028,0
1998,39.94028,8,39.94028,0
1999,39.96028,11,39.96028,0
2000,39.98028,9,39.98028,0
2001,40.00028,7,40.00028,0
2002,40.02028,9,40.02028,0
2003,40.04028,11,40.04028,0
2004,40.06028,4,40.06028,0
2005,40.08028,7,40.08028,0
2006,40.10028,9,40.10028,0
2007,40.12028,13,40.12028,0
2008,40.14028,8,40.14028,0
2009,40.16028,11,40.16028,0
2010,40.18028,6,40.18028,0
2011,40.20028,6,40.20028,0
2012,40.22028,12,40.22028,0
2013,40.24028,9,40.24028,0
2014,40.26028,7,40.26028,0
2015,40.28028,4,40.28028,0
2016,40.30028,7,40.30028,0
2017,40.32028,11,40.32028,0
2018,40.34028,6,40.34028,0
2019,40.36028,7,40.36028,0
2020,40.38028,11,40.38028,0
2021,40.40028,4,40.40028,0
2022,40.42028,7,40.42028,0
2023,40.44028,10,40.44028,0
2024,40.46028,2,40.46028,0
2025,40.48028,6,40.48028,0
2026,40.50028,10,40.50028,0
2027,40.52028,11,40.52028,0
2028,40.54028,9,40.54028,0
2029,40.56028,7,40.56028,0
2030,40.58028,5,40.58028,0
2031,40.60028,9,40.60028,0
2032,40.62028,9,40.62028,0
2033,40.64028,8,40.64028,0
2034,40.66028,8,40.66028,0
2035,40.68028,10,40.68028,0
2036,40.70028,7,40.70028,0
2037,40.72028,8,40.72028,0
2038,40.74028,8,40.74028,0
2039,40.76028,6,40.76028,0
2040,40.78028,13,40.78028,0
2041,40.80028,5,40.80028,0
2042,40.82028,14,40.82028,0
2043,40.84028,12,40.84028,0
2044,40.86028,7,40.86028,0
2045,40.88028,9,40.88028,0
2046,40.90028,14,40.90028,0
2047,40.92028,10,40.92028,0
2048,40.94028,15,40.94028,0
