Bruker AXS HMP Instrument Tools Complete CSV
FileName,C:\MeinZeugs\Uni\Publikationen\2025\MeIn pXRF\DAQ\Device_monitoring_sample_element_precision_Schauer\data_raw\Example_Drift\03666-Mudrock Dual.pdz
SerialString,SG2-6390
TubeTargetElement,45
NumberOfSpectra,2
SampleID,
AcquisitionDateTime,1/1/2006 12:04:17 PM
TotalElapsedTimeInSeconds,120
AnodeTakeOffAngle,45
SampleIncidenceAngle,45
BeThicknessInMicroMeters,125
SampleTakeOffAngle,65
SpotSizeUsed,8
NumberOfUserCustomFields,5
UserCustomFieldHeader,FieldName,FieldValue
UserCustomField,Operator,Supervisor
UserCustomField,Material,Standard
UserCustomField,ID,
UserCustomField,Probe,SdAR-M2
UserCustomField,Projekt,Brennexperiment
AnalysisMode,32
AnalysisType,1
UsedAutoCalSelect,False
ResultUnits,PPM
ErrorMultiplier,2
CalFileName,MudrockDual
CalPackageName,
CalPackagePartNumber,
TypeStandardizationSetName,
NumberOfElementsInCalculatedResults,27
CalculatedResults:AtomicNum,ElementSymbol,Units,Value,TypeStandardizedValue,Error,RangeMin,RangeMax,Tramp,Nominal
12,Mg,PPM,0.3316876,0.3316876,0.05093926,0,0,False,False
13,Al,PPM,4.993141,4.993141,0.03186135,0,0,False,False
14,Si,PPM,25.82816,25.82816,0.04325056,0,0,False,False
15,P,PPM,0.02530903,0.02530903,0.003053436,0,0,False,False
16,S,PPM,0.208501,0.208501,0.002822749,0,0,False,False
19,K,PPM,3.661657,3.661657,0.006697221,0,0,False,False
20,Ca,PPM,0.6863439,0.6863439,0.002365659,0,0,False,False
22,Ti,PPM,0.1521225,0.1521225,0.001137667,0,0,False,False
23,V,PPM,0.007358804,0.007358804,0.0005815399,0,0,False,False
24,Cr,PPM,0.004445623,0.004445623,0.0003446529,0,0,False,False
25,Mn,PPM,0.09418499,0.09418499,0.0006132706,0,0,False,False
26,Fe,PPM,1.910518,1.910518,0.002662038,0,0,False,False
27,Co,PPM,0,0,6.877146E-05,0,0,False,False
28,Ni,PPM,0.00536035,0.00536035,0.0001724576,0,0,False,False
29,Cu,PPM,0.02889145,0.02889145,0.0002975708,0,0,False,False
30,Zn,PPM,0.09232176,0.09232176,0.0004215929,0,0,False,False
33,As,PPM,0.04175907,0.04175907,0.0002507724,0,0,False,False
37,Rb,PPM,0.01557852,0.01557852,0.0001209696,0,0,False,False
38,Sr,PPM,0.01555777,0.01555777,0.000124597,0,0,False,False
39,Y,PPM,0.005640218,0.005640218,0.0001199498,0,0,False,False
40,Zr,PPM,0.02227691,0.02227691,0.0001329695,0,0,False,False
41,Nb,PPM,0.002309949,0.002309949,0.0001026451,0,0,False,False
42,Mo,PPM,0.002612448,0.002612448,0.0001124638,0,0,False,False
56,Ba,PPM,0.1516376,0.1516376,0.007883186,0,0,False,False
82,Pb,PPM,0.04612212,0.04612212,0.0002452964,0,0,False,False
90,Th,PPM,0.001755186,0.001755186,2.755116E-05,0,0,False,False
92,U,PPM,0.0006507668,0.0006507668,0.0002536658,0,0,False,False
MatchSpreadThreshold,0.05
IsTrampEnabled,False
IsNominalEnabled,False
NumberOfGradeIDMatchResults,3
GradeIDMatchResultsHeader,GradeID,MatchConfidence
GradeIDMatchResult,,0
GradeIDMatchResult,,0
GradeIDMatchResult,,0
ParametersForEachSpectrum,Spectrum 1,,Spectrum 2,
XrayVoltageInkV,40,,15,
XrayFilamentCurrentInMicroAmps,38.85,,27.9,
RawCounts,3510895,,3577445,
ValidCounts,2843539,,3007361,
eVPerChannel,20,,20,
StartingKeV,0.0005688845,,0.0005688845,
ZeroOffsetInKeV,-0.0005688845,,-0.0005688845,
StartingChannel,0.02844423,,0.02844423,
NumberOfChannels,2048,,2048,
CountsPerSecond,70426.34,,65689.38,
XilinxFirmwareVersion,,,,
IlluminationID,MudRock Trace40,,MudRock Maj15,
Filter1ElementAtomicNum,22,,0,
Filter1Thickness,25,,0,
Filter2ElementAtomicNum,13,,0,
Filter2Thickness,300,,0,
Filter3ElementAtomicNum,0,,0,
Filter3Thickness,0,,0,
AcquisitionDateTime,1/1/2006 12:04:17 PM,,1/1/2006 12:04:17 PM,
LiveTimeInSeconds,41.91701,,46.72,
DeadTimeInSeconds,7.935001,,7.739998,
ResetTimeInSeconds,6.502998,,1.860001,
DetectorTempInC,-27,,-27,
AmbientTempInF,115.4,,115.4,
NosePressureInMilliBars,1000,,1000,
NoseTemperatureInC,39,,39,
ActiveTimeInSeconds,49.85202,,54.46002,
PacketTimeInSeconds,56.35501,,56.32002,
CommunicationTimeInSeconds,,,,
ElapsedClockTimeInSeconds,60,,60,
Spectrum:ChannelNumber,ChannelStartInKeV,ChannelCount,ChannelStartInKeV,ChannelCount
1,0.0005688845,0,0.0005688845,0
2,0.02056888,0,0.02056888,0
3,0.04056888,0,0.04056888,0
4,0.06056888,0,0.06056888,0
5,0.08056889,0,0.08056889,0
6,0.1005689,0,0.1005689,0
7,0.1205689,0,0.1205689,0
8,0.1405689,0,0.1405689,0
9,0.1605689,0,0.1605689,0
10,0.1805689,0,0.1805689,0
11,0.2005689,0,0.2005689,0
12,0.2205689,0,0.2205689,1
13,0.2405689,0,0.2405689,0
14,0.2605689,0,0.2605689,2
15,0.2805689,6,0.2805689,8
16,0.3005689,83,0.3005689,74
17,0.3205689,595,0.3205689,583
18,0.3405689,2617,0.3405689,2762
19,0.3605689,6769,0.3605689,7539
20,0.3805689,10963,0.3805689,12487
21,0.4005689,10703,0.4005689,12229
22,0.4205689,6468,0.4205689,7230
23,0.4405689,2480,0.4405689,2576
24,0.4605689,553,0.4605689,560
25,0.4805689,79,0.4805689,86
26,0.5005689,13,0.5005689,18
27,0.5205689,8,0.5205689,4
28,0.5405689,7,0.5405689,1
29,0.5605689,4,0.5605689,2
30,0.5805689,5,0.5805689,3
31,0.6005689,2,0.6005689,4
32,0.6205689,2,0.6205689,1
33,0.6405689,1,0.6405689,1
34,0.6605689,0,0.6605689,1
35,0.6805689,645,0.6805689,94
36,0.7005689,648,0.7005689,88
37,0.7205689,684,0.7205689,82
38,0.7405689,669,0.7405689,84
39,0.7605689,643,0.7605689,70
40,0.7805689,696,0.7805689,70
41,0.8005689,622,0.8005689,92
42,0.8205689,613,0.8205689,87
43,0.8405689,634,0.8405689,90
44,0.8605689,647,0.8605689,92
45,0.8805689,641,0.8805689,117
46,0.9005689,633,0.9005689,206
47,0.9205689,638,0.9205689,241
48,0.9405689,650,0.9405689,287
49,0.9605689,612,0.9605689,288
50,0.9805689,634,0.9805689,196
51,1.000569,622,1.000569,174
52,1.020569,622,1.020569,140
53,1.040569,598,1.040569,178
54,1.060569,621,1.060569,177
55,1.080569,629,1.080569,207
56,1.100569,542,1.100569,163
57,1.120569,567,1.120569,181
58,1.140569,544,1.140569,156
59,1.160569,569,1.160569,174
60,1.180569,548,1.180569,193
61,1.200569,564,1.200569,250
62,1.220569,558,1.220569,263
63,1.240569,564,1.240569,240
64,1.260569,529,1.260569,236
65,1.280569,527,1.280569,169
66,1.300569,510,1.300569,160
67,1.320569,508,1.320569,159
68,1.340569,527,1.340569,162
69,1.360569,491,1.360569,185
70,1.380569,478,1.380569,383
71,1.400569,501,1.400569,892
72,1.420569,552,1.420569,2283
73,1.440569,586,1.440569,4365
74,1.460569,615,1.460569,6592
75,1.480569,663,1.480569,7628
76,1.500569,664,1.500569,6688
77,1.520569,624,1.520569,5079
78,1.540569,540,1.540569,3537
79,1.560569,550,1.560569,2346
80,1.580569,497,1.580569,1654
81,1.600569,509,1.600569,1501
82,1.620569,478,1.620569,2193
83,1.640569,527,1.640569,6293
84,1.660569,667,1.660569,17839
85,1.680569,930,1.680569,39970
86,1.700569,1366,1.700569,70595
87,1.720569,1672,1.720569,95456
88,1.740569,1670,1.740569,101098
89,1.760569,1508,1.760569,82519
90,1.780569,1104,1.780569,53440
91,1.800569,825,1.800569,28735
92,1.820569,627,1.820569,14187
93,1.840569,522,1.840569,7344
94,1.860569,482,1.860569,4045
95,1.880569,421,1.880569,2150
96,1.900569,389,1.900569,1181
97,1.920569,463,1.920569,700
98,1.940569,426,1.940569,497
99,1.960569,408,1.960569,449
100,1.980569,417,1.980569,420
101,2.000569,423,2.000569,450
102,2.020569,404,2.020569,496
103,2.040569,377,2.040569,391
104,2.060569,396,2.060569,372
105,2.080569,365,2.080569,281
106,2.100569,393,2.100569,276
107,2.120569,345,2.120569,251
108,2.140569,338,2.140569,291
109,2.160569,355,2.160569,296
110,2.180569,349,2.180569,319
111,2.200569,400,2.200569,369
112,2.220569,334,2.220569,511
113,2.240569,359,2.240569,785
114,2.260569,350,2.260569,1111
115,2.280569,366,2.280569,1567
116,2.300569,402,2.300569,1805
117,2.320569,379,2.320569,1907
118,2.340569,364,2.340569,1873
119,2.360569,368,2.360569,1620
120,2.380569,373,2.380569,1308
121,2.400569,319,2.400569,1095
122,2.420569,356,2.420569,1030
123,2.440569,367,2.440569,1009
124,2.460569,411,2.460569,973
125,2.480569,338,2.480569,852
126,2.500569,319,2.500569,830
127,2.520569,303,2.520569,816
128,2.540569,316,2.540569,829
129,2.560569,286,2.560569,1016
130,2.580569,311,2.580569,1546
131,2.600569,263,2.600569,2445
132,2.620569,284,2.620569,4186
133,2.640569,312,2.640569,6735
134,2.660569,291,2.660569,9887
135,2.680569,303,2.680569,11648
136,2.700569,295,2.700569,12270
137,2.720569,277,2.720569,10549
138,2.740569,285,2.740569,8245
139,2.760569,237,2.760569,6278
140,2.780569,267,2.780569,5664
141,2.800569,241,2.800569,6194
142,2.820569,280,2.820569,6841
143,2.840569,259,2.840569,7052
144,2.860569,293,2.860569,6703
145,2.880569,321,2.880569,6702
146,2.900569,374,2.900569,7009
147,2.920569,453,2.920569,7819
148,2.940569,513,2.940569,8556
149,2.960569,476,2.960569,8491
150,2.980569,489,2.980569,7604
151,3.000569,386,3.000569,5881
152,3.020569,354,3.020569,3970
153,3.040569,241,3.040569,2496
154,3.060569,231,3.060569,1663
155,3.080569,214,3.080569,1200
156,3.100569,240,3.100569,1182
157,3.120569,239,3.120569,1350
158,3.140569,241,3.140569,1505
159,3.160569,272,3.160569,1960
160,3.180569,339,3.180569,3001
161,3.200569,579,3.200569,5656
162,3.220569,1060,3.220569,11628
163,3.240569,1900,3.240569,22254
164,3.260569,3054,3.260569,37547
165,3.280569,4312,3.280569,54008
166,3.300569,5049,3.300569,65518
167,3.320569,5115,3.320569,66180
168,3.340569,4374,3.340569,55817
169,3.360569,3074,3.360569,39870
170,3.380569,1975,3.380569,23657
171,3.400569,1024,3.400569,12348
172,3.420569,585,3.420569,5616
173,3.440569,328,3.440569,2819
174,3.460569,266,3.460569,1824
175,3.480569,257,3.480569,1935
176,3.500569,350,3.500569,2701
177,3.520569,439,3.520569,4497
178,3.540569,553,3.540569,6421
179,3.560569,755,3.560569,8546
180,3.580569,922,3.580569,10500
181,3.600569,1050,3.600569,11988
182,3.620569,1199,3.620569,12444
183,3.640569,1315,3.640569,13558
184,3.660569,1421,3.660569,14360
185,3.680569,1468,3.680569,14506
186,3.700569,1337,3.700569,13731
187,3.720569,1088,3.720569,11094
188,3.740569,832,3.740569,7918
189,3.760569,511,3.760569,4934
190,3.780569,322,3.780569,2758
191,3.800569,200,3.800569,1672
192,3.820569,140,3.820569,1065
193,3.840569,128,3.840569,936
194,3.860569,134,3.860569,852
195,3.880569,124,3.880569,930
196,3.900569,137,3.900569,1040
197,3.920569,166,3.920569,1189
198,3.940569,191,3.940569,1589
199,3.960569,239,3.960569,1871
200,3.980569,250,3.980569,2423
201,4.000569,281,4.000569,2547
202,4.020569,246,4.020569,2555
203,4.040569,234,4.040569,2348
204,4.060569,198,4.060569,2060
205,4.080569,150,4.080569,1605
206,4.100569,132,4.100569,1305
207,4.120569,125,4.120569,1134
208,4.140569,108,4.140569,951
209,4.160569,101,4.160569,952
210,4.180569,87,4.180569,974
211,4.200569,92,4.200569,847
212,4.220569,81,4.220569,952
213,4.240569,64,4.240569,904
214,4.260569,90,4.260569,926
215,4.280569,85,4.280569,943
216,4.300569,97,4.300569,1003
217,4.320569,91,4.320569,1021
218,4.340569,106,4.340569,1071
219,4.360569,127,4.360569,1254
220,4.380569,200,4.380569,1656
221,4.400569,281,4.400569,2312
222,4.420569,446,4.420569,3279
223,4.440569,710,4.440569,4697
224,4.460569,998,4.460569,5992
225,4.480569,1152,4.480569,7054
226,4.500569,1245,4.500569,7651
227,4.520569,1096,4.520569,7279
228,4.540569,979,4.540569,6097
229,4.560569,729,4.560569,4778
230,4.580569,547,4.580569,3433
231,4.600569,434,4.600569,2602
232,4.620569,361,4.620569,2030
233,4.640569,308,4.640569,1791
234,4.660569,281,4.660569,1675
235,4.680569,246,4.680569,1567
236,4.700569,200,4.700569,1521
237,4.720569,194,4.720569,1494
238,4.740569,151,4.740569,1556
239,4.760569,197,4.760569,1623
240,4.780569,201,4.780569,1877
241,4.800569,248,4.800569,2034
242,4.820569,269,4.820569,2280
243,4.840569,297,4.840569,2345
244,4.860569,316,4.860569,2489
245,4.880569,352,4.880569,2615
246,4.900569,370,4.900569,2704
247,4.920569,351,4.920569,2640
248,4.940569,350,4.940569,2588
249,4.960569,278,4.960569,2477
250,4.980569,243,4.980569,2294
251,5.000569,187,5.000569,2124
252,5.020569,133,5.020569,1967
253,5.040569,125,5.040569,1977
254,5.060569,83,5.060569,1949
255,5.080569,102,5.080569,1902
256,5.100569,90,5.100569,1839
257,5.120569,119,5.120569,2019
258,5.140569,112,5.140569,1919
259,5.160569,131,5.160569,1982
260,5.180569,130,5.180569,1975
261,5.200569,120,5.200569,1983
262,5.220569,143,5.220569,1977
263,5.240569,130,5.240569,1916
264,5.260569,104,5.260569,1892
265,5.280569,127,5.280569,1824
266,5.300569,127,5.300569,1928
267,5.320569,142,5.320569,1898
268,5.340569,128,5.340569,1973
269,5.360569,150,5.360569,2008
270,5.380569,162,5.380569,2168
271,5.400569,153,5.400569,2122
272,5.420569,149,5.420569,2065
273,5.440569,145,5.440569,2112
274,5.460569,122,5.460569,2098
275,5.480569,110,5.480569,2017
276,5.500569,114,5.500569,1961
277,5.520569,118,5.520569,1997
278,5.540569,75,5.540569,2077
279,5.560569,87,5.560569,2035
280,5.580569,87,5.580569,1985
281,5.600569,96,5.600569,1977
282,5.620569,75,5.620569,1911
283,5.640569,93,5.640569,1936
284,5.660569,78,5.660569,1930
285,5.680569,81,5.680569,1973
286,5.700569,114,5.700569,1947
287,5.720569,128,5.720569,2058
288,5.740569,169,5.740569,2174
289,5.760569,270,5.760569,2409
290,5.780569,423,5.780569,2816
291,5.800569,707,5.800569,3554
292,5.820569,1066,5.820569,4503
293,5.840569,1439,5.840569,5470
294,5.860569,1763,5.860569,6519
295,5.880569,1941,5.880569,7191
296,5.900569,1987,5.900569,7177
297,5.920569,1838,5.920569,6610
298,5.940569,1492,5.940569,5594
299,5.960569,1027,5.960569,4447
300,5.980569,726,5.980569,3486
301,6.000569,474,6.000569,2859
302,6.020569,274,6.020569,2413
303,6.040569,175,6.040569,2229
304,6.060569,129,6.060569,2019
305,6.080569,159,6.080569,1978
306,6.100569,163,6.100569,1992
307,6.120569,166,6.120569,2042
308,6.140569,198,6.140569,2059
309,6.160569,217,6.160569,2093
310,6.180569,270,6.180569,2286
311,6.200569,474,6.200569,2622
312,6.220569,880,6.220569,3438
313,6.240569,2055,6.240569,5381
314,6.260569,4112,6.260569,9180
315,6.280569,7930,6.280569,16139
316,6.300569,13981,6.300569,27712
317,6.320569,22496,6.320569,43396
318,6.340569,32038,6.340569,61417
319,6.360569,41728,6.360569,79617
320,6.380569,47389,6.380569,91200
321,6.400569,48837,6.400569,94048
322,6.420569,44848,6.420569,86397
323,6.440569,37304,6.440569,72012
324,6.460569,27038,6.460569,54219
325,6.480569,18467,6.480569,36077
326,6.500569,10979,6.500569,22465
327,6.520569,6132,6.520569,12958
328,6.540569,3051,6.540569,7245
329,6.560569,1535,6.560569,4358
330,6.580569,699,6.580569,2949
331,6.600569,399,6.600569,2394
332,6.620569,251,6.620569,2046
333,6.640569,234,6.640569,2013
334,6.660569,167,6.660569,2037
335,6.680569,174,6.680569,1990
336,6.700569,173,6.700569,1885
337,6.720569,145,6.720569,1969
338,6.740569,177,6.740569,1935
339,6.760569,178,6.760569,1961
340,6.780569,160,6.780569,1984
341,6.800569,213,6.800569,2043
342,6.820569,247,6.820569,2066
343,6.840569,296,6.840569,2049
344,6.860569,376,6.860569,2370
345,6.880569,546,6.880569,2617
346,6.900569,820,6.900569,3071
347,6.920569,1260,6.920569,3821
348,6.940569,1983,6.940569,5133
349,6.960569,2997,6.960569,6977
350,6.980569,4374,6.980569,9373
351,7.000569,5868,7.000569,11672
352,7.020569,7274,7.020569,14094
353,7.040569,7881,7.040569,15250
354,7.060569,7718,7.060569,15260
355,7.080569,7055,7.080569,13960
356,7.100569,5768,7.100569,11486
357,7.120569,4475,7.120569,8924
358,7.140569,3000,7.140569,6617
359,7.160569,1884,7.160569,4720
360,7.180569,1062,7.180569,3333
361,7.200569,576,7.200569,2514
362,7.220569,310,7.220569,2162
363,7.240569,166,7.240569,1900
364,7.260569,100,7.260569,1859
365,7.280569,88,7.280569,1910
366,7.300569,81,7.300569,1946
367,7.320569,79,7.320569,1924
368,7.340569,97,7.340569,2071
369,7.360569,134,7.360569,2130
370,7.380569,159,7.380569,2351
371,7.400569,223,7.400569,2523
372,7.420569,273,7.420569,2898
373,7.440569,291,7.440569,2946
374,7.460569,326,7.460569,3032
375,7.480569,303,7.480569,3047
376,7.500569,296,7.500569,2792
377,7.520569,220,7.520569,2577
378,7.540569,194,7.540569,2328
379,7.560569,138,7.560569,2001
380,7.580569,107,7.580569,1881
381,7.600569,83,7.600569,1729
382,7.620569,96,7.620569,1648
383,7.640569,58,7.640569,1549
384,7.660569,57,7.660569,1592
385,7.680569,59,7.680569,1529
386,7.700569,47,7.700569,1579
387,7.720569,59,7.720569,1611
388,7.740569,71,7.740569,1633
389,7.760569,60,7.760569,1530
390,7.780569,68,7.780569,1579
391,7.800569,83,7.800569,1544
392,7.820569,73,7.820569,1646
393,7.840569,100,7.840569,1597
394,7.860569,146,7.860569,1657
395,7.880569,184,7.880569,1652
396,7.900569,282,7.900569,1715
397,7.920569,495,7.920569,1758
398,7.940569,681,7.940569,1960
399,7.960569,989,7.960569,2160
400,7.980569,1306,7.980569,2328
401,8.000569,1447,8.000569,2578
402,8.020569,1694,8.020569,2751
403,8.040569,1687,8.040569,2735
404,8.060569,1631,8.060569,2648
405,8.080569,1394,8.080569,2629
406,8.100569,1095,8.100569,2401
407,8.120569,768,8.120569,2332
408,8.140569,562,8.140569,2236
409,8.160569,350,8.160569,2109
410,8.180569,257,8.180569,2018
411,8.200569,210,8.200569,1929
412,8.220569,146,8.220569,1901
413,8.240569,122,8.240569,1892
414,8.260569,151,8.260569,1889
415,8.280569,137,8.280569,1835
416,8.300569,139,8.300569,1790
417,8.320569,127,8.320569,1693
418,8.340569,132,8.340569,1735
419,8.360569,144,8.360569,1604
420,8.380569,137,8.380569,1598
421,8.400569,171,8.400569,1568
422,8.420568,195,8.420568,1677
423,8.440569,294,8.440569,1715
424,8.460568,478,8.460568,1760
425,8.480569,799,8.480569,1893
426,8.500569,1382,8.500569,2164
427,8.520569,2183,8.520569,2571
428,8.540569,3185,8.540569,3037
429,8.560569,4443,8.560569,3530
430,8.580569,5588,8.580569,4115
431,8.600569,6551,8.600569,4624
432,8.620569,7024,8.620569,4773
433,8.640569,6957,8.640569,4758
434,8.660569,6203,8.660569,4284
435,8.680569,5214,8.680569,4035
436,8.700569,3815,8.700569,3323
437,8.720569,2756,8.720569,2834
438,8.740569,1764,8.740569,2426
439,8.760569,1161,8.760569,2076
440,8.780569,700,8.780569,1884
441,8.800569,481,8.800569,1782
442,8.820569,352,8.820569,1766
443,8.840569,391,8.840569,1767
444,8.860569,374,8.860569,1851
445,8.880569,385,8.880569,1768
446,8.900569,435,8.900569,1784
447,8.920568,421,8.920568,1738
448,8.940569,367,8.940569,1713
449,8.960568,298,8.960568,1702
450,8.980569,303,8.980569,1665
451,9.000569,216,9.000569,1598
452,9.020569,217,9.020569,1632
453,9.040569,224,9.040569,1637
454,9.060569,250,9.060569,1598
455,9.080569,285,9.080569,1711
456,9.100569,295,9.100569,1679
457,9.120569,367,9.120569,1636
458,9.140569,428,9.140569,1696
459,9.160569,519,9.160569,1762
460,9.180569,532,9.180569,1752
461,9.200569,594,9.200569,1749
462,9.220569,526,9.220569,1696
463,9.240569,520,9.240569,1743
464,9.260569,511,9.260569,1707
465,9.280569,409,9.280569,1578
466,9.300569,355,9.300569,1673
467,9.320569,325,9.320569,1689
468,9.340569,293,9.340569,1679
469,9.360569,279,9.360569,1638
470,9.380569,259,9.380569,1629
471,9.400569,308,9.400569,1670
472,9.420568,298,9.420568,1685
473,9.440569,433,9.440569,1783
474,9.460568,616,9.460568,1828
475,9.480569,728,9.480569,1779
476,9.500569,904,9.500569,1943
477,9.520569,1108,9.520569,1898
478,9.540569,1237,9.540569,1991
479,9.560569,1315,9.560569,2154
480,9.580569,1289,9.580569,2098
481,9.600569,1177,9.600569,2001
482,9.620569,952,9.620569,2022
483,9.640569,859,9.640569,1915
484,9.660569,683,9.660569,1936
485,9.680569,512,9.680569,1840
486,9.700569,373,9.700569,1867
487,9.720569,305,9.720569,1783
488,9.740569,286,9.740569,1709
489,9.760569,248,9.760569,1817
490,9.780569,226,9.780569,1658
491,9.800569,226,9.800569,1564
492,9.820569,257,9.820569,1573
493,9.840569,247,9.840569,1624
494,9.860569,235,9.860569,1653
495,9.880569,279,9.880569,1588
496,9.900569,252,9.900569,1538
497,9.920568,255,9.920568,1558
498,9.940569,273,9.940569,1548
499,9.960568,268,9.960568,1560
500,9.980569,273,9.980569,1569
501,10.00057,241,10.00057,1596
502,10.02057,282,10.02057,1527
503,10.04057,235,10.04057,1617
504,10.06057,295,10.06057,1570
505,10.08057,285,10.08057,1555
506,10.10057,282,10.10057,1550
507,10.12057,342,10.12057,1520
508,10.14057,292,10.14057,1579
509,10.16057,301,10.16057,1495
510,10.18057,317,10.18057,1500
511,10.20057,321,10.20057,1516
512,10.22057,371,10.22057,1563
513,10.24057,391,10.24057,1501
514,10.26057,446,10.26057,1539
515,10.28057,458,10.28057,1468
516,10.30057,513,10.30057,1439
517,10.32057,618,10.32057,1591
518,10.34057,811,10.34057,1524
519,10.36057,1097,10.36057,1498
520,10.38057,1459,10.38057,1594
521,10.40057,2086,10.40057,1609
522,10.42057,2817,10.42057,1617
523,10.44057,3820,10.44057,1648
524,10.46057,4880,10.46057,1699
525,10.48057,5846,10.48057,1702
526,10.50057,6808,10.50057,1893
527,10.52057,7497,10.52057,1769
528,10.54057,7596,10.54057,1825
529,10.56057,7280,10.56057,1763
530,10.58057,6741,10.58057,1742
531,10.60057,5448,10.60057,1611
532,10.62057,4543,10.62057,1539
533,10.64057,3440,10.64057,1515
534,10.66057,2435,10.66057,1482
535,10.68057,1694,10.68057,1455
536,10.70057,1233,10.70057,1404
537,10.72057,866,10.72057,1362
538,10.74057,688,10.74057,1419
539,10.76057,559,10.76057,1328
540,10.78057,502,10.78057,1399
541,10.80057,472,10.80057,1368
542,10.82057,484,10.82057,1376
543,10.84057,474,10.84057,1370
544,10.86057,483,10.86057,1388
545,10.88057,469,10.88057,1294
546,10.90057,503,10.90057,1217
547,10.92057,460,10.92057,1272
548,10.94057,438,10.94057,1288
549,10.96057,481,10.96057,1303
550,10.98057,490,10.98057,1292
551,11.00057,479,11.00057,1268
552,11.02057,484,11.02057,1280
553,11.04057,471,11.04057,1253
554,11.06057,470,11.06057,1267
555,11.08057,458,11.08057,1221
556,11.10057,487,11.10057,1253
557,11.12057,498,11.12057,1267
558,11.14057,543,11.14057,1222
559,11.16057,511,11.16057,1248
560,11.18057,517,11.18057,1190
561,11.20057,574,11.20057,1243
562,11.22057,585,11.22057,1232
563,11.24057,622,11.24057,1149
564,11.26057,640,11.26057,1179
565,11.28057,639,11.28057,1218
566,11.30057,642,11.30057,1140
567,11.32057,653,11.32057,1142
568,11.34057,651,11.34057,1179
569,11.36057,669,11.36057,1236
570,11.38057,700,11.38057,1168
571,11.40057,658,11.40057,1150
572,11.42057,683,11.42057,1093
573,11.44057,616,11.44057,1069
574,11.46057,642,11.46057,1168
575,11.48057,630,11.48057,1074
576,11.50057,644,11.50057,1136
577,11.52057,677,11.52057,1089
578,11.54057,660,11.54057,1089
579,11.56057,691,11.56057,1057
580,11.58057,667,11.58057,1096
581,11.60057,683,11.60057,1087
582,11.62057,716,11.62057,1064
583,11.64057,812,11.64057,1140
584,11.66057,826,11.66057,1052
585,11.68057,773,11.68057,1092
586,11.70057,876,11.70057,1093
587,11.72057,797,11.72057,1056
588,11.74057,815,11.74057,1088
589,11.76057,903,11.76057,1010
590,11.78057,813,11.78057,1064
591,11.80057,824,11.80057,1040
592,11.82057,797,11.82057,1058
593,11.84057,752,11.84057,1038
594,11.86057,726,11.86057,1023
595,11.88057,767,11.88057,987
596,11.90057,755,11.90057,991
597,11.92057,743,11.92057,976
598,11.94057,770,11.94057,1023
599,11.96057,785,11.96057,1005
600,11.98057,807,11.98057,988
601,12.00057,818,12.00057,949
602,12.02057,768,12.02057,929
603,12.04057,853,12.04057,928
604,12.06057,837,12.06057,912
605,12.08057,832,12.08057,958
606,12.10057,944,12.10057,895
607,12.12057,855,12.12057,888
608,12.14057,949,12.14057,881
609,12.16057,989,12.16057,893
610,12.18057,972,12.18057,919
611,12.20057,1122,12.20057,865
612,12.22057,1119,12.22057,891
613,12.24057,1192,12.24057,875
614,12.26057,1094,12.26057,843
615,12.28057,1211,12.28057,883
616,12.30057,1280,12.30057,837
617,12.32057,1175,12.32057,866
618,12.34057,1283,12.34057,880
619,12.36057,1194,12.36057,841
620,12.38057,1161,12.38057,860
621,12.40057,1299,12.40057,864
622,12.42057,1341,12.42057,787
623,12.44057,1697,12.44057,796
624,12.46057,2173,12.46057,781
625,12.48057,2624,12.48057,798
626,12.50057,3311,12.50057,802
627,12.52057,4146,12.52057,791
628,12.54057,4981,12.54057,815
629,12.56057,5923,12.56057,813
630,12.58057,6356,12.58057,847
631,12.60057,6622,12.60057,775
632,12.62057,6606,12.62057,830
633,12.64057,6220,12.64057,836
634,12.66057,5694,12.66057,829
635,12.68057,4956,12.68057,780
636,12.70057,4095,12.70057,751
637,12.72057,3445,12.72057,783
638,12.74057,2919,12.74057,842
639,12.76057,2379,12.76057,835
640,12.78057,2023,12.78057,762
641,12.80057,1732,12.80057,872
642,12.82057,1622,12.82057,793
643,12.84057,1582,12.84057,782
644,12.86057,1478,12.86057,764
645,12.88057,1427,12.88057,758
646,12.90057,1354,12.90057,769
647,12.92057,1361,12.92057,688
648,12.94057,1348,12.94057,710
649,12.96057,1331,12.96057,651
650,12.98057,1386,12.98057,586
651,13.00057,1424,13.00057,610
652,13.02057,1326,13.02057,637
653,13.04057,1370,13.04057,613
654,13.06057,1291,13.06057,592
655,13.08057,1263,13.08057,612
656,13.10057,1238,13.10057,634
657,13.12057,1248,13.12057,576
658,13.14057,1231,13.14057,581
659,13.16057,1408,13.16057,586
660,13.18057,1532,13.18057,585
661,13.20057,1706,13.20057,564
662,13.22057,2051,13.22057,550
663,13.24057,2399,13.24057,535
664,13.26057,2861,13.26057,509
665,13.28057,3307,13.28057,519
666,13.30057,3774,13.30057,492
667,13.32057,4183,13.32057,529
668,13.34057,4424,13.34057,510
669,13.36057,4572,13.36057,477
670,13.38057,4527,13.38057,533
671,13.40057,4381,13.40057,514
672,13.42057,4049,13.42057,463
673,13.44057,3495,13.44057,505
674,13.46057,2937,13.46057,505
675,13.48057,2462,13.48057,504
676,13.50057,2191,13.50057,493
677,13.52057,1859,13.52057,463
678,13.54057,1653,13.54057,441
679,13.56057,1474,13.56057,437
680,13.58057,1316,13.58057,413
681,13.60057,1293,13.60057,433
682,13.62057,1266,13.62057,395
683,13.64057,1339,13.64057,369
684,13.66057,1201,13.66057,379
685,13.68057,1222,13.68057,402
686,13.70057,1232,13.70057,380
687,13.72057,1237,13.72057,378
688,13.74057,1234,13.74057,346
689,13.76057,1242,13.76057,362
690,13.78057,1249,13.78057,362
691,13.80057,1259,13.80057,318
692,13.82057,1246,13.82057,343
693,13.84057,1292,13.84057,353
694,13.86057,1302,13.86057,310
695,13.88057,1327,13.88057,326
696,13.90057,1431,13.90057,283
697,13.92057,1499,13.92057,282
698,13.94057,1657,13.94057,289
699,13.96057,1837,13.96057,242
700,13.98057,2155,13.98057,259
701,14.00057,2550,14.00057,276
702,14.02057,2967,14.02057,246
703,14.04057,3358,14.04057,218
704,14.06057,3912,14.06057,223
705,14.08057,4265,14.08057,208
706,14.10057,4576,14.10057,234
707,14.12057,4705,14.12057,200
708,14.14057,4713,14.14057,226
709,14.16057,4710,14.16057,193
710,14.18057,4345,14.18057,197
711,14.20057,3864,14.20057,181
712,14.22057,3383,14.22057,181
713,14.24057,3032,14.24057,181
714,14.26057,2515,14.26057,187
715,14.28057,2263,14.28057,171
716,14.30057,1980,14.30057,164
717,14.32057,1682,14.32057,132
718,14.34057,1628,14.34057,142
719,14.36057,1508,14.36057,145
720,14.38057,1523,14.38057,125
721,14.40057,1431,14.40057,109
722,14.42057,1427,14.42057,126
723,14.44057,1500,14.44057,104
724,14.46057,1427,14.46057,105
725,14.48057,1468,14.48057,113
726,14.50057,1450,14.50057,110
727,14.52057,1421,14.52057,103
728,14.54057,1496,14.54057,85
729,14.56057,1578,14.56057,97
730,14.58057,1662,14.58057,87
731,14.60057,1693,14.60057,75
732,14.62057,1762,14.62057,86
733,14.64057,1880,14.64057,73
734,14.66057,2107,14.66057,69
735,14.68057,2209,14.68057,60
736,14.70057,2384,14.70057,49
737,14.72057,2428,14.72057,59
738,14.74057,2582,14.74057,43
739,14.76057,2606,14.76057,44
740,14.78057,2713,14.78057,40
741,14.80057,2686,14.80057,43
742,14.82057,2775,14.82057,41
743,14.84057,2823,14.84057,37
744,14.86057,2846,14.86057,28
745,14.88057,2911,14.88057,30
746,14.90057,2972,14.90057,40
747,14.92057,2848,14.92057,19
748,14.94057,2970,14.94057,35
749,14.96057,2909,14.96057,27
750,14.98057,2743,14.98057,27
751,15.00057,2602,15.00057,30
752,15.02057,2598,15.02057,28
753,15.04057,2356,15.04057,30
754,15.06057,2260,15.06057,19
755,15.08057,2149,15.08057,23
756,15.10057,2070,15.10057,15
757,15.12057,2014,15.12057,14
758,15.14057,2007,15.14057,24
759,15.16057,1955,15.16057,19
760,15.18057,1961,15.18057,15
761,15.20057,1964,15.20057,18
762,15.22057,1929,15.22057,16
763,15.24057,1837,15.24057,16
764,15.26057,1850,15.26057,13
765,15.28057,1796,15.28057,22
766,15.30057,1672,15.30057,16
767,15.32057,1659,15.32057,15
768,15.34057,1693,15.34057,14
769,15.36057,1675,15.36057,18
770,15.38057,1680,15.38057,16
771,15.40057,1716,15.40057,15
772,15.42057,1697,15.42057,15
773,15.44057,1675,15.44057,11
774,15.46057,1830,15.46057,10
775,15.48057,1838,15.48057,12
776,15.50057,1923,15.50057,19
777,15.52057,2194,15.52057,8
778,15.54057,2542,15.54057,19
779,15.56057,2778,15.56057,21
780,15.58057,3441,15.58057,16
781,15.60057,3948,15.60057,14
782,15.62057,4782,15.62057,21
783,15.64057,5411,15.64057,9
784,15.66057,5910,15.66057,15
785,15.68057,6683,15.68057,9
786,15.70057,7275,15.70057,12
787,15.72057,7631,15.72057,21
788,15.74057,7822,15.74057,15
789,15.76057,7642,15.76057,9
790,15.78057,7169,15.78057,14
791,15.80057,6747,15.80057,15
792,15.82057,5934,15.82057,14
793,15.84057,5316,15.84057,12
794,15.86057,4448,15.86057,12
795,15.88057,3911,15.88057,14
796,15.90057,3279,15.90057,15
797,15.92057,2877,15.92057,8
798,15.94057,2428,15.94057,15
799,15.96057,2098,15.96057,12
800,15.98057,1987,15.98057,14
801,16.00057,1963,16.00057,13
802,16.02057,1839,16.02057,13
803,16.04057,1845,16.04057,10
804,16.06057,1856,16.06057,18
805,16.08057,1930,16.08057,25
806,16.10057,1796,16.10057,15
807,16.12057,1828,16.12057,9
808,16.14057,1913,16.14057,10
809,16.16057,1874,16.16057,8
810,16.18057,1830,16.18057,10
811,16.20057,1831,16.20057,12
812,16.22057,1742,16.22057,9
813,16.24057,1799,16.24057,13
814,16.26057,1817,16.26057,12
815,16.28057,1769,16.28057,13
816,16.30057,1726,16.30057,11
817,16.32057,1703,16.32057,9
818,16.34057,1802,16.34057,12
819,16.36057,1825,16.36057,14
820,16.38057,1758,16.38057,15
821,16.40057,1903,16.40057,5
822,16.42057,1957,16.42057,13
823,16.44057,1944,16.44057,17
824,16.46057,2050,16.46057,16
825,16.48057,2105,16.48057,9
826,16.50057,2184,16.50057,14
827,16.52057,2255,16.52057,12
828,16.54057,2218,16.54057,11
829,16.56057,2297,16.56057,10
830,16.58057,2343,16.58057,10
831,16.60057,2403,16.60057,5
832,16.62057,2319,16.62057,6
833,16.64057,2263,16.64057,13
834,16.66057,2218,16.66057,7
835,16.68057,2121,16.68057,11
836,16.70057,2042,16.70057,10
837,16.72057,2086,16.72057,7
838,16.74057,1974,16.74057,10
839,16.76057,1950,16.76057,10
840,16.78057,1941,16.78057,12
841,16.80057,1872,16.80057,11
842,16.82057,1874,16.82057,10
843,16.84057,1871,16.84057,8
844,16.86057,1819,16.86057,15
845,16.88057,1843,16.88057,11
846,16.90057,1851,16.90057,9
847,16.92057,1909,16.92057,13
848,16.94057,1808,16.94057,3
849,16.96057,1811,16.96057,12
850,16.98057,1748,16.98057,9
851,17.00057,1915,17.00057,13
852,17.02057,1850,17.02057,12
853,17.04057,1849,17.04057,7
854,17.06057,1860,17.06057,9
855,17.08057,1802,17.08057,8
856,17.10057,1830,17.10057,5
857,17.12057,1823,17.12057,13
858,17.14057,1827,17.14057,8
859,17.16057,1894,17.16057,13
860,17.18057,1856,17.18057,8
861,17.20057,1955,17.20057,11
862,17.22057,1928,17.22057,7
863,17.24057,2025,17.24057,10
864,17.26057,2014,17.26057,3
865,17.28057,1924,17.28057,4
866,17.30057,2047,17.30057,5
867,17.32057,2158,17.32057,10
868,17.34057,2155,17.34057,11
869,17.36057,2301,17.36057,10
870,17.38057,2252,17.38057,7
871,17.40057,2258,17.40057,2
872,17.42057,2248,17.42057,5
873,17.44057,2246,17.44057,10
874,17.46057,2343,17.46057,9
875,17.48057,2365,17.48057,11
876,17.50057,2478,17.50057,7
877,17.52057,2510,17.52057,9
878,17.54057,2629,17.54057,12
879,17.56057,2706,17.56057,4
880,17.58057,2801,17.58057,9
881,17.60057,3006,17.60057,6
882,17.62057,2979,17.62057,7
883,17.64057,2944,17.64057,12
884,17.66057,2916,17.66057,5
885,17.68057,2870,17.68057,6
886,17.70057,2805,17.70057,13
887,17.72057,2673,17.72057,4
888,17.74057,2691,17.74057,5
889,17.76057,2555,17.76057,4
890,17.78057,2467,17.78057,11
891,17.80057,2429,17.80057,9
892,17.82057,2376,17.82057,6
893,17.84057,2244,17.84057,6
894,17.86057,2257,17.86057,6
895,17.88057,2329,17.88057,7
896,17.90057,2321,17.90057,9
897,17.92057,2408,17.92057,7
898,17.94057,2354,17.94057,3
899,17.96057,2372,17.96057,8
900,17.98057,2370,17.98057,10
901,18.00057,2395,18.00057,5
902,18.02057,2362,18.02057,5
903,18.04057,2355,18.04057,7
904,18.06057,2414,18.06057,12
905,18.08057,2439,18.08057,3
906,18.10057,2382,18.10057,5
907,18.12057,2453,18.12057,10
908,18.14057,2461,18.14057,4
909,18.16057,2464,18.16057,5
910,18.18057,2461,18.18057,9
911,18.20057,2519,18.20057,7
912,18.22057,2643,18.22057,4
913,18.24057,2550,18.24057,10
914,18.26057,2643,18.26057,6
915,18.28057,2604,18.28057,3
916,18.30057,2745,18.30057,5
917,18.32057,2717,18.32057,3
918,18.34057,2853,18.34057,7
919,18.36057,2799,18.36057,6
920,18.38057,2950,18.38057,8
921,18.40057,2982,18.40057,5
922,18.42057,3000,18.42057,4
923,18.44057,3097,18.44057,7
924,18.46057,3179,18.46057,7
925,18.48057,3381,18.48057,8
926,18.50057,3402,18.50057,6
927,18.52057,3555,18.52057,7
928,18.54057,3754,18.54057,5
929,18.56057,3906,18.56057,4
930,18.58057,4040,18.58057,2
931,18.60057,4222,18.60057,5
932,18.62057,4269,18.62057,10
933,18.64057,4434,18.64057,4
934,18.66057,4656,18.66057,6
935,18.68057,4905,18.68057,8
936,18.70057,5040,18.70057,2
937,18.72057,5215,18.72057,6
938,18.74057,5473,18.74057,4
939,18.76057,5708,18.76057,4
940,18.78057,5926,18.78057,4
941,18.80057,6194,18.80057,8
942,18.82057,6267,18.82057,15
943,18.84057,6523,18.84057,7
944,18.86057,6916,18.86057,8
945,18.88057,6974,18.88057,3
946,18.90057,7255,18.90057,12
947,18.92057,7200,18.92057,9
948,18.94057,7336,18.94057,4
949,18.96057,7556,18.96057,5
950,18.98057,7716,18.98057,6
951,19.00057,7635,19.00057,6
952,19.02057,7938,19.02057,3
953,19.04057,7765,19.04057,4
954,19.06057,7659,19.06057,2
955,19.08057,7610,19.08057,6
956,19.10057,7492,19.10057,5
957,19.12057,7755,19.12057,4
958,19.14057,7297,19.14057,4
959,19.16057,7377,19.16057,5
960,19.18057,7108,19.18057,4
961,19.20057,7029,19.20057,6
962,19.22057,6654,19.22057,4
963,19.24057,6554,19.24057,6
964,19.26057,6374,19.26057,2
965,19.28057,6162,19.28057,3
966,19.30057,5912,19.30057,5
967,19.32057,5623,19.32057,4
968,19.34057,5460,19.34057,8
969,19.36057,5299,19.36057,2
970,19.38057,4963,19.38057,9
971,19.40057,4757,19.40057,6
972,19.42057,4567,19.42057,4
973,19.44057,4298,19.44057,1
974,19.46057,4135,19.46057,4
975,19.48057,4056,19.48057,5
976,19.50057,3860,19.50057,5
977,19.52057,3610,19.52057,2
978,19.54057,3632,19.54057,4
979,19.56057,3490,19.56057,6
980,19.58057,3331,19.58057,6
981,19.60057,3248,19.60057,1
982,19.62057,3100,19.62057,1
983,19.64057,2862,19.64057,1
984,19.66057,2840,19.66057,3
985,19.68057,2774,19.68057,3
986,19.70057,2763,19.70057,1
987,19.72057,2733,19.72057,3
988,19.74057,2517,19.74057,4
989,19.76057,2479,19.76057,4
990,19.78057,2512,19.78057,3
991,19.80057,2451,19.80057,3
992,19.82057,2514,19.82057,2
993,19.84057,2583,19.84057,2
994,19.86057,2612,19.86057,4
995,19.88057,2647,19.88057,3
996,19.90057,2782,19.90057,2
997,19.92057,3066,19.92057,2
998,19.94057,3300,19.94057,2
999,19.96057,3583,19.96057,5
1000,19.98057,3876,19.98057,4
1001,20.00057,4158,20.00057,0
1002,20.02057,4571,20.02057,1
1003,20.04057,4838,20.04057,3
1004,20.06057,5244,20.06057,0
1005,20.08057,5610,20.08057,3
1006,20.10057,5861,20.10057,6
1007,20.12057,6072,20.12057,2
1008,20.14057,6073,20.14057,7
1009,20.16057,6410,20.16057,1
1010,20.18057,6154,20.18057,3
1011,20.20057,5927,20.20057,3
1012,20.22057,5815,20.22057,0
1013,20.24057,5277,20.24057,5
1014,20.26057,4836,20.26057,1
1015,20.28057,4290,20.28057,3
1016,20.30057,3979,20.30057,6
1017,20.32057,3514,20.32057,2
1018,20.34057,3023,20.34057,0
1019,20.36057,2796,20.36057,3
1020,20.38057,2479,20.38057,4
1021,20.40057,2276,20.40057,4
1022,20.42057,2129,20.42057,3
1023,20.44057,2113,20.44057,3
1024,20.46057,2084,20.46057,3
1025,20.48057,1939,20.48057,1
1026,20.50057,2013,20.50057,1
1027,20.52057,1964,20.52057,5
1028,20.54057,1994,20.54057,3
1029,20.56057,1970,20.56057,5
1030,20.58057,1994,20.58057,4
1031,20.60057,2006,20.60057,2
1032,20.62057,2007,20.62057,1
1033,20.64057,1912,20.64057,3
1034,20.66057,2003,20.66057,1
1035,20.68057,1999,20.68057,4
1036,20.70057,2006,20.70057,1
1037,20.72057,1989,20.72057,0
1038,20.74057,2057,20.74057,4
1039,20.76057,2130,20.76057,3
1040,20.78057,2161,20.78057,2
1041,20.80057,2163,20.80057,2
1042,20.82057,2120,20.82057,1
1043,20.84057,2243,20.84057,3
1044,20.86057,2117,20.86057,4
1045,20.88057,2300,20.88057,0
1046,20.90057,2271,20.90057,1
1047,20.92057,2322,20.92057,1
1048,20.94057,2313,20.94057,0
1049,20.96057,2327,20.96057,0
1050,20.98057,2365,20.98057,1
1051,21.00057,2368,21.00057,0
1052,21.02057,2386,21.02057,0
1053,21.04057,2471,21.04057,2
1054,21.06057,2587,21.06057,2
1055,21.08057,2489,21.08057,0
1056,21.10057,2527,21.10057,0
1057,21.12057,2657,21.12057,1
1058,21.14057,2654,21.14057,1
1059,21.16057,2628,21.16057,1
1060,21.18057,2698,21.18057,1
1061,21.20057,2750,21.20057,0
1062,21.22057,2628,21.22057,1
1063,21.24057,2757,21.24057,1
1064,21.26057,2937,21.26057,1
1065,21.28057,2709,21.28057,1
1066,21.30057,2765,21.30057,0
1067,21.32057,2834,21.32057,1
1068,21.34057,2830,21.34057,0
1069,21.36057,2684,21.36057,2
1070,21.38057,2743,21.38057,0
1071,21.40057,2736,21.40057,2
1072,21.42057,2721,21.42057,2
1073,21.44057,2718,21.44057,2
1074,21.46057,2756,21.46057,0
1075,21.48057,2595,21.48057,1
1076,21.50057,2641,21.50057,2
1077,21.52057,2558,21.52057,0
1078,21.54057,2573,21.54057,1
1079,21.56057,2464,21.56057,2
1080,21.58057,2494,21.58057,1
1081,21.60057,2437,21.60057,0
1082,21.62057,2328,21.62057,1
1083,21.64057,2319,21.64057,0
1084,21.66057,2300,21.66057,0
1085,21.68057,2288,21.68057,1
1086,21.70057,2174,21.70057,0
1087,21.72057,2203,21.72057,3
1088,21.74057,2109,21.74057,1
1089,21.76057,2161,21.76057,2
1090,21.78057,2157,21.78057,1
1091,21.80057,2083,21.80057,0
1092,21.82057,2095,21.82057,2
1093,21.84057,2061,21.84057,4
1094,21.86057,2063,21.86057,0
1095,21.88057,1968,21.88057,1
1096,21.90057,1949,21.90057,1
1097,21.92057,1947,21.92057,1
1098,21.94057,1920,21.94057,2
1099,21.96057,1907,21.96057,2
1100,21.98057,1934,21.98057,1
1101,22.00057,1892,22.00057,0
1102,22.02057,1889,22.02057,0
1103,22.04057,1882,22.04057,0
1104,22.06057,1814,22.06057,0
1105,22.08057,1821,22.08057,1
1106,22.10057,1848,22.10057,1
1107,22.12057,1851,22.12057,0
1108,22.14057,1759,22.14057,0
1109,22.16057,1745,22.16057,1
1110,22.18057,1821,22.18057,2
1111,22.20057,1714,22.20057,0
1112,22.22057,1755,22.22057,1
1113,22.24057,1645,22.24057,1
1114,22.26057,1708,22.26057,0
1115,22.28057,1648,22.28057,2
1116,22.30057,1603,22.30057,2
1117,22.32057,1565,22.32057,0
1118,22.34057,1677,22.34057,0
1119,22.36057,1564,22.36057,0
1120,22.38057,1642,22.38057,0
1121,22.40057,1544,22.40057,0
1122,22.42057,1595,22.42057,0
1123,22.44057,1677,22.44057,1
1124,22.46057,1626,22.46057,0
1125,22.48057,1598,22.48057,0
1126,22.50057,1769,22.50057,0
1127,22.52057,1687,22.52057,0
1128,22.54057,1792,22.54057,0
1129,22.56057,1800,22.56057,1
1130,22.58057,1972,22.58057,0
1131,22.60057,2009,22.60057,0
1132,22.62057,2127,22.62057,1
1133,22.64057,2128,22.64057,0
1134,22.66057,2143,22.66057,0
1135,22.68057,2237,22.68057,1
1136,22.70057,2196,22.70057,3
1137,22.72057,2245,22.72057,1
1138,22.74057,2126,22.74057,0
1139,22.76057,2080,22.76057,0
1140,22.78057,2035,22.78057,0
1141,22.80057,1907,22.80057,1
1142,22.82057,1866,22.82057,0
1143,22.84057,1765,22.84057,0
1144,22.86057,1746,22.86057,1
1145,22.88057,1588,22.88057,0
1146,22.90057,1533,22.90057,1
1147,22.92057,1521,22.92057,0
1148,22.94057,1491,22.94057,1
1149,22.96057,1471,22.96057,0
1150,22.98057,1499,22.98057,1
1151,23.00057,1495,23.00057,0
1152,23.02057,1507,23.02057,0
1153,23.04057,1493,23.04057,1
1154,23.06057,1547,23.06057,1
1155,23.08057,1558,23.08057,1
1156,23.10057,1536,23.10057,0
1157,23.12057,1558,23.12057,0
1158,23.14057,1587,23.14057,0
1159,23.16057,1572,23.16057,2
1160,23.18057,1529,23.18057,0
1161,23.20057,1508,23.20057,2
1162,23.22057,1550,23.22057,1
1163,23.24057,1564,23.24057,0
1164,23.26057,1501,23.26057,0
1165,23.28057,1441,23.28057,0
1166,23.30057,1400,23.30057,0
1167,23.32057,1426,23.32057,0
1168,23.34057,1424,23.34057,1
1169,23.36057,1394,23.36057,0
1170,23.38057,1417,23.38057,0
1171,23.40057,1366,23.40057,0
1172,23.42057,1452,23.42057,0
1173,23.44057,1377,23.44057,0
1174,23.46057,1307,23.46057,0
1175,23.48057,1435,23.48057,0
1176,23.50057,1444,23.50057,0
1177,23.52057,1344,23.52057,1
1178,23.54057,1375,23.54057,1
1179,23.56057,1396,23.56057,0
1180,23.58057,1338,23.58057,1
1181,23.60057,1305,23.60057,2
1182,23.62057,1353,23.62057,1
1183,23.64057,1366,23.64057,1
1184,23.66057,1376,23.66057,1
1185,23.68057,1373,23.68057,0
1186,23.70057,1406,23.70057,3
1187,23.72057,1318,23.72057,0
1188,23.74057,1374,23.74057,1
1189,23.76057,1342,23.76057,0
1190,23.78057,1267,23.78057,0
1191,23.80057,1295,23.80057,0
1192,23.82057,1398,23.82057,0
1193,23.84057,1362,23.84057,0
1194,23.86057,1398,23.86057,1
1195,23.88057,1293,23.88057,1
1196,23.90057,1250,23.90057,0
1197,23.92057,1330,23.92057,0
1198,23.94057,1319,23.94057,0
1199,23.96057,1302,23.96057,0
1200,23.98057,1362,23.98057,1
1201,24.00057,1355,24.00057,0
1202,24.02057,1308,24.02057,0
1203,24.04057,1318,24.04057,0
1204,24.06057,1352,24.06057,0
1205,24.08057,1336,24.08057,1
1206,24.10057,1360,24.10057,0
1207,24.12057,1344,24.12057,0
1208,24.14057,1315,24.14057,0
1209,24.16057,1295,24.16057,0
1210,24.18057,1317,24.18057,0
1211,24.20057,1264,24.20057,1
1212,24.22057,1269,24.22057,0
1213,24.24057,1314,24.24057,1
1214,24.26057,1285,24.26057,0
1215,24.28057,1281,24.28057,0
1216,24.30057,1363,24.30057,0
1217,24.32057,1270,24.32057,0
1218,24.34057,1287,24.34057,0
1219,24.36057,1355,24.36057,0
1220,24.38057,1317,24.38057,0
1221,24.40057,1362,24.40057,1
1222,24.42057,1321,24.42057,0
1223,24.44057,1343,24.44057,0
1224,24.46057,1262,24.46057,0
1225,24.48057,1311,24.48057,0
1226,24.50057,1290,24.50057,0
1227,24.52057,1259,24.52057,0
1228,24.54057,1289,24.54057,0
1229,24.56057,1257,24.56057,0
1230,24.58057,1213,24.58057,0
1231,24.60057,1243,24.60057,0
1232,24.62057,1244,24.62057,0
1233,24.64057,1262,24.64057,1
1234,24.66057,1224,24.66057,0
1235,24.68057,1278,24.68057,0
1236,24.70057,1262,24.70057,0
1237,24.72057,1231,24.72057,0
1238,24.74057,1289,24.74057,0
1239,24.76057,1264,24.76057,0
1240,24.78057,1222,24.78057,0
1241,24.80057,1203,24.80057,0
1242,24.82057,1314,24.82057,1
1243,24.84057,1217,24.84057,0
1244,24.86057,1238,24.86057,0
1245,24.88057,1238,24.88057,0
1246,24.90057,1353,24.90057,1
1247,24.92057,1257,24.92057,0
1248,24.94057,1269,24.94057,0
1249,24.96057,1240,24.96057,1
1250,24.98057,1247,24.98057,0
1251,25.00057,1210,25.00057,1
1252,25.02057,1265,25.02057,1
1253,25.04057,1231,25.04057,0
1254,25.06057,1302,25.06057,0
1255,25.08057,1294,25.08057,0
1256,25.10057,1213,25.10057,0
1257,25.12057,1275,25.12057,1
1258,25.14057,1310,25.14057,0
1259,25.16057,1248,25.16057,0
1260,25.18057,1270,25.18057,0
1261,25.20057,1266,25.20057,0
1262,25.22057,1255,25.22057,0
1263,25.24057,1248,25.24057,1
1264,25.26057,1291,25.26057,0
1265,25.28057,1284,25.28057,0
1266,25.30057,1265,25.30057,0
1267,25.32057,1257,25.32057,0
1268,25.34057,1236,25.34057,0
1269,25.36057,1256,25.36057,0
1270,25.38057,1243,25.38057,0
1271,25.40057,1224,25.40057,0
1272,25.42057,1216,25.42057,0
1273,25.44057,1157,25.44057,0
1274,25.46057,1152,25.46057,1
1275,25.48057,1200,25.48057,0
1276,25.50057,1259,25.50057,0
1277,25.52057,1169,25.52057,0
1278,25.54057,1129,25.54057,0
1279,25.56057,1221,25.56057,0
1280,25.58057,1160,25.58057,0
1281,25.60057,1151,25.60057,0
1282,25.62057,1160,25.62057,0
1283,25.64057,1204,25.64057,0
1284,25.66057,1145,25.66057,0
1285,25.68057,1188,25.68057,0
1286,25.70057,1152,25.70057,0
1287,25.72057,1153,25.72057,0
1288,25.74057,1152,25.74057,0
1289,25.76057,1129,25.76057,0
1290,25.78057,1143,25.78057,0
1291,25.80057,1134,25.80057,0
1292,25.82057,1147,25.82057,0
1293,25.84057,1147,25.84057,1
1294,25.86057,1138,25.86057,1
1295,25.88057,1114,25.88057,0
1296,25.90057,1176,25.90057,0
1297,25.92057,1174,25.92057,0
1298,25.94057,1140,25.94057,0
1299,25.96057,1214,25.96057,0
1300,25.98057,1177,25.98057,0
1301,26.00057,1161,26.00057,0
1302,26.02057,1164,26.02057,0
1303,26.04057,1198,26.04057,0
1304,26.06057,1225,26.06057,0
1305,26.08057,1249,26.08057,0
1306,26.10057,1117,26.10057,0
1307,26.12057,1189,26.12057,0
1308,26.14057,1227,26.14057,0
1309,26.16057,1235,26.16057,0
1310,26.18057,1214,26.18057,1
1311,26.20057,1254,26.20057,0
1312,26.22057,1167,26.22057,0
1313,26.24057,1208,26.24057,0
1314,26.26057,1228,26.26057,0
1315,26.28057,1221,26.28057,0
1316,26.30057,1226,26.30057,0
1317,26.32057,1240,26.32057,0
1318,26.34057,1173,26.34057,0
1319,26.36057,1237,26.36057,0
1320,26.38057,1159,26.38057,0
1321,26.40057,1204,26.40057,0
1322,26.42057,1122,26.42057,1
1323,26.44057,1184,26.44057,0
1324,26.46057,1103,26.46057,0
1325,26.48057,1148,26.48057,0
1326,26.50057,1103,26.50057,0
1327,26.52057,1097,26.52057,0
1328,26.54057,1072,26.54057,0
1329,26.56057,1007,26.56057,0
1330,26.58057,1098,26.58057,0
1331,26.60057,1076,26.60057,0
1332,26.62057,1043,26.62057,0
1333,26.64057,1091,26.64057,0
1334,26.66057,1088,26.66057,0
1335,26.68057,1002,26.68057,0
1336,26.70057,964,26.70057,0
1337,26.72057,1031,26.72057,0
1338,26.74057,1036,26.74057,0
1339,26.76057,1035,26.76057,0
1340,26.78057,957,26.78057,0
1341,26.80057,1043,26.80057,1
1342,26.82057,1027,26.82057,0
1343,26.84057,1005,26.84057,0
1344,26.86057,997,26.86057,0
1345,26.88057,1016,26.88057,0
1346,26.90057,996,26.90057,1
1347,26.92057,1008,26.92057,0
1348,26.94057,918,26.94057,1
1349,26.96057,961,26.96057,0
1350,26.98057,1013,26.98057,0
1351,27.00057,930,27.00057,0
1352,27.02057,951,27.02057,0
1353,27.04057,963,27.04057,0
1354,27.06057,937,27.06057,0
1355,27.08057,1032,27.08057,0
1356,27.10057,986,27.10057,0
1357,27.12057,1011,27.12057,0
1358,27.14057,991,27.14057,0
1359,27.16057,989,27.16057,0
1360,27.18057,987,27.18057,0
1361,27.20057,997,27.20057,0
1362,27.22057,965,27.22057,0
1363,27.24057,1012,27.24057,0
1364,27.26057,992,27.26057,0
1365,27.28057,999,27.28057,0
1366,27.30057,992,27.30057,0
1367,27.32057,978,27.32057,0
1368,27.34057,1005,27.34057,0
1369,27.36057,933,27.36057,0
1370,27.38057,922,27.38057,0
1371,27.40057,994,27.40057,0
1372,27.42057,958,27.42057,0
1373,27.44057,975,27.44057,0
1374,27.46057,997,27.46057,0
1375,27.48057,966,27.48057,0
1376,27.50057,965,27.50057,0
1377,27.52057,904,27.52057,0
1378,27.54057,887,27.54057,0
1379,27.56057,959,27.56057,0
1380,27.58057,908,27.58057,0
1381,27.60057,885,27.60057,0
1382,27.62057,924,27.62057,0
1383,27.64057,923,27.64057,0
1384,27.66057,915,27.66057,0
1385,27.68057,964,27.68057,0
1386,27.70057,932,27.70057,0
1387,27.72057,909,27.72057,0
1388,27.74057,926,27.74057,0
1389,27.76057,916,27.76057,0
1390,27.78057,877,27.78057,0
1391,27.80057,898,27.80057,0
1392,27.82057,879,27.82057,0
1393,27.84057,861,27.84057,0
1394,27.86057,924,27.86057,0
1395,27.88057,877,27.88057,0
1396,27.90057,931,27.90057,0
1397,27.92057,876,27.92057,0
1398,27.94057,852,27.94057,0
1399,27.96057,891,27.96057,0
1400,27.98057,905,27.98057,0
1401,28.00057,906,28.00057,0
1402,28.02057,949,28.02057,0
1403,28.04057,862,28.04057,0
1404,28.06057,877,28.06057,0
1405,28.08057,829,28.08057,0
1406,28.10057,834,28.10057,0
1407,28.12057,848,28.12057,0
1408,28.14057,832,28.14057,0
1409,28.16057,856,28.16057,0
1410,28.18057,852,28.18057,0
1411,28.20057,839,28.20057,0
1412,28.22057,804,28.22057,1
1413,28.24057,863,28.24057,0
1414,28.26057,884,28.26057,0
1415,28.28057,868,28.28057,0
1416,28.30057,856,28.30057,0
1417,28.32057,871,28.32057,0
1418,28.34057,879,28.34057,0
1419,28.36057,867,28.36057,0
1420,28.38057,858,28.38057,1
1421,28.40057,790,28.40057,0
1422,28.42057,865,28.42057,0
1423,28.44057,890,28.44057,0
1424,28.46057,893,28.46057,0
1425,28.48057,850,28.48057,0
1426,28.50057,850,28.50057,0
1427,28.52057,883,28.52057,0
1428,28.54057,842,28.54057,0
1429,28.56057,804,28.56057,0
1430,28.58057,815,28.58057,0
1431,28.60057,735,28.60057,0
1432,28.62057,815,28.62057,0
1433,28.64057,768,28.64057,0
1434,28.66057,848,28.66057,0
1435,28.68057,786,28.68057,0
1436,28.70057,799,28.70057,0
1437,28.72057,743,28.72057,0
1438,28.74057,816,28.74057,0
1439,28.76057,834,28.76057,0
1440,28.78057,826,28.78057,0
1441,28.80057,777,28.80057,0
1442,28.82057,785,28.82057,0
1443,28.84057,780,28.84057,0
1444,28.86057,846,28.86057,0
1445,28.88057,788,28.88057,0
1446,28.90057,836,28.90057,0
1447,28.92057,830,28.92057,0
1448,28.94057,777,28.94057,0
1449,28.96057,728,28.96057,0
1450,28.98057,784,28.98057,0
1451,29.00057,734,29.00057,0
1452,29.02057,795,29.02057,0
1453,29.04057,728,29.04057,0
1454,29.06057,765,29.06057,0
1455,29.08057,771,29.08057,0
1456,29.10057,758,29.10057,0
1457,29.12057,704,29.12057,0
1458,29.14057,737,29.14057,0
1459,29.16057,771,29.16057,0
1460,29.18057,710,29.18057,0
1461,29.20057,798,29.20057,0
1462,29.22057,766,29.22057,0
1463,29.24057,711,29.24057,0
1464,29.26057,700,29.26057,0
1465,29.28057,777,29.28057,0
1466,29.30057,768,29.30057,0
1467,29.32057,709,29.32057,0
1468,29.34057,709,29.34057,0
1469,29.36057,706,29.36057,0
1470,29.38057,723,29.38057,0
1471,29.40057,743,29.40057,0
1472,29.42057,677,29.42057,0
1473,29.44057,705,29.44057,0
1474,29.46057,700,29.46057,0
1475,29.48057,772,29.48057,0
1476,29.50057,699,29.50057,0
1477,29.52057,742,29.52057,0
1478,29.54057,702,29.54057,0
1479,29.56057,761,29.56057,0
1480,29.58057,715,29.58057,0
1481,29.60057,750,29.60057,0
1482,29.62057,723,29.62057,0
1483,29.64057,697,29.64057,0
1484,29.66057,745,29.66057,0
1485,29.68057,753,29.68057,0
1486,29.70057,713,29.70057,0
1487,29.72057,693,29.72057,0
1488,29.74057,743,29.74057,0
1489,29.76057,723,29.76057,0
1490,29.78057,691,29.78057,0
1491,29.80057,685,29.80057,0
1492,29.82057,705,29.82057,0
1493,29.84057,660,29.84057,0
1494,29.86057,708,29.86057,0
1495,29.88057,687,29.88057,0
1496,29.90057,655,29.90057,0
1497,29.92057,656,29.92057,0
1498,29.94057,679,29.94057,0
1499,29.96057,715,29.96057,0
1500,29.98057,705,29.98057,0
1501,30.00057,696,30.00057,0
1502,30.02057,643,30.02057,0
1503,30.04057,668,30.04057,0
1504,30.06057,646,30.06057,0
1505,30.08057,663,30.08057,0
1506,30.10057,695,30.10057,0
1507,30.12057,660,30.12057,0
1508,30.14057,605,30.14057,0
1509,30.16057,649,30.16057,0
1510,30.18057,660,30.18057,0
1511,30.20057,548,30.20057,0
1512,30.22057,634,30.22057,0
1513,30.24057,678,30.24057,0
1514,30.26057,618,30.26057,0
1515,30.28057,607,30.28057,0
1516,30.30057,572,30.30057,0
1517,30.32057,623,30.32057,0
1518,30.34057,635,30.34057,0
1519,30.36057,567,30.36057,0
1520,30.38057,589,30.38057,0
1521,30.40057,617,30.40057,0
1522,30.42057,665,30.42057,0
1523,30.44057,632,30.44057,0
1524,30.46057,584,30.46057,0
1525,30.48057,619,30.48057,0
1526,30.50057,648,30.50057,0
1527,30.52057,556,30.52057,0
1528,30.54057,582,30.54057,0
1529,30.56057,597,30.56057,0
1530,30.58057,595,30.58057,0
1531,30.60057,594,30.60057,0
1532,30.62057,564,30.62057,0
1533,30.64057,609,30.64057,0
1534,30.66057,566,30.66057,0
1535,30.68057,593,30.68057,0
1536,30.70057,566,30.70057,0
1537,30.72057,565,30.72057,0
1538,30.74057,570,30.74057,0
1539,30.76057,563,30.76057,0
1540,30.78057,612,30.78057,0
1541,30.80057,591,30.80057,0
1542,30.82057,589,30.82057,0
1543,30.84057,582,30.84057,0
1544,30.86057,594,30.86057,0
1545,30.88057,529,30.88057,0
1546,30.90057,568,30.90057,0
1547,30.92057,559,30.92057,0
1548,30.94057,558,30.94057,0
1549,30.96057,578,30.96057,0
1550,30.98057,556,30.98057,0
1551,31.00057,554,31.00057,0
1552,31.02057,556,31.02057,0
1553,31.04057,508,31.04057,0
1554,31.06057,532,31.06057,0
1555,31.08057,545,31.08057,0
1556,31.10057,503,31.10057,0
1557,31.12057,534,31.12057,0
1558,31.14057,537,31.14057,0
1559,31.16057,520,31.16057,0
1560,31.18057,563,31.18057,0
1561,31.20057,504,31.20057,0
1562,31.22057,526,31.22057,0
1563,31.24057,545,31.24057,0
1564,31.26057,520,31.26057,0
1565,31.28057,511,31.28057,0
1566,31.30057,473,31.30057,0
1567,31.32057,522,31.32057,0
1568,31.34057,499,31.34057,0
1569,31.36057,469,31.36057,0
1570,31.38057,523,31.38057,0
1571,31.40057,546,31.40057,0
1572,31.42057,491,31.42057,0
1573,31.44057,495,31.44057,0
1574,31.46057,486,31.46057,0
1575,31.48057,485,31.48057,0
1576,31.50057,502,31.50057,0
1577,31.52057,554,31.52057,0
1578,31.54057,554,31.54057,0
1579,31.56057,496,31.56057,0
1580,31.58057,501,31.58057,0
1581,31.60057,486,31.60057,0
1582,31.62057,471,31.62057,0
1583,31.64057,496,31.64057,0
1584,31.66057,511,31.66057,0
1585,31.68057,505,31.68057,0
1586,31.70057,482,31.70057,0
1587,31.72057,536,31.72057,0
1588,31.74057,518,31.74057,0
1589,31.76057,447,31.76057,0
1590,31.78057,481,31.78057,0
1591,31.80057,482,31.80057,0
1592,31.82057,469,31.82057,0
1593,31.84057,455,31.84057,0
1594,31.86057,508,31.86057,0
1595,31.88057,499,31.88057,0
1596,31.90057,495,31.90057,0
1597,31.92057,482,31.92057,0
1598,31.94057,526,31.94057,0
1599,31.96057,479,31.96057,0
1600,31.98057,494,31.98057,0
1601,32.00057,490,32.00057,0
1602,32.02057,457,32.02057,0
1603,32.04057,494,32.04057,0
1604,32.06057,454,32.06057,0
1605,32.08057,510,32.08057,0
1606,32.10057,481,32.10057,0
1607,32.12057,538,32.12057,0
1608,32.14057,487,32.14057,0
1609,32.16057,489,32.16057,0
1610,32.18057,457,32.18057,0
1611,32.20057,525,32.20057,0
1612,32.22057,508,32.22057,0
1613,32.24057,490,32.24057,0
1614,32.26057,465,32.26057,0
1615,32.28057,483,32.28057,0
1616,32.30057,459,32.30057,0
1617,32.32057,432,32.32057,0
1618,32.34057,457,32.34057,0
1619,32.36057,429,32.36057,0
1620,32.38057,424,32.38057,0
1621,32.40057,436,32.40057,0
1622,32.42057,396,32.42057,0
1623,32.44057,416,32.44057,0
1624,32.46057,413,32.46057,0
1625,32.48057,391,32.48057,0
1626,32.50057,389,32.50057,0
1627,32.52057,382,32.52057,0
1628,32.54057,373,32.54057,0
1629,32.56057,434,32.56057,0
1630,32.58057,406,32.58057,0
1631,32.60057,382,32.60057,0
1632,32.62057,379,32.62057,0
1633,32.64057,372,32.64057,0
1634,32.66057,355,32.66057,0
1635,32.68057,375,32.68057,0
1636,32.70057,346,32.70057,0
1637,32.72057,372,32.72057,0
1638,32.74057,324,32.74057,0
1639,32.76057,369,32.76057,0
1640,32.78057,374,32.78057,0
1641,32.80057,339,32.80057,0
1642,32.82057,346,32.82057,0
1643,32.84057,367,32.84057,0
1644,32.86057,347,32.86057,0
1645,32.88057,339,32.88057,0
1646,32.90057,367,32.90057,0
1647,32.92057,380,32.92057,0
1648,32.94057,332,32.94057,0
1649,32.96057,330,32.96057,0
1650,32.98057,301,32.98057,0
1651,33.00057,351,33.00057,0
1652,33.02057,358,33.02057,0
1653,33.04057,301,33.04057,0
1654,33.06057,331,33.06057,0
1655,33.08057,320,33.08057,0
1656,33.10057,282,33.10057,0
1657,33.12057,347,33.12057,0
1658,33.14057,347,33.14057,0
1659,33.16057,269,33.16057,0
1660,33.18057,321,33.18057,0
1661,33.20057,314,33.20057,0
1662,33.22057,284,33.22057,0
1663,33.24057,304,33.24057,0
1664,33.26057,298,33.26057,0
1665,33.28057,266,33.28057,0
1666,33.30057,299,33.30057,0
1667,33.32057,310,33.32057,0
1668,33.34057,293,33.34057,0
1669,33.36057,297,33.36057,0
1670,33.38057,318,33.38057,0
1671,33.40057,267,33.40057,0
1672,33.42057,271,33.42057,0
1673,33.44057,279,33.44057,0
1674,33.46057,297,33.46057,0
1675,33.48057,288,33.48057,0
1676,33.50057,292,33.50057,0
1677,33.52057,264,33.52057,0
1678,33.54057,283,33.54057,0
1679,33.56057,299,33.56057,0
1680,33.58057,289,33.58057,0
1681,33.60057,249,33.60057,0
1682,33.62057,250,33.62057,0
1683,33.64057,268,33.64057,0
1684,33.66057,230,33.66057,0
1685,33.68057,232,33.68057,0
1686,33.70057,250,33.70057,0
1687,33.72057,232,33.72057,0
1688,33.74057,250,33.74057,0
1689,33.76057,261,33.76057,0
1690,33.78057,240,33.78057,0
1691,33.80057,265,33.80057,0
1692,33.82057,279,33.82057,0
1693,33.84057,258,33.84057,0
1694,33.86057,250,33.86057,0
1695,33.88057,239,33.88057,0
1696,33.90057,218,33.90057,0
1697,33.92057,214,33.92057,0
1698,33.94057,245,33.94057,0
1699,33.96057,207,33.96057,0
1700,33.98057,200,33.98057,0
1701,34.00057,204,34.00057,0
1702,34.02057,213,34.02057,0
1703,34.04057,202,34.04057,0
1704,34.06057,202,34.06057,0
1705,34.08057,209,34.08057,0
1706,34.10057,207,34.10057,0
1707,34.12057,204,34.12057,0
1708,34.14057,191,34.14057,0
1709,34.16057,177,34.16057,0
1710,34.18057,200,34.18057,0
1711,34.20057,182,34.20057,0
1712,34.22057,202,34.22057,0
1713,34.24057,191,34.24057,0
1714,34.26057,210,34.26057,0
1715,34.28057,175,34.28057,0
1716,34.30057,173,34.30057,0
1717,34.32057,162,34.32057,0
1718,34.34057,168,34.34057,0
1719,34.36057,173,34.36057,0
1720,34.38057,179,34.38057,0
1721,34.40057,178,34.40057,0
1722,34.42057,200,34.42057,0
1723,34.44057,148,34.44057,0
1724,34.46057,156,34.46057,0
1725,34.48057,149,34.48057,0
1726,34.50057,158,34.50057,0
1727,34.52057,163,34.52057,0
1728,34.54057,154,34.54057,0
1729,34.56057,166,34.56057,0
1730,34.58057,144,34.58057,0
1731,34.60057,170,34.60057,0
1732,34.62057,156,34.62057,0
1733,34.64057,181,34.64057,0
1734,34.66057,181,34.66057,0
1735,34.68057,151,34.68057,0
1736,34.70057,147,34.70057,0
1737,34.72057,131,34.72057,0
1738,34.74057,125,34.74057,0
1739,34.76057,131,34.76057,0
1740,34.78057,152,34.78057,0
1741,34.80057,131,34.80057,0
1742,34.82057,141,34.82057,0
1743,34.84057,127,34.84057,0
1744,34.86057,120,34.86057,0
1745,34.88057,130,34.88057,0
1746,34.90057,101,34.90057,0
1747,34.92057,116,34.92057,0
1748,34.94057,104,34.94057,0
1749,34.96057,125,34.96057,0
1750,34.98057,113,34.98057,0
1751,35.00057,99,35.00057,0
1752,35.02057,128,35.02057,0
1753,35.04057,113,35.04057,0
1754,35.06057,115,35.06057,0
1755,35.08057,116,35.08057,0
1756,35.10057,102,35.10057,0
1757,35.12057,82,35.12057,0
1758,35.14057,96,35.14057,0
1759,35.16057,102,35.16057,0
1760,35.18057,90,35.18057,0
1761,35.20057,92,35.20057,0
1762,35.22057,88,35.22057,0
1763,35.24057,81,35.24057,0
1764,35.26057,97,35.26057,0
1765,35.28057,87,35.28057,0
1766,35.30057,77,35.30057,0
1767,35.32057,80,35.32057,0
1768,35.34057,72,35.34057,0
1769,35.36057,93,35.36057,0
1770,35.38057,87,35.38057,0
1771,35.40057,70,35.40057,0
1772,35.42057,88,35.42057,0
1773,35.44057,79,35.44057,0
1774,35.46057,79,35.46057,0
1775,35.48057,74,35.48057,0
1776,35.50057,54,35.50057,0
1777,35.52057,66,35.52057,0
1778,35.54057,74,35.54057,0
1779,35.56057,63,35.56057,0
1780,35.58057,65,35.58057,0
1781,35.60057,58,35.60057,0
1782,35.62057,70,35.62057,0
1783,35.64057,56,35.64057,0
1784,35.66057,57,35.66057,0
1785,35.68057,52,35.68057,0
1786,35.70057,65,35.70057,0
1787,35.72057,59,35.72057,0
1788,35.74057,56,35.74057,0
1789,35.76057,50,35.76057,0
1790,35.78057,57,35.78057,0
1791,35.80057,57,35.80057,0
1792,35.82057,47,35.82057,0
1793,35.84057,47,35.84057,0
1794,35.86057,45,35.86057,0
1795,35.88057,41,35.88057,0
1796,35.90057,42,35.90057,0
1797,35.92057,50,35.92057,0
1798,35.94057,52,35.94057,0
1799,35.96057,47,35.96057,0
1800,35.98057,61,35.98057,0
1801,36.00057,50,36.00057,0
1802,36.02057,36,36.02057,0
1803,36.04057,50,36.04057,0
1804,36.06057,47,36.06057,0
1805,36.08057,51,36.08057,0
1806,36.10057,45,36.10057,0
1807,36.12057,42,36.12057,0
1808,36.14057,40,36.14057,0
1809,36.16057,44,36.16057,0
1810,36.18057,60,36.18057,0
1811,36.20057,44,36.20057,0
1812,36.22057,39,36.22057,0
1813,36.24057,36,36.24057,0
1814,36.26057,45,36.26057,0
1815,36.28057,53,36.28057,0
1816,36.30057,49,36.30057,0
1817,36.32057,54,36.32057,0
1818,36.34057,46,36.34057,0
1819,36.36057,53,36.36057,0
1820,36.38057,46,36.38057,0
1821,36.40057,25,36.40057,0
1822,36.42057,48,36.42057,0
1823,36.44057,44,36.44057,0
1824,36.46057,42,36.46057,0
1825,36.48057,43,36.48057,0
1826,36.50057,36,36.50057,0
1827,36.52057,32,36.52057,0
1828,36.54057,37,36.54057,0
1829,36.56057,44,36.56057,0
1830,36.58057,31,36.58057,0
1831,36.60057,38,36.60057,0
1832,36.62057,46,36.62057,0
1833,36.64057,13,36.64057,0
1834,36.66057,40,36.66057,0
1835,36.68057,23,36.68057,0
1836,36.70057,27,36.70057,0
1837,36.72057,34,36.72057,0
1838,36.74057,30,36.74057,0
1839,36.76057,30,36.76057,0
1840,36.78057,21,36.78057,0
1841,36.80057,31,36.80057,0
1842,36.82057,29,36.82057,0
1843,36.84057,28,36.84057,0
1844,36.86057,24,36.86057,0
1845,36.88057,21,36.88057,0
1846,36.90057,25,36.90057,0
1847,36.92057,20,36.92057,0
1848,36.94057,31,36.94057,0
1849,36.96057,38,36.96057,0
1850,36.98057,25,36.98057,0
1851,37.00057,30,37.00057,0
1852,37.02057,32,37.02057,0
1853,37.04057,30,37.04057,0
1854,37.06057,28,37.06057,0
1855,37.08057,25,37.08057,0
1856,37.10057,25,37.10057,0
1857,37.12057,36,37.12057,0
1858,37.14057,24,37.14057,0
1859,37.16057,21,37.16057,0
1860,37.18057,29,37.18057,0
1861,37.20057,30,37.20057,0
1862,37.22057,33,37.22057,0
1863,37.24057,30,37.24057,0
1864,37.26057,25,37.26057,0
1865,37.28057,28,37.28057,0
1866,37.30057,15,37.30057,0
1867,37.32057,27,37.32057,0
1868,37.34057,31,37.34057,0
1869,37.36057,18,37.36057,0
1870,37.38057,20,37.38057,0
1871,37.40057,20,37.40057,0
1872,37.42057,26,37.42057,0
1873,37.44057,23,37.44057,0
1874,37.46057,17,37.46057,0
1875,37.48057,28,37.48057,0
1876,37.50057,17,37.50057,0
1877,37.52057,17,37.52057,0
1878,37.54057,22,37.54057,0
1879,37.56057,15,37.56057,0
1880,37.58057,31,37.58057,0
1881,37.60057,26,37.60057,0
1882,37.62057,20,37.62057,0
1883,37.64057,12,37.64057,0
1884,37.66057,22,37.66057,0
1885,37.68057,19,37.68057,0
1886,37.70057,16,37.70057,0
1887,37.72057,16,37.72057,0
1888,37.74057,25,37.74057,0
1889,37.76057,27,37.76057,0
1890,37.78057,19,37.78057,0
1891,37.80057,20,37.80057,0
1892,37.82057,23,37.82057,0
1893,37.84057,15,37.84057,0
1894,37.86057,16,37.86057,0
1895,37.88057,20,37.88057,0
1896,37.90057,21,37.90057,0
1897,37.92057,22,37.92057,0
1898,37.94057,28,37.94057,0
1899,37.96057,24,37.96057,0
1900,37.98057,16,37.98057,0
1901,38.00057,15,38.00057,0
1902,38.02057,20,38.02057,0
1903,38.04057,21,38.04057,0
1904,38.06057,20,38.06057,0
1905,38.08057,23,38.08057,0
1906,38.10057,14,38.10057,0
1907,38.12057,24,38.12057,0
1908,38.14057,25,38.14057,0
1909,38.16057,21,38.16057,0
1910,38.18057,16,38.18057,0
1911,38.20057,18,38.20057,0
1912,38.22057,19,38.22057,0
1913,38.24057,18,38.24057,0
1914,38.26057,15,38.26057,0
1915,38.28057,18,38.28057,0
1916,38.30057,17,38.30057,0
1917,38.32057,11,38.32057,0
1918,38.34057,14,38.34057,0
1919,38.36057,15,38.36057,0
1920,38.38057,14,38.38057,0
1921,38.40057,9,38.40057,0
1922,38.42057,18,38.42057,0
1923,38.44057,16,38.44057,0
1924,38.46057,7,38.46057,0
1925,38.48057,24,38.48057,0
1926,38.50057,20,38.50057,0
1927,38.52057,14,38.52057,0
1928,38.54057,17,38.54057,0
1929,38.56057,15,38.56057,0
1930,38.58057,20,38.58057,0
1931,38.60057,20,38.60057,0
1932,38.62057,20,38.62057,0
1933,38.64057,17,38.64057,0
1934,38.66057,13,38.66057,0
1935,38.68057,23,38.68057,0
1936,38.70057,21,38.70057,0
1937,38.72057,15,38.72057,0
1938,38.74057,17,38.74057,0
1939,38.76057,18,38.76057,0
1940,38.78057,12,38.78057,0
1941,38.80057,18,38.80057,0
1942,38.82057,18,38.82057,0
1943,38.84057,9,38.84057,0
1944,38.86057,12,38.86057,0
1945,38.88057,14,38.88057,0
1946,38.90057,14,38.90057,0
1947,38.92057,19,38.92057,0
1948,38.94057,16,38.94057,0
1949,38.96057,10,38.96057,0
1950,38.98057,7,38.98057,0
1951,39.00057,20,39.00057,0
1952,39.02057,23,39.02057,0
1953,39.04057,9,39.04057,0
1954,39.06057,17,39.06057,0
1955,39.08057,21,39.08057,0
1956,39.10057,10,39.10057,0
1957,39.12057,7,39.12057,0
1958,39.14057,18,39.14057,0
1959,39.16057,13,39.16057,0
1960,39.18057,13,39.18057,0
1961,39.20057,15,39.20057,0
1962,39.22057,11,39.22057,0
1963,39.24057,17,39.24057,0
1964,39.26057,16,39.26057,0
1965,39.28057,12,39.28057,0
1966,39.30057,11,39.30057,0
1967,39.32057,8,39.32057,0
1968,39.34057,8,39.34057,0
1969,39.36057,13,39.36057,0
1970,39.38057,14,39.38057,0
1971,39.40057,20,39.40057,0
1972,39.42057,17,39.42057,0
1973,39.44057,10,39.44057,0
1974,39.46057,9,39.46057,0
1975,39.48057,11,39.48057,0
1976,39.50057,10,39.50057,0
1977,39.52057,8,39.52057,0
1978,39.54057,15,39.54057,0
1979,39.56057,8,39.56057,0
1980,39.58057,9,39.58057,0
1981,39.60057,10,39.60057,0
1982,39.62057,6,39.62057,0
1983,39.64057,6,39.64057,0
1984,39.66057,12,39.66057,0
1985,39.68057,9,39.68057,0
1986,39.70057,9,39.70057,0
1987,39.72057,9,39.72057,0
1988,39.74057,9,39.74057,0
1989,39.76057,10,39.76057,0
1990,39.78057,2,39.78057,0
1991,39.80057,11,39.80057,0
1992,39.82057,4,39.82057,0
1993,39.84057,6,39.84057,0
1994,39.86057,11,39.86057,0
1995,39.88057,11,39.88057,0
1996,39.90057,9,39.90057,0
1997,39.92057,10,39.92057,0
1998,39.94057,10,39.94057,0
1999,39.96057,15,39.96057,0
2000,39.98057,6,39.98057,0
2001,40.00057,10,40.00057,0
2002,40.02057,13,40.02057,0
2003,40.04057,17,40.04057,0
2004,40.06057,9,40.06057,0
2005,40.08057,7,40.08057,0
2006,40.10057,6,40.10057,0
2007,40.12057,16,40.12057,0
2008,40.14057,7,40.14057,0
2009,40.16057,9,40.16057,0
2010,40.18057,6,40.18057,0
2011,40.20057,7,40.20057,0
2012,40.22057,12,40.22057,0
2013,40.24057,12,40.24057,0
2014,40.26057,11,40.26057,0
2015,40.28057,14,40.28057,0
2016,40.30057,10,40.30057,0
2017,40.32057,8,40.32057,0
2018,40.34057,13,40.34057,0
2019,40.36057,13,40.36057,0
2020,40.38057,10,40.38057,0
2021,40.40057,16,40.40057,0
2022,40.42057,7,40.42057,0
2023,40.44057,12,40.44057,0
2024,40.46057,15,40.46057,0
2025,40.48057,6,40.48057,0
2026,40.50057,7,40.50057,0
2027,40.52057,5,40.52057,0
2028,40.54057,11,40.54057,0
2029,40.56057,5,40.56057,0
2030,40.58057,8,40.58057,0
2031,40.60057,9,40.60057,0
2032,40.62057,10,40.62057,0
2033,40.64057,10,40.64057,0
2034,40.66057,12,40.66057,0
2035,40.68057,5,40.68057,0
2036,40.70057,5,40.70057,0
2037,40.72057,10,40.72057,0
2038,40.74057,4,40.74057,0
2039,40.76057,7,40.76057,0
2040,40.78057,8,40.78057,0
2041,40.80057,5,40.80057,0
2042,40.82057,9,40.82057,0
2043,40.84057,10,40.84057,0
2044,40.86057,5,40.86057,0
2045,40.88057,12,40.88057,0
2046,40.90057,12,40.90057,0
2047,40.92057,5,40.92057,0
2048,40.94057,11,40.94057,0
