Bruker AXS HMP Instrument Tools Complete CSV
FileName,C:\MeinZeugs\Uni\Publikationen\2025\MeIn pXRF\DAQ\Device_monitoring_sample_element_precision_Schauer\data_raw\Example_Drift\03771-Mudrock Dual.pdz
SerialString,SG2-6390
TubeTargetElement,45
NumberOfSpectra,2
SampleID,
AcquisitionDateTime,1/1/2006 1:28:40 PM
TotalElapsedTimeInSeconds,120
AnodeTakeOffAngle,45
SampleIncidenceAngle,45
BeThicknessInMicroMeters,125
SampleTakeOffAngle,65
SpotSizeUsed,8
NumberOfUserCustomFields,5
UserCustomFieldHeader,FieldName,FieldValue
UserCustomField,Operator,Supervisor
UserCustomField,Material,Standard
UserCustomField,ID,
UserCustomField,Probe,SdAR-M2
UserCustomField,Projekt,Brennexperiment
AnalysisMode,32
AnalysisType,1
UsedAutoCalSelect,False
ResultUnits,PPM
ErrorMultiplier,2
CalFileName,MudrockDual
CalPackageName,
CalPackagePartNumber,
TypeStandardizationSetName,
NumberOfElementsInCalculatedResults,27
CalculatedResults:AtomicNum,ElementSymbol,Units,Value,TypeStandardizedValue,Error,RangeMin,RangeMax,Tramp,Nominal
12,Mg,PPM,0.2681157,0.2681157,0.05053664,0,0,False,False
13,Al,PPM,4.865453,4.865453,0.03157577,0,0,False,False
14,Si,PPM,25.41508,25.41508,0.04295453,0,0,False,False
15,P,PPM,0.02515194,0.02515194,0.003028549,0,0,False,False
16,S,PPM,0.2107951,0.2107951,0.002824023,0,0,False,False
19,K,PPM,3.638694,3.638694,0.006671886,0,0,False,False
20,Ca,PPM,0.6891518,0.6891518,0.002371983,0,0,False,False
22,Ti,PPM,0.1424955,0.1424955,0.001121567,0,0,False,False
23,V,PPM,0.00702248,0.00702248,0.0005800995,0,0,False,False
24,Cr,PPM,0.004660768,0.004660768,0.0003463327,0,0,False,False
25,Mn,PPM,0.09358037,0.09358037,0.0006128182,0,0,False,False
26,Fe,PPM,1.935677,1.935677,0.002690607,0,0,False,False
27,Co,PPM,0.0001029464,0.0001029464,6.818542E-05,0,0,False,False
28,Ni,PPM,0.004872514,0.004872514,0.0001684693,0,0,False,False
29,Cu,PPM,0.02872264,0.02872264,0.0002929201,0,0,False,False
30,Zn,PPM,0.09035338,0.09035338,0.0004114635,0,0,False,False
33,As,PPM,0.04036488,0.04036488,0.0002440276,0,0,False,False
37,Rb,PPM,0.01577947,0.01577947,0.000121597,0,0,False,False
38,Sr,PPM,0.01524004,0.01524004,0.0001212735,0,0,False,False
39,Y,PPM,0.005521992,0.005521992,0.0001165209,0,0,False,False
40,Zr,PPM,0.02080725,0.02080725,0.0001309963,0,0,False,False
41,Nb,PPM,0.002169994,0.002169994,0.0001030911,0,0,False,False
42,Mo,PPM,0.002506865,0.002506865,0.0001125917,0,0,False,False
56,Ba,PPM,0.1522966,0.1522966,0.007918184,0,0,False,False
82,Pb,PPM,0.04680881,0.04680881,0.000245642,0,0,False,False
90,Th,PPM,0.001773522,0.001773522,2.672157E-05,0,0,False,False
92,U,PPM,0.0006580347,0.0006580347,0.0002550806,0,0,False,False
MatchSpreadThreshold,0.05
IsTrampEnabled,False
IsNominalEnabled,False
NumberOfGradeIDMatchResults,3
GradeIDMatchResultsHeader,GradeID,MatchConfidence
GradeIDMatchResult,,0
GradeIDMatchResult,,0
GradeIDMatchResult,,0
ParametersForEachSpectrum,Spectrum 1,,Spectrum 2,
XrayVoltageInkV,40,,15,
XrayFilamentCurrentInMicroAmps,38.85,,27.9,
RawCounts,3401171,,3423230,
ValidCounts,2845978,,3001146,
eVPerChannel,20,,20,
StartingKeV,0.0004410449,,0.0004410449,
ZeroOffsetInKeV,-0.0004410449,,-0.0004410449,
StartingChannel,0.02205225,,0.02205225,
NumberOfChannels,2048,,2048,
CountsPerSecond,68454.7,,63083.58,
XilinxFirmwareVersion,,,,
IlluminationID,MudRock Trace40,,MudRock Maj15,
Filter1ElementAtomicNum,22,,0,
Filter1Thickness,25,,0,
Filter2ElementAtomicNum,13,,0,
Filter2Thickness,300,,0,
Filter3ElementAtomicNum,0,,0,
Filter3Thickness,0,,0,
AcquisitionDateTime,1/1/2006 1:28:40 PM,,1/1/2006 1:28:40 PM,
LiveTimeInSeconds,41.80199,,46.61701,
DeadTimeInSeconds,7.883001,,7.647996,
ResetTimeInSeconds,6.498,,1.863001,
DetectorTempInC,-27,,-27,
AmbientTempInF,111.6,,111.6,
NosePressureInMilliBars,998.0001,,998.0001,
NoseTemperatureInC,37,,37,
ActiveTimeInSeconds,49.68499,,54.265,
PacketTimeInSeconds,56.18299,,56.12799,
CommunicationTimeInSeconds,,,,
ElapsedClockTimeInSeconds,60,,60,
Spectrum:ChannelNumber,ChannelStartInKeV,ChannelCount,ChannelStartInKeV,ChannelCount
1,0.0004410449,0,0.0004410449,0
2,0.02044104,0,0.02044104,0
3,0.04044104,0,0.04044104,0
4,0.06044104,0,0.06044104,0
5,0.08044104,0,0.08044104,0
6,0.100441,0,0.100441,0
7,0.120441,0,0.120441,0
8,0.140441,0,0.140441,0
9,0.160441,0,0.160441,0
10,0.1804411,0,0.1804411,0
11,0.200441,0,0.200441,0
12,0.220441,0,0.220441,0
13,0.240441,0,0.240441,0
14,0.260441,0,0.260441,1
15,0.280441,12,0.280441,3
16,0.3004411,106,0.3004411,83
17,0.320441,689,0.320441,590
18,0.340441,2712,0.340441,2704
19,0.3604411,6722,0.3604411,7592
20,0.380441,10636,0.380441,12295
21,0.4004411,10704,0.4004411,12374
22,0.420441,6604,0.420441,7103
23,0.440441,2425,0.440441,2569
24,0.4604411,614,0.4604411,571
25,0.480441,95,0.480441,76
26,0.5004411,18,0.5004411,7
27,0.5204411,4,0.5204411,0
28,0.540441,2,0.540441,0
29,0.560441,4,0.560441,1
30,0.5804411,2,0.5804411,1
31,0.600441,3,0.600441,1
32,0.620441,5,0.620441,0
33,0.6404411,3,0.6404411,0
34,0.660441,1,0.660441,0
35,0.680441,680,0.680441,94
36,0.7004411,669,0.7004411,74
37,0.720441,662,0.720441,80
38,0.740441,660,0.740441,79
39,0.7604411,641,0.7604411,87
40,0.780441,646,0.780441,70
41,0.800441,644,0.800441,81
42,0.8204411,638,0.8204411,87
43,0.840441,614,0.840441,94
44,0.860441,632,0.860441,110
45,0.8804411,648,0.8804411,150
46,0.9004411,604,0.9004411,160
47,0.920441,656,0.920441,219
48,0.9404411,604,0.9404411,298
49,0.9604411,589,0.9604411,247
50,0.980441,628,0.980441,225
51,1.000441,600,1.000441,182
52,1.020441,596,1.020441,148
53,1.040441,612,1.040441,154
54,1.060441,602,1.060441,161
55,1.080441,565,1.080441,197
56,1.100441,556,1.100441,174
57,1.120441,582,1.120441,156
58,1.140441,559,1.140441,137
59,1.160441,568,1.160441,197
60,1.180441,598,1.180441,194
61,1.200441,541,1.200441,239
62,1.220441,573,1.220441,274
63,1.240441,555,1.240441,231
64,1.260441,567,1.260441,183
65,1.280441,569,1.280441,190
66,1.300441,511,1.300441,136
67,1.320441,489,1.320441,160
68,1.340441,503,1.340441,158
69,1.360441,521,1.360441,228
70,1.380441,561,1.380441,381
71,1.400441,538,1.400441,961
72,1.420441,547,1.420441,2325
73,1.440441,590,1.440441,4221
74,1.460441,642,1.460441,6338
75,1.480441,664,1.480441,7289
76,1.500441,637,1.500441,6681
77,1.520441,586,1.520441,5028
78,1.540441,569,1.540441,3372
79,1.560441,492,1.560441,2367
80,1.580441,516,1.580441,1693
81,1.600441,498,1.600441,1419
82,1.620441,512,1.620441,2353
83,1.640441,501,1.640441,6392
84,1.660441,670,1.660441,17531
85,1.680441,945,1.680441,39353
86,1.700441,1342,1.700441,69527
87,1.720441,1583,1.720441,93779
88,1.740441,1660,1.740441,99921
89,1.760441,1470,1.760441,81100
90,1.780441,1079,1.780441,52938
91,1.800441,827,1.800441,28516
92,1.820441,646,1.820441,14160
93,1.840441,580,1.840441,7150
94,1.860441,502,1.860441,4001
95,1.880441,473,1.880441,2133
96,1.900441,462,1.900441,1189
97,1.920441,426,1.920441,644
98,1.940441,412,1.940441,519
99,1.960441,419,1.960441,477
100,1.980441,350,1.980441,482
101,2.000441,416,2.000441,443
102,2.020441,393,2.020441,449
103,2.040441,407,2.040441,383
104,2.060441,399,2.060441,317
105,2.080441,328,2.080441,280
106,2.100441,380,2.100441,257
107,2.120441,362,2.120441,264
108,2.140441,350,2.140441,290
109,2.160441,331,2.160441,276
110,2.180441,358,2.180441,318
111,2.200441,337,2.200441,372
112,2.220441,361,2.220441,496
113,2.240441,366,2.240441,805
114,2.260441,334,2.260441,1180
115,2.280441,384,2.280441,1547
116,2.300441,379,2.300441,1811
117,2.320441,378,2.320441,1912
118,2.340441,375,2.340441,1824
119,2.360441,367,2.360441,1562
120,2.380441,377,2.380441,1363
121,2.400441,342,2.400441,1182
122,2.420441,334,2.420441,1010
123,2.440441,337,2.440441,945
124,2.460441,345,2.460441,936
125,2.480441,324,2.480441,789
126,2.500441,318,2.500441,819
127,2.520441,296,2.520441,811
128,2.540441,291,2.540441,832
129,2.560441,267,2.560441,1032
130,2.580441,276,2.580441,1526
131,2.600441,323,2.600441,2508
132,2.620441,305,2.620441,4163
133,2.640441,284,2.640441,6813
134,2.660441,291,2.660441,9699
135,2.680441,260,2.680441,11653
136,2.700441,274,2.700441,11843
137,2.720441,284,2.720441,10404
138,2.740441,308,2.740441,8148
139,2.760441,275,2.760441,6343
140,2.780441,265,2.780441,5604
141,2.800441,271,2.800441,5980
142,2.820441,256,2.820441,6728
143,2.840441,253,2.840441,7065
144,2.860441,272,2.860441,6609
145,2.880441,324,2.880441,6515
146,2.900441,344,2.900441,6836
147,2.920441,433,2.920441,7670
148,2.940441,479,2.940441,8638
149,2.960441,502,2.960441,8617
150,2.980441,421,2.980441,7276
151,3.000441,408,3.000441,5712
152,3.020441,318,3.020441,3876
153,3.040441,280,3.040441,2391
154,3.060441,262,3.060441,1626
155,3.080441,222,3.080441,1254
156,3.100441,213,3.100441,1210
157,3.120441,257,3.120441,1319
158,3.140441,250,3.140441,1504
159,3.160441,281,3.160441,2009
160,3.180441,351,3.180441,3049
161,3.200441,592,3.200441,5711
162,3.220441,1087,3.220441,11369
163,3.240441,1854,3.240441,22394
164,3.260441,2985,3.260441,37661
165,3.280441,4215,3.280441,54277
166,3.300441,5032,3.300441,65020
167,3.320441,5156,3.320441,65408
168,3.340441,4303,3.340441,55756
169,3.360441,3087,3.360441,39357
170,3.380441,1919,3.380441,23822
171,3.400441,1065,3.400441,12067
172,3.420441,542,3.420441,5596
173,3.440441,342,3.440441,2752
174,3.460441,245,3.460441,1800
175,3.480441,280,3.480441,1966
176,3.500441,353,3.500441,2832
177,3.520441,466,3.520441,4424
178,3.540441,599,3.540441,6535
179,3.560441,833,3.560441,8730
180,3.580441,1011,3.580441,10429
181,3.600441,1151,3.600441,11900
182,3.620441,1156,3.620441,12527
183,3.640441,1295,3.640441,13402
184,3.660441,1372,3.660441,14448
185,3.680441,1484,3.680441,14809
186,3.700441,1332,3.700441,13730
187,3.720441,1058,3.720441,11257
188,3.740441,812,3.740441,7908
189,3.760441,522,3.760441,4964
190,3.780441,313,3.780441,2914
191,3.800441,225,3.800441,1631
192,3.820441,134,3.820441,1113
193,3.840441,141,3.840441,970
194,3.860441,139,3.860441,893
195,3.880441,131,3.880441,960
196,3.900441,113,3.900441,1045
197,3.920441,171,3.920441,1261
198,3.940441,173,3.940441,1564
199,3.960441,253,3.960441,1929
200,3.980441,243,3.980441,2421
201,4.000441,289,4.000441,2703
202,4.020441,308,4.020441,2624
203,4.040441,267,4.040441,2390
204,4.060441,208,4.060441,2018
205,4.080441,184,4.080441,1661
206,4.100441,139,4.100441,1289
207,4.120441,107,4.120441,1146
208,4.140441,102,4.140441,1039
209,4.160441,101,4.160441,1017
210,4.180441,80,4.180441,931
211,4.200441,70,4.200441,889
212,4.220441,76,4.220441,909
213,4.240441,84,4.240441,925
214,4.260441,82,4.260441,984
215,4.280441,84,4.280441,1011
216,4.300441,84,4.300441,950
217,4.320441,100,4.320441,1013
218,4.340441,88,4.340441,1050
219,4.360441,137,4.360441,1161
220,4.380441,182,4.380441,1637
221,4.400441,303,4.400441,2302
222,4.420441,452,4.420441,3187
223,4.440441,647,4.440441,4416
224,4.460441,905,4.460441,5898
225,4.480441,1098,4.480441,6821
226,4.500441,1181,4.500441,7297
227,4.520441,1066,4.520441,6796
228,4.540441,893,4.540441,5752
229,4.560441,733,4.560441,4625
230,4.580441,549,4.580441,3325
231,4.600441,394,4.600441,2601
232,4.620441,338,4.620441,2033
233,4.640441,309,4.640441,1752
234,4.660441,282,4.660441,1651
235,4.680441,240,4.680441,1539
236,4.700441,209,4.700441,1487
237,4.720441,186,4.720441,1546
238,4.740441,157,4.740441,1535
239,4.760441,181,4.760441,1639
240,4.780441,229,4.780441,1873
241,4.800441,243,4.800441,2057
242,4.820441,289,4.820441,2233
243,4.840441,342,4.840441,2429
244,4.860441,352,4.860441,2416
245,4.880441,366,4.880441,2518
246,4.900441,366,4.900441,2646
247,4.920441,361,4.920441,2593
248,4.940441,345,4.940441,2580
249,4.960441,251,4.960441,2383
250,4.980441,249,4.980441,2310
251,5.000441,182,5.000441,2078
252,5.020441,161,5.020441,2001
253,5.040441,118,5.040441,1931
254,5.060441,96,5.060441,1897
255,5.080441,75,5.080441,1843
256,5.100441,91,5.100441,1923
257,5.120441,82,5.120441,1926
258,5.140441,123,5.140441,1990
259,5.160441,118,5.160441,2109
260,5.180441,131,5.180441,1986
261,5.200441,117,5.200441,1963
262,5.220441,115,5.220441,1974
263,5.240441,130,5.240441,1910
264,5.260441,128,5.260441,1944
265,5.280441,134,5.280441,1932
266,5.300441,117,5.300441,1940
267,5.320441,155,5.320441,1962
268,5.340441,117,5.340441,2032
269,5.360441,127,5.360441,2041
270,5.380441,149,5.380441,2067
271,5.400441,176,5.400441,2134
272,5.420441,141,5.420441,2118
273,5.440441,165,5.440441,2053
274,5.460441,133,5.460441,2153
275,5.480441,156,5.480441,2066
276,5.500441,128,5.500441,2049
277,5.520441,110,5.520441,2040
278,5.540441,114,5.540441,1966
279,5.560441,123,5.560441,1968
280,5.580441,98,5.580441,1998
281,5.600441,94,5.600441,2046
282,5.620441,79,5.620441,1952
283,5.640441,96,5.640441,1848
284,5.660441,102,5.660441,1912
285,5.680441,93,5.680441,1940
286,5.700441,92,5.700441,1920
287,5.720441,112,5.720441,2012
288,5.740441,162,5.740441,2081
289,5.760441,264,5.760441,2346
290,5.780441,440,5.780441,2837
291,5.800441,706,5.800441,3524
292,5.820441,1092,5.820441,4419
293,5.840441,1365,5.840441,5457
294,5.860441,1728,5.860441,6426
295,5.880441,1930,5.880441,6959
296,5.900441,1999,5.900441,7237
297,5.920441,1837,5.920441,6504
298,5.940441,1458,5.940441,5595
299,5.960441,1058,5.960441,4527
300,5.980441,706,5.980441,3537
301,6.000441,410,6.000441,2804
302,6.020441,272,6.020441,2443
303,6.040441,196,6.040441,2236
304,6.060441,158,6.060441,2051
305,6.080441,140,6.080441,2109
306,6.100441,146,6.100441,2038
307,6.120441,147,6.120441,2028
308,6.140441,168,6.140441,2128
309,6.160441,234,6.160441,2230
310,6.180441,307,6.180441,2338
311,6.200441,456,6.200441,2667
312,6.220441,998,6.220441,3584
313,6.240441,2042,6.240441,5280
314,6.260441,4335,6.260441,9356
315,6.280441,8391,6.280441,16386
316,6.300441,14286,6.300441,27581
317,6.320441,22689,6.320441,43442
318,6.340441,32486,6.340441,62150
319,6.360441,41529,6.360441,79783
320,6.380441,47707,6.380441,91813
321,6.400441,49175,6.400441,94588
322,6.420441,45404,6.420441,87632
323,6.440441,37232,6.440441,71975
324,6.460441,27725,6.460441,53998
325,6.480441,18467,6.480441,36350
326,6.500441,11167,6.500441,22614
327,6.520441,6205,6.520441,13023
328,6.540441,3138,6.540441,7333
329,6.560441,1498,6.560441,4495
330,6.580441,741,6.580441,3074
331,6.600441,395,6.600441,2373
332,6.620441,271,6.620441,2106
333,6.640441,196,6.640441,1915
334,6.660441,197,6.660441,1904
335,6.680441,147,6.680441,1923
336,6.700441,172,6.700441,1831
337,6.720441,157,6.720441,1932
338,6.740441,151,6.740441,2020
339,6.760441,192,6.760441,1860
340,6.780441,195,6.780441,1888
341,6.800441,228,6.800441,2041
342,6.820441,282,6.820441,2100
343,6.840441,282,6.840441,2141
344,6.860441,394,6.860441,2353
345,6.880441,544,6.880441,2675
346,6.900441,833,6.900441,3042
347,6.920441,1253,6.920441,3861
348,6.940441,2044,6.940441,5052
349,6.960441,3227,6.960441,7084
350,6.980441,4514,6.980441,9510
351,7.000441,6021,7.000441,12002
352,7.020441,7211,7.020441,14093
353,7.040441,8042,7.040441,15205
354,7.060441,7813,7.060441,15053
355,7.080441,7134,7.080441,14014
356,7.100441,5858,7.100441,11893
357,7.120441,4448,7.120441,9088
358,7.140441,3028,7.140441,6709
359,7.160441,1862,7.160441,4806
360,7.180441,1092,7.180441,3381
361,7.200441,580,7.200441,2509
362,7.220441,286,7.220441,2127
363,7.240441,150,7.240441,1968
364,7.260441,102,7.260441,1922
365,7.280441,75,7.280441,1847
366,7.300441,93,7.300441,1887
367,7.320441,87,7.320441,1969
368,7.340441,87,7.340441,2021
369,7.360441,130,7.360441,2060
370,7.380441,166,7.380441,2325
371,7.400441,204,7.400441,2542
372,7.420441,284,7.420441,2778
373,7.440441,283,7.440441,2925
374,7.460441,328,7.460441,3097
375,7.480441,273,7.480441,2970
376,7.500441,300,7.500441,2785
377,7.520441,220,7.520441,2638
378,7.540441,179,7.540441,2410
379,7.560441,138,7.560441,2064
380,7.580441,110,7.580441,1888
381,7.600441,90,7.600441,1743
382,7.620441,73,7.620441,1627
383,7.640441,64,7.640441,1633
384,7.660441,64,7.660441,1612
385,7.680441,60,7.680441,1509
386,7.700441,75,7.700441,1605
387,7.720441,56,7.720441,1502
388,7.740441,72,7.740441,1564
389,7.760441,96,7.760441,1504
390,7.780441,67,7.780441,1584
391,7.800441,84,7.800441,1575
392,7.820441,87,7.820441,1584
393,7.840441,100,7.840441,1546
394,7.860441,153,7.860441,1698
395,7.880441,194,7.880441,1714
396,7.900441,285,7.900441,1695
397,7.920441,453,7.920441,1849
398,7.940441,722,7.940441,2066
399,7.960441,924,7.960441,2135
400,7.980441,1271,7.980441,2414
401,8.000441,1531,8.000441,2696
402,8.020441,1670,8.020441,2707
403,8.040442,1809,8.040442,2759
404,8.060441,1615,8.060441,2792
405,8.080441,1500,8.080441,2687
406,8.100441,1120,8.100441,2494
407,8.120441,805,8.120441,2335
408,8.140441,564,8.140441,2235
409,8.160441,389,8.160441,2108
410,8.180441,244,8.180441,2030
411,8.200441,154,8.200441,1902
412,8.220441,166,8.220441,1933
413,8.240441,139,8.240441,1898
414,8.260441,121,8.260441,1810
415,8.280441,136,8.280441,1868
416,8.300441,146,8.300441,1720
417,8.320441,131,8.320441,1736
418,8.340441,130,8.340441,1729
419,8.360441,150,8.360441,1629
420,8.380441,126,8.380441,1617
421,8.400441,145,8.400441,1709
422,8.420441,198,8.420441,1615
423,8.440441,308,8.440441,1641
424,8.460441,534,8.460441,1730
425,8.480441,903,8.480441,1961
426,8.500441,1390,8.500441,2213
427,8.520441,2215,8.520441,2439
428,8.540442,3334,8.540442,3097
429,8.560441,4547,8.560441,3658
430,8.580441,5786,8.580441,4094
431,8.600441,6694,8.600441,4515
432,8.620441,6942,8.620441,4667
433,8.640441,6769,8.640441,4616
434,8.660441,6205,8.660441,4489
435,8.680441,5049,8.680441,3931
436,8.700441,3928,8.700441,3400
437,8.720441,2785,8.720441,2833
438,8.740441,1741,8.740441,2314
439,8.760441,1177,8.760441,2080
440,8.780441,706,8.780441,1886
441,8.800441,523,8.800441,1818
442,8.820441,395,8.820441,1739
443,8.840441,369,8.840441,1871
444,8.860441,375,8.860441,1827
445,8.880441,380,8.880441,1791
446,8.900441,415,8.900441,1889
447,8.920441,367,8.920441,1776
448,8.940441,350,8.940441,1809
449,8.960441,326,8.960441,1721
450,8.980441,293,8.980441,1719
451,9.000441,239,9.000441,1754
452,9.020441,207,9.020441,1629
453,9.040442,218,9.040442,1610
454,9.060441,212,9.060441,1561
455,9.080441,259,9.080441,1672
456,9.100441,296,9.100441,1632
457,9.120441,401,9.120441,1676
458,9.140441,451,9.140441,1713
459,9.160441,509,9.160441,1673
460,9.180441,616,9.180441,1614
461,9.200441,584,9.200441,1715
462,9.220441,554,9.220441,1764
463,9.240441,542,9.240441,1740
464,9.260441,476,9.260441,1611
465,9.280441,439,9.280441,1643
466,9.300441,417,9.300441,1635
467,9.320441,340,9.320441,1636
468,9.340441,289,9.340441,1705
469,9.360441,266,9.360441,1706
470,9.380441,269,9.380441,1645
471,9.400441,314,9.400441,1654
472,9.420441,352,9.420441,1719
473,9.440441,442,9.440441,1807
474,9.460441,629,9.460441,1774
475,9.480441,717,9.480441,1848
476,9.500441,970,9.500441,2017
477,9.520441,1080,9.520441,1968
478,9.540442,1266,9.540442,2089
479,9.560441,1288,9.560441,2128
480,9.580441,1297,9.580441,2074
481,9.600441,1164,9.600441,2065
482,9.620441,997,9.620441,2037
483,9.640441,844,9.640441,1897
484,9.660441,707,9.660441,1975
485,9.680441,552,9.680441,1833
486,9.700441,380,9.700441,1799
487,9.720441,309,9.720441,1757
488,9.740441,277,9.740441,1821
489,9.760441,283,9.760441,1668
490,9.780441,290,9.780441,1706
491,9.800441,224,9.800441,1671
492,9.820441,214,9.820441,1650
493,9.840441,230,9.840441,1583
494,9.860441,268,9.860441,1568
495,9.880441,244,9.880441,1477
496,9.900441,230,9.900441,1553
497,9.920441,244,9.920441,1577
498,9.940441,259,9.940441,1548
499,9.960441,265,9.960441,1637
500,9.980441,288,9.980441,1604
501,10.00044,242,10.00044,1542
502,10.02044,296,10.02044,1600
503,10.04044,242,10.04044,1537
504,10.06044,266,10.06044,1559
505,10.08044,267,10.08044,1589
506,10.10044,271,10.10044,1574
507,10.12044,302,10.12044,1551
508,10.14044,330,10.14044,1515
509,10.16044,291,10.16044,1520
510,10.18044,355,10.18044,1544
511,10.20044,329,10.20044,1531
512,10.22044,353,10.22044,1481
513,10.24044,399,10.24044,1445
514,10.26044,411,10.26044,1533
515,10.28044,469,10.28044,1482
516,10.30044,542,10.30044,1471
517,10.32044,639,10.32044,1511
518,10.34044,863,10.34044,1561
519,10.36044,1082,10.36044,1598
520,10.38044,1429,10.38044,1595
521,10.40044,2166,10.40044,1579
522,10.42044,2873,10.42044,1680
523,10.44044,3836,10.44044,1657
524,10.46044,4883,10.46044,1679
525,10.48044,5844,10.48044,1772
526,10.50044,6917,10.50044,1761
527,10.52044,7641,10.52044,1726
528,10.54044,7588,10.54044,1818
529,10.56044,7052,10.56044,1762
530,10.58044,6649,10.58044,1722
531,10.60044,5571,10.60044,1675
532,10.62044,4400,10.62044,1543
533,10.64044,3383,10.64044,1526
534,10.66044,2382,10.66044,1446
535,10.68044,1784,10.68044,1417
536,10.70044,1151,10.70044,1400
537,10.72044,880,10.72044,1401
538,10.74044,664,10.74044,1335
539,10.76044,582,10.76044,1354
540,10.78044,531,10.78044,1316
541,10.80044,507,10.80044,1299
542,10.82044,478,10.82044,1326
543,10.84044,474,10.84044,1336
544,10.86044,455,10.86044,1328
545,10.88044,451,10.88044,1301
546,10.90044,423,10.90044,1413
547,10.92044,454,10.92044,1322
548,10.94044,513,10.94044,1318
549,10.96044,483,10.96044,1317
550,10.98044,476,10.98044,1387
551,11.00044,467,11.00044,1264
552,11.02044,482,11.02044,1288
553,11.04044,484,11.04044,1281
554,11.06044,500,11.06044,1236
555,11.08044,508,11.08044,1175
556,11.10044,528,11.10044,1193
557,11.12044,529,11.12044,1237
558,11.14044,549,11.14044,1287
559,11.16044,529,11.16044,1229
560,11.18044,560,11.18044,1206
561,11.20044,603,11.20044,1163
562,11.22044,575,11.22044,1164
563,11.24044,571,11.24044,1240
564,11.26044,625,11.26044,1244
565,11.28044,658,11.28044,1219
566,11.30044,643,11.30044,1239
567,11.32044,699,11.32044,1156
568,11.34044,689,11.34044,1200
569,11.36044,694,11.36044,1164
570,11.38044,688,11.38044,1185
571,11.40044,630,11.40044,1102
572,11.42044,693,11.42044,1131
573,11.44044,655,11.44044,1120
574,11.46044,659,11.46044,1148
575,11.48044,640,11.48044,1115
576,11.50044,663,11.50044,1096
577,11.52044,588,11.52044,1121
578,11.54044,639,11.54044,1092
579,11.56044,707,11.56044,1075
580,11.58044,661,11.58044,1100
581,11.60044,696,11.60044,1071
582,11.62044,745,11.62044,1144
583,11.64044,751,11.64044,1105
584,11.66044,779,11.66044,1067
585,11.68044,863,11.68044,1140
586,11.70044,832,11.70044,1095
587,11.72044,843,11.72044,1122
588,11.74044,805,11.74044,1050
589,11.76044,817,11.76044,1038
590,11.78044,806,11.78044,1086
591,11.80044,796,11.80044,1092
592,11.82044,787,11.82044,1007
593,11.84044,797,11.84044,1053
594,11.86044,763,11.86044,1023
595,11.88044,783,11.88044,1061
596,11.90044,739,11.90044,1032
597,11.92044,723,11.92044,975
598,11.94044,766,11.94044,969
599,11.96044,727,11.96044,983
600,11.98044,745,11.98044,975
601,12.00044,829,12.00044,956
602,12.02044,783,12.02044,948
603,12.04044,812,12.04044,958
604,12.06044,871,12.06044,987
605,12.08044,882,12.08044,931
606,12.10044,852,12.10044,935
607,12.12044,931,12.12044,929
608,12.14044,927,12.14044,901
609,12.16044,1031,12.16044,934
610,12.18044,1026,12.18044,877
611,12.20044,1018,12.20044,886
612,12.22044,1103,12.22044,925
613,12.24044,1152,12.24044,965
614,12.26044,1181,12.26044,853
615,12.28044,1171,12.28044,874
616,12.30044,1198,12.30044,883
617,12.32044,1223,12.32044,863
618,12.34044,1211,12.34044,860
619,12.36044,1174,12.36044,819
620,12.38044,1235,12.38044,877
621,12.40044,1332,12.40044,820
622,12.42044,1412,12.42044,735
623,12.44044,1624,12.44044,853
624,12.46044,2122,12.46044,796
625,12.48044,2717,12.48044,795
626,12.50044,3415,12.50044,782
627,12.52044,4234,12.52044,803
628,12.54044,5092,12.54044,803
629,12.56044,5823,12.56044,851
630,12.58044,6378,12.58044,837
631,12.60044,6652,12.60044,806
632,12.62044,6579,12.62044,763
633,12.64044,6190,12.64044,760
634,12.66044,5656,12.66044,840
635,12.68044,4984,12.68044,784
636,12.70044,4098,12.70044,802
637,12.72044,3444,12.72044,811
638,12.74044,2820,12.74044,780
639,12.76044,2342,12.76044,825
640,12.78044,1991,12.78044,831
641,12.80044,1798,12.80044,840
642,12.82044,1657,12.82044,766
643,12.84044,1546,12.84044,811
644,12.86044,1466,12.86044,683
645,12.88044,1412,12.88044,782
646,12.90044,1377,12.90044,744
647,12.92044,1384,12.92044,696
648,12.94044,1353,12.94044,714
649,12.96044,1384,12.96044,653
650,12.98044,1386,12.98044,632
651,13.00044,1373,13.00044,637
652,13.02044,1350,13.02044,644
653,13.04044,1371,13.04044,607
654,13.06044,1313,13.06044,602
655,13.08044,1268,13.08044,585
656,13.10044,1268,13.10044,600
657,13.12044,1333,13.12044,585
658,13.14044,1253,13.14044,524
659,13.16044,1449,13.16044,545
660,13.18044,1519,13.18044,580
661,13.20044,1790,13.20044,495
662,13.22044,1992,13.22044,570
663,13.24044,2364,13.24044,561
664,13.26044,2838,13.26044,537
665,13.28044,3319,13.28044,503
666,13.30044,3846,13.30044,521
667,13.32044,4068,13.32044,529
668,13.34044,4375,13.34044,498
669,13.36044,4591,13.36044,519
670,13.38044,4615,13.38044,517
671,13.40044,4396,13.40044,517
672,13.42044,3943,13.42044,465
673,13.44044,3486,13.44044,480
674,13.46044,2924,13.46044,488
675,13.48044,2591,13.48044,496
676,13.50044,2229,13.50044,458
677,13.52044,1854,13.52044,491
678,13.54044,1577,13.54044,470
679,13.56044,1505,13.56044,423
680,13.58044,1332,13.58044,420
681,13.60044,1266,13.60044,449
682,13.62044,1248,13.62044,423
683,13.64044,1202,13.64044,379
684,13.66044,1283,13.66044,395
685,13.68044,1279,13.68044,391
686,13.70044,1259,13.70044,352
687,13.72044,1265,13.72044,368
688,13.74044,1185,13.74044,328
689,13.76044,1243,13.76044,365
690,13.78044,1211,13.78044,343
691,13.80044,1274,13.80044,314
692,13.82044,1284,13.82044,337
693,13.84044,1267,13.84044,314
694,13.86044,1322,13.86044,346
695,13.88044,1349,13.88044,340
696,13.90044,1396,13.90044,303
697,13.92044,1514,13.92044,331
698,13.94044,1706,13.94044,277
699,13.96044,1927,13.96044,274
700,13.98044,2147,13.98044,258
701,14.00044,2565,14.00044,287
702,14.02044,3043,14.02044,273
703,14.04044,3444,14.04044,231
704,14.06044,3804,14.06044,217
705,14.08044,4262,14.08044,238
706,14.10044,4572,14.10044,248
707,14.12044,4701,14.12044,205
708,14.14044,4815,14.14044,236
709,14.16044,4553,14.16044,198
710,14.18044,4226,14.18044,169
711,14.20044,3952,14.20044,200
712,14.22044,3508,14.22044,195
713,14.24044,3012,14.24044,177
714,14.26044,2573,14.26044,164
715,14.28044,2222,14.28044,170
716,14.30044,1993,14.30044,143
717,14.32044,1805,14.32044,155
718,14.34044,1617,14.34044,164
719,14.36044,1496,14.36044,126
720,14.38044,1466,14.38044,119
721,14.40044,1493,14.40044,141
722,14.42044,1413,14.42044,116
723,14.44044,1446,14.44044,116
724,14.46044,1405,14.46044,104
725,14.48044,1499,14.48044,113
726,14.50044,1476,14.50044,114
727,14.52044,1459,14.52044,85
728,14.54044,1435,14.54044,97
729,14.56044,1507,14.56044,95
730,14.58044,1636,14.58044,90
731,14.60044,1776,14.60044,86
732,14.62044,1741,14.62044,83
733,14.64044,2008,14.64044,70
734,14.66044,1939,14.66044,64
735,14.68044,2131,14.68044,60
736,14.70044,2337,14.70044,63
737,14.72044,2528,14.72044,60
738,14.74044,2521,14.74044,48
739,14.76044,2605,14.76044,56
740,14.78044,2633,14.78044,53
741,14.80044,2717,14.80044,43
742,14.82044,2822,14.82044,44
743,14.84044,2741,14.84044,33
744,14.86044,2831,14.86044,35
745,14.88044,2860,14.88044,22
746,14.90044,2975,14.90044,22
747,14.92044,2991,14.92044,24
748,14.94044,2905,14.94044,25
749,14.96044,2765,14.96044,38
750,14.98044,2738,14.98044,26
751,15.00044,2721,15.00044,23
752,15.02044,2573,15.02044,21
753,15.04044,2369,15.04044,24
754,15.06044,2231,15.06044,22
755,15.08044,2143,15.08044,33
756,15.10044,1990,15.10044,32
757,15.12044,2037,15.12044,28
758,15.14044,2012,15.14044,15
759,15.16044,2033,15.16044,14
760,15.18044,1958,15.18044,19
761,15.20044,1946,15.20044,10
762,15.22044,1822,15.22044,8
763,15.24044,1815,15.24044,17
764,15.26044,1782,15.26044,12
765,15.28044,1771,15.28044,17
766,15.30044,1696,15.30044,10
767,15.32044,1646,15.32044,9
768,15.34044,1703,15.34044,14
769,15.36044,1660,15.36044,11
770,15.38044,1699,15.38044,13
771,15.40044,1602,15.40044,15
772,15.42044,1647,15.42044,12
773,15.44044,1770,15.44044,19
774,15.46044,1774,15.46044,11
775,15.48044,1933,15.48044,8
776,15.50044,2065,15.50044,9
777,15.52044,2235,15.52044,19
778,15.54044,2458,15.54044,17
779,15.56044,2845,15.56044,14
780,15.58044,3251,15.58044,9
781,15.60044,3806,15.60044,10
782,15.62044,4514,15.62044,10
783,15.64044,5233,15.64044,10
784,15.66044,5733,15.66044,16
785,15.68044,6374,15.68044,15
786,15.70044,6926,15.70044,14
787,15.72044,7232,15.72044,9
788,15.74044,7408,15.74044,13
789,15.76044,7185,15.76044,11
790,15.78044,6776,15.78044,12
791,15.80044,6437,15.80044,8
792,15.82044,5854,15.82044,14
793,15.84044,4930,15.84044,12
794,15.86044,4390,15.86044,22
795,15.88044,3675,15.88044,19
796,15.90044,3117,15.90044,8
797,15.92044,2815,15.92044,15
798,15.94044,2361,15.94044,12
799,15.96044,2089,15.96044,18
800,15.98044,2049,15.98044,11
801,16.00044,1846,16.00044,11
802,16.02044,1905,16.02044,12
803,16.04044,1788,16.04044,13
804,16.06044,1762,16.06044,13
805,16.08044,1850,16.08044,13
806,16.10044,1841,16.10044,11
807,16.12044,1861,16.12044,10
808,16.14044,1920,16.14044,10
809,16.16044,1820,16.16044,9
810,16.18044,1780,16.18044,20
811,16.20044,1799,16.20044,8
812,16.22044,1816,16.22044,9
813,16.24044,1794,16.24044,15
814,16.26044,1794,16.26044,12
815,16.28044,1768,16.28044,14
816,16.30044,1768,16.30044,13
817,16.32044,1774,16.32044,13
818,16.34044,1796,16.34044,9
819,16.36044,1795,16.36044,6
820,16.38044,1839,16.38044,16
821,16.40044,1856,16.40044,18
822,16.42044,1930,16.42044,11
823,16.44044,1910,16.44044,13
824,16.46044,2131,16.46044,11
825,16.48044,2088,16.48044,11
826,16.50044,2181,16.50044,11
827,16.52044,2204,16.52044,6
828,16.54044,2317,16.54044,7
829,16.56044,2298,16.56044,11
830,16.58044,2263,16.58044,9
831,16.60044,2310,16.60044,8
832,16.62044,2251,16.62044,6
833,16.64044,2304,16.64044,14
834,16.66044,2191,16.66044,10
835,16.68044,2116,16.68044,7
836,16.70044,2099,16.70044,9
837,16.72044,2086,16.72044,15
838,16.74044,1973,16.74044,10
839,16.76044,1975,16.76044,11
840,16.78044,1942,16.78044,6
841,16.80044,1860,16.80044,10
842,16.82044,1890,16.82044,10
843,16.84044,1924,16.84044,7
844,16.86044,1860,16.86044,8
845,16.88044,1834,16.88044,5
846,16.90044,1868,16.90044,6
847,16.92044,1919,16.92044,13
848,16.94044,1791,16.94044,7
849,16.96044,1841,16.96044,20
850,16.98044,1833,16.98044,17
851,17.00044,1830,17.00044,12
852,17.02044,1911,17.02044,4
853,17.04044,1796,17.04044,9
854,17.06044,1870,17.06044,13
855,17.08044,1934,17.08044,8
856,17.10044,1892,17.10044,10
857,17.12044,1839,17.12044,6
858,17.14044,1853,17.14044,8
859,17.16044,1938,17.16044,10
860,17.18044,1897,17.18044,11
861,17.20044,1861,17.20044,9
862,17.22044,1980,17.22044,12
863,17.24044,1932,17.24044,12
864,17.26044,2027,17.26044,3
865,17.28044,2104,17.28044,8
866,17.30044,1997,17.30044,9
867,17.32044,2110,17.32044,3
868,17.34044,2208,17.34044,7
869,17.36044,2072,17.36044,10
870,17.38044,2240,17.38044,4
871,17.40044,2237,17.40044,14
872,17.42044,2297,17.42044,11
873,17.44044,2242,17.44044,9
874,17.46044,2348,17.46044,9
875,17.48044,2413,17.48044,4
876,17.50044,2393,17.50044,14
877,17.52044,2607,17.52044,5
878,17.54044,2595,17.54044,9
879,17.56044,2668,17.56044,7
880,17.58044,2823,17.58044,10
881,17.60044,2808,17.60044,4
882,17.62044,2794,17.62044,9
883,17.64044,2820,17.64044,5
884,17.66044,2984,17.66044,7
885,17.68044,2933,17.68044,7
886,17.70044,2870,17.70044,8
887,17.72044,2705,17.72044,6
888,17.74044,2562,17.74044,9
889,17.76044,2426,17.76044,8
890,17.78044,2424,17.78044,7
891,17.80044,2352,17.80044,6
892,17.82044,2322,17.82044,8
893,17.84044,2305,17.84044,10
894,17.86044,2333,17.86044,6
895,17.88044,2275,17.88044,8
896,17.90044,2329,17.90044,9
897,17.92044,2370,17.92044,5
898,17.94044,2327,17.94044,4
899,17.96044,2370,17.96044,4
900,17.98044,2371,17.98044,6
901,18.00044,2389,18.00044,8
902,18.02044,2398,18.02044,7
903,18.04044,2374,18.04044,5
904,18.06044,2336,18.06044,10
905,18.08044,2383,18.08044,10
906,18.10044,2421,18.10044,5
907,18.12044,2516,18.12044,8
908,18.14044,2377,18.14044,9
909,18.16044,2492,18.16044,7
910,18.18044,2526,18.18044,4
911,18.20044,2547,18.20044,9
912,18.22044,2544,18.22044,13
913,18.24044,2556,18.24044,11
914,18.26044,2587,18.26044,9
915,18.28044,2787,18.28044,5
916,18.30044,2786,18.30044,3
917,18.32044,2787,18.32044,7
918,18.34044,2818,18.34044,7
919,18.36044,2928,18.36044,7
920,18.38044,2921,18.38044,2
921,18.40044,2946,18.40044,5
922,18.42044,3138,18.42044,3
923,18.44044,3093,18.44044,5
924,18.46044,3125,18.46044,6
925,18.48044,3363,18.48044,5
926,18.50044,3506,18.50044,5
927,18.52044,3537,18.52044,7
928,18.54044,3686,18.54044,6
929,18.56044,3831,18.56044,6
930,18.58044,4045,18.58044,7
931,18.60044,4195,18.60044,4
932,18.62044,4337,18.62044,13
933,18.64044,4579,18.64044,5
934,18.66044,4722,18.66044,3
935,18.68044,4955,18.68044,10
936,18.70044,5079,18.70044,7
937,18.72044,5231,18.72044,7
938,18.74044,5444,18.74044,4
939,18.76044,5675,18.76044,5
940,18.78044,5857,18.78044,5
941,18.80044,6111,18.80044,2
942,18.82044,6446,18.82044,7
943,18.84044,6584,18.84044,4
944,18.86044,6860,18.86044,7
945,18.88044,6925,18.88044,7
946,18.90044,7322,18.90044,6
947,18.92044,7423,18.92044,5
948,18.94044,7491,18.94044,7
949,18.96044,7530,18.96044,4
950,18.98044,7638,18.98044,6
951,19.00044,7665,19.00044,2
952,19.02044,7712,19.02044,4
953,19.04044,7934,19.04044,2
954,19.06044,7748,19.06044,2
955,19.08044,7639,19.08044,3
956,19.10044,7742,19.10044,2
957,19.12044,7583,19.12044,5
958,19.14044,7468,19.14044,8
959,19.16044,7335,19.16044,2
960,19.18044,7158,19.18044,6
961,19.20044,6907,19.20044,3
962,19.22044,6830,19.22044,5
963,19.24044,6567,19.24044,3
964,19.26044,6513,19.26044,1
965,19.28044,6019,19.28044,1
966,19.30044,5828,19.30044,5
967,19.32044,5567,19.32044,4
968,19.34044,5412,19.34044,4
969,19.36044,5233,19.36044,3
970,19.38044,5035,19.38044,5
971,19.40044,4805,19.40044,3
972,19.42044,4698,19.42044,4
973,19.44044,4461,19.44044,6
974,19.46044,4215,19.46044,1
975,19.48044,4025,19.48044,5
976,19.50044,3894,19.50044,7
977,19.52044,3842,19.52044,3
978,19.54044,3639,19.54044,8
979,19.56044,3394,19.56044,5
980,19.58044,3311,19.58044,4
981,19.60044,3197,19.60044,3
982,19.62044,3042,19.62044,2
983,19.64044,3014,19.64044,2
984,19.66044,2914,19.66044,5
985,19.68044,2771,19.68044,4
986,19.70044,2639,19.70044,6
987,19.72044,2663,19.72044,9
988,19.74044,2764,19.74044,2
989,19.76044,2581,19.76044,1
990,19.78044,2495,19.78044,4
991,19.80044,2568,19.80044,7
992,19.82044,2497,19.82044,8
993,19.84044,2508,19.84044,1
994,19.86044,2589,19.86044,2
995,19.88044,2661,19.88044,3
996,19.90044,2887,19.90044,3
997,19.92044,3078,19.92044,1
998,19.94044,3306,19.94044,2
999,19.96044,3589,19.96044,1
1000,19.98044,3977,19.98044,4
1001,20.00044,4200,20.00044,3
1002,20.02044,4630,20.02044,1
1003,20.04044,4928,20.04044,2
1004,20.06044,5281,20.06044,4
1005,20.08044,5475,20.08044,8
1006,20.10044,6046,20.10044,5
1007,20.12044,6043,20.12044,3
1008,20.14044,6178,20.14044,3
1009,20.16044,6355,20.16044,3
1010,20.18044,6144,20.18044,1
1011,20.20044,5938,20.20044,3
1012,20.22044,5609,20.22044,1
1013,20.24044,5350,20.24044,5
1014,20.26044,4856,20.26044,3
1015,20.28044,4390,20.28044,1
1016,20.30044,3847,20.30044,1
1017,20.32044,3339,20.32044,4
1018,20.34044,3057,20.34044,5
1019,20.36044,2795,20.36044,5
1020,20.38044,2544,20.38044,3
1021,20.40044,2338,20.40044,3
1022,20.42044,2085,20.42044,4
1023,20.44044,2032,20.44044,5
1024,20.46044,2040,20.46044,3
1025,20.48044,1992,20.48044,1
1026,20.50044,1815,20.50044,4
1027,20.52044,1928,20.52044,4
1028,20.54044,1912,20.54044,2
1029,20.56044,2032,20.56044,2
1030,20.58044,1891,20.58044,0
1031,20.60044,2010,20.60044,5
1032,20.62044,1977,20.62044,2
1033,20.64044,2008,20.64044,2
1034,20.66044,1959,20.66044,2
1035,20.68044,2011,20.68044,2
1036,20.70044,2009,20.70044,2
1037,20.72044,2021,20.72044,1
1038,20.74044,2019,20.74044,1
1039,20.76044,2079,20.76044,2
1040,20.78044,2118,20.78044,2
1041,20.80044,2096,20.80044,2
1042,20.82044,2108,20.82044,2
1043,20.84044,2167,20.84044,1
1044,20.86044,2207,20.86044,0
1045,20.88044,2404,20.88044,0
1046,20.90044,2249,20.90044,0
1047,20.92044,2242,20.92044,1
1048,20.94044,2353,20.94044,4
1049,20.96044,2389,20.96044,0
1050,20.98044,2397,20.98044,0
1051,21.00044,2438,21.00044,2
1052,21.02044,2535,21.02044,0
1053,21.04044,2429,21.04044,2
1054,21.06044,2537,21.06044,4
1055,21.08044,2556,21.08044,1
1056,21.10044,2584,21.10044,2
1057,21.12044,2560,21.12044,1
1058,21.14044,2611,21.14044,3
1059,21.16044,2691,21.16044,3
1060,21.18044,2719,21.18044,0
1061,21.20044,2612,21.20044,1
1062,21.22044,2751,21.22044,1
1063,21.24044,2661,21.24044,2
1064,21.26044,2776,21.26044,1
1065,21.28044,2805,21.28044,3
1066,21.30044,2769,21.30044,1
1067,21.32044,2828,21.32044,1
1068,21.34044,2792,21.34044,1
1069,21.36044,2693,21.36044,0
1070,21.38044,2741,21.38044,1
1071,21.40044,2730,21.40044,1
1072,21.42044,2629,21.42044,1
1073,21.44044,2608,21.44044,3
1074,21.46044,2618,21.46044,4
1075,21.48044,2601,21.48044,0
1076,21.50044,2650,21.50044,0
1077,21.52044,2575,21.52044,3
1078,21.54044,2554,21.54044,1
1079,21.56044,2485,21.56044,0
1080,21.58044,2441,21.58044,2
1081,21.60044,2412,21.60044,0
1082,21.62044,2301,21.62044,1
1083,21.64044,2411,21.64044,0
1084,21.66044,2329,21.66044,0
1085,21.68044,2326,21.68044,2
1086,21.70044,2149,21.70044,0
1087,21.72044,2206,21.72044,1
1088,21.74044,2117,21.74044,0
1089,21.76044,2124,21.76044,0
1090,21.78044,2098,21.78044,0
1091,21.80044,2058,21.80044,0
1092,21.82044,2048,21.82044,1
1093,21.84044,2024,21.84044,0
1094,21.86044,2044,21.86044,1
1095,21.88044,2070,21.88044,2
1096,21.90044,1970,21.90044,1
1097,21.92044,1928,21.92044,0
1098,21.94044,1886,21.94044,2
1099,21.96044,1931,21.96044,2
1100,21.98044,1887,21.98044,1
1101,22.00044,1867,22.00044,0
1102,22.02044,1877,22.02044,0
1103,22.04044,1917,22.04044,1
1104,22.06044,1905,22.06044,0
1105,22.08044,1829,22.08044,1
1106,22.10044,1853,22.10044,1
1107,22.12044,1855,22.12044,0
1108,22.14044,1838,22.14044,1
1109,22.16044,1708,22.16044,0
1110,22.18044,1725,22.18044,1
1111,22.20044,1735,22.20044,1
1112,22.22044,1659,22.22044,1
1113,22.24044,1620,22.24044,1
1114,22.26044,1730,22.26044,1
1115,22.28044,1675,22.28044,4
1116,22.30044,1698,22.30044,1
1117,22.32044,1661,22.32044,0
1118,22.34044,1574,22.34044,1
1119,22.36044,1663,22.36044,0
1120,22.38044,1572,22.38044,1
1121,22.40044,1627,22.40044,1
1122,22.42044,1618,22.42044,0
1123,22.44044,1640,22.44044,0
1124,22.46044,1621,22.46044,2
1125,22.48044,1655,22.48044,0
1126,22.50044,1753,22.50044,3
1127,22.52044,1772,22.52044,1
1128,22.54044,1865,22.54044,0
1129,22.56044,1802,22.56044,1
1130,22.58044,1988,22.58044,0
1131,22.60044,2000,22.60044,0
1132,22.62044,2065,22.62044,1
1133,22.64044,2116,22.64044,0
1134,22.66044,2300,22.66044,0
1135,22.68044,2254,22.68044,0
1136,22.70044,2269,22.70044,0
1137,22.72044,2231,22.72044,0
1138,22.74044,2107,22.74044,1
1139,22.76044,2089,22.76044,0
1140,22.78044,2024,22.78044,1
1141,22.80044,1898,22.80044,0
1142,22.82044,1710,22.82044,0
1143,22.84044,1726,22.84044,1
1144,22.86044,1655,22.86044,0
1145,22.88044,1550,22.88044,1
1146,22.90044,1600,22.90044,0
1147,22.92044,1546,22.92044,0
1148,22.94044,1526,22.94044,1
1149,22.96044,1483,22.96044,0
1150,22.98044,1551,22.98044,2
1151,23.00044,1477,23.00044,0
1152,23.02044,1519,23.02044,0
1153,23.04044,1637,23.04044,2
1154,23.06044,1593,23.06044,0
1155,23.08044,1576,23.08044,1
1156,23.10044,1571,23.10044,0
1157,23.12044,1604,23.12044,1
1158,23.14044,1584,23.14044,0
1159,23.16044,1579,23.16044,0
1160,23.18044,1509,23.18044,0
1161,23.20044,1480,23.20044,0
1162,23.22044,1550,23.22044,2
1163,23.24044,1517,23.24044,1
1164,23.26044,1487,23.26044,0
1165,23.28044,1444,23.28044,0
1166,23.30044,1469,23.30044,0
1167,23.32044,1413,23.32044,0
1168,23.34044,1438,23.34044,1
1169,23.36044,1398,23.36044,0
1170,23.38044,1426,23.38044,2
1171,23.40044,1366,23.40044,0
1172,23.42044,1377,23.42044,1
1173,23.44044,1372,23.44044,0
1174,23.46044,1350,23.46044,0
1175,23.48044,1416,23.48044,1
1176,23.50044,1401,23.50044,2
1177,23.52044,1290,23.52044,1
1178,23.54044,1382,23.54044,2
1179,23.56044,1318,23.56044,3
1180,23.58044,1378,23.58044,0
1181,23.60044,1363,23.60044,1
1182,23.62044,1353,23.62044,0
1183,23.64044,1393,23.64044,1
1184,23.66044,1340,23.66044,0
1185,23.68044,1340,23.68044,0
1186,23.70044,1364,23.70044,1
1187,23.72044,1351,23.72044,1
1188,23.74044,1322,23.74044,3
1189,23.76044,1363,23.76044,0
1190,23.78044,1413,23.78044,0
1191,23.80044,1331,23.80044,0
1192,23.82044,1391,23.82044,2
1193,23.84044,1386,23.84044,0
1194,23.86044,1298,23.86044,0
1195,23.88044,1264,23.88044,0
1196,23.90044,1340,23.90044,0
1197,23.92044,1341,23.92044,1
1198,23.94044,1280,23.94044,0
1199,23.96044,1331,23.96044,0
1200,23.98044,1347,23.98044,0
1201,24.00044,1303,24.00044,0
1202,24.02044,1362,24.02044,0
1203,24.04044,1354,24.04044,0
1204,24.06044,1291,24.06044,1
1205,24.08044,1349,24.08044,2
1206,24.10044,1395,24.10044,0
1207,24.12044,1367,24.12044,0
1208,24.14044,1327,24.14044,0
1209,24.16044,1324,24.16044,0
1210,24.18044,1309,24.18044,0
1211,24.20044,1338,24.20044,1
1212,24.22044,1307,24.22044,1
1213,24.24044,1307,24.24044,0
1214,24.26044,1370,24.26044,0
1215,24.28044,1286,24.28044,0
1216,24.30044,1248,24.30044,0
1217,24.32044,1296,24.32044,0
1218,24.34044,1320,24.34044,0
1219,24.36044,1254,24.36044,0
1220,24.38044,1308,24.38044,0
1221,24.40044,1316,24.40044,0
1222,24.42044,1293,24.42044,0
1223,24.44044,1319,24.44044,0
1224,24.46044,1316,24.46044,0
1225,24.48044,1323,24.48044,1
1226,24.50044,1274,24.50044,0
1227,24.52044,1251,24.52044,1
1228,24.54044,1291,24.54044,0
1229,24.56044,1178,24.56044,1
1230,24.58044,1294,24.58044,1
1231,24.60044,1200,24.60044,1
1232,24.62044,1249,24.62044,0
1233,24.64044,1259,24.64044,0
1234,24.66044,1274,24.66044,0
1235,24.68044,1271,24.68044,0
1236,24.70044,1230,24.70044,0
1237,24.72044,1255,24.72044,0
1238,24.74044,1254,24.74044,0
1239,24.76044,1233,24.76044,0
1240,24.78044,1222,24.78044,0
1241,24.80044,1260,24.80044,0
1242,24.82044,1210,24.82044,1
1243,24.84044,1265,24.84044,1
1244,24.86044,1208,24.86044,0
1245,24.88044,1285,24.88044,0
1246,24.90044,1298,24.90044,0
1247,24.92044,1303,24.92044,0
1248,24.94044,1293,24.94044,0
1249,24.96044,1386,24.96044,0
1250,24.98044,1268,24.98044,0
1251,25.00044,1267,25.00044,0
1252,25.02044,1272,25.02044,0
1253,25.04044,1235,25.04044,0
1254,25.06044,1268,25.06044,0
1255,25.08044,1217,25.08044,0
1256,25.10044,1243,25.10044,0
1257,25.12044,1333,25.12044,0
1258,25.14044,1335,25.14044,0
1259,25.16044,1296,25.16044,0
1260,25.18044,1315,25.18044,0
1261,25.20044,1262,25.20044,1
1262,25.22044,1268,25.22044,0
1263,25.24044,1312,25.24044,0
1264,25.26044,1356,25.26044,0
1265,25.28044,1310,25.28044,0
1266,25.30044,1322,25.30044,0
1267,25.32044,1255,25.32044,0
1268,25.34044,1210,25.34044,1
1269,25.36044,1210,25.36044,0
1270,25.38044,1235,25.38044,0
1271,25.40044,1219,25.40044,0
1272,25.42044,1217,25.42044,0
1273,25.44044,1235,25.44044,0
1274,25.46044,1264,25.46044,0
1275,25.48044,1166,25.48044,0
1276,25.50044,1177,25.50044,0
1277,25.52044,1157,25.52044,0
1278,25.54044,1189,25.54044,0
1279,25.56044,1162,25.56044,0
1280,25.58044,1127,25.58044,0
1281,25.60044,1155,25.60044,0
1282,25.62044,1157,25.62044,0
1283,25.64044,1123,25.64044,0
1284,25.66044,1120,25.66044,0
1285,25.68044,1148,25.68044,0
1286,25.70044,1119,25.70044,0
1287,25.72044,1180,25.72044,0
1288,25.74044,1215,25.74044,0
1289,25.76044,1124,25.76044,0
1290,25.78044,1052,25.78044,0
1291,25.80044,1086,25.80044,0
1292,25.82044,1130,25.82044,0
1293,25.84044,1139,25.84044,0
1294,25.86044,1130,25.86044,0
1295,25.88044,1130,25.88044,0
1296,25.90044,1166,25.90044,0
1297,25.92044,1145,25.92044,0
1298,25.94044,1219,25.94044,0
1299,25.96044,1137,25.96044,0
1300,25.98044,1139,25.98044,0
1301,26.00044,1175,26.00044,0
1302,26.02044,1134,26.02044,0
1303,26.04044,1155,26.04044,0
1304,26.06044,1213,26.06044,0
1305,26.08044,1163,26.08044,0
1306,26.10044,1246,26.10044,1
1307,26.12044,1215,26.12044,0
1308,26.14044,1123,26.14044,0
1309,26.16044,1211,26.16044,0
1310,26.18044,1174,26.18044,0
1311,26.20044,1192,26.20044,0
1312,26.22044,1298,26.22044,0
1313,26.24044,1256,26.24044,0
1314,26.26044,1210,26.26044,0
1315,26.28044,1222,26.28044,0
1316,26.30044,1188,26.30044,0
1317,26.32044,1279,26.32044,1
1318,26.34044,1168,26.34044,0
1319,26.36044,1231,26.36044,0
1320,26.38044,1158,26.38044,0
1321,26.40044,1191,26.40044,0
1322,26.42044,1131,26.42044,0
1323,26.44044,1143,26.44044,0
1324,26.46044,1126,26.46044,0
1325,26.48044,1122,26.48044,0
1326,26.50044,1154,26.50044,0
1327,26.52044,1110,26.52044,0
1328,26.54044,1011,26.54044,0
1329,26.56044,1097,26.56044,0
1330,26.58044,1084,26.58044,0
1331,26.60044,1029,26.60044,0
1332,26.62044,1080,26.62044,0
1333,26.64044,1001,26.64044,0
1334,26.66044,1059,26.66044,0
1335,26.68044,1065,26.68044,0
1336,26.70044,1074,26.70044,0
1337,26.72044,1042,26.72044,0
1338,26.74044,1021,26.74044,1
1339,26.76044,1044,26.76044,0
1340,26.78044,1082,26.78044,0
1341,26.80044,972,26.80044,0
1342,26.82044,988,26.82044,0
1343,26.84044,1035,26.84044,0
1344,26.86044,1053,26.86044,1
1345,26.88044,1038,26.88044,0
1346,26.90044,987,26.90044,0
1347,26.92044,944,26.92044,0
1348,26.94044,955,26.94044,0
1349,26.96044,960,26.96044,0
1350,26.98044,1053,26.98044,0
1351,27.00044,1009,27.00044,0
1352,27.02044,1009,27.02044,0
1353,27.04044,976,27.04044,0
1354,27.06044,1006,27.06044,0
1355,27.08044,1013,27.08044,0
1356,27.10044,971,27.10044,1
1357,27.12044,981,27.12044,0
1358,27.14044,1025,27.14044,0
1359,27.16044,1006,27.16044,0
1360,27.18044,1037,27.18044,0
1361,27.20044,976,27.20044,0
1362,27.22044,943,27.22044,0
1363,27.24044,948,27.24044,0
1364,27.26044,1005,27.26044,0
1365,27.28044,950,27.28044,0
1366,27.30044,1087,27.30044,0
1367,27.32044,909,27.32044,0
1368,27.34044,931,27.34044,0
1369,27.36044,987,27.36044,0
1370,27.38044,987,27.38044,0
1371,27.40044,937,27.40044,0
1372,27.42044,946,27.42044,0
1373,27.44044,978,27.44044,0
1374,27.46044,939,27.46044,0
1375,27.48044,923,27.48044,0
1376,27.50044,965,27.50044,0
1377,27.52044,963,27.52044,0
1378,27.54044,990,27.54044,0
1379,27.56044,952,27.56044,0
1380,27.58044,920,27.58044,0
1381,27.60044,889,27.60044,0
1382,27.62044,941,27.62044,0
1383,27.64044,861,27.64044,0
1384,27.66044,931,27.66044,0
1385,27.68044,881,27.68044,0
1386,27.70044,926,27.70044,0
1387,27.72044,961,27.72044,0
1388,27.74044,898,27.74044,0
1389,27.76044,874,27.76044,0
1390,27.78044,961,27.78044,0
1391,27.80044,886,27.80044,0
1392,27.82044,906,27.82044,0
1393,27.84044,904,27.84044,0
1394,27.86044,969,27.86044,0
1395,27.88044,924,27.88044,0
1396,27.90044,886,27.90044,0
1397,27.92044,877,27.92044,0
1398,27.94044,859,27.94044,0
1399,27.96044,900,27.96044,0
1400,27.98044,918,27.98044,0
1401,28.00044,849,28.00044,0
1402,28.02044,882,28.02044,0
1403,28.04044,863,28.04044,0
1404,28.06044,906,28.06044,0
1405,28.08044,902,28.08044,0
1406,28.10044,951,28.10044,0
1407,28.12044,893,28.12044,0
1408,28.14044,857,28.14044,0
1409,28.16044,889,28.16044,0
1410,28.18044,851,28.18044,0
1411,28.20044,829,28.20044,0
1412,28.22044,913,28.22044,0
1413,28.24044,897,28.24044,0
1414,28.26044,864,28.26044,0
1415,28.28044,837,28.28044,0
1416,28.30044,891,28.30044,0
1417,28.32044,885,28.32044,0
1418,28.34044,899,28.34044,0
1419,28.36044,853,28.36044,0
1420,28.38044,888,28.38044,0
1421,28.40044,886,28.40044,0
1422,28.42044,843,28.42044,0
1423,28.44044,822,28.44044,0
1424,28.46044,860,28.46044,0
1425,28.48044,791,28.48044,0
1426,28.50044,837,28.50044,0
1427,28.52044,870,28.52044,0
1428,28.54044,791,28.54044,0
1429,28.56044,810,28.56044,0
1430,28.58044,844,28.58044,0
1431,28.60044,804,28.60044,0
1432,28.62044,843,28.62044,0
1433,28.64044,859,28.64044,0
1434,28.66044,808,28.66044,0
1435,28.68044,793,28.68044,0
1436,28.70044,816,28.70044,0
1437,28.72044,784,28.72044,0
1438,28.74044,721,28.74044,0
1439,28.76044,833,28.76044,0
1440,28.78044,773,28.78044,0
1441,28.80044,772,28.80044,0
1442,28.82044,780,28.82044,0
1443,28.84044,752,28.84044,0
1444,28.86044,749,28.86044,0
1445,28.88044,775,28.88044,0
1446,28.90044,742,28.90044,0
1447,28.92044,769,28.92044,0
1448,28.94044,776,28.94044,0
1449,28.96044,770,28.96044,0
1450,28.98044,817,28.98044,0
1451,29.00044,729,29.00044,0
1452,29.02044,750,29.02044,0
1453,29.04044,774,29.04044,0
1454,29.06044,749,29.06044,0
1455,29.08044,771,29.08044,0
1456,29.10044,713,29.10044,0
1457,29.12044,769,29.12044,0
1458,29.14044,743,29.14044,0
1459,29.16044,736,29.16044,0
1460,29.18044,719,29.18044,0
1461,29.20044,766,29.20044,0
1462,29.22044,707,29.22044,0
1463,29.24044,758,29.24044,0
1464,29.26044,718,29.26044,0
1465,29.28044,748,29.28044,0
1466,29.30044,747,29.30044,0
1467,29.32044,760,29.32044,0
1468,29.34044,709,29.34044,0
1469,29.36044,715,29.36044,0
1470,29.38044,731,29.38044,0
1471,29.40044,719,29.40044,0
1472,29.42044,750,29.42044,0
1473,29.44044,708,29.44044,0
1474,29.46044,729,29.46044,0
1475,29.48044,702,29.48044,0
1476,29.50044,759,29.50044,0
1477,29.52044,752,29.52044,0
1478,29.54044,709,29.54044,0
1479,29.56044,714,29.56044,0
1480,29.58044,732,29.58044,0
1481,29.60044,692,29.60044,0
1482,29.62044,719,29.62044,0
1483,29.64044,713,29.64044,0
1484,29.66044,698,29.66044,0
1485,29.68044,708,29.68044,0
1486,29.70044,652,29.70044,0
1487,29.72044,678,29.72044,0
1488,29.74044,696,29.74044,0
1489,29.76044,710,29.76044,0
1490,29.78044,705,29.78044,0
1491,29.80044,676,29.80044,0
1492,29.82044,697,29.82044,0
1493,29.84044,705,29.84044,0
1494,29.86044,703,29.86044,0
1495,29.88044,661,29.88044,0
1496,29.90044,672,29.90044,0
1497,29.92044,653,29.92044,0
1498,29.94044,672,29.94044,0
1499,29.96044,655,29.96044,0
1500,29.98044,672,29.98044,0
1501,30.00044,638,30.00044,0
1502,30.02044,673,30.02044,0
1503,30.04044,612,30.04044,0
1504,30.06044,682,30.06044,0
1505,30.08044,635,30.08044,0
1506,30.10044,702,30.10044,0
1507,30.12044,636,30.12044,0
1508,30.14044,635,30.14044,0
1509,30.16044,662,30.16044,0
1510,30.18044,630,30.18044,0
1511,30.20044,668,30.20044,0
1512,30.22044,611,30.22044,0
1513,30.24044,597,30.24044,0
1514,30.26044,608,30.26044,0
1515,30.28044,677,30.28044,0
1516,30.30044,678,30.30044,0
1517,30.32044,615,30.32044,0
1518,30.34044,632,30.34044,0
1519,30.36044,608,30.36044,0
1520,30.38044,669,30.38044,0
1521,30.40044,642,30.40044,0
1522,30.42044,650,30.42044,0
1523,30.44044,647,30.44044,0
1524,30.46044,572,30.46044,0
1525,30.48044,605,30.48044,0
1526,30.50044,635,30.50044,0
1527,30.52044,588,30.52044,0
1528,30.54044,612,30.54044,0
1529,30.56044,566,30.56044,0
1530,30.58044,613,30.58044,0
1531,30.60044,594,30.60044,0
1532,30.62044,638,30.62044,0
1533,30.64044,602,30.64044,0
1534,30.66044,616,30.66044,0
1535,30.68044,577,30.68044,0
1536,30.70044,572,30.70044,0
1537,30.72044,536,30.72044,0
1538,30.74044,545,30.74044,0
1539,30.76044,601,30.76044,0
1540,30.78044,575,30.78044,0
1541,30.80044,594,30.80044,0
1542,30.82044,576,30.82044,0
1543,30.84044,562,30.84044,0
1544,30.86044,560,30.86044,0
1545,30.88044,626,30.88044,0
1546,30.90044,556,30.90044,0
1547,30.92044,570,30.92044,0
1548,30.94044,578,30.94044,0
1549,30.96044,554,30.96044,0
1550,30.98044,572,30.98044,0
1551,31.00044,604,31.00044,0
1552,31.02044,556,31.02044,0
1553,31.04044,559,31.04044,0
1554,31.06044,501,31.06044,0
1555,31.08044,582,31.08044,0
1556,31.10044,501,31.10044,0
1557,31.12044,527,31.12044,0
1558,31.14044,524,31.14044,0
1559,31.16044,526,31.16044,0
1560,31.18044,551,31.18044,0
1561,31.20044,499,31.20044,0
1562,31.22044,564,31.22044,0
1563,31.24044,499,31.24044,0
1564,31.26044,520,31.26044,0
1565,31.28044,505,31.28044,0
1566,31.30044,517,31.30044,0
1567,31.32044,533,31.32044,0
1568,31.34044,510,31.34044,0
1569,31.36044,513,31.36044,0
1570,31.38044,484,31.38044,0
1571,31.40044,535,31.40044,0
1572,31.42044,496,31.42044,0
1573,31.44044,462,31.44044,0
1574,31.46044,509,31.46044,0
1575,31.48044,472,31.48044,0
1576,31.50044,511,31.50044,0
1577,31.52044,469,31.52044,0
1578,31.54044,509,31.54044,0
1579,31.56044,476,31.56044,0
1580,31.58044,505,31.58044,0
1581,31.60044,479,31.60044,0
1582,31.62044,481,31.62044,0
1583,31.64044,469,31.64044,0
1584,31.66044,516,31.66044,0
1585,31.68044,512,31.68044,0
1586,31.70044,515,31.70044,0
1587,31.72044,530,31.72044,0
1588,31.74044,505,31.74044,0
1589,31.76044,545,31.76044,0
1590,31.78044,521,31.78044,0
1591,31.80044,486,31.80044,0
1592,31.82044,501,31.82044,0
1593,31.84044,483,31.84044,0
1594,31.86044,489,31.86044,0
1595,31.88044,480,31.88044,0
1596,31.90044,479,31.90044,0
1597,31.92044,477,31.92044,0
1598,31.94044,488,31.94044,0
1599,31.96044,498,31.96044,0
1600,31.98044,456,31.98044,0
1601,32.00044,481,32.00044,0
1602,32.02044,491,32.02044,0
1603,32.04044,473,32.04044,0
1604,32.06044,495,32.06044,0
1605,32.08044,463,32.08044,0
1606,32.10044,516,32.10044,0
1607,32.12044,471,32.12044,0
1608,32.14044,492,32.14044,0
1609,32.16044,490,32.16044,0
1610,32.18044,503,32.18044,0
1611,32.20044,494,32.20044,0
1612,32.22044,515,32.22044,0
1613,32.24044,474,32.24044,0
1614,32.26044,452,32.26044,0
1615,32.28044,445,32.28044,0
1616,32.30044,445,32.30044,0
1617,32.32044,430,32.32044,0
1618,32.34044,468,32.34044,0
1619,32.36044,421,32.36044,0
1620,32.38044,411,32.38044,0
1621,32.40044,404,32.40044,0
1622,32.42044,386,32.42044,0
1623,32.44044,381,32.44044,0
1624,32.46044,393,32.46044,0
1625,32.48044,393,32.48044,0
1626,32.50044,428,32.50044,0
1627,32.52044,374,32.52044,0
1628,32.54044,369,32.54044,0
1629,32.56044,400,32.56044,0
1630,32.58044,366,32.58044,0
1631,32.60044,412,32.60044,0
1632,32.62044,368,32.62044,0
1633,32.64044,377,32.64044,0
1634,32.66044,381,32.66044,0
1635,32.68044,384,32.68044,0
1636,32.70044,337,32.70044,0
1637,32.72044,346,32.72044,0
1638,32.74044,391,32.74044,0
1639,32.76044,365,32.76044,0
1640,32.78044,353,32.78044,0
1641,32.80044,350,32.80044,0
1642,32.82044,346,32.82044,0
1643,32.84044,328,32.84044,0
1644,32.86044,371,32.86044,0
1645,32.88044,343,32.88044,0
1646,32.90044,334,32.90044,0
1647,32.92044,345,32.92044,0
1648,32.94044,348,32.94044,0
1649,32.96044,325,32.96044,0
1650,32.98044,361,32.98044,0
1651,33.00044,334,33.00044,0
1652,33.02044,333,33.02044,0
1653,33.04044,364,33.04044,0
1654,33.06044,328,33.06044,0
1655,33.08044,344,33.08044,0
1656,33.10044,317,33.10044,0
1657,33.12044,319,33.12044,0
1658,33.14044,325,33.14044,0
1659,33.16044,350,33.16044,0
1660,33.18044,319,33.18044,0
1661,33.20044,311,33.20044,0
1662,33.22044,281,33.22044,0
1663,33.24044,319,33.24044,0
1664,33.26044,297,33.26044,0
1665,33.28044,301,33.28044,0
1666,33.30044,294,33.30044,0
1667,33.32044,283,33.32044,0
1668,33.34044,327,33.34044,0
1669,33.36044,313,33.36044,0
1670,33.38044,311,33.38044,0
1671,33.40044,259,33.40044,0
1672,33.42044,321,33.42044,0
1673,33.44044,264,33.44044,0
1674,33.46044,278,33.46044,0
1675,33.48044,280,33.48044,0
1676,33.50044,304,33.50044,0
1677,33.52044,296,33.52044,0
1678,33.54044,256,33.54044,0
1679,33.56044,262,33.56044,0
1680,33.58044,243,33.58044,0
1681,33.60044,268,33.60044,0
1682,33.62044,264,33.62044,0
1683,33.64044,265,33.64044,0
1684,33.66044,243,33.66044,0
1685,33.68044,250,33.68044,0
1686,33.70044,264,33.70044,0
1687,33.72044,258,33.72044,0
1688,33.74044,233,33.74044,0
1689,33.76044,267,33.76044,0
1690,33.78044,260,33.78044,0
1691,33.80044,241,33.80044,0
1692,33.82044,235,33.82044,0
1693,33.84044,248,33.84044,0
1694,33.86044,228,33.86044,0
1695,33.88044,269,33.88044,0
1696,33.90044,263,33.90044,0
1697,33.92044,221,33.92044,0
1698,33.94044,226,33.94044,0
1699,33.96044,210,33.96044,0
1700,33.98044,198,33.98044,0
1701,34.00044,197,34.00044,0
1702,34.02044,182,34.02044,0
1703,34.04044,223,34.04044,0
1704,34.06044,213,34.06044,0
1705,34.08044,233,34.08044,0
1706,34.10044,213,34.10044,0
1707,34.12044,203,34.12044,0
1708,34.14044,184,34.14044,0
1709,34.16044,182,34.16044,0
1710,34.18044,190,34.18044,0
1711,34.20044,193,34.20044,0
1712,34.22044,186,34.22044,0
1713,34.24044,195,34.24044,0
1714,34.26044,182,34.26044,0
1715,34.28044,182,34.28044,0
1716,34.30044,193,34.30044,0
1717,34.32044,204,34.32044,0
1718,34.34044,166,34.34044,0
1719,34.36044,190,34.36044,0
1720,34.38044,180,34.38044,0
1721,34.40044,169,34.40044,0
1722,34.42044,157,34.42044,0
1723,34.44044,180,34.44044,0
1724,34.46044,176,34.46044,0
1725,34.48044,166,34.48044,0
1726,34.50044,183,34.50044,0
1727,34.52044,144,34.52044,0
1728,34.54044,176,34.54044,0
1729,34.56044,175,34.56044,0
1730,34.58044,156,34.58044,0
1731,34.60044,156,34.60044,0
1732,34.62044,150,34.62044,0
1733,34.64044,140,34.64044,0
1734,34.66044,156,34.66044,0
1735,34.68044,155,34.68044,0
1736,34.70044,153,34.70044,0
1737,34.72044,150,34.72044,0
1738,34.74044,132,34.74044,0
1739,34.76044,123,34.76044,0
1740,34.78044,138,34.78044,0
1741,34.80044,102,34.80044,0
1742,34.82044,118,34.82044,0
1743,34.84044,129,34.84044,0
1744,34.86044,131,34.86044,0
1745,34.88044,93,34.88044,0
1746,34.90044,114,34.90044,0
1747,34.92044,125,34.92044,0
1748,34.94044,121,34.94044,0
1749,34.96044,104,34.96044,0
1750,34.98044,109,34.98044,0
1751,35.00044,120,35.00044,0
1752,35.02044,98,35.02044,0
1753,35.04044,93,35.04044,0
1754,35.06044,105,35.06044,0
1755,35.08044,115,35.08044,0
1756,35.10044,97,35.10044,0
1757,35.12044,116,35.12044,0
1758,35.14044,106,35.14044,0
1759,35.16044,99,35.16044,0
1760,35.18044,85,35.18044,0
1761,35.20044,88,35.20044,0
1762,35.22044,84,35.22044,0
1763,35.24044,106,35.24044,0
1764,35.26044,89,35.26044,0
1765,35.28044,90,35.28044,0
1766,35.30044,85,35.30044,0
1767,35.32044,84,35.32044,0
1768,35.34044,69,35.34044,0
1769,35.36044,70,35.36044,0
1770,35.38044,82,35.38044,0
1771,35.40044,69,35.40044,0
1772,35.42044,78,35.42044,0
1773,35.44044,67,35.44044,0
1774,35.46044,69,35.46044,0
1775,35.48044,62,35.48044,0
1776,35.50044,78,35.50044,0
1777,35.52044,65,35.52044,0
1778,35.54044,65,35.54044,0
1779,35.56044,73,35.56044,0
1780,35.58044,74,35.58044,0
1781,35.60044,69,35.60044,0
1782,35.62044,67,35.62044,0
1783,35.64044,66,35.64044,0
1784,35.66044,66,35.66044,0
1785,35.68044,63,35.68044,0
1786,35.70044,59,35.70044,0
1787,35.72044,67,35.72044,0
1788,35.74044,46,35.74044,0
1789,35.76044,34,35.76044,0
1790,35.78044,50,35.78044,0
1791,35.80044,67,35.80044,0
1792,35.82044,60,35.82044,0
1793,35.84044,53,35.84044,0
1794,35.86044,53,35.86044,0
1795,35.88044,56,35.88044,0
1796,35.90044,56,35.90044,0
1797,35.92044,56,35.92044,0
1798,35.94044,43,35.94044,0
1799,35.96044,59,35.96044,0
1800,35.98044,47,35.98044,0
1801,36.00044,49,36.00044,0
1802,36.02044,46,36.02044,0
1803,36.04044,52,36.04044,0
1804,36.06044,36,36.06044,0
1805,36.08044,49,36.08044,0
1806,36.10044,40,36.10044,0
1807,36.12044,46,36.12044,0
1808,36.14044,50,36.14044,0
1809,36.16044,37,36.16044,0
1810,36.18044,50,36.18044,0
1811,36.20044,57,36.20044,0
1812,36.22044,51,36.22044,0
1813,36.24044,47,36.24044,0
1814,36.26044,54,36.26044,0
1815,36.28044,44,36.28044,0
1816,36.30044,33,36.30044,0
1817,36.32044,46,36.32044,0
1818,36.34044,43,36.34044,0
1819,36.36044,43,36.36044,0
1820,36.38044,41,36.38044,0
1821,36.40044,35,36.40044,0
1822,36.42044,40,36.42044,0
1823,36.44044,41,36.44044,0
1824,36.46044,42,36.46044,0
1825,36.48044,45,36.48044,0
1826,36.50044,24,36.50044,0
1827,36.52044,31,36.52044,0
1828,36.54044,34,36.54044,0
1829,36.56044,40,36.56044,0
1830,36.58044,30,36.58044,0
1831,36.60044,40,36.60044,0
1832,36.62044,29,36.62044,0
1833,36.64044,26,36.64044,0
1834,36.66044,20,36.66044,0
1835,36.68044,27,36.68044,0
1836,36.70044,26,36.70044,0
1837,36.72044,37,36.72044,0
1838,36.74044,30,36.74044,0
1839,36.76044,25,36.76044,0
1840,36.78044,21,36.78044,0
1841,36.80044,27,36.80044,0
1842,36.82044,26,36.82044,0
1843,36.84044,23,36.84044,0
1844,36.86044,24,36.86044,0
1845,36.88044,30,36.88044,0
1846,36.90044,26,36.90044,0
1847,36.92044,27,36.92044,0
1848,36.94044,27,36.94044,0
1849,36.96044,35,36.96044,0
1850,36.98044,26,36.98044,0
1851,37.00044,25,37.00044,0
1852,37.02044,29,37.02044,0
1853,37.04044,32,37.04044,0
1854,37.06044,30,37.06044,0
1855,37.08044,21,37.08044,0
1856,37.10044,25,37.10044,0
1857,37.12044,32,37.12044,0
1858,37.14044,27,37.14044,0
1859,37.16044,19,37.16044,0
1860,37.18044,21,37.18044,0
1861,37.20044,26,37.20044,0
1862,37.22044,28,37.22044,0
1863,37.24044,20,37.24044,0
1864,37.26044,25,37.26044,0
1865,37.28044,27,37.28044,0
1866,37.30044,26,37.30044,0
1867,37.32044,29,37.32044,0
1868,37.34044,22,37.34044,0
1869,37.36044,18,37.36044,0
1870,37.38044,28,37.38044,0
1871,37.40044,25,37.40044,0
1872,37.42044,35,37.42044,0
1873,37.44044,24,37.44044,0
1874,37.46044,14,37.46044,0
1875,37.48044,24,37.48044,0
1876,37.50044,26,37.50044,0
1877,37.52044,22,37.52044,0
1878,37.54044,29,37.54044,0
1879,37.56044,18,37.56044,0
1880,37.58044,24,37.58044,0
1881,37.60044,18,37.60044,0
1882,37.62044,22,37.62044,0
1883,37.64044,25,37.64044,0
1884,37.66044,22,37.66044,0
1885,37.68044,23,37.68044,0
1886,37.70044,13,37.70044,0
1887,37.72044,22,37.72044,0
1888,37.74044,17,37.74044,0
1889,37.76044,17,37.76044,0
1890,37.78044,25,37.78044,0
1891,37.80044,11,37.80044,0
1892,37.82044,20,37.82044,0
1893,37.84044,20,37.84044,0
1894,37.86044,25,37.86044,0
1895,37.88044,16,37.88044,0
1896,37.90044,18,37.90044,0
1897,37.92044,18,37.92044,0
1898,37.94044,20,37.94044,0
1899,37.96044,24,37.96044,0
1900,37.98044,18,37.98044,0
1901,38.00044,10,38.00044,0
1902,38.02044,17,38.02044,0
1903,38.04044,21,38.04044,0
1904,38.06044,27,38.06044,0
1905,38.08044,15,38.08044,0
1906,38.10044,23,38.10044,0
1907,38.12044,18,38.12044,0
1908,38.14044,16,38.14044,0
1909,38.16044,22,38.16044,0
1910,38.18044,16,38.18044,0
1911,38.20044,18,38.20044,0
1912,38.22044,16,38.22044,0
1913,38.24044,8,38.24044,0
1914,38.26044,21,38.26044,0
1915,38.28044,16,38.28044,0
1916,38.30044,16,38.30044,0
1917,38.32044,16,38.32044,0
1918,38.34044,13,38.34044,0
1919,38.36044,26,38.36044,0
1920,38.38044,18,38.38044,0
1921,38.40044,16,38.40044,0
1922,38.42044,18,38.42044,0
1923,38.44044,14,38.44044,0
1924,38.46044,13,38.46044,0
1925,38.48044,14,38.48044,0
1926,38.50044,20,38.50044,0
1927,38.52044,13,38.52044,0
1928,38.54044,12,38.54044,0
1929,38.56044,18,38.56044,0
1930,38.58044,18,38.58044,0
1931,38.60044,15,38.60044,0
1932,38.62044,16,38.62044,0
1933,38.64044,18,38.64044,0
1934,38.66044,12,38.66044,0
1935,38.68044,11,38.68044,0
1936,38.70044,17,38.70044,0
1937,38.72044,12,38.72044,0
1938,38.74044,13,38.74044,0
1939,38.76044,9,38.76044,0
1940,38.78044,23,38.78044,0
1941,38.80044,13,38.80044,0
1942,38.82044,13,38.82044,0
1943,38.84044,15,38.84044,0
1944,38.86044,14,38.86044,0
1945,38.88044,11,38.88044,0
1946,38.90044,11,38.90044,0
1947,38.92044,18,38.92044,0
1948,38.94044,9,38.94044,0
1949,38.96044,8,38.96044,0
1950,38.98044,16,38.98044,0
1951,39.00044,12,39.00044,0
1952,39.02044,9,39.02044,0
1953,39.04044,14,39.04044,0
1954,39.06044,10,39.06044,0
1955,39.08044,13,39.08044,0
1956,39.10044,9,39.10044,0
1957,39.12044,12,39.12044,0
1958,39.14044,9,39.14044,0
1959,39.16044,12,39.16044,0
1960,39.18044,10,39.18044,0
1961,39.20044,8,39.20044,0
1962,39.22044,9,39.22044,0
1963,39.24044,8,39.24044,0
1964,39.26044,7,39.26044,0
1965,39.28044,18,39.28044,0
1966,39.30044,14,39.30044,0
1967,39.32044,8,39.32044,0
1968,39.34044,17,39.34044,0
1969,39.36044,10,39.36044,0
1970,39.38044,13,39.38044,0
1971,39.40044,11,39.40044,0
1972,39.42044,6,39.42044,0
1973,39.44044,14,39.44044,0
1974,39.46044,8,39.46044,0
1975,39.48044,9,39.48044,0
1976,39.50044,8,39.50044,0
1977,39.52044,9,39.52044,0
1978,39.54044,7,39.54044,0
1979,39.56044,6,39.56044,0
1980,39.58044,10,39.58044,0
1981,39.60044,12,39.60044,0
1982,39.62044,10,39.62044,0
1983,39.64044,3,39.64044,0
1984,39.66044,9,39.66044,0
1985,39.68044,10,39.68044,0
1986,39.70044,14,39.70044,0
1987,39.72044,7,39.72044,0
1988,39.74044,9,39.74044,0
1989,39.76044,10,39.76044,0
1990,39.78044,6,39.78044,0
1991,39.80044,9,39.80044,0
1992,39.82044,8,39.82044,0
1993,39.84044,3,39.84044,0
1994,39.86044,5,39.86044,0
1995,39.88044,12,39.88044,0
1996,39.90044,10,39.90044,0
1997,39.92044,8,39.92044,0
1998,39.94044,10,39.94044,0
1999,39.96044,8,39.96044,0
2000,39.98044,6,39.98044,0
2001,40.00044,7,40.00044,0
2002,40.02044,8,40.02044,0
2003,40.04044,9,40.04044,0
2004,40.06044,8,40.06044,0
2005,40.08044,13,40.08044,0
2006,40.10044,12,40.10044,0
2007,40.12044,9,40.12044,0
2008,40.14044,14,40.14044,0
2009,40.16044,9,40.16044,0
2010,40.18044,12,40.18044,0
2011,40.20044,10,40.20044,0
2012,40.22044,7,40.22044,0
2013,40.24044,10,40.24044,0
2014,40.26044,13,40.26044,0
2015,40.28044,9,40.28044,0
2016,40.30044,6,40.30044,0
2017,40.32044,9,40.32044,0
2018,40.34044,9,40.34044,0
2019,40.36044,11,40.36044,0
2020,40.38044,17,40.38044,0
2021,40.40044,11,40.40044,0
2022,40.42044,9,40.42044,0
2023,40.44044,13,40.44044,0
2024,40.46044,7,40.46044,0
2025,40.48044,9,40.48044,0
2026,40.50044,3,40.50044,0
2027,40.52044,7,40.52044,0
2028,40.54044,7,40.54044,0
2029,40.56044,8,40.56044,0
2030,40.58044,6,40.58044,0
2031,40.60044,11,40.60044,0
2032,40.62044,11,40.62044,0
2033,40.64044,8,40.64044,0
2034,40.66044,9,40.66044,0
2035,40.68044,6,40.68044,0
2036,40.70044,9,40.70044,0
2037,40.72044,7,40.72044,0
2038,40.74044,12,40.74044,0
2039,40.76044,11,40.76044,0
2040,40.78044,7,40.78044,0
2041,40.80044,9,40.80044,0
2042,40.82044,14,40.82044,0
2043,40.84044,9,40.84044,0
2044,40.86044,5,40.86044,0
2045,40.88044,4,40.88044,0
2046,40.90044,13,40.90044,0
2047,40.92044,7,40.92044,0
2048,40.94044,12,40.94044,0
