Bruker AXS HMP Instrument Tools Complete CSV
FileName,C:\MeinZeugs\Uni\Publikationen\2025\MeIn pXRF\DAQ\Device_monitoring_sample_element_precision_Schauer\data_raw\Example_Drift\03883-Mudrock Dual.pdz
SerialString,SG2-6390
TubeTargetElement,45
NumberOfSpectra,2
SampleID,
AcquisitionDateTime,4/11/2025 1:28:40 PM
TotalElapsedTimeInSeconds,120
AnodeTakeOffAngle,45
SampleIncidenceAngle,45
BeThicknessInMicroMeters,125
SampleTakeOffAngle,65
SpotSizeUsed,8
NumberOfUserCustomFields,5
UserCustomFieldHeader,FieldName,FieldValue
UserCustomField,Operator,Supervisor
UserCustomField,Material,Standard
UserCustomField,ID,
UserCustomField,Probe,SdAR-M2
UserCustomField,Projekt,Brennexperiment
AnalysisMode,32
AnalysisType,1
UsedAutoCalSelect,False
ResultUnits,PPM
ErrorMultiplier,2
CalFileName,MudrockDual
CalPackageName,
CalPackagePartNumber,
TypeStandardizationSetName,
NumberOfElementsInCalculatedResults,27
CalculatedResults:AtomicNum,ElementSymbol,Units,Value,TypeStandardizedValue,Error,RangeMin,RangeMax,Tramp,Nominal
12,Mg,PPM,0.2717394,0.2717394,0.05055569,0,0,False,False
13,Al,PPM,5.036219,5.036219,0.03199754,0,0,False,False
14,Si,PPM,26.04943,26.04943,0.04344815,0,0,False,False
15,P,PPM,0.02137276,0.02137276,0.003061528,0,0,False,False
16,S,PPM,0.2084772,0.2084772,0.002834446,0,0,False,False
19,K,PPM,3.700114,3.700114,0.006743625,0,0,False,False
20,Ca,PPM,0.6953616,0.6953616,0.002389259,0,0,False,False
22,Ti,PPM,0.1454667,0.1454667,0.001127477,0,0,False,False
23,V,PPM,0.006606828,0.006606828,0.0005818024,0,0,False,False
24,Cr,PPM,0.004475521,0.004475521,0.0003477678,0,0,False,False
25,Mn,PPM,0.09363881,0.09363881,0.0006146174,0,0,False,False
26,Fe,PPM,1.911234,1.911234,0.002660615,0,0,False,False
27,Co,PPM,0,0,6.881008E-05,0,0,False,False
28,Ni,PPM,0.005477001,0.005477001,0.0001732733,0,0,False,False
29,Cu,PPM,0.0292735,0.0292735,0.0002971797,0,0,False,False
30,Zn,PPM,0.09081447,0.09081447,0.0004163911,0,0,False,False
33,As,PPM,0.04186144,0.04186144,0.0002505063,0,0,False,False
37,Rb,PPM,0.01552594,0.01552594,0.0001212209,0,0,False,False
38,Sr,PPM,0.01533925,0.01533925,0.0001237824,0,0,False,False
39,Y,PPM,0.005521524,0.005521524,0.0001188843,0,0,False,False
40,Zr,PPM,0.02230369,0.02230369,0.0001331567,0,0,False,False
41,Nb,PPM,0.002218896,0.002218896,0.0001030938,0,0,False,False
42,Mo,PPM,0.002296798,0.002296798,0.0001128151,0,0,False,False
56,Ba,PPM,0.14391,0.14391,0.007896594,0,0,False,False
82,Pb,PPM,0.04716548,0.04716548,0.0002473485,0,0,False,False
90,Th,PPM,0.001762314,0.001762314,2.745634E-05,0,0,False,False
92,U,PPM,0.0006129448,0.0006129448,0.0002552459,0,0,False,False
MatchSpreadThreshold,0.05
IsTrampEnabled,False
IsNominalEnabled,False
NumberOfGradeIDMatchResults,3
GradeIDMatchResultsHeader,GradeID,MatchConfidence
GradeIDMatchResult,,0
GradeIDMatchResult,,0
GradeIDMatchResult,,0
ParametersForEachSpectrum,Spectrum 1,,Spectrum 2,
XrayVoltageInkV,40,,15,
XrayFilamentCurrentInMicroAmps,38.85,,27.9,
RawCounts,3411069,,3442917,
ValidCounts,2853728,,3017907,
eVPerChannel,20,,20,
StartingKeV,0.0006690035,,0.0006690035,
ZeroOffsetInKeV,-0.0006690035,,-0.0006690035,
StartingChannel,0.03345017,,0.03345017,
NumberOfChannels,2048,,2048,
CountsPerSecond,68642.85,,63323.83,
XilinxFirmwareVersion,,,,
IlluminationID,MudRock Trace40,,MudRock Maj15,
Filter1ElementAtomicNum,22,,0,
Filter1Thickness,25,,0,
Filter2ElementAtomicNum,13,,0,
Filter2Thickness,300,,0,
Filter3ElementAtomicNum,0,,0,
Filter3Thickness,0,,0,
AcquisitionDateTime,4/11/2025 1:28:40 PM,,4/11/2025 1:28:40 PM,
LiveTimeInSeconds,41.789,,46.679,
DeadTimeInSeconds,7.904,,7.690999,
ResetTimeInSeconds,6.528002,,1.87,
DetectorTempInC,-27,,-27,
AmbientTempInF,108.6,,108.6,
NosePressureInMilliBars,991,,991,
NoseTemperatureInC,36,,36,
ActiveTimeInSeconds,49.693,,54.37001,
PacketTimeInSeconds,56.221,,56.24001,
CommunicationTimeInSeconds,,,,
ElapsedClockTimeInSeconds,60,,60,
Spectrum:ChannelNumber,ChannelStartInKeV,ChannelCount,ChannelStartInKeV,ChannelCount
1,0.0006690035,0,0.0006690035,0
2,0.020669,0,0.020669,0
3,0.040669,0,0.040669,0
4,0.060669,0,0.060669,0
5,0.080669,0,0.080669,0
6,0.100669,0,0.100669,0
7,0.120669,0,0.120669,0
8,0.140669,0,0.140669,0
9,0.160669,0,0.160669,0
10,0.180669,0,0.180669,0
11,0.200669,0,0.200669,0
12,0.220669,0,0.220669,0
13,0.240669,0,0.240669,0
14,0.260669,1,0.260669,0
15,0.280669,9,0.280669,4
16,0.300669,90,0.300669,84
17,0.320669,604,0.320669,545
18,0.340669,2621,0.340669,2668
19,0.360669,6752,0.360669,7577
20,0.380669,10920,0.380669,12406
21,0.400669,10598,0.400669,12346
22,0.420669,6473,0.420669,7320
23,0.440669,2398,0.440669,2521
24,0.460669,598,0.460669,558
25,0.480669,95,0.480669,82
26,0.500669,13,0.500669,5
27,0.520669,6,0.520669,2
28,0.540669,4,0.540669,2
29,0.560669,2,0.560669,2
30,0.580669,1,0.580669,1
31,0.600669,2,0.600669,1
32,0.620669,2,0.620669,0
33,0.640669,0,0.640669,0
34,0.660669,1,0.660669,0
35,0.680669,694,0.680669,92
36,0.700669,671,0.700669,86
37,0.720669,609,0.720669,88
38,0.740669,676,0.740669,81
39,0.760669,645,0.760669,87
40,0.780669,663,0.780669,68
41,0.800669,663,0.800669,94
42,0.820669,618,0.820669,87
43,0.840669,674,0.840669,106
44,0.860669,638,0.860669,125
45,0.880669,606,0.880669,146
46,0.900669,628,0.900669,165
47,0.920669,621,0.920669,246
48,0.940669,606,0.940669,287
49,0.960669,619,0.960669,261
50,0.980669,641,0.980669,227
51,1.000669,629,1.000669,173
52,1.020669,573,1.020669,154
53,1.040669,563,1.040669,152
54,1.060669,578,1.060669,176
55,1.080669,565,1.080669,200
56,1.100669,560,1.100669,171
57,1.120669,600,1.120669,144
58,1.140669,610,1.140669,162
59,1.160669,565,1.160669,186
60,1.180669,539,1.180669,210
61,1.200669,578,1.200669,241
62,1.220669,543,1.220669,242
63,1.240669,560,1.240669,235
64,1.260669,561,1.260669,215
65,1.280669,557,1.280669,179
66,1.300669,507,1.300669,160
67,1.320669,503,1.320669,141
68,1.340669,529,1.340669,156
69,1.360669,552,1.360669,205
70,1.380669,524,1.380669,386
71,1.400669,513,1.400669,965
72,1.420669,570,1.420669,2227
73,1.440669,575,1.440669,4374
74,1.460669,722,1.460669,6708
75,1.480669,721,1.480669,7510
76,1.500669,665,1.500669,6863
77,1.520669,650,1.520669,5334
78,1.540669,636,1.540669,3347
79,1.560669,563,1.560669,2370
80,1.580669,578,1.580669,1707
81,1.600669,517,1.600669,1507
82,1.620669,488,1.620669,2418
83,1.640669,544,1.640669,6196
84,1.660669,663,1.660669,17742
85,1.680669,964,1.680669,40087
86,1.700669,1371,1.700669,70664
87,1.720669,1680,1.720669,96139
88,1.740669,1721,1.740669,101408
89,1.760669,1517,1.760669,83512
90,1.780669,1125,1.780669,54133
91,1.800669,835,1.800669,29030
92,1.820669,636,1.820669,14142
93,1.840669,547,1.840669,7397
94,1.860669,465,1.860669,4041
95,1.880669,449,1.880669,2224
96,1.900669,415,1.900669,1131
97,1.920669,428,1.920669,652
98,1.940669,414,1.940669,501
99,1.960669,403,1.960669,481
100,1.980669,410,1.980669,413
101,2.000669,425,2.000669,469
102,2.020669,378,2.020669,485
103,2.040669,403,2.040669,380
104,2.060669,375,2.060669,314
105,2.080669,375,2.080669,290
106,2.100669,361,2.100669,313
107,2.120669,386,2.120669,276
108,2.140669,374,2.140669,277
109,2.160669,375,2.160669,273
110,2.180669,380,2.180669,291
111,2.200669,359,2.200669,382
112,2.220669,334,2.220669,504
113,2.240669,343,2.240669,750
114,2.260669,362,2.260669,1137
115,2.280669,305,2.280669,1487
116,2.300669,338,2.300669,1826
117,2.320669,390,2.320669,1994
118,2.340669,361,2.340669,1806
119,2.360669,354,2.360669,1550
120,2.380669,364,2.380669,1398
121,2.400669,341,2.400669,1192
122,2.420669,302,2.420669,1009
123,2.440669,348,2.440669,959
124,2.460669,335,2.460669,910
125,2.480669,330,2.480669,814
126,2.500669,316,2.500669,785
127,2.520669,280,2.520669,803
128,2.540669,298,2.540669,861
129,2.560669,300,2.560669,1029
130,2.580669,301,2.580669,1582
131,2.600669,289,2.600669,2436
132,2.620669,291,2.620669,4017
133,2.640669,264,2.640669,6726
134,2.660669,300,2.660669,9582
135,2.680669,287,2.680669,11522
136,2.700669,277,2.700669,11924
137,2.720669,272,2.720669,10582
138,2.740669,297,2.740669,8100
139,2.760669,261,2.760669,6141
140,2.780669,271,2.780669,5592
141,2.800669,273,2.800669,6049
142,2.820669,265,2.820669,6710
143,2.840669,254,2.840669,6884
144,2.860669,261,2.860669,6683
145,2.880669,323,2.880669,6545
146,2.900669,351,2.900669,6712
147,2.920669,395,2.920669,7640
148,2.940669,490,2.940669,8468
149,2.960669,500,2.960669,8598
150,2.980669,501,2.980669,7405
151,3.000669,369,3.000669,5646
152,3.020669,311,3.020669,3815
153,3.040669,306,3.040669,2510
154,3.060669,254,3.060669,1629
155,3.080669,213,3.080669,1264
156,3.100669,225,3.100669,1172
157,3.120669,237,3.120669,1311
158,3.140669,235,3.140669,1576
159,3.160669,284,3.160669,1962
160,3.180669,397,3.180669,2943
161,3.200669,575,3.200669,5639
162,3.220669,1094,3.220669,11524
163,3.240669,1812,3.240669,22199
164,3.260669,3018,3.260669,37763
165,3.280669,4315,3.280669,54464
166,3.300669,5202,3.300669,66113
167,3.320669,5151,3.320669,65889
168,3.340669,4486,3.340669,56699
169,3.360669,3167,3.360669,40137
170,3.380669,1925,3.380669,24257
171,3.400669,1051,3.400669,12245
172,3.420669,560,3.420669,5720
173,3.440669,341,3.440669,2770
174,3.460669,255,3.460669,1890
175,3.480669,288,3.480669,2000
176,3.500669,304,3.500669,2790
177,3.520669,462,3.520669,4409
178,3.540669,650,3.540669,6498
179,3.560669,825,3.560669,8822
180,3.580669,1048,3.580669,10722
181,3.600669,1083,3.600669,11782
182,3.620669,1154,3.620669,12857
183,3.640669,1359,3.640669,13494
184,3.660669,1466,3.660669,14680
185,3.680669,1566,3.680669,14903
186,3.700669,1357,3.700669,13644
187,3.720669,1184,3.720669,11361
188,3.740669,817,3.740669,7972
189,3.760669,503,3.760669,5067
190,3.780669,326,3.780669,2975
191,3.800669,214,3.800669,1691
192,3.820669,147,3.820669,1163
193,3.840669,135,3.840669,894
194,3.860669,126,3.860669,889
195,3.880669,131,3.880669,937
196,3.900669,119,3.900669,1079
197,3.920669,141,3.920669,1204
198,3.940669,201,3.940669,1503
199,3.960669,235,3.960669,1971
200,3.980669,247,3.980669,2338
201,4.000669,308,4.000669,2631
202,4.020669,273,4.020669,2664
203,4.040669,262,4.040669,2457
204,4.060669,215,4.060669,2058
205,4.080669,173,4.080669,1642
206,4.100669,142,4.100669,1368
207,4.120669,112,4.120669,1174
208,4.140669,117,4.140669,1004
209,4.160669,92,4.160669,935
210,4.180669,83,4.180669,1003
211,4.200669,80,4.200669,964
212,4.220669,89,4.220669,975
213,4.240669,97,4.240669,959
214,4.260669,92,4.260669,898
215,4.280669,83,4.280669,1002
216,4.300669,82,4.300669,1012
217,4.320669,81,4.320669,1032
218,4.340669,91,4.340669,1131
219,4.360669,127,4.360669,1285
220,4.380669,178,4.380669,1688
221,4.400669,304,4.400669,2330
222,4.420669,476,4.420669,3251
223,4.440669,695,4.440669,4475
224,4.460669,901,4.460669,5692
225,4.480669,1146,4.480669,6941
226,4.500669,1177,4.500669,7385
227,4.520669,1104,4.520669,7058
228,4.540669,944,4.540669,5914
229,4.560669,705,4.560669,4525
230,4.580669,537,4.580669,3466
231,4.600669,363,4.600669,2551
232,4.620669,320,4.620669,2010
233,4.640669,315,4.640669,1757
234,4.660669,308,4.660669,1687
235,4.680669,262,4.680669,1548
236,4.700669,197,4.700669,1485
237,4.720669,182,4.720669,1500
238,4.740669,171,4.740669,1506
239,4.760669,193,4.760669,1628
240,4.780669,187,4.780669,1860
241,4.800669,256,4.800669,2069
242,4.820669,287,4.820669,2236
243,4.840669,354,4.840669,2417
244,4.860669,324,4.860669,2420
245,4.880669,380,4.880669,2576
246,4.900669,333,4.900669,2618
247,4.920669,337,4.920669,2526
248,4.940669,325,4.940669,2558
249,4.960669,275,4.960669,2474
250,4.980669,236,4.980669,2314
251,5.000669,171,5.000669,2085
252,5.020669,124,5.020669,2004
253,5.040669,97,5.040669,1898
254,5.060669,108,5.060669,1932
255,5.080669,118,5.080669,1905
256,5.100669,109,5.100669,1888
257,5.120669,107,5.120669,1853
258,5.140669,123,5.140669,1901
259,5.160669,120,5.160669,1919
260,5.180669,130,5.180669,1962
261,5.200669,120,5.200669,2049
262,5.220669,130,5.220669,1899
263,5.240669,116,5.240669,1985
264,5.260669,126,5.260669,1935
265,5.280669,129,5.280669,1867
266,5.300669,126,5.300669,1993
267,5.320669,119,5.320669,2061
268,5.340669,146,5.340669,1998
269,5.360669,140,5.360669,2030
270,5.380669,169,5.380669,2201
271,5.400669,154,5.400669,2102
272,5.420669,136,5.420669,2137
273,5.440669,148,5.440669,2090
274,5.460669,144,5.460669,2105
275,5.480669,114,5.480669,2100
276,5.500669,98,5.500669,1986
277,5.520669,115,5.520669,2065
278,5.540669,90,5.540669,1996
279,5.560669,101,5.560669,1999
280,5.580669,112,5.580669,1997
281,5.600669,87,5.600669,1945
282,5.620669,72,5.620669,1947
283,5.640669,85,5.640669,1980
284,5.660669,86,5.660669,2016
285,5.680669,95,5.680669,2004
286,5.700669,81,5.700669,1949
287,5.720669,118,5.720669,1972
288,5.740669,166,5.740669,2035
289,5.760669,277,5.760669,2325
290,5.780669,390,5.780669,2870
291,5.800669,720,5.800669,3486
292,5.820669,1063,5.820669,4387
293,5.840669,1464,5.840669,5414
294,5.860669,1846,5.860669,6453
295,5.880669,2075,5.880669,7104
296,5.900669,2030,5.900669,7103
297,5.920669,1765,5.920669,6643
298,5.940669,1480,5.940669,5593
299,5.960669,1035,5.960669,4565
300,5.980669,728,5.980669,3690
301,6.000669,461,6.000669,2986
302,6.020669,261,6.020669,2372
303,6.040669,183,6.040669,2158
304,6.060669,144,6.060669,2098
305,6.080669,154,6.080669,2083
306,6.100669,146,6.100669,2004
307,6.120669,168,6.120669,2096
308,6.140669,167,6.140669,2063
309,6.160669,225,6.160669,2128
310,6.180669,296,6.180669,2410
311,6.200669,514,6.200669,2641
312,6.220669,993,6.220669,3600
313,6.240669,1969,6.240669,5332
314,6.260669,4120,6.260669,9100
315,6.280669,7966,6.280669,15985
316,6.300669,14155,6.300669,27420
317,6.320669,22584,6.320669,42974
318,6.340669,32359,6.340669,61765
319,6.360669,41031,6.360669,79180
320,6.380669,47726,6.380669,91284
321,6.400669,48515,6.400669,94905
322,6.420669,44920,6.420669,87327
323,6.440669,37443,6.440669,72188
324,6.460669,27836,6.460669,54072
325,6.480669,18623,6.480669,36787
326,6.500669,11147,6.500669,22341
327,6.520669,6132,6.520669,13278
328,6.540669,3068,6.540669,7571
329,6.560669,1496,6.560669,4575
330,6.580669,741,6.580669,3085
331,6.600669,375,6.600669,2450
332,6.620669,264,6.620669,2094
333,6.640669,184,6.640669,2020
334,6.660669,182,6.660669,1991
335,6.680669,166,6.680669,1900
336,6.700669,156,6.700669,1929
337,6.720669,133,6.720669,1925
338,6.740669,155,6.740669,1996
339,6.760669,169,6.760669,1962
340,6.780669,191,6.780669,1923
341,6.800669,174,6.800669,2097
342,6.820669,235,6.820669,2050
343,6.840669,270,6.840669,2165
344,6.860669,398,6.860669,2344
345,6.880669,581,6.880669,2637
346,6.900669,826,6.900669,3090
347,6.920669,1271,6.920669,3943
348,6.940669,1970,6.940669,5180
349,6.960669,3095,6.960669,6910
350,6.980669,4463,6.980669,9414
351,7.000669,5959,7.000669,11664
352,7.020669,7083,7.020669,14079
353,7.040669,7822,7.040669,15371
354,7.060669,7923,7.060669,15382
355,7.080669,7109,7.080669,13774
356,7.100669,5875,7.100669,11669
357,7.120669,4419,7.120669,9235
358,7.140669,2959,7.140669,6651
359,7.160669,1816,7.160669,4795
360,7.180669,1068,7.180669,3299
361,7.200669,542,7.200669,2578
362,7.220669,325,7.220669,2134
363,7.240669,179,7.240669,1832
364,7.260669,103,7.260669,1816
365,7.280669,84,7.280669,1830
366,7.300669,73,7.300669,1872
367,7.320669,101,7.320669,1930
368,7.340669,97,7.340669,2005
369,7.360669,121,7.360669,2121
370,7.380669,157,7.380669,2334
371,7.400669,217,7.400669,2503
372,7.420669,282,7.420669,2834
373,7.440669,301,7.440669,2939
374,7.460669,329,7.460669,3057
375,7.480669,314,7.480669,3044
376,7.500669,308,7.500669,2859
377,7.520669,258,7.520669,2698
378,7.540669,194,7.540669,2385
379,7.560669,139,7.560669,1986
380,7.580669,101,7.580669,1893
381,7.600669,84,7.600669,1806
382,7.620669,77,7.620669,1712
383,7.640669,57,7.640669,1677
384,7.660669,74,7.660669,1610
385,7.680669,58,7.680669,1574
386,7.700669,60,7.700669,1500
387,7.720669,47,7.720669,1515
388,7.740669,62,7.740669,1582
389,7.760669,58,7.760669,1643
390,7.780669,65,7.780669,1544
391,7.800669,94,7.800669,1574
392,7.820669,104,7.820669,1615
393,7.840669,115,7.840669,1620
394,7.860669,123,7.860669,1615
395,7.880669,205,7.880669,1667
396,7.900669,306,7.900669,1697
397,7.920669,466,7.920669,1867
398,7.940669,710,7.940669,1938
399,7.960669,972,7.960669,2169
400,7.980669,1244,7.980669,2361
401,8.000669,1489,8.000669,2611
402,8.020669,1693,8.020669,2660
403,8.040669,1778,8.040669,2766
404,8.060669,1668,8.060669,2794
405,8.080669,1392,8.080669,2636
406,8.100669,1119,8.100669,2442
407,8.120669,844,8.120669,2429
408,8.140669,562,8.140669,2303
409,8.160669,360,8.160669,2120
410,8.180669,251,8.180669,2114
411,8.200669,197,8.200669,1998
412,8.220669,168,8.220669,1927
413,8.240669,152,8.240669,1892
414,8.260669,151,8.260669,1928
415,8.280669,147,8.280669,1901
416,8.300669,129,8.300669,1765
417,8.320669,122,8.320669,1732
418,8.340669,130,8.340669,1725
419,8.360669,131,8.360669,1661
420,8.380669,148,8.380669,1558
421,8.400669,175,8.400669,1567
422,8.420669,213,8.420669,1685
423,8.440669,309,8.440669,1673
424,8.460669,499,8.460669,1813
425,8.480669,814,8.480669,1902
426,8.500669,1388,8.500669,2146
427,8.520669,2235,8.520669,2515
428,8.540669,3187,8.540669,2968
429,8.560669,4370,8.560669,3635
430,8.580669,5634,8.580669,4108
431,8.600669,6548,8.600669,4602
432,8.620669,6981,8.620669,4814
433,8.640669,6692,8.640669,4769
434,8.660669,6083,8.660669,4311
435,8.680669,5022,8.680669,4027
436,8.700669,3859,8.700669,3346
437,8.720669,2771,8.720669,2850
438,8.740669,1787,8.740669,2487
439,8.760669,1122,8.760669,2162
440,8.780669,766,8.780669,1998
441,8.800669,467,8.800669,1850
442,8.820669,363,8.820669,1894
443,8.840669,346,8.840669,1786
444,8.860669,396,8.860669,1792
445,8.880669,377,8.880669,1774
446,8.900669,421,8.900669,1786
447,8.920669,356,8.920669,1774
448,8.940669,372,8.940669,1702
449,8.960669,323,8.960669,1707
450,8.980669,287,8.980669,1723
451,9.000669,236,9.000669,1726
452,9.020669,221,9.020669,1700
453,9.040669,253,9.040669,1644
454,9.060669,222,9.060669,1652
455,9.080669,268,9.080669,1606
456,9.100669,308,9.100669,1606
457,9.120669,338,9.120669,1650
458,9.140669,403,9.140669,1716
459,9.160669,522,9.160669,1620
460,9.180669,541,9.180669,1722
461,9.200669,571,9.200669,1677
462,9.220669,575,9.220669,1706
463,9.240669,589,9.240669,1674
464,9.260669,484,9.260669,1699
465,9.280669,423,9.280669,1782
466,9.300669,398,9.300669,1733
467,9.320669,334,9.320669,1662
468,9.340669,259,9.340669,1580
469,9.360669,305,9.360669,1708
470,9.380669,256,9.380669,1670
471,9.400669,252,9.400669,1713
472,9.420669,350,9.420669,1706
473,9.440669,431,9.440669,1718
474,9.460669,602,9.460669,1700
475,9.480669,701,9.480669,1807
476,9.500669,970,9.500669,1952
477,9.520669,1108,9.520669,1966
478,9.540669,1254,9.540669,2071
479,9.560669,1254,9.560669,2135
480,9.580669,1339,9.580669,2140
481,9.600669,1188,9.600669,2099
482,9.620669,1022,9.620669,2026
483,9.640669,829,9.640669,1996
484,9.660669,670,9.660669,1938
485,9.680669,525,9.680669,1884
486,9.700669,421,9.700669,1808
487,9.720669,346,9.720669,1736
488,9.740669,322,9.740669,1787
489,9.760669,255,9.760669,1708
490,9.780669,269,9.780669,1710
491,9.800669,229,9.800669,1695
492,9.820669,234,9.820669,1639
493,9.840669,246,9.840669,1704
494,9.860669,228,9.860669,1608
495,9.880669,253,9.880669,1639
496,9.900669,270,9.900669,1602
497,9.920669,255,9.920669,1505
498,9.940669,258,9.940669,1544
499,9.960669,256,9.960669,1629
500,9.980669,272,9.980669,1605
501,10.00067,269,10.00067,1556
502,10.02067,245,10.02067,1598
503,10.04067,259,10.04067,1548
504,10.06067,265,10.06067,1503
505,10.08067,285,10.08067,1564
506,10.10067,271,10.10067,1530
507,10.12067,324,10.12067,1522
508,10.14067,344,10.14067,1450
509,10.16067,324,10.16067,1575
510,10.18067,302,10.18067,1557
511,10.20067,346,10.20067,1514
512,10.22067,371,10.22067,1532
513,10.24067,369,10.24067,1490
514,10.26067,398,10.26067,1540
515,10.28067,498,10.28067,1549
516,10.30067,549,10.30067,1483
517,10.32067,649,10.32067,1508
518,10.34067,861,10.34067,1538
519,10.36067,1106,10.36067,1570
520,10.38067,1450,10.38067,1488
521,10.40067,2089,10.40067,1612
522,10.42067,2910,10.42067,1600
523,10.44067,3809,10.44067,1683
524,10.46067,4961,10.46067,1636
525,10.48067,5921,10.48067,1751
526,10.50067,7042,10.50067,1756
527,10.52067,7474,10.52067,1827
528,10.54067,7704,10.54067,1812
529,10.56067,7375,10.56067,1723
530,10.58067,6582,10.58067,1735
531,10.60067,5664,10.60067,1710
532,10.62067,4603,10.62067,1575
533,10.64067,3456,10.64067,1551
534,10.66067,2490,10.66067,1499
535,10.68067,1742,10.68067,1488
536,10.70067,1179,10.70067,1361
537,10.72067,881,10.72067,1345
538,10.74067,685,10.74067,1347
539,10.76067,570,10.76067,1347
540,10.78067,498,10.78067,1351
541,10.80067,497,10.80067,1343
542,10.82067,518,10.82067,1341
543,10.84067,469,10.84067,1342
544,10.86067,470,10.86067,1246
545,10.88067,480,10.88067,1387
546,10.90067,462,10.90067,1286
547,10.92067,465,10.92067,1275
548,10.94067,465,10.94067,1345
549,10.96067,453,10.96067,1260
550,10.98067,486,10.98067,1300
551,11.00067,485,11.00067,1245
552,11.02067,481,11.02067,1335
553,11.04067,490,11.04067,1281
554,11.06067,490,11.06067,1237
555,11.08067,495,11.08067,1269
556,11.10067,522,11.10067,1274
557,11.12067,581,11.12067,1231
558,11.14067,551,11.14067,1282
559,11.16067,560,11.16067,1239
560,11.18067,540,11.18067,1247
561,11.20067,578,11.20067,1205
562,11.22067,583,11.22067,1158
563,11.24067,622,11.24067,1233
564,11.26067,617,11.26067,1153
565,11.28067,682,11.28067,1180
566,11.30067,663,11.30067,1182
567,11.32067,659,11.32067,1217
568,11.34067,666,11.34067,1162
569,11.36067,657,11.36067,1129
570,11.38067,669,11.38067,1147
571,11.40067,668,11.40067,1173
572,11.42067,643,11.42067,1158
573,11.44067,652,11.44067,1197
574,11.46067,628,11.46067,1078
575,11.48067,638,11.48067,1120
576,11.50067,674,11.50067,1133
577,11.52067,593,11.52067,1120
578,11.54067,675,11.54067,1092
579,11.56067,680,11.56067,1132
580,11.58067,636,11.58067,1064
581,11.60067,694,11.60067,1055
582,11.62067,744,11.62067,1098
583,11.64067,821,11.64067,1085
584,11.66067,824,11.66067,1071
585,11.68067,832,11.68067,1081
586,11.70067,861,11.70067,1059
587,11.72067,899,11.72067,1054
588,11.74067,850,11.74067,1061
589,11.76067,878,11.76067,1061
590,11.78067,825,11.78067,1043
591,11.80067,782,11.80067,1020
592,11.82067,809,11.82067,1098
593,11.84067,805,11.84067,1055
594,11.86067,743,11.86067,1032
595,11.88067,762,11.88067,1072
596,11.90067,716,11.90067,997
597,11.92067,806,11.92067,971
598,11.94067,735,11.94067,926
599,11.96067,801,11.96067,1017
600,11.98067,796,11.98067,994
601,12.00067,784,12.00067,971
602,12.02067,762,12.02067,984
603,12.04067,804,12.04067,944
604,12.06067,886,12.06067,987
605,12.08067,914,12.08067,909
606,12.10067,917,12.10067,898
607,12.12067,976,12.12067,875
608,12.14067,940,12.14067,876
609,12.16067,967,12.16067,935
610,12.18067,1044,12.18067,923
611,12.20067,1096,12.20067,887
612,12.22067,1131,12.22067,893
613,12.24067,1111,12.24067,874
614,12.26067,1184,12.26067,875
615,12.28067,1232,12.28067,899
616,12.30067,1171,12.30067,869
617,12.32067,1219,12.32067,873
618,12.34067,1180,12.34067,891
619,12.36067,1221,12.36067,874
620,12.38067,1227,12.38067,853
621,12.40067,1290,12.40067,797
622,12.42067,1485,12.42067,826
623,12.44067,1639,12.44067,835
624,12.46067,2109,12.46067,826
625,12.48067,2709,12.48067,828
626,12.50067,3484,12.50067,776
627,12.52067,4307,12.52067,842
628,12.54067,4925,12.54067,849
629,12.56067,5867,12.56067,848
630,12.58067,6414,12.58067,800
631,12.60067,6840,12.60067,827
632,12.62067,6679,12.62067,828
633,12.64067,6397,12.64067,798
634,12.66067,5840,12.66067,707
635,12.68067,4998,12.68067,860
636,12.70067,4208,12.70067,829
637,12.72067,3396,12.72067,818
638,12.74067,2814,12.74067,829
639,12.76067,2482,12.76067,763
640,12.78067,1997,12.78067,829
641,12.80067,1929,12.80067,789
642,12.82067,1701,12.82067,803
643,12.84067,1516,12.84067,808
644,12.86067,1481,12.86067,769
645,12.88067,1410,12.88067,723
646,12.90067,1421,12.90067,745
647,12.92067,1433,12.92067,734
648,12.94067,1421,12.94067,652
649,12.96067,1438,12.96067,664
650,12.98067,1387,12.98067,641
651,13.00067,1355,13.00067,635
652,13.02067,1389,13.02067,667
653,13.04067,1292,13.04067,588
654,13.06067,1310,13.06067,639
655,13.08067,1235,13.08067,591
656,13.10067,1293,13.10067,561
657,13.12067,1300,13.12067,566
658,13.14067,1313,13.14067,547
659,13.16067,1327,13.16067,615
660,13.18067,1459,13.18067,537
661,13.20067,1677,13.20067,560
662,13.22067,2083,13.22067,530
663,13.24067,2318,13.24067,539
664,13.26067,2706,13.26067,514
665,13.28067,3429,13.28067,557
666,13.30067,3781,13.30067,464
667,13.32067,4240,13.32067,516
668,13.34067,4488,13.34067,537
669,13.36067,4661,13.36067,519
670,13.38067,4469,13.38067,492
671,13.40067,4262,13.40067,506
672,13.42067,3938,13.42067,500
673,13.44067,3524,13.44067,499
674,13.46067,3003,13.46067,490
675,13.48067,2579,13.48067,463
676,13.50067,2158,13.50067,474
677,13.52067,1851,13.52067,449
678,13.54067,1618,13.54067,417
679,13.56067,1488,13.56067,433
680,13.58067,1395,13.58067,433
681,13.60067,1279,13.60067,392
682,13.62067,1294,13.62067,404
683,13.64067,1253,13.64067,415
684,13.66067,1260,13.66067,395
685,13.68067,1243,13.68067,392
686,13.70067,1247,13.70067,351
687,13.72067,1261,13.72067,350
688,13.74067,1301,13.74067,358
689,13.76067,1244,13.76067,350
690,13.78067,1252,13.78067,346
691,13.80067,1247,13.80067,330
692,13.82067,1283,13.82067,327
693,13.84067,1288,13.84067,322
694,13.86067,1285,13.86067,317
695,13.88067,1363,13.88067,301
696,13.90067,1467,13.90067,321
697,13.92067,1558,13.92067,315
698,13.94067,1614,13.94067,283
699,13.96067,1920,13.96067,272
700,13.98067,2196,13.98067,277
701,14.00067,2549,14.00067,280
702,14.02067,2927,14.02067,256
703,14.04067,3315,14.04067,257
704,14.06067,3882,14.06067,249
705,14.08067,4255,14.08067,221
706,14.10067,4549,14.10067,228
707,14.12067,4684,14.12067,235
708,14.14067,4770,14.14067,207
709,14.16067,4542,14.16067,194
710,14.18067,4386,14.18067,208
711,14.20067,3870,14.20067,184
712,14.22067,3444,14.22067,192
713,14.24067,2950,14.24067,160
714,14.26067,2667,14.26067,153
715,14.28067,2260,14.28067,125
716,14.30067,2002,14.30067,139
717,14.32067,1732,14.32067,121
718,14.34067,1623,14.34067,128
719,14.36067,1522,14.36067,115
720,14.38067,1528,14.38067,118
721,14.40067,1428,14.40067,121
722,14.42067,1545,14.42067,125
723,14.44067,1477,14.44067,112
724,14.46067,1433,14.46067,91
725,14.48067,1487,14.48067,101
726,14.50067,1431,14.50067,102
727,14.52067,1478,14.52067,104
728,14.54067,1569,14.54067,90
729,14.56067,1559,14.56067,94
730,14.58067,1651,14.58067,90
731,14.60067,1663,14.60067,74
732,14.62067,1804,14.62067,86
733,14.64067,1811,14.64067,63
734,14.66067,2050,14.66067,93
735,14.68067,2240,14.68067,75
736,14.70067,2335,14.70067,70
737,14.72067,2396,14.72067,48
738,14.74067,2543,14.74067,50
739,14.76067,2561,14.76067,48
740,14.78067,2708,14.78067,48
741,14.80067,2715,14.80067,43
742,14.82067,2817,14.82067,36
743,14.84067,2828,14.84067,41
744,14.86067,2832,14.86067,28
745,14.88067,2924,14.88067,29
746,14.90067,2950,14.90067,34
747,14.92067,2875,14.92067,21
748,14.94067,2804,14.94067,37
749,14.96067,2706,14.96067,25
750,14.98067,2869,14.98067,28
751,15.00067,2621,15.00067,35
752,15.02067,2478,15.02067,30
753,15.04067,2410,15.04067,20
754,15.06067,2247,15.06067,21
755,15.08067,2197,15.08067,22
756,15.10067,2093,15.10067,28
757,15.12067,2039,15.12067,22
758,15.14067,1973,15.14067,16
759,15.16067,1994,15.16067,10
760,15.18067,1952,15.18067,15
761,15.20067,1939,15.20067,10
762,15.22067,1831,15.22067,15
763,15.24067,1830,15.24067,20
764,15.26067,1780,15.26067,16
765,15.28067,1848,15.28067,11
766,15.30067,1717,15.30067,17
767,15.32067,1709,15.32067,16
768,15.34067,1645,15.34067,8
769,15.36067,1652,15.36067,21
770,15.38067,1664,15.38067,19
771,15.40067,1620,15.40067,19
772,15.42067,1645,15.42067,10
773,15.44067,1743,15.44067,13
774,15.46067,1825,15.46067,14
775,15.48067,1858,15.48067,16
776,15.50067,1929,15.50067,17
777,15.52067,2282,15.52067,12
778,15.54067,2485,15.54067,16
779,15.56067,2934,15.56067,15
780,15.58067,3407,15.58067,14
781,15.60067,3937,15.60067,10
782,15.62067,4630,15.62067,15
783,15.64067,5314,15.64067,16
784,15.66067,6003,15.66067,15
785,15.68067,6715,15.68067,14
786,15.70067,7177,15.70067,18
787,15.72067,7698,15.72067,15
788,15.74067,7660,15.74067,14
789,15.76067,7450,15.76067,11
790,15.78067,7301,15.78067,8
791,15.80067,6771,15.80067,14
792,15.82067,5919,15.82067,12
793,15.84067,5325,15.84067,8
794,15.86067,4499,15.86067,16
795,15.88067,3820,15.88067,14
796,15.90067,3215,15.90067,14
797,15.92067,2844,15.92067,19
798,15.94067,2388,15.94067,15
799,15.96067,2187,15.96067,11
800,15.98067,1964,15.98067,15
801,16.00067,1988,16.00067,18
802,16.02067,1862,16.02067,11
803,16.04067,1805,16.04067,9
804,16.06067,1847,16.06067,13
805,16.08067,1821,16.08067,23
806,16.10067,1784,16.10067,18
807,16.12067,1810,16.12067,16
808,16.14067,1854,16.14067,10
809,16.16067,1788,16.16067,16
810,16.18067,1908,16.18067,19
811,16.20067,1802,16.20067,14
812,16.22067,1819,16.22067,8
813,16.24067,1770,16.24067,10
814,16.26067,1827,16.26067,14
815,16.28067,1784,16.28067,12
816,16.30067,1770,16.30067,7
817,16.32067,1740,16.32067,6
818,16.34067,1763,16.34067,7
819,16.36067,1760,16.36067,6
820,16.38067,1849,16.38067,4
821,16.40067,1831,16.40067,15
822,16.42067,1909,16.42067,10
823,16.44067,1960,16.44067,10
824,16.46067,2125,16.46067,12
825,16.48067,2169,16.48067,12
826,16.50067,2184,16.50067,9
827,16.52067,2162,16.52067,15
828,16.54067,2259,16.54067,5
829,16.56067,2264,16.56067,12
830,16.58067,2345,16.58067,10
831,16.60067,2296,16.60067,15
832,16.62067,2304,16.62067,12
833,16.64067,2266,16.64067,9
834,16.66067,2267,16.66067,10
835,16.68067,2175,16.68067,12
836,16.70067,2133,16.70067,11
837,16.72067,2011,16.72067,9
838,16.74067,1957,16.74067,9
839,16.76067,1888,16.76067,12
840,16.78067,1921,16.78067,6
841,16.80067,1840,16.80067,9
842,16.82067,1895,16.82067,7
843,16.84067,1896,16.84067,6
844,16.86067,1836,16.86067,6
845,16.88067,1868,16.88067,8
846,16.90067,1884,16.90067,9
847,16.92067,1872,16.92067,11
848,16.94067,1797,16.94067,14
849,16.96067,1819,16.96067,7
850,16.98067,1901,16.98067,16
851,17.00067,1890,17.00067,10
852,17.02067,1843,17.02067,19
853,17.04067,1855,17.04067,16
854,17.06067,1938,17.06067,15
855,17.08067,1872,17.08067,9
856,17.10067,1813,17.10067,11
857,17.12067,1979,17.12067,12
858,17.14067,1898,17.14067,10
859,17.16067,1889,17.16067,8
860,17.18067,1924,17.18067,7
861,17.20067,1915,17.20067,10
862,17.22067,1968,17.22067,8
863,17.24067,1991,17.24067,10
864,17.26067,1973,17.26067,9
865,17.28067,2005,17.28067,8
866,17.30067,2066,17.30067,13
867,17.32067,2050,17.32067,10
868,17.34067,2067,17.34067,5
869,17.36067,2091,17.36067,6
870,17.38067,2056,17.38067,7
871,17.40067,2251,17.40067,14
872,17.42067,2292,17.42067,8
873,17.44067,2425,17.44067,7
874,17.46067,2371,17.46067,6
875,17.48067,2371,17.48067,6
876,17.50067,2472,17.50067,6
877,17.52067,2472,17.52067,9
878,17.54067,2603,17.54067,6
879,17.56067,2795,17.56067,3
880,17.58067,2753,17.58067,8
881,17.60067,2812,17.60067,7
882,17.62067,2925,17.62067,5
883,17.64067,3123,17.64067,13
884,17.66067,3019,17.66067,8
885,17.68067,2905,17.68067,4
886,17.70067,2877,17.70067,4
887,17.72067,2651,17.72067,1
888,17.74067,2702,17.74067,14
889,17.76067,2545,17.76067,6
890,17.78067,2508,17.78067,9
891,17.80067,2420,17.80067,4
892,17.82067,2320,17.82067,6
893,17.84067,2342,17.84067,4
894,17.86067,2298,17.86067,8
895,17.88067,2332,17.88067,6
896,17.90067,2319,17.90067,6
897,17.92067,2306,17.92067,6
898,17.94067,2445,17.94067,7
899,17.96067,2424,17.96067,9
900,17.98067,2280,17.98067,5
901,18.00067,2447,18.00067,6
902,18.02067,2395,18.02067,7
903,18.04067,2476,18.04067,11
904,18.06067,2370,18.06067,8
905,18.08067,2433,18.08067,3
906,18.10067,2410,18.10067,7
907,18.12067,2453,18.12067,5
908,18.14067,2441,18.14067,8
909,18.16067,2477,18.16067,11
910,18.18067,2490,18.18067,9
911,18.20067,2503,18.20067,14
912,18.22067,2607,18.22067,12
913,18.24067,2595,18.24067,4
914,18.26067,2651,18.26067,3
915,18.28067,2593,18.28067,4
916,18.30067,2665,18.30067,9
917,18.32067,2809,18.32067,5
918,18.34067,2764,18.34067,5
919,18.36067,2808,18.36067,6
920,18.38067,2870,18.38067,6
921,18.40067,3075,18.40067,5
922,18.42067,3058,18.42067,7
923,18.44067,3192,18.44067,3
924,18.46067,3301,18.46067,4
925,18.48067,3314,18.48067,5
926,18.50067,3506,18.50067,11
927,18.52067,3568,18.52067,6
928,18.54067,3741,18.54067,4
929,18.56067,3941,18.56067,4
930,18.58067,3977,18.58067,10
931,18.60067,4068,18.60067,7
932,18.62067,4345,18.62067,6
933,18.64067,4516,18.64067,6
934,18.66067,4614,18.66067,4
935,18.68067,4772,18.68067,5
936,18.70067,4917,18.70067,8
937,18.72067,5302,18.72067,8
938,18.74067,5379,18.74067,10
939,18.76067,5748,18.76067,4
940,18.78067,5923,18.78067,7
941,18.80067,6256,18.80067,7
942,18.82067,6335,18.82067,12
943,18.84067,6500,18.84067,3
944,18.86067,6793,18.86067,5
945,18.88067,6921,18.88067,4
946,18.90067,7107,18.90067,3
947,18.92067,7313,18.92067,3
948,18.94067,7434,18.94067,7
949,18.96067,7505,18.96067,4
950,18.98067,7665,18.98067,5
951,19.00067,7807,19.00067,3
952,19.02067,7817,19.02067,1
953,19.04067,7916,19.04067,5
954,19.06067,7764,19.06067,8
955,19.08067,7635,19.08067,13
956,19.10067,7698,19.10067,8
957,19.12067,7704,19.12067,3
958,19.14067,7380,19.14067,5
959,19.16067,7326,19.16067,4
960,19.18067,7117,19.18067,4
961,19.20067,6905,19.20067,2
962,19.22067,6693,19.22067,4
963,19.24067,6493,19.24067,5
964,19.26067,6271,19.26067,9
965,19.28067,6109,19.28067,4
966,19.30067,6001,19.30067,6
967,19.32067,5654,19.32067,6
968,19.34067,5486,19.34067,6
969,19.36067,5060,19.36067,5
970,19.38067,4949,19.38067,3
971,19.40067,4923,19.40067,5
972,19.42067,4507,19.42067,3
973,19.44067,4335,19.44067,1
974,19.46067,4184,19.46067,6
975,19.48067,4021,19.48067,7
976,19.50067,3938,19.50067,1
977,19.52067,3743,19.52067,3
978,19.54067,3586,19.54067,4
979,19.56067,3449,19.56067,7
980,19.58067,3326,19.58067,0
981,19.60067,3201,19.60067,6
982,19.62067,3033,19.62067,2
983,19.64067,3062,19.64067,8
984,19.66067,2949,19.66067,2
985,19.68067,2787,19.68067,2
986,19.70067,2669,19.70067,4
987,19.72067,2711,19.72067,2
988,19.74067,2605,19.74067,3
989,19.76067,2525,19.76067,5
990,19.78067,2482,19.78067,3
991,19.80067,2519,19.80067,6
992,19.82067,2535,19.82067,3
993,19.84067,2614,19.84067,3
994,19.86067,2585,19.86067,3
995,19.88067,2730,19.88067,1
996,19.90067,2935,19.90067,5
997,19.92067,2906,19.92067,3
998,19.94067,3314,19.94067,5
999,19.96067,3606,19.96067,4
1000,19.98067,3857,19.98067,6
1001,20.00067,4154,20.00067,1
1002,20.02067,4609,20.02067,1
1003,20.04067,5001,20.04067,3
1004,20.06067,5322,20.06067,3
1005,20.08067,5535,20.08067,1
1006,20.10067,5968,20.10067,3
1007,20.12067,6095,20.12067,5
1008,20.14067,6219,20.14067,4
1009,20.16067,6268,20.16067,2
1010,20.18067,6237,20.18067,1
1011,20.20067,6066,20.20067,0
1012,20.22067,5679,20.22067,2
1013,20.24067,5368,20.24067,4
1014,20.26067,4932,20.26067,1
1015,20.28067,4320,20.28067,1
1016,20.30067,3957,20.30067,1
1017,20.32067,3465,20.32067,3
1018,20.34067,3132,20.34067,3
1019,20.36067,2818,20.36067,1
1020,20.38067,2493,20.38067,5
1021,20.40067,2319,20.40067,3
1022,20.42067,2112,20.42067,1
1023,20.44067,1989,20.44067,7
1024,20.46067,1969,20.46067,1
1025,20.48067,1959,20.48067,5
1026,20.50067,1986,20.50067,4
1027,20.52067,1935,20.52067,6
1028,20.54067,1906,20.54067,2
1029,20.56067,1975,20.56067,2
1030,20.58067,1911,20.58067,1
1031,20.60067,1966,20.60067,3
1032,20.62067,1980,20.62067,3
1033,20.64067,2069,20.64067,1
1034,20.66067,2050,20.66067,2
1035,20.68067,1993,20.68067,1
1036,20.70067,2026,20.70067,1
1037,20.72067,2001,20.72067,2
1038,20.74067,2088,20.74067,4
1039,20.76067,2136,20.76067,0
1040,20.78067,2117,20.78067,2
1041,20.80067,2151,20.80067,2
1042,20.82067,2212,20.82067,0
1043,20.84067,2158,20.84067,1
1044,20.86067,2241,20.86067,4
1045,20.88067,2227,20.88067,2
1046,20.90067,2263,20.90067,2
1047,20.92067,2295,20.92067,0
1048,20.94067,2345,20.94067,1
1049,20.96067,2358,20.96067,3
1050,20.98067,2428,20.98067,2
1051,21.00067,2480,21.00067,0
1052,21.02067,2536,21.02067,2
1053,21.04067,2575,21.04067,1
1054,21.06067,2497,21.06067,1
1055,21.08067,2714,21.08067,1
1056,21.10067,2696,21.10067,1
1057,21.12067,2616,21.12067,0
1058,21.14067,2633,21.14067,1
1059,21.16067,2676,21.16067,1
1060,21.18067,2801,21.18067,1
1061,21.20067,2831,21.20067,0
1062,21.22067,2818,21.22067,0
1063,21.24067,2735,21.24067,2
1064,21.26067,2772,21.26067,0
1065,21.28067,2804,21.28067,5
1066,21.30067,2728,21.30067,0
1067,21.32067,2789,21.32067,1
1068,21.34067,2721,21.34067,0
1069,21.36067,2743,21.36067,1
1070,21.38067,2608,21.38067,2
1071,21.40067,2818,21.40067,0
1072,21.42067,2720,21.42067,1
1073,21.44067,2632,21.44067,3
1074,21.46067,2791,21.46067,0
1075,21.48067,2601,21.48067,1
1076,21.50067,2570,21.50067,0
1077,21.52067,2614,21.52067,0
1078,21.54067,2417,21.54067,1
1079,21.56067,2448,21.56067,1
1080,21.58067,2490,21.58067,1
1081,21.60067,2479,21.60067,1
1082,21.62067,2319,21.62067,0
1083,21.64067,2292,21.64067,0
1084,21.66067,2315,21.66067,2
1085,21.68067,2343,21.68067,0
1086,21.70067,2271,21.70067,1
1087,21.72067,2280,21.72067,2
1088,21.74067,2242,21.74067,0
1089,21.76067,2113,21.76067,2
1090,21.78067,2142,21.78067,1
1091,21.80067,2107,21.80067,1
1092,21.82067,2020,21.82067,1
1093,21.84067,2038,21.84067,1
1094,21.86067,2035,21.86067,1
1095,21.88067,2024,21.88067,1
1096,21.90067,1956,21.90067,0
1097,21.92067,1927,21.92067,1
1098,21.94067,1857,21.94067,0
1099,21.96067,1976,21.96067,1
1100,21.98067,1859,21.98067,0
1101,22.00067,1877,22.00067,1
1102,22.02067,1928,22.02067,3
1103,22.04067,1885,22.04067,0
1104,22.06067,1959,22.06067,0
1105,22.08067,1889,22.08067,0
1106,22.10067,1816,22.10067,0
1107,22.12067,1747,22.12067,0
1108,22.14067,1810,22.14067,0
1109,22.16067,1755,22.16067,0
1110,22.18067,1685,22.18067,0
1111,22.20067,1743,22.20067,0
1112,22.22067,1785,22.22067,2
1113,22.24067,1652,22.24067,0
1114,22.26067,1608,22.26067,0
1115,22.28067,1663,22.28067,0
1116,22.30067,1652,22.30067,1
1117,22.32067,1521,22.32067,0
1118,22.34067,1624,22.34067,1
1119,22.36067,1619,22.36067,0
1120,22.38067,1525,22.38067,0
1121,22.40067,1592,22.40067,0
1122,22.42067,1650,22.42067,1
1123,22.44067,1629,22.44067,1
1124,22.46067,1636,22.46067,0
1125,22.48067,1570,22.48067,1
1126,22.50067,1692,22.50067,0
1127,22.52067,1813,22.52067,1
1128,22.54067,1841,22.54067,3
1129,22.56067,1830,22.56067,0
1130,22.58067,1892,22.58067,1
1131,22.60067,1949,22.60067,0
1132,22.62067,2050,22.62067,0
1133,22.64067,2134,22.64067,1
1134,22.66067,2220,22.66067,1
1135,22.68067,2258,22.68067,3
1136,22.70067,2184,22.70067,1
1137,22.72067,2154,22.72067,2
1138,22.74067,2188,22.74067,1
1139,22.76067,2005,22.76067,0
1140,22.78067,1999,22.78067,0
1141,22.80067,1946,22.80067,2
1142,22.82067,1863,22.82067,1
1143,22.84067,1717,22.84067,1
1144,22.86067,1632,22.86067,0
1145,22.88067,1621,22.88067,1
1146,22.90067,1595,22.90067,0
1147,22.92067,1505,22.92067,1
1148,22.94067,1478,22.94067,0
1149,22.96067,1530,22.96067,0
1150,22.98067,1490,22.98067,0
1151,23.00067,1470,23.00067,1
1152,23.02067,1524,23.02067,0
1153,23.04067,1531,23.04067,1
1154,23.06067,1497,23.06067,1
1155,23.08067,1525,23.08067,0
1156,23.10067,1587,23.10067,2
1157,23.12067,1534,23.12067,1
1158,23.14067,1577,23.14067,1
1159,23.16067,1535,23.16067,0
1160,23.18067,1521,23.18067,0
1161,23.20067,1546,23.20067,2
1162,23.22067,1600,23.22067,0
1163,23.24067,1449,23.24067,0
1164,23.26067,1435,23.26067,1
1165,23.28067,1445,23.28067,1
1166,23.30067,1509,23.30067,0
1167,23.32067,1441,23.32067,0
1168,23.34067,1475,23.34067,0
1169,23.36067,1357,23.36067,0
1170,23.38067,1373,23.38067,0
1171,23.40067,1430,23.40067,0
1172,23.42067,1381,23.42067,1
1173,23.44067,1311,23.44067,0
1174,23.46067,1399,23.46067,0
1175,23.48067,1374,23.48067,0
1176,23.50067,1357,23.50067,0
1177,23.52067,1400,23.52067,1
1178,23.54067,1350,23.54067,0
1179,23.56067,1390,23.56067,1
1180,23.58067,1336,23.58067,2
1181,23.60067,1346,23.60067,1
1182,23.62067,1400,23.62067,0
1183,23.64067,1380,23.64067,0
1184,23.66067,1413,23.66067,1
1185,23.68067,1329,23.68067,0
1186,23.70067,1344,23.70067,0
1187,23.72067,1371,23.72067,0
1188,23.74067,1416,23.74067,0
1189,23.76067,1340,23.76067,1
1190,23.78067,1343,23.78067,0
1191,23.80067,1381,23.80067,0
1192,23.82067,1397,23.82067,0
1193,23.84067,1399,23.84067,0
1194,23.86067,1330,23.86067,0
1195,23.88067,1373,23.88067,0
1196,23.90067,1317,23.90067,1
1197,23.92067,1274,23.92067,1
1198,23.94067,1338,23.94067,0
1199,23.96067,1380,23.96067,0
1200,23.98067,1378,23.98067,0
1201,24.00067,1318,24.00067,0
1202,24.02067,1386,24.02067,0
1203,24.04067,1300,24.04067,0
1204,24.06067,1343,24.06067,1
1205,24.08067,1352,24.08067,0
1206,24.10067,1341,24.10067,0
1207,24.12067,1258,24.12067,0
1208,24.14067,1336,24.14067,1
1209,24.16067,1345,24.16067,0
1210,24.18067,1283,24.18067,0
1211,24.20067,1416,24.20067,1
1212,24.22067,1350,24.22067,0
1213,24.24067,1269,24.24067,0
1214,24.26067,1335,24.26067,0
1215,24.28067,1330,24.28067,0
1216,24.30067,1296,24.30067,1
1217,24.32067,1342,24.32067,1
1218,24.34067,1296,24.34067,1
1219,24.36067,1320,24.36067,0
1220,24.38067,1210,24.38067,1
1221,24.40067,1305,24.40067,0
1222,24.42067,1258,24.42067,0
1223,24.44067,1251,24.44067,0
1224,24.46067,1256,24.46067,0
1225,24.48067,1270,24.48067,0
1226,24.50067,1230,24.50067,0
1227,24.52067,1304,24.52067,0
1228,24.54067,1266,24.54067,0
1229,24.56067,1242,24.56067,0
1230,24.58067,1217,24.58067,0
1231,24.60067,1271,24.60067,0
1232,24.62067,1237,24.62067,0
1233,24.64067,1319,24.64067,1
1234,24.66067,1194,24.66067,0
1235,24.68067,1295,24.68067,0
1236,24.70067,1238,24.70067,0
1237,24.72067,1316,24.72067,0
1238,24.74067,1326,24.74067,0
1239,24.76067,1259,24.76067,0
1240,24.78067,1301,24.78067,2
1241,24.80067,1316,24.80067,0
1242,24.82067,1261,24.82067,1
1243,24.84067,1306,24.84067,0
1244,24.86067,1262,24.86067,0
1245,24.88067,1176,24.88067,0
1246,24.90067,1322,24.90067,0
1247,24.92067,1259,24.92067,0
1248,24.94067,1229,24.94067,0
1249,24.96067,1263,24.96067,0
1250,24.98067,1268,24.98067,0
1251,25.00067,1310,25.00067,0
1252,25.02067,1286,25.02067,1
1253,25.04067,1287,25.04067,0
1254,25.06067,1296,25.06067,0
1255,25.08067,1317,25.08067,0
1256,25.10067,1274,25.10067,0
1257,25.12067,1258,25.12067,0
1258,25.14067,1263,25.14067,1
1259,25.16067,1313,25.16067,0
1260,25.18067,1285,25.18067,0
1261,25.20067,1254,25.20067,0
1262,25.22067,1348,25.22067,1
1263,25.24067,1297,25.24067,0
1264,25.26067,1178,25.26067,0
1265,25.28067,1227,25.28067,0
1266,25.30067,1260,25.30067,0
1267,25.32067,1267,25.32067,0
1268,25.34067,1220,25.34067,0
1269,25.36067,1249,25.36067,0
1270,25.38067,1231,25.38067,0
1271,25.40067,1242,25.40067,0
1272,25.42067,1176,25.42067,0
1273,25.44067,1205,25.44067,0
1274,25.46067,1143,25.46067,1
1275,25.48067,1137,25.48067,0
1276,25.50067,1181,25.50067,0
1277,25.52067,1194,25.52067,0
1278,25.54067,1170,25.54067,0
1279,25.56067,1167,25.56067,0
1280,25.58067,1181,25.58067,0
1281,25.60067,1182,25.60067,0
1282,25.62067,1189,25.62067,0
1283,25.64067,1065,25.64067,0
1284,25.66067,1099,25.66067,0
1285,25.68067,1199,25.68067,0
1286,25.70067,1186,25.70067,0
1287,25.72067,1136,25.72067,0
1288,25.74067,1196,25.74067,0
1289,25.76067,1140,25.76067,1
1290,25.78067,1164,25.78067,0
1291,25.80067,1155,25.80067,0
1292,25.82067,1124,25.82067,0
1293,25.84067,1155,25.84067,0
1294,25.86067,1165,25.86067,0
1295,25.88067,1145,25.88067,0
1296,25.90067,1161,25.90067,0
1297,25.92067,1215,25.92067,0
1298,25.94067,1133,25.94067,0
1299,25.96067,1146,25.96067,0
1300,25.98067,1151,25.98067,0
1301,26.00067,1200,26.00067,0
1302,26.02067,1169,26.02067,0
1303,26.04067,1191,26.04067,0
1304,26.06067,1197,26.06067,0
1305,26.08067,1232,26.08067,0
1306,26.10067,1220,26.10067,0
1307,26.12067,1193,26.12067,0
1308,26.14067,1255,26.14067,0
1309,26.16067,1133,26.16067,0
1310,26.18067,1232,26.18067,0
1311,26.20067,1209,26.20067,0
1312,26.22067,1235,26.22067,0
1313,26.24067,1273,26.24067,0
1314,26.26067,1256,26.26067,1
1315,26.28067,1201,26.28067,0
1316,26.30067,1223,26.30067,0
1317,26.32067,1259,26.32067,0
1318,26.34067,1238,26.34067,0
1319,26.36067,1188,26.36067,1
1320,26.38067,1220,26.38067,0
1321,26.40067,1123,26.40067,0
1322,26.42067,1191,26.42067,0
1323,26.44067,1080,26.44067,0
1324,26.46067,1155,26.46067,0
1325,26.48067,1081,26.48067,0
1326,26.50067,1063,26.50067,0
1327,26.52067,1070,26.52067,0
1328,26.54067,1097,26.54067,0
1329,26.56067,1059,26.56067,0
1330,26.58067,1081,26.58067,0
1331,26.60067,1110,26.60067,0
1332,26.62067,1024,26.62067,0
1333,26.64067,1078,26.64067,0
1334,26.66067,1053,26.66067,0
1335,26.68067,1097,26.68067,0
1336,26.70067,1046,26.70067,0
1337,26.72067,1079,26.72067,0
1338,26.74067,977,26.74067,0
1339,26.76067,1055,26.76067,1
1340,26.78067,1020,26.78067,0
1341,26.80067,995,26.80067,0
1342,26.82067,1041,26.82067,0
1343,26.84067,1006,26.84067,0
1344,26.86067,987,26.86067,0
1345,26.88067,959,26.88067,0
1346,26.90067,1045,26.90067,0
1347,26.92067,1044,26.92067,0
1348,26.94067,1003,26.94067,0
1349,26.96067,995,26.96067,0
1350,26.98067,1031,26.98067,0
1351,27.00067,1017,27.00067,0
1352,27.02067,978,27.02067,0
1353,27.04067,1005,27.04067,0
1354,27.06067,1036,27.06067,0
1355,27.08067,1007,27.08067,0
1356,27.10067,986,27.10067,0
1357,27.12067,998,27.12067,0
1358,27.14067,1007,27.14067,0
1359,27.16067,930,27.16067,0
1360,27.18067,1027,27.18067,0
1361,27.20067,967,27.20067,0
1362,27.22067,1010,27.22067,0
1363,27.24067,912,27.24067,0
1364,27.26067,943,27.26067,0
1365,27.28067,921,27.28067,0
1366,27.30067,958,27.30067,0
1367,27.32067,956,27.32067,0
1368,27.34067,940,27.34067,0
1369,27.36067,949,27.36067,0
1370,27.38067,985,27.38067,1
1371,27.40067,961,27.40067,0
1372,27.42067,977,27.42067,0
1373,27.44067,918,27.44067,0
1374,27.46067,928,27.46067,0
1375,27.48067,995,27.48067,0
1376,27.50067,924,27.50067,0
1377,27.52067,923,27.52067,0
1378,27.54067,920,27.54067,0
1379,27.56067,932,27.56067,0
1380,27.58067,993,27.58067,0
1381,27.60067,934,27.60067,0
1382,27.62067,947,27.62067,0
1383,27.64067,916,27.64067,0
1384,27.66067,958,27.66067,0
1385,27.68067,957,27.68067,0
1386,27.70067,912,27.70067,0
1387,27.72067,955,27.72067,0
1388,27.74067,876,27.74067,0
1389,27.76067,918,27.76067,0
1390,27.78067,896,27.78067,0
1391,27.80067,895,27.80067,0
1392,27.82067,874,27.82067,0
1393,27.84067,881,27.84067,0
1394,27.86067,838,27.86067,0
1395,27.88067,835,27.88067,0
1396,27.90067,896,27.90067,0
1397,27.92067,894,27.92067,0
1398,27.94067,917,27.94067,0
1399,27.96067,889,27.96067,0
1400,27.98067,838,27.98067,0
1401,28.00067,923,28.00067,0
1402,28.02067,854,28.02067,0
1403,28.04067,900,28.04067,0
1404,28.06067,861,28.06067,0
1405,28.08067,894,28.08067,0
1406,28.10067,844,28.10067,0
1407,28.12067,818,28.12067,0
1408,28.14067,927,28.14067,0
1409,28.16067,854,28.16067,0
1410,28.18067,831,28.18067,1
1411,28.20067,846,28.20067,0
1412,28.22067,835,28.22067,0
1413,28.24067,883,28.24067,0
1414,28.26067,867,28.26067,0
1415,28.28067,893,28.28067,0
1416,28.30067,833,28.30067,0
1417,28.32067,844,28.32067,0
1418,28.34067,879,28.34067,0
1419,28.36067,898,28.36067,0
1420,28.38067,876,28.38067,0
1421,28.40067,797,28.40067,0
1422,28.42067,876,28.42067,0
1423,28.44067,876,28.44067,0
1424,28.46067,850,28.46067,0
1425,28.48067,835,28.48067,0
1426,28.50067,849,28.50067,0
1427,28.52067,862,28.52067,0
1428,28.54067,857,28.54067,0
1429,28.56067,885,28.56067,0
1430,28.58067,840,28.58067,0
1431,28.60067,793,28.60067,0
1432,28.62067,827,28.62067,0
1433,28.64067,857,28.64067,0
1434,28.66067,833,28.66067,0
1435,28.68067,850,28.68067,0
1436,28.70067,818,28.70067,0
1437,28.72067,843,28.72067,0
1438,28.74067,822,28.74067,0
1439,28.76067,837,28.76067,0
1440,28.78067,827,28.78067,0
1441,28.80067,769,28.80067,0
1442,28.82067,814,28.82067,0
1443,28.84067,769,28.84067,0
1444,28.86067,799,28.86067,0
1445,28.88067,773,28.88067,0
1446,28.90067,801,28.90067,0
1447,28.92067,752,28.92067,0
1448,28.94067,754,28.94067,0
1449,28.96067,763,28.96067,0
1450,28.98067,724,28.98067,0
1451,29.00067,762,29.00067,0
1452,29.02067,751,29.02067,0
1453,29.04067,794,29.04067,0
1454,29.06067,765,29.06067,0
1455,29.08067,815,29.08067,0
1456,29.10067,764,29.10067,0
1457,29.12067,782,29.12067,0
1458,29.14067,759,29.14067,0
1459,29.16067,724,29.16067,0
1460,29.18067,789,29.18067,0
1461,29.20067,749,29.20067,0
1462,29.22067,787,29.22067,0
1463,29.24067,781,29.24067,0
1464,29.26067,760,29.26067,0
1465,29.28067,744,29.28067,0
1466,29.30067,698,29.30067,0
1467,29.32067,756,29.32067,0
1468,29.34067,764,29.34067,0
1469,29.36067,730,29.36067,0
1470,29.38067,748,29.38067,0
1471,29.40067,745,29.40067,0
1472,29.42067,713,29.42067,0
1473,29.44067,723,29.44067,0
1474,29.46067,711,29.46067,0
1475,29.48067,672,29.48067,0
1476,29.50067,720,29.50067,0
1477,29.52067,708,29.52067,0
1478,29.54067,740,29.54067,0
1479,29.56067,736,29.56067,0
1480,29.58067,754,29.58067,0
1481,29.60067,750,29.60067,0
1482,29.62067,698,29.62067,0
1483,29.64067,747,29.64067,0
1484,29.66067,660,29.66067,0
1485,29.68067,711,29.68067,0
1486,29.70067,721,29.70067,0
1487,29.72067,684,29.72067,0
1488,29.74067,722,29.74067,0
1489,29.76067,719,29.76067,0
1490,29.78067,710,29.78067,0
1491,29.80067,721,29.80067,0
1492,29.82067,751,29.82067,0
1493,29.84067,736,29.84067,0
1494,29.86067,709,29.86067,0
1495,29.88067,671,29.88067,0
1496,29.90067,673,29.90067,0
1497,29.92067,610,29.92067,0
1498,29.94067,663,29.94067,0
1499,29.96067,693,29.96067,0
1500,29.98067,671,29.98067,0
1501,30.00067,692,30.00067,0
1502,30.02067,651,30.02067,0
1503,30.04067,623,30.04067,0
1504,30.06067,697,30.06067,0
1505,30.08067,601,30.08067,0
1506,30.10067,640,30.10067,0
1507,30.12067,670,30.12067,0
1508,30.14067,624,30.14067,0
1509,30.16067,648,30.16067,0
1510,30.18067,662,30.18067,0
1511,30.20067,660,30.20067,0
1512,30.22067,686,30.22067,0
1513,30.24067,614,30.24067,0
1514,30.26067,644,30.26067,0
1515,30.28067,651,30.28067,0
1516,30.30067,617,30.30067,0
1517,30.32067,630,30.32067,0
1518,30.34067,637,30.34067,0
1519,30.36067,662,30.36067,0
1520,30.38067,639,30.38067,0
1521,30.40067,582,30.40067,0
1522,30.42067,611,30.42067,0
1523,30.44067,614,30.44067,0
1524,30.46067,658,30.46067,0
1525,30.48067,582,30.48067,0
1526,30.50067,637,30.50067,0
1527,30.52067,589,30.52067,0
1528,30.54067,609,30.54067,0
1529,30.56067,627,30.56067,0
1530,30.58067,594,30.58067,0
1531,30.60067,634,30.60067,0
1532,30.62067,593,30.62067,0
1533,30.64067,592,30.64067,0
1534,30.66067,602,30.66067,0
1535,30.68067,586,30.68067,0
1536,30.70067,531,30.70067,0
1537,30.72067,640,30.72067,0
1538,30.74067,600,30.74067,0
1539,30.76067,567,30.76067,0
1540,30.78067,584,30.78067,0
1541,30.80067,517,30.80067,0
1542,30.82067,591,30.82067,0
1543,30.84067,562,30.84067,0
1544,30.86067,546,30.86067,0
1545,30.88067,558,30.88067,0
1546,30.90067,562,30.90067,0
1547,30.92067,575,30.92067,0
1548,30.94067,613,30.94067,0
1549,30.96067,515,30.96067,0
1550,30.98067,556,30.98067,0
1551,31.00067,583,31.00067,0
1552,31.02067,522,31.02067,0
1553,31.04067,547,31.04067,0
1554,31.06067,543,31.06067,0
1555,31.08067,578,31.08067,0
1556,31.10067,561,31.10067,0
1557,31.12067,517,31.12067,0
1558,31.14067,592,31.14067,0
1559,31.16067,532,31.16067,0
1560,31.18067,513,31.18067,0
1561,31.20067,543,31.20067,0
1562,31.22067,501,31.22067,0
1563,31.24067,527,31.24067,0
1564,31.26067,541,31.26067,0
1565,31.28067,501,31.28067,0
1566,31.30067,515,31.30067,0
1567,31.32067,528,31.32067,0
1568,31.34067,534,31.34067,0
1569,31.36067,481,31.36067,0
1570,31.38067,509,31.38067,0
1571,31.40067,483,31.40067,0
1572,31.42067,552,31.42067,0
1573,31.44067,516,31.44067,0
1574,31.46067,494,31.46067,0
1575,31.48067,499,31.48067,0
1576,31.50067,524,31.50067,0
1577,31.52067,520,31.52067,0
1578,31.54067,497,31.54067,0
1579,31.56067,499,31.56067,0
1580,31.58067,492,31.58067,0
1581,31.60067,524,31.60067,0
1582,31.62067,557,31.62067,0
1583,31.64067,485,31.64067,0
1584,31.66067,496,31.66067,0
1585,31.68067,501,31.68067,0
1586,31.70067,511,31.70067,0
1587,31.72067,532,31.72067,0
1588,31.74067,540,31.74067,0
1589,31.76067,488,31.76067,0
1590,31.78067,496,31.78067,0
1591,31.80067,475,31.80067,0
1592,31.82067,516,31.82067,0
1593,31.84067,526,31.84067,0
1594,31.86067,475,31.86067,0
1595,31.88067,541,31.88067,0
1596,31.90067,522,31.90067,0
1597,31.92067,499,31.92067,0
1598,31.94067,494,31.94067,0
1599,31.96067,447,31.96067,0
1600,31.98067,479,31.98067,0
1601,32.00067,471,32.00067,0
1602,32.02067,522,32.02067,0
1603,32.04067,526,32.04067,0
1604,32.06067,444,32.06067,0
1605,32.08067,485,32.08067,0
1606,32.10067,541,32.10067,0
1607,32.12067,491,32.12067,0
1608,32.14067,530,32.14067,0
1609,32.16067,502,32.16067,0
1610,32.18067,496,32.18067,0
1611,32.20067,505,32.20067,0
1612,32.22067,495,32.22067,0
1613,32.24067,438,32.24067,0
1614,32.26067,450,32.26067,0
1615,32.28067,494,32.28067,0
1616,32.30067,451,32.30067,0
1617,32.32067,426,32.32067,0
1618,32.34067,421,32.34067,0
1619,32.36067,419,32.36067,0
1620,32.38067,399,32.38067,0
1621,32.40067,382,32.40067,0
1622,32.42067,394,32.42067,0
1623,32.44067,428,32.44067,0
1624,32.46067,409,32.46067,0
1625,32.48067,370,32.48067,0
1626,32.50067,379,32.50067,0
1627,32.52067,420,32.52067,0
1628,32.54067,391,32.54067,0
1629,32.56067,407,32.56067,0
1630,32.58067,403,32.58067,0
1631,32.60067,415,32.60067,0
1632,32.62067,389,32.62067,0
1633,32.64067,390,32.64067,0
1634,32.66067,353,32.66067,0
1635,32.68067,331,32.68067,0
1636,32.70067,347,32.70067,0
1637,32.72067,361,32.72067,0
1638,32.74067,363,32.74067,0
1639,32.76067,369,32.76067,0
1640,32.78067,339,32.78067,0
1641,32.80067,337,32.80067,0
1642,32.82067,335,32.82067,0
1643,32.84067,381,32.84067,0
1644,32.86067,342,32.86067,0
1645,32.88067,335,32.88067,0
1646,32.90067,326,32.90067,0
1647,32.92067,332,32.92067,0
1648,32.94067,379,32.94067,0
1649,32.96067,352,32.96067,0
1650,32.98067,337,32.98067,0
1651,33.00067,330,33.00067,0
1652,33.02067,338,33.02067,0
1653,33.04067,348,33.04067,0
1654,33.06067,323,33.06067,0
1655,33.08067,330,33.08067,0
1656,33.10067,353,33.10067,0
1657,33.12067,307,33.12067,0
1658,33.14067,298,33.14067,0
1659,33.16067,286,33.16067,0
1660,33.18067,310,33.18067,0
1661,33.20067,296,33.20067,0
1662,33.22067,310,33.22067,0
1663,33.24067,278,33.24067,0
1664,33.26067,319,33.26067,0
1665,33.28067,306,33.28067,0
1666,33.30067,301,33.30067,0
1667,33.32067,293,33.32067,0
1668,33.34067,293,33.34067,0
1669,33.36067,319,33.36067,0
1670,33.38067,297,33.38067,0
1671,33.40067,263,33.40067,0
1672,33.42067,317,33.42067,0
1673,33.44067,293,33.44067,0
1674,33.46067,305,33.46067,0
1675,33.48067,230,33.48067,0
1676,33.50067,287,33.50067,0
1677,33.52067,256,33.52067,0
1678,33.54067,296,33.54067,0
1679,33.56067,312,33.56067,0
1680,33.58067,279,33.58067,0
1681,33.60067,245,33.60067,0
1682,33.62067,257,33.62067,0
1683,33.64067,275,33.64067,0
1684,33.66067,221,33.66067,0
1685,33.68067,261,33.68067,0
1686,33.70067,250,33.70067,0
1687,33.72067,268,33.72067,0
1688,33.74067,244,33.74067,0
1689,33.76067,249,33.76067,0
1690,33.78067,272,33.78067,0
1691,33.80067,249,33.80067,0
1692,33.82067,234,33.82067,0
1693,33.84067,234,33.84067,0
1694,33.86067,224,33.86067,0
1695,33.88067,260,33.88067,0
1696,33.90067,242,33.90067,0
1697,33.92067,241,33.92067,0
1698,33.94067,235,33.94067,0
1699,33.96067,226,33.96067,0
1700,33.98067,235,33.98067,0
1701,34.00067,231,34.00067,0
1702,34.02067,207,34.02067,0
1703,34.04067,222,34.04067,0
1704,34.06067,232,34.06067,0
1705,34.08067,238,34.08067,0
1706,34.10067,208,34.10067,0
1707,34.12067,195,34.12067,0
1708,34.14067,198,34.14067,0
1709,34.16067,204,34.16067,0
1710,34.18067,197,34.18067,0
1711,34.20067,200,34.20067,0
1712,34.22067,207,34.22067,0
1713,34.24067,183,34.24067,0
1714,34.26067,203,34.26067,0
1715,34.28067,173,34.28067,0
1716,34.30067,211,34.30067,0
1717,34.32067,169,34.32067,0
1718,34.34067,177,34.34067,0
1719,34.36067,169,34.36067,0
1720,34.38067,186,34.38067,0
1721,34.40067,169,34.40067,0
1722,34.42067,146,34.42067,0
1723,34.44067,147,34.44067,0
1724,34.46067,179,34.46067,0
1725,34.48067,174,34.48067,0
1726,34.50067,144,34.50067,0
1727,34.52067,163,34.52067,0
1728,34.54067,166,34.54067,0
1729,34.56067,166,34.56067,0
1730,34.58067,147,34.58067,0
1731,34.60067,142,34.60067,0
1732,34.62067,154,34.62067,0
1733,34.64067,163,34.64067,0
1734,34.66067,140,34.66067,0
1735,34.68067,150,34.68067,0
1736,34.70067,146,34.70067,0
1737,34.72067,123,34.72067,0
1738,34.74067,163,34.74067,0
1739,34.76067,135,34.76067,0
1740,34.78067,136,34.78067,0
1741,34.80067,122,34.80067,0
1742,34.82067,127,34.82067,0
1743,34.84067,141,34.84067,0
1744,34.86067,103,34.86067,0
1745,34.88067,149,34.88067,0
1746,34.90067,127,34.90067,0
1747,34.92067,99,34.92067,0
1748,34.94067,103,34.94067,0
1749,34.96067,112,34.96067,0
1750,34.98067,110,34.98067,0
1751,35.00067,116,35.00067,0
1752,35.02067,105,35.02067,0
1753,35.04067,93,35.04067,0
1754,35.06067,109,35.06067,0
1755,35.08067,110,35.08067,0
1756,35.10067,109,35.10067,0
1757,35.12067,103,35.12067,0
1758,35.14067,101,35.14067,0
1759,35.16067,114,35.16067,0
1760,35.18067,76,35.18067,0
1761,35.20067,91,35.20067,0
1762,35.22067,92,35.22067,0
1763,35.24067,87,35.24067,0
1764,35.26067,101,35.26067,0
1765,35.28067,93,35.28067,0
1766,35.30067,95,35.30067,0
1767,35.32067,94,35.32067,0
1768,35.34067,97,35.34067,0
1769,35.36067,94,35.36067,0
1770,35.38067,91,35.38067,0
1771,35.40067,76,35.40067,0
1772,35.42067,81,35.42067,0
1773,35.44067,93,35.44067,0
1774,35.46067,76,35.46067,0
1775,35.48067,76,35.48067,0
1776,35.50067,70,35.50067,0
1777,35.52067,71,35.52067,0
1778,35.54067,76,35.54067,0
1779,35.56067,75,35.56067,0
1780,35.58067,69,35.58067,0
1781,35.60067,67,35.60067,0
1782,35.62067,55,35.62067,0
1783,35.64067,73,35.64067,0
1784,35.66067,56,35.66067,0
1785,35.68067,62,35.68067,0
1786,35.70067,53,35.70067,0
1787,35.72067,59,35.72067,0
1788,35.74067,55,35.74067,0
1789,35.76067,50,35.76067,0
1790,35.78067,52,35.78067,0
1791,35.80067,57,35.80067,0
1792,35.82067,43,35.82067,0
1793,35.84067,61,35.84067,0
1794,35.86067,56,35.86067,0
1795,35.88067,46,35.88067,0
1796,35.90067,45,35.90067,0
1797,35.92067,39,35.92067,0
1798,35.94067,49,35.94067,0
1799,35.96067,38,35.96067,0
1800,35.98067,40,35.98067,0
1801,36.00067,60,36.00067,0
1802,36.02067,49,36.02067,0
1803,36.04067,51,36.04067,0
1804,36.06067,38,36.06067,0
1805,36.08067,41,36.08067,0
1806,36.10067,38,36.10067,0
1807,36.12067,40,36.12067,0
1808,36.14067,35,36.14067,0
1809,36.16067,57,36.16067,0
1810,36.18067,50,36.18067,0
1811,36.20067,47,36.20067,0
1812,36.22067,54,36.22067,0
1813,36.24067,39,36.24067,0
1814,36.26067,61,36.26067,0
1815,36.28067,57,36.28067,0
1816,36.30067,47,36.30067,0
1817,36.32067,41,36.32067,0
1818,36.34067,59,36.34067,0
1819,36.36067,40,36.36067,0
1820,36.38067,41,36.38067,0
1821,36.40067,48,36.40067,0
1822,36.42067,46,36.42067,0
1823,36.44067,44,36.44067,0
1824,36.46067,47,36.46067,0
1825,36.48067,40,36.48067,0
1826,36.50067,41,36.50067,0
1827,36.52067,48,36.52067,0
1828,36.54067,42,36.54067,0
1829,36.56067,50,36.56067,0
1830,36.58067,36,36.58067,0
1831,36.60067,42,36.60067,0
1832,36.62067,30,36.62067,0
1833,36.64067,24,36.64067,0
1834,36.66067,35,36.66067,0
1835,36.68067,29,36.68067,0
1836,36.70067,43,36.70067,0
1837,36.72067,31,36.72067,0
1838,36.74067,37,36.74067,0
1839,36.76067,33,36.76067,0
1840,36.78067,26,36.78067,0
1841,36.80067,35,36.80067,0
1842,36.82067,36,36.82067,0
1843,36.84067,37,36.84067,0
1844,36.86067,23,36.86067,0
1845,36.88067,34,36.88067,0
1846,36.90067,27,36.90067,0
1847,36.92067,26,36.92067,0
1848,36.94067,18,36.94067,0
1849,36.96067,25,36.96067,0
1850,36.98067,22,36.98067,0
1851,37.00067,27,37.00067,0
1852,37.02067,34,37.02067,0
1853,37.04067,25,37.04067,0
1854,37.06067,26,37.06067,0
1855,37.08067,21,37.08067,0
1856,37.10067,27,37.10067,0
1857,37.12067,36,37.12067,0
1858,37.14067,22,37.14067,0
1859,37.16067,29,37.16067,0
1860,37.18067,24,37.18067,0
1861,37.20067,16,37.20067,0
1862,37.22067,34,37.22067,0
1863,37.24067,31,37.24067,0
1864,37.26067,29,37.26067,0
1865,37.28067,26,37.28067,0
1866,37.30067,24,37.30067,0
1867,37.32067,25,37.32067,0
1868,37.34067,25,37.34067,0
1869,37.36067,25,37.36067,0
1870,37.38067,28,37.38067,0
1871,37.40067,21,37.40067,0
1872,37.42067,24,37.42067,0
1873,37.44067,22,37.44067,0
1874,37.46067,23,37.46067,0
1875,37.48067,24,37.48067,0
1876,37.50067,24,37.50067,0
1877,37.52067,21,37.52067,0
1878,37.54067,26,37.54067,0
1879,37.56067,25,37.56067,0
1880,37.58067,18,37.58067,0
1881,37.60067,22,37.60067,0
1882,37.62067,27,37.62067,0
1883,37.64067,24,37.64067,0
1884,37.66067,15,37.66067,0
1885,37.68067,27,37.68067,0
1886,37.70067,12,37.70067,0
1887,37.72067,18,37.72067,0
1888,37.74067,19,37.74067,0
1889,37.76067,12,37.76067,0
1890,37.78067,19,37.78067,0
1891,37.80067,18,37.80067,0
1892,37.82067,23,37.82067,0
1893,37.84067,17,37.84067,0
1894,37.86067,14,37.86067,0
1895,37.88067,21,37.88067,0
1896,37.90067,22,37.90067,0
1897,37.92067,21,37.92067,0
1898,37.94067,22,37.94067,0
1899,37.96067,24,37.96067,0
1900,37.98067,15,37.98067,0
1901,38.00067,13,38.00067,0
1902,38.02067,14,38.02067,0
1903,38.04067,19,38.04067,0
1904,38.06067,17,38.06067,0
1905,38.08067,15,38.08067,0
1906,38.10067,16,38.10067,0
1907,38.12067,22,38.12067,0
1908,38.14067,14,38.14067,0
1909,38.16067,15,38.16067,0
1910,38.18067,17,38.18067,0
1911,38.20067,10,38.20067,0
1912,38.22067,18,38.22067,0
1913,38.24067,13,38.24067,0
1914,38.26067,12,38.26067,0
1915,38.28067,19,38.28067,0
1916,38.30067,21,38.30067,0
1917,38.32067,17,38.32067,0
1918,38.34067,12,38.34067,0
1919,38.36067,16,38.36067,0
1920,38.38067,12,38.38067,0
1921,38.40067,18,38.40067,0
1922,38.42067,24,38.42067,0
1923,38.44067,19,38.44067,0
1924,38.46067,25,38.46067,0
1925,38.48067,13,38.48067,0
1926,38.50067,13,38.50067,0
1927,38.52067,13,38.52067,0
1928,38.54067,21,38.54067,0
1929,38.56067,16,38.56067,0
1930,38.58067,13,38.58067,0
1931,38.60067,14,38.60067,0
1932,38.62067,20,38.62067,0
1933,38.64067,13,38.64067,0
1934,38.66067,22,38.66067,0
1935,38.68067,16,38.68067,0
1936,38.70067,8,38.70067,0
1937,38.72067,12,38.72067,0
1938,38.74067,10,38.74067,0
1939,38.76067,15,38.76067,0
1940,38.78067,11,38.78067,0
1941,38.80067,15,38.80067,0
1942,38.82067,9,38.82067,0
1943,38.84067,10,38.84067,0
1944,38.86067,15,38.86067,0
1945,38.88067,9,38.88067,0
1946,38.90067,9,38.90067,0
1947,38.92067,17,38.92067,0
1948,38.94067,11,38.94067,0
1949,38.96067,18,38.96067,0
1950,38.98067,12,38.98067,0
1951,39.00067,14,39.00067,0
1952,39.02067,11,39.02067,0
1953,39.04067,11,39.04067,0
1954,39.06067,17,39.06067,0
1955,39.08067,10,39.08067,0
1956,39.10067,11,39.10067,0
1957,39.12067,12,39.12067,0
1958,39.14067,10,39.14067,0
1959,39.16067,9,39.16067,0
1960,39.18067,5,39.18067,0
1961,39.20067,9,39.20067,0
1962,39.22067,9,39.22067,0
1963,39.24067,8,39.24067,0
1964,39.26067,11,39.26067,0
1965,39.28067,14,39.28067,0
1966,39.30067,11,39.30067,0
1967,39.32067,18,39.32067,0
1968,39.34067,10,39.34067,0
1969,39.36067,16,39.36067,0
1970,39.38067,13,39.38067,0
1971,39.40067,8,39.40067,0
1972,39.42067,5,39.42067,0
1973,39.44067,18,39.44067,0
1974,39.46067,9,39.46067,0
1975,39.48067,10,39.48067,0
1976,39.50067,11,39.50067,0
1977,39.52067,10,39.52067,0
1978,39.54067,11,39.54067,0
1979,39.56067,11,39.56067,0
1980,39.58067,9,39.58067,0
1981,39.60067,10,39.60067,0
1982,39.62067,12,39.62067,0
1983,39.64067,15,39.64067,0
1984,39.66067,7,39.66067,0
1985,39.68067,8,39.68067,0
1986,39.70067,8,39.70067,0
1987,39.72067,10,39.72067,0
1988,39.74067,10,39.74067,0
1989,39.76067,7,39.76067,0
1990,39.78067,15,39.78067,0
1991,39.80067,10,39.80067,0
1992,39.82067,8,39.82067,0
1993,39.84067,5,39.84067,0
1994,39.86067,12,39.86067,0
1995,39.88067,9,39.88067,0
1996,39.90067,11,39.90067,0
1997,39.92067,10,39.92067,0
1998,39.94067,7,39.94067,0
1999,39.96067,10,39.96067,0
2000,39.98067,15,39.98067,0
2001,40.00067,10,40.00067,0
2002,40.02067,11,40.02067,0
2003,40.04067,9,40.04067,0
2004,40.06067,3,40.06067,0
2005,40.08067,9,40.08067,0
2006,40.10067,7,40.10067,0
2007,40.12067,8,40.12067,0
2008,40.14067,9,40.14067,0
2009,40.16067,8,40.16067,0
2010,40.18067,7,40.18067,0
2011,40.20067,15,40.20067,0
2012,40.22067,5,40.22067,0
2013,40.24067,7,40.24067,0
2014,40.26067,5,40.26067,0
2015,40.28067,7,40.28067,0
2016,40.30067,5,40.30067,0
2017,40.32067,12,40.32067,0
2018,40.34067,9,40.34067,0
2019,40.36067,12,40.36067,0
2020,40.38067,9,40.38067,0
2021,40.40067,7,40.40067,0
2022,40.42067,9,40.42067,0
2023,40.44067,10,40.44067,0
2024,40.46067,7,40.46067,0
2025,40.48067,10,40.48067,0
2026,40.50067,16,40.50067,0
2027,40.52067,8,40.52067,0
2028,40.54067,7,40.54067,0
2029,40.56067,10,40.56067,0
2030,40.58067,8,40.58067,0
2031,40.60067,13,40.60067,0
2032,40.62067,6,40.62067,0
2033,40.64067,10,40.64067,0
2034,40.66067,7,40.66067,0
2035,40.68067,11,40.68067,0
2036,40.70067,8,40.70067,0
2037,40.72067,6,40.72067,0
2038,40.74067,2,40.74067,0
2039,40.76067,6,40.76067,0
2040,40.78067,9,40.78067,0
2041,40.80067,7,40.80067,0
2042,40.82067,8,40.82067,0
2043,40.84067,12,40.84067,0
2044,40.86067,8,40.86067,0
2045,40.88067,12,40.88067,0
2046,40.90067,6,40.90067,0
2047,40.92067,6,40.92067,0
2048,40.94067,10,40.94067,0
