Bruker AXS HMP Instrument Tools Complete CSV
FileName,C:\MeinZeugs\Uni\Publikationen\2025\MeIn pXRF\DAQ\Device_monitoring_sample_element_precision_Schauer\data_raw\Example_Drift\03884-Mudrock Dual.pdz
SerialString,SG2-6390
TubeTargetElement,45
NumberOfSpectra,2
SampleID,
AcquisitionDateTime,4/11/2025 1:30:57 PM
TotalElapsedTimeInSeconds,120
AnodeTakeOffAngle,45
SampleIncidenceAngle,45
BeThicknessInMicroMeters,125
SampleTakeOffAngle,65
SpotSizeUsed,8
NumberOfUserCustomFields,5
UserCustomFieldHeader,FieldName,FieldValue
UserCustomField,Operator,Supervisor
UserCustomField,Material,Standard
UserCustomField,ID,
UserCustomField,Probe,SdAR-M2
UserCustomField,Projekt,Brennexperiment
AnalysisMode,32
AnalysisType,1
UsedAutoCalSelect,False
ResultUnits,PPM
ErrorMultiplier,2
CalFileName,MudrockDual
CalPackageName,
CalPackagePartNumber,
TypeStandardizationSetName,
NumberOfElementsInCalculatedResults,27
CalculatedResults:AtomicNum,ElementSymbol,Units,Value,TypeStandardizedValue,Error,RangeMin,RangeMax,Tramp,Nominal
12,Mg,PPM,0.2230448,0.2230448,0.04902479,0,0,False,False
13,Al,PPM,4.511579,4.511579,0.03046202,0,0,False,False
14,Si,PPM,23.4487,23.4487,0.04106987,0,0,False,False
15,P,PPM,0.01954546,0.01954546,0.002966773,0,0,False,False
16,S,PPM,0.1866443,0.1866443,0.002714699,0,0,False,False
19,K,PPM,3.366414,3.366414,0.006332573,0,0,False,False
20,Ca,PPM,0.6449912,0.6449912,0.002270306,0,0,False,False
22,Ti,PPM,0.1298232,0.1298232,0.001080463,0,0,False,False
23,V,PPM,0.00604026,0.00604026,0.0005653401,0,0,False,False
24,Cr,PPM,0.003397952,0.003397952,0.0003380506,0,0,False,False
25,Mn,PPM,0.08679998,0.08679998,0.0005951292,0,0,False,False
26,Fe,PPM,1.857137,1.857137,0.002647153,0,0,False,False
27,Co,PPM,0,0,7.009613E-05,0,0,False,False
28,Ni,PPM,0.005316038,0.005316038,0.0001776972,0,0,False,False
29,Cu,PPM,0.02865248,0.02865248,0.0003028803,0,0,False,False
30,Zn,PPM,0.0917028,0.0917028,0.0004277337,0,0,False,False
33,As,PPM,0.04115855,0.04115855,0.0002534966,0,0,False,False
37,Rb,PPM,0.0148445,0.0148445,0.0001198177,0,0,False,False
38,Sr,PPM,0.01513042,0.01513042,0.0001266784,0,0,False,False
39,Y,PPM,0.005289081,0.005289081,0.0001215389,0,0,False,False
40,Zr,PPM,0.0200124,0.0200124,0.0001271483,0,0,False,False
41,Nb,PPM,0.002092339,0.002092339,9.914812E-05,0,0,False,False
42,Mo,PPM,0.002294163,0.002294163,0.0001083169,0,0,False,False
56,Ba,PPM,0.1499353,0.1499353,0.007837103,0,0,False,False
82,Pb,PPM,0.04380557,0.04380557,0.0002379929,0,0,False,False
90,Th,PPM,0.001767372,0.001767372,2.824542E-05,0,0,False,False
92,U,PPM,0.0006679113,0.0006679113,0.0002558309,0,0,False,False
MatchSpreadThreshold,0.05
IsTrampEnabled,False
IsNominalEnabled,False
NumberOfGradeIDMatchResults,3
GradeIDMatchResultsHeader,GradeID,MatchConfidence
GradeIDMatchResult,,0
GradeIDMatchResult,,0
GradeIDMatchResult,,0
ParametersForEachSpectrum,Spectrum 1,,Spectrum 2,
XrayVoltageInkV,40,,15,
XrayFilamentCurrentInMicroAmps,38.85,,27.9,
RawCounts,3226402,,3251711,
ValidCounts,2723970,,2873997,
eVPerChannel,20,,20,
StartingKeV,0.0007299983,,0.0007299983,
ZeroOffsetInKeV,-0.0007299983,,-0.0007299983,
StartingChannel,0.03649992,,0.03649992,
NumberOfChannels,2048,,2048,
CountsPerSecond,64385.11,,59670.99,
XilinxFirmwareVersion,,,,
IlluminationID,MudRock Trace40,,MudRock Maj15,
Filter1ElementAtomicNum,22,,0,
Filter1Thickness,25,,0,
Filter2ElementAtomicNum,13,,0,
Filter2Thickness,300,,0,
Filter3ElementAtomicNum,0,,0,
Filter3Thickness,0,,0,
AcquisitionDateTime,4/11/2025 1:30:57 PM,,4/11/2025 1:30:57 PM,
LiveTimeInSeconds,42.618,,47.20999,
DeadTimeInSeconds,7.493001,,7.283999,
ResetTimeInSeconds,6.086001,,1.772,
DetectorTempInC,-27,,-27,
AmbientTempInF,112.2,,112.2,
NosePressureInMilliBars,991,,991,
NoseTemperatureInC,36,,36,
ActiveTimeInSeconds,50.111,,54.494,
PacketTimeInSeconds,56.197,,56.266,
CommunicationTimeInSeconds,,,,
ElapsedClockTimeInSeconds,60,,60,
Spectrum:ChannelNumber,ChannelStartInKeV,ChannelCount,ChannelStartInKeV,ChannelCount
1,0.0007299983,0,0.0007299983,0
2,0.02073,0,0.02073,0
3,0.04073,0,0.04073,0
4,0.06073,0,0.06073,0
5,0.08073,0,0.08073,0
6,0.10073,0,0.10073,0
7,0.12073,0,0.12073,0
8,0.14073,0,0.14073,0
9,0.16073,0,0.16073,0
10,0.18073,0,0.18073,0
11,0.20073,0,0.20073,0
12,0.22073,0,0.22073,0
13,0.24073,0,0.24073,0
14,0.26073,1,0.26073,0
15,0.28073,3,0.28073,8
16,0.30073,102,0.30073,83
17,0.32073,631,0.32073,603
18,0.34073,2808,0.34073,2829
19,0.36073,6874,0.36073,7744
20,0.38073,10939,0.38073,12464
21,0.40073,10634,0.40073,12378
22,0.42073,6608,0.42073,7306
23,0.44073,2518,0.44073,2677
24,0.46073,630,0.46073,624
25,0.48073,95,0.48073,85
26,0.50073,19,0.50073,10
27,0.52073,5,0.52073,1
28,0.54073,1,0.54073,0
29,0.56073,1,0.56073,0
30,0.58073,3,0.58073,0
31,0.60073,1,0.60073,1
32,0.62073,1,0.62073,0
33,0.64073,0,0.64073,0
34,0.66073,0,0.66073,1
35,0.68073,631,0.68073,80
36,0.70073,608,0.70073,69
37,0.72073,658,0.72073,82
38,0.74073,566,0.74073,64
39,0.76073,635,0.76073,77
40,0.78073,683,0.78073,72
41,0.80073,610,0.80073,86
42,0.82073,625,0.82073,73
43,0.84073,622,0.84073,93
44,0.86073,595,0.86073,91
45,0.88073,645,0.88073,123
46,0.90073,553,0.90073,180
47,0.92073,595,0.92073,239
48,0.94073,627,0.94073,290
49,0.96073,565,0.96073,275
50,0.98073,584,0.98073,231
51,1.00073,555,1.00073,183
52,1.02073,567,1.02073,138
53,1.04073,552,1.04073,152
54,1.06073,595,1.06073,164
55,1.08073,578,1.08073,175
56,1.10073,545,1.10073,152
57,1.12073,551,1.12073,176
58,1.14073,550,1.14073,161
59,1.16073,559,1.16073,189
60,1.18073,585,1.18073,201
61,1.20073,505,1.20073,216
62,1.22073,570,1.22073,227
63,1.24073,541,1.24073,240
64,1.26073,541,1.26073,211
65,1.28073,518,1.28073,158
66,1.30073,493,1.30073,162
67,1.32073,518,1.32073,158
68,1.34073,466,1.34073,154
69,1.36073,497,1.36073,198
70,1.38073,471,1.38073,374
71,1.40073,490,1.40073,886
72,1.42073,541,1.42073,2164
73,1.44073,567,1.44073,3980
74,1.46073,616,1.46073,6067
75,1.48073,631,1.48073,6995
76,1.50073,608,1.50073,6382
77,1.52073,569,1.52073,4808
78,1.54073,571,1.54073,3246
79,1.56073,528,1.56073,2133
80,1.58073,462,1.58073,1568
81,1.60073,487,1.60073,1400
82,1.62073,488,1.62073,2191
83,1.64073,462,1.64073,5930
84,1.66073,629,1.66073,16694
85,1.68073,901,1.68073,37186
86,1.70073,1305,1.70073,65701
87,1.72073,1559,1.72073,89411
88,1.74073,1639,1.74073,93802
89,1.76073,1489,1.76073,77246
90,1.78073,1034,1.78073,50585
91,1.80073,768,1.80073,27051
92,1.82073,577,1.82073,13328
93,1.84073,503,1.84073,6816
94,1.86073,447,1.86073,3886
95,1.88073,430,1.88073,2104
96,1.90073,410,1.90073,1135
97,1.92073,411,1.92073,670
98,1.94073,409,1.94073,521
99,1.96073,407,1.96073,447
100,1.98073,404,1.98073,475
101,2.00073,388,2.00073,479
102,2.02073,392,2.02073,451
103,2.04073,387,2.04073,383
104,2.06073,346,2.06073,324
105,2.08073,369,2.08073,297
106,2.10073,334,2.10073,291
107,2.12073,341,2.12073,289
108,2.14073,317,2.14073,261
109,2.16073,313,2.16073,304
110,2.18073,331,2.18073,340
111,2.20073,300,2.20073,350
112,2.22073,330,2.22073,503
113,2.24073,332,2.24073,807
114,2.26073,375,2.26073,1081
115,2.28073,369,2.28073,1507
116,2.30073,344,2.30073,1714
117,2.32073,312,2.32073,1857
118,2.34073,356,2.34073,1658
119,2.36073,348,2.36073,1437
120,2.38073,354,2.38073,1221
121,2.40073,333,2.40073,1100
122,2.42073,371,2.42073,1016
123,2.44073,325,2.44073,909
124,2.46073,291,2.46073,872
125,2.48073,317,2.48073,751
126,2.50073,307,2.50073,774
127,2.52073,297,2.52073,769
128,2.54073,275,2.54073,795
129,2.56073,263,2.56073,974
130,2.58073,286,2.58073,1465
131,2.60073,292,2.60073,2498
132,2.62073,286,2.62073,4206
133,2.64073,264,2.64073,6629
134,2.66073,274,2.66073,9694
135,2.68073,275,2.68073,11834
136,2.70073,270,2.70073,12071
137,2.72073,264,2.72073,10540
138,2.74073,234,2.74073,8280
139,2.76073,260,2.76073,6354
140,2.78073,262,2.78073,5809
141,2.80073,230,2.80073,6034
142,2.82073,253,2.82073,6792
143,2.84073,256,2.84073,7112
144,2.86073,280,2.86073,6865
145,2.88073,348,2.88073,6833
146,2.90073,384,2.90073,7073
147,2.92073,479,2.92073,8175
148,2.94073,480,2.94073,9043
149,2.96073,504,2.96073,8904
150,2.98073,458,2.98073,7765
151,3.00073,380,3.00073,5973
152,3.02073,318,3.02073,3971
153,3.04073,276,3.04073,2633
154,3.06073,224,3.06073,1688
155,3.08073,228,3.08073,1275
156,3.10073,219,3.10073,1192
157,3.12073,196,3.12073,1295
158,3.14073,239,3.14073,1524
159,3.16073,263,3.16073,2047
160,3.18073,320,3.18073,3017
161,3.20073,559,3.20073,5358
162,3.22073,1006,3.22073,11060
163,3.24073,1751,3.24073,21250
164,3.26073,2960,3.26073,35750
165,3.28073,4115,3.28073,51527
166,3.30073,4941,3.30073,62841
167,3.32073,4980,3.32073,62987
168,3.34073,4200,3.34073,53853
169,3.36073,3111,3.36073,38035
170,3.38073,1867,3.38073,22867
171,3.40073,1040,3.40073,11878
172,3.42073,558,3.42073,5586
173,3.44073,332,3.44073,2683
174,3.46073,263,3.46073,1824
175,3.48073,256,3.48073,1860
176,3.50073,299,3.50073,2754
177,3.52073,451,3.52073,4287
178,3.54073,599,3.54073,6367
179,3.56073,769,3.56073,8341
180,3.58073,968,3.58073,10108
181,3.60073,1069,3.60073,11352
182,3.62073,1131,3.62073,11856
183,3.64073,1252,3.64073,12841
184,3.66073,1401,3.66073,14015
185,3.68073,1412,3.68073,14247
186,3.70073,1305,3.70073,13203
187,3.72073,1178,3.72073,10784
188,3.74073,778,3.74073,7569
189,3.76073,551,3.76073,4854
190,3.78073,306,3.78073,2850
191,3.80073,218,3.80073,1580
192,3.82073,139,3.82073,1110
193,3.84073,135,3.84073,893
194,3.86073,133,3.86073,853
195,3.88073,138,3.88073,900
196,3.90073,127,3.90073,983
197,3.92073,163,3.92073,1211
198,3.94073,184,3.94073,1542
199,3.96073,199,3.96073,1939
200,3.98073,248,3.98073,2320
201,4.00073,261,4.00073,2640
202,4.02073,266,4.02073,2567
203,4.04073,227,4.04073,2481
204,4.06073,229,4.06073,1959
205,4.08073,184,4.08073,1556
206,4.10073,118,4.10073,1283
207,4.12073,100,4.12073,1106
208,4.14073,91,4.14073,969
209,4.16073,93,4.16073,935
210,4.18073,80,4.18073,887
211,4.20073,78,4.20073,872
212,4.22073,60,4.22073,913
213,4.24073,83,4.24073,885
214,4.26073,59,4.26073,890
215,4.28073,72,4.28073,902
216,4.30073,89,4.30073,1034
217,4.32073,92,4.32073,985
218,4.34073,107,4.34073,1099
219,4.36073,141,4.36073,1272
220,4.38073,186,4.38073,1614
221,4.40073,315,4.40073,2142
222,4.42073,447,4.42073,3090
223,4.44073,622,4.44073,4231
224,4.46073,863,4.46073,5573
225,4.48073,1020,4.48073,6438
226,4.50073,1147,4.50073,6871
227,4.52073,1050,4.52073,6434
228,4.54073,939,4.54073,5639
229,4.56073,725,4.56073,4274
230,4.58073,499,4.58073,3237
231,4.60073,367,4.60073,2402
232,4.62073,330,4.62073,1953
233,4.64073,271,4.64073,1721
234,4.66073,267,4.66073,1627
235,4.68073,249,4.68073,1520
236,4.70073,203,4.70073,1517
237,4.72073,175,4.72073,1503
238,4.74073,166,4.74073,1493
239,4.76073,160,4.76073,1619
240,4.78073,184,4.78073,1826
241,4.80073,253,4.80073,2074
242,4.82073,304,4.82073,2166
243,4.84073,291,4.84073,2263
244,4.86073,300,4.86073,2403
245,4.88073,325,4.88073,2434
246,4.90073,315,4.90073,2519
247,4.92073,315,4.92073,2565
248,4.94073,286,4.94073,2353
249,4.96073,264,4.96073,2380
250,4.98073,216,4.98073,2147
251,5.00073,165,5.00073,2078
252,5.02073,121,5.02073,1964
253,5.04073,128,5.04073,1832
254,5.06073,95,5.06073,1838
255,5.08073,92,5.08073,1887
256,5.10073,88,5.10073,1864
257,5.12073,124,5.12073,1907
258,5.14073,123,5.14073,1893
259,5.16073,136,5.16073,1907
260,5.18073,102,5.18073,1922
261,5.20073,115,5.20073,1903
262,5.22073,125,5.22073,1885
263,5.24073,126,5.24073,1842
264,5.26073,154,5.26073,1939
265,5.28073,107,5.28073,1908
266,5.30073,131,5.30073,1887
267,5.32073,127,5.32073,1944
268,5.34073,119,5.34073,1910
269,5.36073,152,5.36073,1967
270,5.38073,134,5.38073,2005
271,5.40073,173,5.40073,2016
272,5.42073,147,5.42073,2104
273,5.44073,149,5.44073,2046
274,5.46073,125,5.46073,2042
275,5.48073,134,5.48073,1954
276,5.50073,99,5.50073,1902
277,5.52073,102,5.52073,1980
278,5.54073,96,5.54073,1895
279,5.56073,106,5.56073,1922
280,5.58073,96,5.58073,1952
281,5.60073,89,5.60073,1813
282,5.62073,103,5.62073,1925
283,5.64073,87,5.64073,1864
284,5.66073,68,5.66073,1907
285,5.68073,103,5.68073,1922
286,5.70073,89,5.70073,1863
287,5.72073,120,5.72073,1960
288,5.74073,165,5.74073,2076
289,5.76073,256,5.76073,2291
290,5.78073,447,5.78073,2708
291,5.80073,637,5.80073,3190
292,5.82073,996,5.82073,4242
293,5.84073,1361,5.84073,5105
294,5.86073,1747,5.86073,6179
295,5.88073,1938,5.88073,6765
296,5.90073,1903,5.90073,6905
297,5.92073,1701,5.92073,6313
298,5.94073,1362,5.94073,5352
299,5.96073,1022,5.96073,4353
300,5.98073,673,5.98073,3401
301,6.00073,437,6.00073,2764
302,6.02073,257,6.02073,2336
303,6.04073,205,6.04073,2128
304,6.06073,159,6.06073,1934
305,6.08073,152,6.08073,1956
306,6.10073,124,6.10073,1944
307,6.12073,159,6.12073,1970
308,6.14073,173,6.14073,2028
309,6.16073,199,6.16073,2051
310,6.18073,253,6.18073,2195
311,6.20073,484,6.20073,2550
312,6.22073,941,6.22073,3260
313,6.24073,1888,6.24073,5047
314,6.26073,4016,6.26073,8697
315,6.28073,7692,6.28073,15200
316,6.30073,13665,6.30073,26246
317,6.32073,21574,6.32073,40916
318,6.34073,30899,6.34073,58299
319,6.36073,39752,6.36073,74589
320,6.38073,46025,6.38073,86860
321,6.40073,46806,6.40073,88697
322,6.42073,43382,6.42073,82671
323,6.44073,35967,6.44073,68735
324,6.46073,26813,6.46073,51335
325,6.48073,18199,6.48073,34962
326,6.50073,11071,6.50073,21529
327,6.52073,6043,6.52073,12639
328,6.54073,3031,6.54073,7286
329,6.56073,1525,6.56073,4388
330,6.58073,720,6.58073,2869
331,6.60073,395,6.60073,2287
332,6.62073,238,6.62073,1963
333,6.64073,177,6.64073,1974
334,6.66073,189,6.66073,1956
335,6.68073,161,6.68073,1907
336,6.70073,143,6.70073,1893
337,6.72073,142,6.72073,1849
338,6.74073,135,6.74073,1891
339,6.76073,144,6.76073,1937
340,6.78073,169,6.78073,1849
341,6.80073,193,6.80073,1994
342,6.82073,237,6.82073,1965
343,6.84073,284,6.84073,2030
344,6.86073,371,6.86073,2102
345,6.88073,503,6.88073,2447
346,6.90073,791,6.90073,2913
347,6.92073,1241,6.92073,3469
348,6.94073,1862,6.94073,4900
349,6.96073,3002,6.96073,6577
350,6.98073,4280,6.98073,8885
351,7.00073,5631,7.00073,11178
352,7.02073,6897,7.02073,13434
353,7.04073,7486,7.04073,14546
354,7.06073,7511,7.06073,14777
355,7.08073,6925,7.08073,13225
356,7.10073,5682,7.10073,11354
357,7.12073,4216,7.12073,8699
358,7.14073,2812,7.14073,6358
359,7.16073,1811,7.16073,4508
360,7.18073,1089,7.18073,3217
361,7.20073,550,7.20073,2415
362,7.22073,288,7.22073,2001
363,7.24073,177,7.24073,1904
364,7.26073,114,7.26073,1807
365,7.28073,84,7.28073,1776
366,7.30073,79,7.30073,1756
367,7.32073,69,7.32073,1874
368,7.34073,100,7.34073,1964
369,7.36073,115,7.36073,1991
370,7.38073,140,7.38073,2256
371,7.40073,209,7.40073,2520
372,7.42073,256,7.42073,2662
373,7.44073,323,7.44073,2898
374,7.46073,302,7.46073,2945
375,7.48073,304,7.48073,2857
376,7.50073,280,7.50073,2757
377,7.52073,237,7.52073,2570
378,7.54073,167,7.54073,2166
379,7.56073,153,7.56073,2023
380,7.58073,122,7.58073,1856
381,7.60073,91,7.60073,1670
382,7.62073,71,7.62073,1656
383,7.64073,49,7.64073,1546
384,7.66073,62,7.66073,1538
385,7.68073,66,7.68073,1558
386,7.70073,51,7.70073,1469
387,7.72073,71,7.72073,1543
388,7.74073,69,7.74073,1479
389,7.76073,76,7.76073,1513
390,7.78073,78,7.78073,1547
391,7.80073,67,7.80073,1560
392,7.82073,92,7.82073,1555
393,7.84073,102,7.84073,1491
394,7.86073,138,7.86073,1545
395,7.88073,169,7.88073,1579
396,7.90073,280,7.90073,1635
397,7.92073,448,7.92073,1755
398,7.94073,602,7.94073,1860
399,7.96073,893,7.96073,2073
400,7.98073,1174,7.98073,2251
401,8.00073,1475,8.00073,2455
402,8.02073,1662,8.02073,2554
403,8.04073,1650,8.04073,2632
404,8.06073,1574,8.06073,2623
405,8.08073,1347,8.08073,2520
406,8.10073,1097,8.10073,2382
407,8.12073,768,8.12073,2259
408,8.14073,527,8.14073,2164
409,8.16073,376,8.16073,2024
410,8.18073,237,8.18073,1964
411,8.20073,179,8.20073,1860
412,8.22073,156,8.22073,1781
413,8.24073,135,8.24073,1758
414,8.26073,139,8.26073,1741
415,8.28073,139,8.28073,1813
416,8.30073,124,8.30073,1722
417,8.32073,133,8.32073,1633
418,8.34073,148,8.34073,1563
419,8.36073,122,8.36073,1592
420,8.38073,151,8.38073,1587
421,8.40073,162,8.40073,1567
422,8.42073,204,8.42073,1587
423,8.44073,299,8.44073,1650
424,8.46073,496,8.46073,1685
425,8.48073,858,8.48073,1756
426,8.50073,1366,8.50073,2094
427,8.52073,2138,8.52073,2402
428,8.54073,3177,8.54073,2806
429,8.56073,4303,8.56073,3416
430,8.58073,5390,8.58073,4014
431,8.60073,6214,8.60073,4379
432,8.62073,6727,8.62073,4607
433,8.64073,6529,8.64073,4580
434,8.66073,5821,8.66073,4175
435,8.68073,4950,8.68073,3860
436,8.70073,3769,8.70073,3321
437,8.72073,2719,8.72073,2658
438,8.74073,1823,8.74073,2354
439,8.76073,1099,8.76073,1978
440,8.78073,694,8.78073,1884
441,8.80073,482,8.80073,1741
442,8.82073,357,8.82073,1703
443,8.84073,352,8.84073,1742
444,8.86073,362,8.86073,1721
445,8.88073,400,8.88073,1787
446,8.90073,416,8.90073,1648
447,8.92073,384,8.92073,1660
448,8.94073,339,8.94073,1696
449,8.96073,301,8.96073,1656
450,8.98073,257,8.98073,1632
451,9.00073,246,9.00073,1595
452,9.02073,217,9.02073,1571
453,9.04073,212,9.04073,1498
454,9.06073,229,9.06073,1603
455,9.08073,230,9.08073,1626
456,9.10073,321,9.10073,1575
457,9.12073,334,9.12073,1640
458,9.14073,469,9.14073,1565
459,9.16073,492,9.16073,1617
460,9.18073,515,9.18073,1677
461,9.20073,537,9.20073,1637
462,9.22073,563,9.22073,1602
463,9.24073,516,9.24073,1644
464,9.26073,495,9.26073,1743
465,9.28073,405,9.28073,1640
466,9.30073,394,9.30073,1606
467,9.32073,305,9.32073,1644
468,9.34073,290,9.34073,1649
469,9.36073,255,9.36073,1616
470,9.38073,251,9.38073,1552
471,9.40073,294,9.40073,1588
472,9.42073,343,9.42073,1599
473,9.44073,395,9.44073,1617
474,9.46073,540,9.46073,1700
475,9.48073,678,9.48073,1710
476,9.50073,920,9.50073,1814
477,9.52073,1114,9.52073,1940
478,9.54073,1201,9.54073,1927
479,9.56073,1223,9.56073,1990
480,9.58073,1250,9.58073,2050
481,9.60073,1104,9.60073,1982
482,9.62073,976,9.62073,1938
483,9.64073,800,9.64073,1878
484,9.66073,653,9.66073,1867
485,9.68073,516,9.68073,1779
486,9.70073,402,9.70073,1756
487,9.72073,322,9.72073,1710
488,9.74073,284,9.74073,1710
489,9.76073,251,9.76073,1652
490,9.78073,227,9.78073,1718
491,9.80073,238,9.80073,1637
492,9.82073,237,9.82073,1598
493,9.84073,211,9.84073,1545
494,9.86073,262,9.86073,1499
495,9.88073,233,9.88073,1484
496,9.90073,252,9.90073,1453
497,9.92073,277,9.92073,1489
498,9.94073,271,9.94073,1482
499,9.96073,247,9.96073,1509
500,9.98073,255,9.98073,1501
501,10.00073,272,10.00073,1490
502,10.02073,264,10.02073,1462
503,10.04073,265,10.04073,1521
504,10.06073,249,10.06073,1513
505,10.08073,291,10.08073,1518
506,10.10073,252,10.10073,1554
507,10.12073,270,10.12073,1452
508,10.14073,293,10.14073,1439
509,10.16073,319,10.16073,1440
510,10.18073,294,10.18073,1484
511,10.20073,306,10.20073,1486
512,10.22073,356,10.22073,1495
513,10.24073,366,10.24073,1428
514,10.26073,411,10.26073,1414
515,10.28073,444,10.28073,1393
516,10.30073,552,10.30073,1502
517,10.32073,613,10.32073,1491
518,10.34073,767,10.34073,1509
519,10.36073,1099,10.36073,1462
520,10.38073,1436,10.38073,1514
521,10.40073,1952,10.40073,1518
522,10.42073,2729,10.42073,1576
523,10.44073,3638,10.44073,1541
524,10.46073,4561,10.46073,1604
525,10.48073,5668,10.48073,1667
526,10.50073,6548,10.50073,1727
527,10.52073,7003,10.52073,1691
528,10.54073,7247,10.54073,1700
529,10.56073,7081,10.56073,1684
530,10.58073,6305,10.58073,1690
531,10.60073,5266,10.60073,1593
532,10.62073,4407,10.62073,1606
533,10.64073,3366,10.64073,1445
534,10.66073,2401,10.66073,1460
535,10.68073,1708,10.68073,1398
536,10.70073,1174,10.70073,1318
537,10.72073,842,10.72073,1284
538,10.74073,649,10.74073,1327
539,10.76073,567,10.76073,1345
540,10.78073,494,10.78073,1350
541,10.80073,460,10.80073,1240
542,10.82073,464,10.82073,1303
543,10.84073,431,10.84073,1257
544,10.86073,424,10.86073,1250
545,10.88073,451,10.88073,1212
546,10.90073,433,10.90073,1271
547,10.92073,482,10.92073,1262
548,10.94073,480,10.94073,1216
549,10.96073,457,10.96073,1187
550,10.98073,428,10.98073,1214
551,11.00073,460,11.00073,1245
552,11.02073,463,11.02073,1229
553,11.04073,461,11.04073,1213
554,11.06073,482,11.06073,1171
555,11.08073,482,11.08073,1197
556,11.10073,497,11.10073,1131
557,11.12073,511,11.12073,1153
558,11.14073,526,11.14073,1170
559,11.16073,528,11.16073,1158
560,11.18073,499,11.18073,1138
561,11.20073,577,11.20073,1140
562,11.22073,582,11.22073,1154
563,11.24073,553,11.24073,1159
564,11.26073,586,11.26073,1085
565,11.28073,615,11.28073,1172
566,11.30073,619,11.30073,1126
567,11.32073,670,11.32073,1161
568,11.34073,650,11.34073,1118
569,11.36073,644,11.36073,1125
570,11.38073,675,11.38073,1086
571,11.40073,650,11.40073,1074
572,11.42073,658,11.42073,1084
573,11.44073,660,11.44073,1094
574,11.46073,592,11.46073,1073
575,11.48073,602,11.48073,1114
576,11.50073,579,11.50073,1038
577,11.52073,616,11.52073,1055
578,11.54073,639,11.54073,1094
579,11.56073,652,11.56073,1055
580,11.58073,651,11.58073,1005
581,11.60073,685,11.60073,1056
582,11.62073,751,11.62073,1036
583,11.64073,743,11.64073,1000
584,11.66073,762,11.66073,1028
585,11.68073,792,11.68073,1014
586,11.70073,815,11.70073,1048
587,11.72073,860,11.72073,992
588,11.74073,834,11.74073,971
589,11.76073,793,11.76073,1020
590,11.78073,757,11.78073,982
591,11.80073,834,11.80073,1025
592,11.82073,767,11.82073,961
593,11.84073,779,11.84073,973
594,11.86073,689,11.86073,953
595,11.88073,776,11.88073,922
596,11.90073,733,11.90073,976
597,11.92073,734,11.92073,970
598,11.94073,734,11.94073,960
599,11.96073,731,11.96073,954
600,11.98073,760,11.98073,880
601,12.00073,739,12.00073,905
602,12.02073,738,12.02073,968
603,12.04073,774,12.04073,852
604,12.06073,824,12.06073,887
605,12.08073,861,12.08073,906
606,12.10073,790,12.10073,858
607,12.12073,904,12.12073,874
608,12.14073,891,12.14073,859
609,12.16073,976,12.16073,920
610,12.18073,970,12.18073,849
611,12.20073,1028,12.20073,856
612,12.22073,1055,12.22073,846
613,12.24073,1086,12.24073,829
614,12.26073,1118,12.26073,871
615,12.28073,1151,12.28073,806
616,12.30073,1162,12.30073,870
617,12.32073,1144,12.32073,846
618,12.34073,1211,12.34073,818
619,12.36073,1171,12.36073,809
620,12.38073,1188,12.38073,776
621,12.40073,1209,12.40073,823
622,12.42073,1376,12.42073,823
623,12.44073,1583,12.44073,778
624,12.46073,1969,12.46073,799
625,12.48073,2580,12.48073,787
626,12.50073,3182,12.50073,788
627,12.52073,3985,12.52073,783
628,12.54073,4977,12.54073,780
629,12.56073,5636,12.56073,727
630,12.58073,5972,12.58073,782
631,12.60073,6349,12.60073,775
632,12.62073,6384,12.62073,771
633,12.64073,6134,12.64073,797
634,12.66073,5355,12.66073,772
635,12.68073,4774,12.68073,735
636,12.70073,4029,12.70073,794
637,12.72073,3298,12.72073,791
638,12.74073,2754,12.74073,797
639,12.76073,2261,12.76073,740
640,12.78073,2003,12.78073,765
641,12.80073,1773,12.80073,764
642,12.82073,1600,12.82073,736
643,12.84073,1465,12.84073,718
644,12.86073,1490,12.86073,779
645,12.88073,1396,12.88073,692
646,12.90073,1405,12.90073,714
647,12.92073,1386,12.92073,686
648,12.94073,1383,12.94073,663
649,12.96073,1334,12.96073,637
650,12.98073,1394,12.98073,615
651,13.00073,1337,13.00073,626
652,13.02073,1335,13.02073,649
653,13.04073,1302,13.04073,590
654,13.06073,1230,13.06073,607
655,13.08073,1288,13.08073,567
656,13.10073,1161,13.10073,599
657,13.12073,1210,13.12073,595
658,13.14073,1302,13.14073,535
659,13.16073,1303,13.16073,517
660,13.18073,1442,13.18073,533
661,13.20073,1672,13.20073,548
662,13.22073,1877,13.22073,513
663,13.24073,2242,13.24073,500
664,13.26073,2647,13.26073,491
665,13.28073,3139,13.28073,541
666,13.30073,3553,13.30073,498
667,13.32073,4059,13.32073,487
668,13.34073,4370,13.34073,483
669,13.36073,4398,13.36073,472
670,13.38073,4290,13.38073,521
671,13.40073,4153,13.40073,481
672,13.42073,3828,13.42073,490
673,13.44073,3373,13.44073,529
674,13.46073,2925,13.46073,482
675,13.48073,2565,13.48073,443
676,13.50073,2115,13.50073,421
677,13.52073,1891,13.52073,446
678,13.54073,1580,13.54073,417
679,13.56073,1484,13.56073,418
680,13.58073,1326,13.58073,426
681,13.60073,1234,13.60073,388
682,13.62073,1306,13.62073,367
683,13.64073,1262,13.64073,376
684,13.66073,1251,13.66073,409
685,13.68073,1200,13.68073,389
686,13.70073,1215,13.70073,344
687,13.72073,1285,13.72073,357
688,13.74073,1209,13.74073,314
689,13.76073,1234,13.76073,331
690,13.78073,1244,13.78073,308
691,13.80073,1202,13.80073,288
692,13.82073,1318,13.82073,328
693,13.84073,1292,13.84073,312
694,13.86073,1315,13.86073,273
695,13.88073,1317,13.88073,272
696,13.90073,1411,13.90073,288
697,13.92073,1567,13.92073,250
698,13.94073,1631,13.94073,239
699,13.96073,1835,13.96073,270
700,13.98073,2087,13.98073,256
701,14.00073,2412,14.00073,243
702,14.02073,2813,14.02073,238
703,14.04073,3140,14.04073,214
704,14.06073,3710,14.06073,226
705,14.08073,4104,14.08073,193
706,14.10073,4280,14.10073,213
707,14.12073,4551,14.12073,205
708,14.14073,4447,14.14073,191
709,14.16073,4421,14.16073,200
710,14.18073,4216,14.18073,167
711,14.20073,3762,14.20073,182
712,14.22073,3300,14.22073,149
713,14.24073,2929,14.24073,149
714,14.26073,2519,14.26073,156
715,14.28073,2222,14.28073,175
716,14.30073,1938,14.30073,146
717,14.32073,1698,14.32073,140
718,14.34073,1588,14.34073,146
719,14.36073,1500,14.36073,124
720,14.38073,1412,14.38073,125
721,14.40073,1461,14.40073,105
722,14.42073,1425,14.42073,111
723,14.44073,1409,14.44073,97
724,14.46073,1420,14.46073,97
725,14.48073,1370,14.48073,94
726,14.50073,1460,14.50073,93
727,14.52073,1500,14.52073,87
728,14.54073,1418,14.54073,88
729,14.56073,1507,14.56073,64
730,14.58073,1534,14.58073,84
731,14.60073,1618,14.60073,71
732,14.62073,1671,14.62073,72
733,14.64073,1856,14.64073,64
734,14.66073,1863,14.66073,75
735,14.68073,2080,14.68073,70
736,14.70073,2293,14.70073,70
737,14.72073,2444,14.72073,53
738,14.74073,2481,14.74073,55
739,14.76073,2470,14.76073,40
740,14.78073,2557,14.78073,41
741,14.80073,2658,14.80073,39
742,14.82073,2613,14.82073,44
743,14.84073,2599,14.84073,23
744,14.86073,2758,14.86073,40
745,14.88073,2806,14.88073,30
746,14.90073,2876,14.90073,37
747,14.92073,2721,14.92073,21
748,14.94073,2761,14.94073,19
749,14.96073,2773,14.96073,21
750,14.98073,2555,14.98073,36
751,15.00073,2511,15.00073,26
752,15.02073,2406,15.02073,15
753,15.04073,2248,15.04073,23
754,15.06073,2167,15.06073,19
755,15.08073,2041,15.08073,22
756,15.10073,1999,15.10073,20
757,15.12073,1972,15.12073,15
758,15.14073,1887,15.14073,17
759,15.16073,1851,15.16073,11
760,15.18073,1852,15.18073,19
761,15.20073,1805,15.20073,7
762,15.22073,1925,15.22073,20
763,15.24073,1814,15.24073,14
764,15.26073,1679,15.26073,12
765,15.28073,1639,15.28073,13
766,15.30073,1583,15.30073,13
767,15.32073,1675,15.32073,13
768,15.34073,1635,15.34073,14
769,15.36073,1643,15.36073,7
770,15.38073,1652,15.38073,14
771,15.40073,1655,15.40073,8
772,15.42073,1693,15.42073,11
773,15.44073,1676,15.44073,11
774,15.46073,1704,15.46073,10
775,15.48073,1780,15.48073,8
776,15.50073,1925,15.50073,16
777,15.52073,2175,15.52073,15
778,15.54073,2358,15.54073,9
779,15.56073,2703,15.56073,11
780,15.58073,3112,15.58073,13
781,15.60073,3742,15.60073,14
782,15.62073,4282,15.62073,13
783,15.64073,5048,15.64073,12
784,15.66073,5800,15.66073,12
785,15.68073,6292,15.68073,15
786,15.70073,6765,15.70073,6
787,15.72073,7033,15.72073,14
788,15.74073,7162,15.74073,17
789,15.76073,7086,15.76073,8
790,15.78073,6890,15.78073,17
791,15.80073,6350,15.80073,14
792,15.82073,5717,15.82073,8
793,15.84073,4900,15.84073,11
794,15.86073,4331,15.86073,10
795,15.88073,3703,15.88073,14
796,15.90073,3008,15.90073,18
797,15.92073,2711,15.92073,16
798,15.94073,2364,15.94073,18
799,15.96073,2169,15.96073,8
800,15.98073,2031,15.98073,20
801,16.00073,1866,16.00073,23
802,16.02073,1798,16.02073,12
803,16.04073,1832,16.04073,19
804,16.06073,1739,16.06073,9
805,16.08073,1852,16.08073,9
806,16.10073,1732,16.10073,21
807,16.12073,1769,16.12073,13
808,16.14073,1792,16.14073,15
809,16.16073,1779,16.16073,11
810,16.18073,1717,16.18073,12
811,16.20073,1718,16.20073,14
812,16.22073,1734,16.22073,13
813,16.24073,1727,16.24073,9
814,16.26073,1790,16.26073,10
815,16.28073,1757,16.28073,19
816,16.30073,1758,16.30073,14
817,16.32073,1673,16.32073,18
818,16.34073,1604,16.34073,9
819,16.36073,1790,16.36073,10
820,16.38073,1729,16.38073,10
821,16.40073,1842,16.40073,10
822,16.42073,1711,16.42073,8
823,16.44073,2007,16.44073,10
824,16.46073,1935,16.46073,10
825,16.48073,1984,16.48073,7
826,16.50073,2104,16.50073,9
827,16.52073,2195,16.52073,5
828,16.54073,2193,16.54073,9
829,16.56073,2258,16.56073,7
830,16.58073,2187,16.58073,10
831,16.60073,2189,16.60073,17
832,16.62073,2186,16.62073,11
833,16.64073,2156,16.64073,7
834,16.66073,2125,16.66073,7
835,16.68073,2105,16.68073,6
836,16.70073,2004,16.70073,11
837,16.72073,1980,16.72073,8
838,16.74073,1919,16.74073,13
839,16.76073,1856,16.76073,11
840,16.78073,1865,16.78073,8
841,16.80073,1794,16.80073,10
842,16.82073,1779,16.82073,9
843,16.84073,1796,16.84073,13
844,16.86073,1818,16.86073,11
845,16.88073,1919,16.88073,13
846,16.90073,1717,16.90073,12
847,16.92073,1837,16.92073,9
848,16.94073,1718,16.94073,12
849,16.96073,1822,16.96073,10
850,16.98073,1757,16.98073,8
851,17.00073,1780,17.00073,9
852,17.02073,1803,17.02073,10
853,17.04073,1707,17.04073,14
854,17.06073,1778,17.06073,11
855,17.08073,1848,17.08073,13
856,17.10073,1827,17.10073,10
857,17.12073,1887,17.12073,10
858,17.14073,1856,17.14073,8
859,17.16073,1752,17.16073,6
860,17.18073,1878,17.18073,6
861,17.20073,1839,17.20073,13
862,17.22073,1910,17.22073,6
863,17.24073,1831,17.24073,5
864,17.26073,1928,17.26073,9
865,17.28073,1939,17.28073,7
866,17.30073,1938,17.30073,12
867,17.32073,2031,17.32073,5
868,17.34073,2025,17.34073,8
869,17.36073,2083,17.36073,6
870,17.38073,2123,17.38073,7
871,17.40073,2169,17.40073,6
872,17.42073,2177,17.42073,9
873,17.44073,2195,17.44073,4
874,17.46073,2257,17.46073,7
875,17.48073,2305,17.48073,8
876,17.50073,2359,17.50073,3
877,17.52073,2419,17.52073,2
878,17.54073,2444,17.54073,8
879,17.56073,2617,17.56073,4
880,17.58073,2727,17.58073,10
881,17.60073,2709,17.60073,9
882,17.62073,2920,17.62073,7
883,17.64073,2783,17.64073,6
884,17.66073,2805,17.66073,7
885,17.68073,2709,17.68073,10
886,17.70073,2731,17.70073,7
887,17.72073,2619,17.72073,3
888,17.74073,2514,17.74073,4
889,17.76073,2391,17.76073,9
890,17.78073,2286,17.78073,6
891,17.80073,2327,17.80073,5
892,17.82073,2213,17.82073,6
893,17.84073,2181,17.84073,12
894,17.86073,2254,17.86073,7
895,17.88073,2239,17.88073,5
896,17.90073,2232,17.90073,3
897,17.92073,2286,17.92073,5
898,17.94073,2315,17.94073,4
899,17.96073,2324,17.96073,6
900,17.98073,2303,17.98073,8
901,18.00073,2256,18.00073,4
902,18.02073,2292,18.02073,7
903,18.04073,2280,18.04073,7
904,18.06073,2286,18.06073,3
905,18.08073,2326,18.08073,8
906,18.10073,2398,18.10073,7
907,18.12073,2338,18.12073,9
908,18.14073,2347,18.14073,6
909,18.16073,2473,18.16073,7
910,18.18073,2394,18.18073,6
911,18.20073,2424,18.20073,5
912,18.22073,2540,18.22073,4
913,18.24073,2483,18.24073,2
914,18.26073,2599,18.26073,2
915,18.28073,2559,18.28073,7
916,18.30073,2553,18.30073,8
917,18.32073,2621,18.32073,7
918,18.34073,2748,18.34073,7
919,18.36073,2877,18.36073,3
920,18.38073,2832,18.38073,8
921,18.40073,2956,18.40073,4
922,18.42073,3000,18.42073,8
923,18.44073,2967,18.44073,3
924,18.46073,3067,18.46073,8
925,18.48073,3324,18.48073,9
926,18.50073,3439,18.50073,2
927,18.52073,3528,18.52073,4
928,18.54073,3686,18.54073,4
929,18.56073,3607,18.56073,7
930,18.58073,3945,18.58073,4
931,18.60073,4092,18.60073,6
932,18.62073,4297,18.62073,7
933,18.64073,4531,18.64073,9
934,18.66073,4619,18.66073,9
935,18.68073,4868,18.68073,1
936,18.70073,4981,18.70073,5
937,18.72073,5173,18.72073,3
938,18.74073,5511,18.74073,8
939,18.76073,5536,18.76073,4
940,18.78073,5882,18.78073,2
941,18.80073,6252,18.80073,4
942,18.82073,6227,18.82073,7
943,18.84073,6433,18.84073,0
944,18.86073,6648,18.86073,5
945,18.88073,6928,18.88073,6
946,18.90073,6871,18.90073,2
947,18.92073,6950,18.92073,8
948,18.94073,7109,18.94073,5
949,18.96073,7201,18.96073,5
950,18.98073,7383,18.98073,1
951,19.00073,7518,19.00073,5
952,19.02073,7560,19.02073,4
953,19.04073,7539,19.04073,5
954,19.06073,7295,19.06073,3
955,19.08073,7432,19.08073,5
956,19.10073,7292,19.10073,4
957,19.12073,7047,19.12073,4
958,19.14073,7133,19.14073,6
959,19.16073,6880,19.16073,5
960,19.18073,6769,19.18073,1
961,19.20073,6459,19.20073,1
962,19.22073,6206,19.22073,5
963,19.24073,6214,19.24073,5
964,19.26073,5992,19.26073,4
965,19.28073,5785,19.28073,5
966,19.30073,5453,19.30073,4
967,19.32073,5239,19.32073,10
968,19.34073,4992,19.34073,2
969,19.36073,4806,19.36073,2
970,19.38073,4500,19.38073,0
971,19.40073,4425,19.40073,2
972,19.42073,4254,19.42073,4
973,19.44073,3979,19.44073,6
974,19.46073,3931,19.46073,4
975,19.48073,3759,19.48073,2
976,19.50073,3616,19.50073,9
977,19.52073,3497,19.52073,5
978,19.54073,3295,19.54073,2
979,19.56073,3232,19.56073,4
980,19.58073,3040,19.58073,3
981,19.60073,2988,19.60073,4
982,19.62073,2947,19.62073,4
983,19.64073,2764,19.64073,3
984,19.66073,2728,19.66073,1
985,19.68073,2579,19.68073,1
986,19.70073,2615,19.70073,1
987,19.72073,2506,19.72073,0
988,19.74073,2469,19.74073,1
989,19.76073,2436,19.76073,3
990,19.78073,2368,19.78073,1
991,19.80073,2362,19.80073,3
992,19.82073,2392,19.82073,4
993,19.84073,2452,19.84073,5
994,19.86073,2467,19.86073,9
995,19.88073,2521,19.88073,4
996,19.90073,2640,19.90073,1
997,19.92073,2885,19.92073,1
998,19.94073,3099,19.94073,3
999,19.96073,3371,19.96073,2
1000,19.98073,3619,19.98073,4
1001,20.00073,4038,20.00073,2
1002,20.02073,4277,20.02073,2
1003,20.04073,4740,20.04073,1
1004,20.06073,4947,20.06073,4
1005,20.08073,5347,20.08073,1
1006,20.10073,5512,20.10073,4
1007,20.12073,5624,20.12073,4
1008,20.14073,5865,20.14073,9
1009,20.16073,5949,20.16073,4
1010,20.18073,5880,20.18073,3
1011,20.20073,5640,20.20073,2
1012,20.22073,5446,20.22073,1
1013,20.24073,5051,20.24073,3
1014,20.26073,4575,20.26073,6
1015,20.28073,4190,20.28073,3
1016,20.30073,3768,20.30073,6
1017,20.32073,3352,20.32073,3
1018,20.34073,2941,20.34073,2
1019,20.36073,2652,20.36073,1
1020,20.38073,2300,20.38073,0
1021,20.40073,2208,20.40073,3
1022,20.42073,2112,20.42073,1
1023,20.44073,1901,20.44073,3
1024,20.46073,1878,20.46073,4
1025,20.48073,1943,20.48073,2
1026,20.50073,1923,20.50073,1
1027,20.52073,1909,20.52073,4
1028,20.54073,1899,20.54073,1
1029,20.56073,1793,20.56073,3
1030,20.58073,1917,20.58073,3
1031,20.60073,1842,20.60073,1
1032,20.62073,1858,20.62073,3
1033,20.64073,1967,20.64073,0
1034,20.66073,1882,20.66073,2
1035,20.68073,1899,20.68073,1
1036,20.70073,1997,20.70073,1
1037,20.72073,1935,20.72073,0
1038,20.74073,2023,20.74073,5
1039,20.76073,2073,20.76073,1
1040,20.78073,2114,20.78073,0
1041,20.80073,2027,20.80073,0
1042,20.82073,2097,20.82073,1
1043,20.84073,2185,20.84073,1
1044,20.86073,2128,20.86073,1
1045,20.88073,2128,20.88073,0
1046,20.90073,2137,20.90073,1
1047,20.92073,2192,20.92073,0
1048,20.94073,2310,20.94073,1
1049,20.96073,2226,20.96073,2
1050,20.98073,2444,20.98073,2
1051,21.00073,2362,21.00073,1
1052,21.02073,2404,21.02073,1
1053,21.04073,2357,21.04073,1
1054,21.06073,2454,21.06073,0
1055,21.08073,2444,21.08073,2
1056,21.10073,2476,21.10073,2
1057,21.12073,2524,21.12073,0
1058,21.14073,2552,21.14073,0
1059,21.16073,2522,21.16073,0
1060,21.18073,2598,21.18073,2
1061,21.20073,2622,21.20073,0
1062,21.22073,2630,21.22073,1
1063,21.24073,2616,21.24073,1
1064,21.26073,2645,21.26073,1
1065,21.28073,2514,21.28073,1
1066,21.30073,2737,21.30073,1
1067,21.32073,2600,21.32073,1
1068,21.34073,2603,21.34073,1
1069,21.36073,2800,21.36073,2
1070,21.38073,2483,21.38073,1
1071,21.40073,2744,21.40073,1
1072,21.42073,2528,21.42073,1
1073,21.44073,2588,21.44073,2
1074,21.46073,2440,21.46073,1
1075,21.48073,2453,21.48073,1
1076,21.50073,2381,21.50073,1
1077,21.52073,2422,21.52073,1
1078,21.54073,2318,21.54073,0
1079,21.56073,2375,21.56073,0
1080,21.58073,2293,21.58073,2
1081,21.60073,2222,21.60073,2
1082,21.62073,2271,21.62073,0
1083,21.64073,2181,21.64073,1
1084,21.66073,2246,21.66073,1
1085,21.68073,2151,21.68073,0
1086,21.70073,2114,21.70073,2
1087,21.72073,2019,21.72073,2
1088,21.74073,2003,21.74073,1
1089,21.76073,2049,21.76073,2
1090,21.78073,1993,21.78073,0
1091,21.80073,1954,21.80073,0
1092,21.82073,1931,21.82073,0
1093,21.84073,1903,21.84073,2
1094,21.86073,1887,21.86073,1
1095,21.88073,1870,21.88073,1
1096,21.90073,1907,21.90073,2
1097,21.92073,1882,21.92073,0
1098,21.94073,1762,21.94073,1
1099,21.96073,1878,21.96073,0
1100,21.98073,1791,21.98073,2
1101,22.00073,1861,22.00073,2
1102,22.02073,1747,22.02073,1
1103,22.04073,1769,22.04073,0
1104,22.06073,1750,22.06073,1
1105,22.08073,1677,22.08073,0
1106,22.10073,1719,22.10073,0
1107,22.12073,1721,22.12073,2
1108,22.14073,1676,22.14073,1
1109,22.16073,1621,22.16073,0
1110,22.18073,1672,22.18073,0
1111,22.20073,1712,22.20073,0
1112,22.22073,1599,22.22073,2
1113,22.24073,1600,22.24073,0
1114,22.26073,1583,22.26073,0
1115,22.28073,1621,22.28073,1
1116,22.30073,1548,22.30073,1
1117,22.32073,1568,22.32073,0
1118,22.34073,1598,22.34073,0
1119,22.36073,1533,22.36073,1
1120,22.38073,1475,22.38073,0
1121,22.40073,1599,22.40073,2
1122,22.42073,1535,22.42073,0
1123,22.44073,1500,22.44073,0
1124,22.46073,1496,22.46073,0
1125,22.48073,1540,22.48073,2
1126,22.50073,1559,22.50073,1
1127,22.52073,1536,22.52073,0
1128,22.54073,1675,22.54073,0
1129,22.56073,1743,22.56073,0
1130,22.58073,1817,22.58073,1
1131,22.60073,1909,22.60073,4
1132,22.62073,2046,22.62073,0
1133,22.64073,2132,22.64073,0
1134,22.66073,2122,22.66073,1
1135,22.68073,2105,22.68073,0
1136,22.70073,2193,22.70073,0
1137,22.72073,2045,22.72073,0
1138,22.74073,2029,22.74073,0
1139,22.76073,2023,22.76073,0
1140,22.78073,1915,22.78073,2
1141,22.80073,1817,22.80073,0
1142,22.82073,1725,22.82073,0
1143,22.84073,1659,22.84073,2
1144,22.86073,1593,22.86073,0
1145,22.88073,1577,22.88073,0
1146,22.90073,1564,22.90073,1
1147,22.92073,1530,22.92073,0
1148,22.94073,1430,22.94073,0
1149,22.96073,1361,22.96073,0
1150,22.98073,1473,22.98073,0
1151,23.00073,1397,23.00073,0
1152,23.02073,1436,23.02073,1
1153,23.04073,1364,23.04073,0
1154,23.06073,1426,23.06073,0
1155,23.08073,1409,23.08073,2
1156,23.10073,1493,23.10073,0
1157,23.12073,1446,23.12073,1
1158,23.14073,1477,23.14073,3
1159,23.16073,1446,23.16073,1
1160,23.18073,1444,23.18073,0
1161,23.20073,1479,23.20073,0
1162,23.22073,1445,23.22073,0
1163,23.24073,1439,23.24073,1
1164,23.26073,1357,23.26073,1
1165,23.28073,1410,23.28073,3
1166,23.30073,1332,23.30073,0
1167,23.32073,1399,23.32073,0
1168,23.34073,1369,23.34073,1
1169,23.36073,1356,23.36073,0
1170,23.38073,1353,23.38073,0
1171,23.40073,1330,23.40073,0
1172,23.42073,1241,23.42073,0
1173,23.44073,1305,23.44073,0
1174,23.46073,1330,23.46073,0
1175,23.48073,1356,23.48073,0
1176,23.50073,1276,23.50073,1
1177,23.52073,1236,23.52073,1
1178,23.54073,1289,23.54073,0
1179,23.56073,1333,23.56073,1
1180,23.58073,1328,23.58073,1
1181,23.60073,1277,23.60073,0
1182,23.62073,1246,23.62073,0
1183,23.64073,1311,23.64073,1
1184,23.66073,1253,23.66073,2
1185,23.68073,1320,23.68073,0
1186,23.70073,1344,23.70073,0
1187,23.72073,1310,23.72073,0
1188,23.74073,1322,23.74073,0
1189,23.76073,1286,23.76073,0
1190,23.78073,1333,23.78073,1
1191,23.80073,1318,23.80073,1
1192,23.82073,1319,23.82073,1
1193,23.84073,1290,23.84073,1
1194,23.86073,1272,23.86073,0
1195,23.88073,1283,23.88073,0
1196,23.90073,1250,23.90073,2
1197,23.92073,1248,23.92073,0
1198,23.94073,1259,23.94073,1
1199,23.96073,1260,23.96073,1
1200,23.98073,1278,23.98073,0
1201,24.00073,1267,24.00073,2
1202,24.02073,1285,24.02073,0
1203,24.04073,1289,24.04073,0
1204,24.06073,1192,24.06073,0
1205,24.08073,1241,24.08073,0
1206,24.10073,1290,24.10073,0
1207,24.12073,1287,24.12073,0
1208,24.14073,1244,24.14073,0
1209,24.16073,1186,24.16073,0
1210,24.18073,1288,24.18073,0
1211,24.20073,1176,24.20073,0
1212,24.22073,1213,24.22073,0
1213,24.24073,1244,24.24073,0
1214,24.26073,1224,24.26073,0
1215,24.28073,1244,24.28073,1
1216,24.30073,1265,24.30073,1
1217,24.32073,1276,24.32073,0
1218,24.34073,1256,24.34073,0
1219,24.36073,1187,24.36073,0
1220,24.38073,1209,24.38073,0
1221,24.40073,1187,24.40073,0
1222,24.42073,1232,24.42073,0
1223,24.44073,1221,24.44073,1
1224,24.46073,1175,24.46073,0
1225,24.48073,1204,24.48073,1
1226,24.50073,1263,24.50073,0
1227,24.52073,1165,24.52073,0
1228,24.54073,1191,24.54073,0
1229,24.56073,1155,24.56073,0
1230,24.58073,1181,24.58073,0
1231,24.60073,1251,24.60073,0
1232,24.62073,1152,24.62073,0
1233,24.64073,1248,24.64073,0
1234,24.66073,1140,24.66073,1
1235,24.68073,1203,24.68073,0
1236,24.70073,1181,24.70073,1
1237,24.72073,1207,24.72073,1
1238,24.74073,1157,24.74073,0
1239,24.76073,1211,24.76073,0
1240,24.78073,1175,24.78073,0
1241,24.80073,1162,24.80073,0
1242,24.82073,1223,24.82073,0
1243,24.84073,1218,24.84073,0
1244,24.86073,1207,24.86073,1
1245,24.88073,1189,24.88073,1
1246,24.90073,1212,24.90073,1
1247,24.92073,1212,24.92073,0
1248,24.94073,1232,24.94073,0
1249,24.96073,1238,24.96073,0
1250,24.98073,1179,24.98073,0
1251,25.00073,1228,25.00073,0
1252,25.02073,1193,25.02073,0
1253,25.04073,1199,25.04073,0
1254,25.06073,1153,25.06073,0
1255,25.08073,1190,25.08073,0
1256,25.10073,1240,25.10073,0
1257,25.12073,1163,25.12073,0
1258,25.14073,1145,25.14073,1
1259,25.16073,1181,25.16073,0
1260,25.18073,1284,25.18073,1
1261,25.20073,1228,25.20073,0
1262,25.22073,1215,25.22073,0
1263,25.24073,1249,25.24073,0
1264,25.26073,1227,25.26073,0
1265,25.28073,1221,25.28073,0
1266,25.30073,1258,25.30073,1
1267,25.32073,1262,25.32073,1
1268,25.34073,1183,25.34073,0
1269,25.36073,1167,25.36073,0
1270,25.38073,1148,25.38073,0
1271,25.40073,1143,25.40073,0
1272,25.42073,1173,25.42073,1
1273,25.44073,1179,25.44073,0
1274,25.46073,1110,25.46073,0
1275,25.48073,1075,25.48073,0
1276,25.50073,1117,25.50073,0
1277,25.52073,1053,25.52073,0
1278,25.54073,1109,25.54073,0
1279,25.56073,1016,25.56073,1
1280,25.58073,1057,25.58073,0
1281,25.60073,1090,25.60073,0
1282,25.62073,1080,25.62073,0
1283,25.64073,1045,25.64073,0
1284,25.66073,1080,25.66073,0
1285,25.68073,1072,25.68073,1
1286,25.70073,1073,25.70073,0
1287,25.72073,1132,25.72073,0
1288,25.74073,1048,25.74073,0
1289,25.76073,1005,25.76073,0
1290,25.78073,1112,25.78073,0
1291,25.80073,1109,25.80073,0
1292,25.82073,1073,25.82073,0
1293,25.84073,1043,25.84073,0
1294,25.86073,1049,25.86073,0
1295,25.88073,1111,25.88073,0
1296,25.90073,1032,25.90073,0
1297,25.92073,1025,25.92073,0
1298,25.94073,1072,25.94073,0
1299,25.96073,1111,25.96073,1
1300,25.98073,1063,25.98073,0
1301,26.00073,1098,26.00073,0
1302,26.02073,1107,26.02073,0
1303,26.04073,1121,26.04073,0
1304,26.06073,1126,26.06073,0
1305,26.08073,1132,26.08073,0
1306,26.10073,1139,26.10073,0
1307,26.12073,1141,26.12073,0
1308,26.14073,1136,26.14073,0
1309,26.16073,1155,26.16073,0
1310,26.18073,1073,26.18073,0
1311,26.20073,1193,26.20073,0
1312,26.22073,1130,26.22073,0
1313,26.24073,1127,26.24073,0
1314,26.26073,1087,26.26073,0
1315,26.28073,1175,26.28073,0
1316,26.30073,1173,26.30073,0
1317,26.32073,1173,26.32073,0
1318,26.34073,1182,26.34073,0
1319,26.36073,1122,26.36073,0
1320,26.38073,1102,26.38073,0
1321,26.40073,1066,26.40073,0
1322,26.42073,1171,26.42073,0
1323,26.44073,1102,26.44073,0
1324,26.46073,1050,26.46073,0
1325,26.48073,1021,26.48073,0
1326,26.50073,1054,26.50073,0
1327,26.52073,1018,26.52073,0
1328,26.54073,988,26.54073,0
1329,26.56073,1022,26.56073,0
1330,26.58073,1014,26.58073,0
1331,26.60073,995,26.60073,0
1332,26.62073,982,26.62073,0
1333,26.64073,965,26.64073,0
1334,26.66073,959,26.66073,0
1335,26.68073,1034,26.68073,0
1336,26.70073,948,26.70073,0
1337,26.72073,1015,26.72073,0
1338,26.74073,945,26.74073,0
1339,26.76073,941,26.76073,0
1340,26.78073,913,26.78073,0
1341,26.80073,928,26.80073,0
1342,26.82073,986,26.82073,0
1343,26.84073,966,26.84073,0
1344,26.86073,936,26.86073,0
1345,26.88073,986,26.88073,0
1346,26.90073,941,26.90073,0
1347,26.92073,973,26.92073,0
1348,26.94073,951,26.94073,0
1349,26.96073,906,26.96073,0
1350,26.98073,931,26.98073,0
1351,27.00073,927,27.00073,0
1352,27.02073,914,27.02073,0
1353,27.04073,946,27.04073,0
1354,27.06073,968,27.06073,0
1355,27.08073,912,27.08073,0
1356,27.10073,895,27.10073,0
1357,27.12073,966,27.12073,0
1358,27.14073,955,27.14073,0
1359,27.16073,896,27.16073,0
1360,27.18073,893,27.18073,0
1361,27.20073,942,27.20073,0
1362,27.22073,906,27.22073,0
1363,27.24073,889,27.24073,0
1364,27.26073,984,27.26073,0
1365,27.28073,952,27.28073,0
1366,27.30073,892,27.30073,0
1367,27.32073,923,27.32073,0
1368,27.34073,934,27.34073,0
1369,27.36073,903,27.36073,0
1370,27.38073,922,27.38073,0
1371,27.40073,916,27.40073,0
1372,27.42073,959,27.42073,0
1373,27.44073,909,27.44073,0
1374,27.46073,926,27.46073,0
1375,27.48073,903,27.48073,0
1376,27.50073,932,27.50073,0
1377,27.52073,876,27.52073,0
1378,27.54073,853,27.54073,0
1379,27.56073,861,27.56073,0
1380,27.58073,859,27.58073,0
1381,27.60073,898,27.60073,0
1382,27.62073,855,27.62073,0
1383,27.64073,876,27.64073,0
1384,27.66073,888,27.66073,0
1385,27.68073,884,27.68073,0
1386,27.70073,862,27.70073,0
1387,27.72073,845,27.72073,0
1388,27.74073,903,27.74073,0
1389,27.76073,902,27.76073,0
1390,27.78073,851,27.78073,0
1391,27.80073,859,27.80073,0
1392,27.82073,896,27.82073,0
1393,27.84073,867,27.84073,0
1394,27.86073,877,27.86073,0
1395,27.88073,896,27.88073,0
1396,27.90073,844,27.90073,0
1397,27.92073,863,27.92073,0
1398,27.94073,830,27.94073,0
1399,27.96073,844,27.96073,0
1400,27.98073,840,27.98073,0
1401,28.00073,858,28.00073,0
1402,28.02073,811,28.02073,0
1403,28.04073,837,28.04073,0
1404,28.06073,845,28.06073,0
1405,28.08073,787,28.08073,0
1406,28.10073,841,28.10073,0
1407,28.12073,805,28.12073,0
1408,28.14073,817,28.14073,0
1409,28.16073,850,28.16073,0
1410,28.18073,826,28.18073,0
1411,28.20073,854,28.20073,0
1412,28.22073,851,28.22073,0
1413,28.24073,798,28.24073,0
1414,28.26073,820,28.26073,0
1415,28.28073,791,28.28073,0
1416,28.30073,797,28.30073,0
1417,28.32073,849,28.32073,0
1418,28.34073,790,28.34073,0
1419,28.36073,792,28.36073,0
1420,28.38073,793,28.38073,0
1421,28.40073,832,28.40073,0
1422,28.42073,814,28.42073,0
1423,28.44073,787,28.44073,0
1424,28.46073,752,28.46073,0
1425,28.48073,778,28.48073,0
1426,28.50073,763,28.50073,0
1427,28.52073,740,28.52073,0
1428,28.54073,789,28.54073,0
1429,28.56073,766,28.56073,0
1430,28.58073,759,28.58073,0
1431,28.60073,785,28.60073,0
1432,28.62073,783,28.62073,0
1433,28.64073,820,28.64073,0
1434,28.66073,736,28.66073,0
1435,28.68073,731,28.68073,0
1436,28.70073,806,28.70073,0
1437,28.72073,766,28.72073,0
1438,28.74073,718,28.74073,0
1439,28.76073,718,28.76073,0
1440,28.78073,807,28.78073,0
1441,28.80073,719,28.80073,0
1442,28.82073,717,28.82073,0
1443,28.84073,764,28.84073,0
1444,28.86073,719,28.86073,1
1445,28.88073,752,28.88073,0
1446,28.90073,733,28.90073,0
1447,28.92073,737,28.92073,0
1448,28.94073,703,28.94073,0
1449,28.96073,699,28.96073,0
1450,28.98073,747,28.98073,0
1451,29.00073,739,29.00073,0
1452,29.02073,748,29.02073,0
1453,29.04073,750,29.04073,0
1454,29.06073,739,29.06073,0
1455,29.08073,728,29.08073,0
1456,29.10073,760,29.10073,0
1457,29.12073,731,29.12073,0
1458,29.14073,751,29.14073,0
1459,29.16073,705,29.16073,0
1460,29.18073,691,29.18073,0
1461,29.20073,698,29.20073,0
1462,29.22073,725,29.22073,0
1463,29.24073,700,29.24073,0
1464,29.26073,705,29.26073,0
1465,29.28073,703,29.28073,0
1466,29.30073,701,29.30073,0
1467,29.32073,694,29.32073,0
1468,29.34073,679,29.34073,0
1469,29.36073,719,29.36073,0
1470,29.38073,667,29.38073,0
1471,29.40073,634,29.40073,0
1472,29.42073,735,29.42073,0
1473,29.44073,756,29.44073,0
1474,29.46073,666,29.46073,0
1475,29.48073,704,29.48073,0
1476,29.50073,657,29.50073,0
1477,29.52073,674,29.52073,0
1478,29.54073,681,29.54073,0
1479,29.56073,658,29.56073,0
1480,29.58073,646,29.58073,0
1481,29.60073,695,29.60073,0
1482,29.62073,648,29.62073,0
1483,29.64073,690,29.64073,0
1484,29.66073,651,29.66073,0
1485,29.68073,656,29.68073,0
1486,29.70073,681,29.70073,0
1487,29.72073,668,29.72073,0
1488,29.74073,664,29.74073,0
1489,29.76073,695,29.76073,0
1490,29.78073,632,29.78073,0
1491,29.80073,660,29.80073,0
1492,29.82073,688,29.82073,0
1493,29.84073,642,29.84073,0
1494,29.86073,639,29.86073,0
1495,29.88073,642,29.88073,0
1496,29.90073,674,29.90073,0
1497,29.92073,637,29.92073,0
1498,29.94073,633,29.94073,0
1499,29.96073,585,29.96073,0
1500,29.98073,649,29.98073,0
1501,30.00073,637,30.00073,0
1502,30.02073,607,30.02073,0
1503,30.04073,617,30.04073,0
1504,30.06073,602,30.06073,0
1505,30.08073,656,30.08073,0
1506,30.10073,607,30.10073,0
1507,30.12073,594,30.12073,0
1508,30.14073,613,30.14073,0
1509,30.16073,589,30.16073,0
1510,30.18073,577,30.18073,0
1511,30.20073,561,30.20073,0
1512,30.22073,617,30.22073,0
1513,30.24073,585,30.24073,0
1514,30.26073,575,30.26073,0
1515,30.28073,569,30.28073,0
1516,30.30073,604,30.30073,0
1517,30.32073,589,30.32073,0
1518,30.34073,610,30.34073,0
1519,30.36073,597,30.36073,0
1520,30.38073,578,30.38073,0
1521,30.40073,605,30.40073,0
1522,30.42073,570,30.42073,0
1523,30.44073,595,30.44073,0
1524,30.46073,589,30.46073,0
1525,30.48073,591,30.48073,0
1526,30.50073,579,30.50073,0
1527,30.52073,578,30.52073,0
1528,30.54073,533,30.54073,0
1529,30.56073,576,30.56073,0
1530,30.58073,525,30.58073,0
1531,30.60073,552,30.60073,1
1532,30.62073,559,30.62073,0
1533,30.64073,545,30.64073,0
1534,30.66073,558,30.66073,0
1535,30.68073,523,30.68073,0
1536,30.70073,544,30.70073,0
1537,30.72073,540,30.72073,0
1538,30.74073,556,30.74073,0
1539,30.76073,524,30.76073,0
1540,30.78073,520,30.78073,0
1541,30.80073,532,30.80073,0
1542,30.82073,557,30.82073,0
1543,30.84073,539,30.84073,0
1544,30.86073,560,30.86073,0
1545,30.88073,593,30.88073,0
1546,30.90073,576,30.90073,0
1547,30.92073,533,30.92073,0
1548,30.94073,581,30.94073,0
1549,30.96073,534,30.96073,0
1550,30.98073,542,30.98073,0
1551,31.00073,570,31.00073,0
1552,31.02073,495,31.02073,0
1553,31.04073,524,31.04073,0
1554,31.06073,526,31.06073,0
1555,31.08073,515,31.08073,0
1556,31.10073,516,31.10073,0
1557,31.12073,485,31.12073,0
1558,31.14073,493,31.14073,0
1559,31.16073,483,31.16073,0
1560,31.18073,499,31.18073,0
1561,31.20073,549,31.20073,0
1562,31.22073,489,31.22073,0
1563,31.24073,515,31.24073,0
1564,31.26073,523,31.26073,0
1565,31.28073,468,31.28073,0
1566,31.30073,452,31.30073,0
1567,31.32073,511,31.32073,0
1568,31.34073,452,31.34073,0
1569,31.36073,486,31.36073,0
1570,31.38073,485,31.38073,0
1571,31.40073,477,31.40073,0
1572,31.42073,509,31.42073,0
1573,31.44073,490,31.44073,0
1574,31.46073,429,31.46073,0
1575,31.48073,483,31.48073,0
1576,31.50073,493,31.50073,0
1577,31.52073,497,31.52073,0
1578,31.54073,439,31.54073,0
1579,31.56073,460,31.56073,0
1580,31.58073,463,31.58073,0
1581,31.60073,484,31.60073,0
1582,31.62073,485,31.62073,0
1583,31.64073,477,31.64073,0
1584,31.66073,459,31.66073,0
1585,31.68073,397,31.68073,0
1586,31.70073,447,31.70073,0
1587,31.72073,457,31.72073,0
1588,31.74073,488,31.74073,0
1589,31.76073,519,31.76073,0
1590,31.78073,485,31.78073,0
1591,31.80073,482,31.80073,0
1592,31.82073,486,31.82073,0
1593,31.84073,459,31.84073,0
1594,31.86073,457,31.86073,0
1595,31.88073,498,31.88073,0
1596,31.90073,458,31.90073,0
1597,31.92073,468,31.92073,0
1598,31.94073,455,31.94073,0
1599,31.96073,463,31.96073,0
1600,31.98073,459,31.98073,0
1601,32.00073,492,32.00073,0
1602,32.02073,428,32.02073,0
1603,32.04073,482,32.04073,0
1604,32.06073,473,32.06073,0
1605,32.08073,470,32.08073,0
1606,32.10073,489,32.10073,0
1607,32.12073,499,32.12073,0
1608,32.14073,469,32.14073,0
1609,32.16073,479,32.16073,0
1610,32.18073,454,32.18073,0
1611,32.20073,416,32.20073,0
1612,32.22073,439,32.22073,0
1613,32.24073,382,32.24073,0
1614,32.26073,417,32.26073,0
1615,32.28073,410,32.28073,0
1616,32.30073,456,32.30073,0
1617,32.32073,438,32.32073,0
1618,32.34073,406,32.34073,0
1619,32.36073,378,32.36073,0
1620,32.38073,388,32.38073,0
1621,32.40073,388,32.40073,0
1622,32.42073,382,32.42073,0
1623,32.44073,353,32.44073,0
1624,32.46073,345,32.46073,0
1625,32.48073,383,32.48073,0
1626,32.50073,372,32.50073,0
1627,32.52073,377,32.52073,0
1628,32.54073,343,32.54073,0
1629,32.56073,364,32.56073,0
1630,32.58073,379,32.58073,0
1631,32.60073,327,32.60073,0
1632,32.62073,343,32.62073,0
1633,32.64073,326,32.64073,0
1634,32.66073,358,32.66073,0
1635,32.68073,332,32.68073,0
1636,32.70073,347,32.70073,0
1637,32.72073,358,32.72073,0
1638,32.74073,354,32.74073,0
1639,32.76073,350,32.76073,0
1640,32.78073,302,32.78073,0
1641,32.80073,356,32.80073,0
1642,32.82073,362,32.82073,0
1643,32.84073,330,32.84073,0
1644,32.86073,360,32.86073,0
1645,32.88073,321,32.88073,0
1646,32.90073,338,32.90073,0
1647,32.92073,330,32.92073,0
1648,32.94073,301,32.94073,0
1649,32.96073,295,32.96073,0
1650,32.98073,299,32.98073,0
1651,33.00073,308,33.00073,0
1652,33.02073,279,33.02073,0
1653,33.04073,301,33.04073,0
1654,33.06073,290,33.06073,0
1655,33.08073,271,33.08073,0
1656,33.10073,320,33.10073,0
1657,33.12073,322,33.12073,0
1658,33.14073,315,33.14073,0
1659,33.16073,279,33.16073,0
1660,33.18073,296,33.18073,0
1661,33.20073,268,33.20073,0
1662,33.22073,282,33.22073,0
1663,33.24073,289,33.24073,0
1664,33.26073,269,33.26073,0
1665,33.28073,308,33.28073,0
1666,33.30073,277,33.30073,0
1667,33.32073,290,33.32073,0
1668,33.34073,282,33.34073,0
1669,33.36073,261,33.36073,0
1670,33.38073,271,33.38073,0
1671,33.40073,279,33.40073,0
1672,33.42073,295,33.42073,0
1673,33.44073,279,33.44073,0
1674,33.46073,256,33.46073,0
1675,33.48073,259,33.48073,0
1676,33.50073,274,33.50073,0
1677,33.52073,256,33.52073,0
1678,33.54073,228,33.54073,0
1679,33.56073,269,33.56073,0
1680,33.58073,263,33.58073,0
1681,33.60073,268,33.60073,0
1682,33.62073,224,33.62073,0
1683,33.64073,219,33.64073,0
1684,33.66073,228,33.66073,0
1685,33.68073,256,33.68073,0
1686,33.70073,224,33.70073,0
1687,33.72073,240,33.72073,0
1688,33.74073,224,33.74073,0
1689,33.76073,237,33.76073,0
1690,33.78073,254,33.78073,0
1691,33.80073,223,33.80073,0
1692,33.82073,221,33.82073,0
1693,33.84073,214,33.84073,0
1694,33.86073,215,33.86073,0
1695,33.88073,231,33.88073,0
1696,33.90073,193,33.90073,0
1697,33.92073,195,33.92073,0
1698,33.94073,216,33.94073,0
1699,33.96073,233,33.96073,0
1700,33.98073,210,33.98073,0
1701,34.00073,196,34.00073,0
1702,34.02073,203,34.02073,0
1703,34.04073,192,34.04073,0
1704,34.06073,177,34.06073,0
1705,34.08073,190,34.08073,0
1706,34.10073,186,34.10073,0
1707,34.12073,191,34.12073,0
1708,34.14073,192,34.14073,0
1709,34.16073,212,34.16073,0
1710,34.18073,168,34.18073,0
1711,34.20073,203,34.20073,0
1712,34.22073,171,34.22073,0
1713,34.24073,181,34.24073,0
1714,34.26073,157,34.26073,0
1715,34.28073,161,34.28073,0
1716,34.30073,179,34.30073,0
1717,34.32073,148,34.32073,0
1718,34.34073,160,34.34073,0
1719,34.36073,146,34.36073,0
1720,34.38073,161,34.38073,0
1721,34.40073,172,34.40073,0
1722,34.42073,168,34.42073,0
1723,34.44073,149,34.44073,0
1724,34.46073,141,34.46073,0
1725,34.48073,160,34.48073,0
1726,34.50073,136,34.50073,0
1727,34.52073,142,34.52073,0
1728,34.54073,147,34.54073,0
1729,34.56073,155,34.56073,0
1730,34.58073,125,34.58073,0
1731,34.60073,135,34.60073,0
1732,34.62073,119,34.62073,0
1733,34.64073,134,34.64073,0
1734,34.66073,132,34.66073,0
1735,34.68073,133,34.68073,0
1736,34.70073,124,34.70073,0
1737,34.72073,130,34.72073,0
1738,34.74073,141,34.74073,0
1739,34.76073,118,34.76073,0
1740,34.78073,95,34.78073,0
1741,34.80073,123,34.80073,0
1742,34.82073,111,34.82073,0
1743,34.84073,95,34.84073,0
1744,34.86073,97,34.86073,0
1745,34.88073,85,34.88073,0
1746,34.90073,104,34.90073,0
1747,34.92073,112,34.92073,0
1748,34.94073,104,34.94073,0
1749,34.96073,101,34.96073,0
1750,34.98073,106,34.98073,0
1751,35.00073,90,35.00073,0
1752,35.02073,105,35.02073,0
1753,35.04073,120,35.04073,0
1754,35.06073,86,35.06073,0
1755,35.08073,101,35.08073,0
1756,35.10073,97,35.10073,0
1757,35.12073,94,35.12073,0
1758,35.14073,89,35.14073,0
1759,35.16073,70,35.16073,0
1760,35.18073,102,35.18073,0
1761,35.20073,91,35.20073,0
1762,35.22073,79,35.22073,0
1763,35.24073,76,35.24073,0
1764,35.26073,81,35.26073,0
1765,35.28073,91,35.28073,0
1766,35.30073,85,35.30073,0
1767,35.32073,71,35.32073,0
1768,35.34073,52,35.34073,0
1769,35.36073,63,35.36073,0
1770,35.38073,61,35.38073,0
1771,35.40073,76,35.40073,0
1772,35.42073,67,35.42073,0
1773,35.44073,72,35.44073,0
1774,35.46073,69,35.46073,0
1775,35.48073,70,35.48073,0
1776,35.50073,57,35.50073,0
1777,35.52073,61,35.52073,0
1778,35.54073,62,35.54073,0
1779,35.56073,63,35.56073,0
1780,35.58073,58,35.58073,0
1781,35.60073,56,35.60073,0
1782,35.62073,61,35.62073,0
1783,35.64073,62,35.64073,0
1784,35.66073,47,35.66073,0
1785,35.68073,61,35.68073,0
1786,35.70073,52,35.70073,0
1787,35.72073,62,35.72073,0
1788,35.74073,49,35.74073,0
1789,35.76073,47,35.76073,0
1790,35.78073,41,35.78073,0
1791,35.80073,50,35.80073,0
1792,35.82073,52,35.82073,0
1793,35.84073,54,35.84073,0
1794,35.86073,49,35.86073,0
1795,35.88073,36,35.88073,0
1796,35.90073,39,35.90073,0
1797,35.92073,54,35.92073,0
1798,35.94073,45,35.94073,0
1799,35.96073,52,35.96073,0
1800,35.98073,43,35.98073,0
1801,36.00073,45,36.00073,0
1802,36.02073,45,36.02073,0
1803,36.04073,43,36.04073,0
1804,36.06073,57,36.06073,0
1805,36.08073,38,36.08073,0
1806,36.10073,31,36.10073,0
1807,36.12073,49,36.12073,0
1808,36.14073,55,36.14073,0
1809,36.16073,44,36.16073,0
1810,36.18073,46,36.18073,0
1811,36.20073,44,36.20073,0
1812,36.22073,30,36.22073,0
1813,36.24073,28,36.24073,0
1814,36.26073,47,36.26073,0
1815,36.28073,33,36.28073,0
1816,36.30073,43,36.30073,0
1817,36.32073,48,36.32073,0
1818,36.34073,45,36.34073,0
1819,36.36073,39,36.36073,0
1820,36.38073,42,36.38073,0
1821,36.40073,49,36.40073,0
1822,36.42073,36,36.42073,0
1823,36.44073,42,36.44073,0
1824,36.46073,42,36.46073,0
1825,36.48073,39,36.48073,0
1826,36.50073,33,36.50073,0
1827,36.52073,33,36.52073,0
1828,36.54073,39,36.54073,0
1829,36.56073,35,36.56073,0
1830,36.58073,21,36.58073,0
1831,36.60073,26,36.60073,0
1832,36.62073,40,36.62073,0
1833,36.64073,26,36.64073,0
1834,36.66073,32,36.66073,0
1835,36.68073,30,36.68073,0
1836,36.70073,31,36.70073,0
1837,36.72073,22,36.72073,0
1838,36.74073,23,36.74073,0
1839,36.76073,20,36.76073,0
1840,36.78073,27,36.78073,0
1841,36.80073,22,36.80073,0
1842,36.82073,27,36.82073,0
1843,36.84073,23,36.84073,0
1844,36.86073,27,36.86073,0
1845,36.88073,19,36.88073,0
1846,36.90073,30,36.90073,0
1847,36.92073,28,36.92073,0
1848,36.94073,27,36.94073,0
1849,36.96073,36,36.96073,0
1850,36.98073,33,36.98073,0
1851,37.00073,15,37.00073,0
1852,37.02073,21,37.02073,0
1853,37.04073,21,37.04073,0
1854,37.06073,29,37.06073,0
1855,37.08073,30,37.08073,0
1856,37.10073,30,37.10073,0
1857,37.12073,16,37.12073,0
1858,37.14073,24,37.14073,0
1859,37.16073,26,37.16073,0
1860,37.18073,35,37.18073,0
1861,37.20073,20,37.20073,0
1862,37.22073,20,37.22073,0
1863,37.24073,31,37.24073,0
1864,37.26073,24,37.26073,0
1865,37.28073,15,37.28073,0
1866,37.30073,18,37.30073,0
1867,37.32073,26,37.32073,0
1868,37.34073,20,37.34073,0
1869,37.36073,18,37.36073,0
1870,37.38073,20,37.38073,0
1871,37.40073,23,37.40073,0
1872,37.42073,23,37.42073,0
1873,37.44073,27,37.44073,0
1874,37.46073,19,37.46073,0
1875,37.48073,20,37.48073,0
1876,37.50073,27,37.50073,0
1877,37.52073,20,37.52073,0
1878,37.54073,18,37.54073,0
1879,37.56073,16,37.56073,0
1880,37.58073,17,37.58073,0
1881,37.60073,20,37.60073,0
1882,37.62073,15,37.62073,0
1883,37.64073,18,37.64073,0
1884,37.66073,12,37.66073,0
1885,37.68073,24,37.68073,0
1886,37.70073,23,37.70073,0
1887,37.72073,14,37.72073,0
1888,37.74073,17,37.74073,0
1889,37.76073,25,37.76073,0
1890,37.78073,14,37.78073,0
1891,37.80073,12,37.80073,0
1892,37.82073,25,37.82073,0
1893,37.84073,11,37.84073,0
1894,37.86073,21,37.86073,0
1895,37.88073,18,37.88073,0
1896,37.90073,15,37.90073,0
1897,37.92073,15,37.92073,0
1898,37.94073,17,37.94073,0
1899,37.96073,17,37.96073,0
1900,37.98073,22,37.98073,0
1901,38.00073,13,38.00073,0
1902,38.02073,17,38.02073,0
1903,38.04073,18,38.04073,0
1904,38.06073,13,38.06073,0
1905,38.08073,13,38.08073,0
1906,38.10073,11,38.10073,0
1907,38.12073,11,38.12073,0
1908,38.14073,20,38.14073,0
1909,38.16073,16,38.16073,0
1910,38.18073,25,38.18073,0
1911,38.20073,23,38.20073,0
1912,38.22073,16,38.22073,0
1913,38.24073,18,38.24073,0
1914,38.26073,13,38.26073,0
1915,38.28073,14,38.28073,0
1916,38.30073,10,38.30073,0
1917,38.32073,9,38.32073,0
1918,38.34073,14,38.34073,0
1919,38.36073,14,38.36073,0
1920,38.38073,13,38.38073,0
1921,38.40073,14,38.40073,0
1922,38.42073,16,38.42073,0
1923,38.44073,12,38.44073,0
1924,38.46073,19,38.46073,0
1925,38.48073,19,38.48073,0
1926,38.50073,10,38.50073,0
1927,38.52073,13,38.52073,0
1928,38.54073,27,38.54073,0
1929,38.56073,13,38.56073,0
1930,38.58073,11,38.58073,0
1931,38.60073,19,38.60073,0
1932,38.62073,12,38.62073,0
1933,38.64073,13,38.64073,0
1934,38.66073,9,38.66073,0
1935,38.68073,13,38.68073,0
1936,38.70073,10,38.70073,0
1937,38.72073,17,38.72073,0
1938,38.74073,21,38.74073,0
1939,38.76073,11,38.76073,0
1940,38.78073,9,38.78073,0
1941,38.80073,11,38.80073,0
1942,38.82073,15,38.82073,0
1943,38.84073,8,38.84073,0
1944,38.86073,13,38.86073,0
1945,38.88073,8,38.88073,0
1946,38.90073,8,38.90073,0
1947,38.92073,18,38.92073,0
1948,38.94073,10,38.94073,0
1949,38.96073,11,38.96073,0
1950,38.98073,8,38.98073,0
1951,39.00073,12,39.00073,0
1952,39.02073,11,39.02073,0
1953,39.04073,16,39.04073,0
1954,39.06073,8,39.06073,0
1955,39.08073,10,39.08073,0
1956,39.10073,11,39.10073,0
1957,39.12073,10,39.12073,0
1958,39.14073,15,39.14073,0
1959,39.16073,9,39.16073,0
1960,39.18073,9,39.18073,0
1961,39.20073,14,39.20073,0
1962,39.22073,6,39.22073,0
1963,39.24073,14,39.24073,0
1964,39.26073,19,39.26073,0
1965,39.28073,11,39.28073,0
1966,39.30073,13,39.30073,0
1967,39.32073,8,39.32073,0
1968,39.34073,10,39.34073,0
1969,39.36073,8,39.36073,0
1970,39.38073,9,39.38073,0
1971,39.40073,6,39.40073,0
1972,39.42073,7,39.42073,0
1973,39.44073,7,39.44073,0
1974,39.46073,7,39.46073,0
1975,39.48073,11,39.48073,0
1976,39.50073,9,39.50073,0
1977,39.52073,8,39.52073,0
1978,39.54073,12,39.54073,0
1979,39.56073,8,39.56073,0
1980,39.58073,9,39.58073,0
1981,39.60073,5,39.60073,0
1982,39.62073,7,39.62073,0
1983,39.64073,6,39.64073,0
1984,39.66073,6,39.66073,0
1985,39.68073,11,39.68073,0
1986,39.70073,10,39.70073,0
1987,39.72073,8,39.72073,0
1988,39.74073,6,39.74073,0
1989,39.76073,4,39.76073,0
1990,39.78073,10,39.78073,0
1991,39.80073,9,39.80073,0
1992,39.82073,4,39.82073,0
1993,39.84073,4,39.84073,0
1994,39.86073,9,39.86073,0
1995,39.88073,7,39.88073,0
1996,39.90073,8,39.90073,0
1997,39.92073,5,39.92073,0
1998,39.94073,9,39.94073,0
1999,39.96073,14,39.96073,0
2000,39.98073,8,39.98073,0
2001,40.00073,9,40.00073,0
2002,40.02073,10,40.02073,0
2003,40.04073,10,40.04073,0
2004,40.06073,7,40.06073,0
2005,40.08073,8,40.08073,0
2006,40.10073,8,40.10073,0
2007,40.12073,7,40.12073,0
2008,40.14073,9,40.14073,0
2009,40.16073,7,40.16073,0
2010,40.18073,5,40.18073,0
2011,40.20073,7,40.20073,0
2012,40.22073,9,40.22073,0
2013,40.24073,15,40.24073,0
2014,40.26073,14,40.26073,0
2015,40.28073,8,40.28073,0
2016,40.30073,6,40.30073,0
2017,40.32073,7,40.32073,0
2018,40.34073,10,40.34073,0
2019,40.36073,12,40.36073,0
2020,40.38073,4,40.38073,0
2021,40.40073,12,40.40073,0
2022,40.42073,1,40.42073,0
2023,40.44073,8,40.44073,0
2024,40.46073,14,40.46073,0
2025,40.48073,5,40.48073,0
2026,40.50073,8,40.50073,0
2027,40.52073,11,40.52073,0
2028,40.54073,14,40.54073,0
2029,40.56073,15,40.56073,0
2030,40.58073,8,40.58073,0
2031,40.60073,9,40.60073,0
2032,40.62073,10,40.62073,0
2033,40.64073,9,40.64073,0
2034,40.66073,5,40.66073,0
2035,40.68073,3,40.68073,0
2036,40.70073,9,40.70073,0
2037,40.72073,10,40.72073,0
2038,40.74073,5,40.74073,0
2039,40.76073,6,40.76073,0
2040,40.78073,5,40.78073,0
2041,40.80073,5,40.80073,0
2042,40.82073,8,40.82073,0
2043,40.84073,7,40.84073,0
2044,40.86073,4,40.86073,0
2045,40.88073,3,40.88073,0
2046,40.90073,10,40.90073,0
2047,40.92073,11,40.92073,0
2048,40.94073,6,40.94073,0
