Bruker AXS HMP Instrument Tools Complete CSV
FileName,C:\MeinZeugs\Uni\Publikationen\2025\MeIn pXRF\DAQ\Device_monitoring_sample_element_precision_Schauer\data_raw\Example_Drift\04567-Mudrock Dual.pdz
SerialString,SG2-6390
TubeTargetElement,45
NumberOfSpectra,2
SampleID,
AcquisitionDateTime,5/6/2025 1:21:08 PM
TotalElapsedTimeInSeconds,120
AnodeTakeOffAngle,45
SampleIncidenceAngle,45
BeThicknessInMicroMeters,125
SampleTakeOffAngle,65
SpotSizeUsed,8
NumberOfUserCustomFields,5
UserCustomFieldHeader,FieldName,FieldValue
UserCustomField,Operator,Supervisor
UserCustomField,Material,Standard
UserCustomField,ID,
UserCustomField,Probe,SdAR-M2
UserCustomField,Projekt,ESPRIT_Trocknungsexperiment
AnalysisMode,32
AnalysisType,1
UsedAutoCalSelect,False
ResultUnits,PPM
ErrorMultiplier,2
CalFileName,MudrockDual
CalPackageName,
CalPackagePartNumber,
TypeStandardizationSetName,
NumberOfElementsInCalculatedResults,27
CalculatedResults:AtomicNum,ElementSymbol,Units,Value,TypeStandardizedValue,Error,RangeMin,RangeMax,Tramp,Nominal
12,Mg,PPM,0.3527361,0.3527361,0.05010205,0,0,False,False
13,Al,PPM,4.453963,4.453963,0.03027367,0,0,False,False
14,Si,PPM,23.27502,23.27502,0.04091758,0,0,False,False
15,P,PPM,0.01957223,0.01957223,0.002897253,0,0,False,False
16,S,PPM,0.1923018,0.1923018,0.002693298,0,0,False,False
19,K,PPM,3.366282,3.366282,0.006325404,0,0,False,False
20,Ca,PPM,0.6447101,0.6447101,0.002267357,0,0,False,False
22,Ti,PPM,0.1399436,0.1399436,0.001100901,0,0,False,False
23,V,PPM,0.006715688,0.006715688,0.0005705537,0,0,False,False
24,Cr,PPM,0.00288608,0.00288608,0.0003371342,0,0,False,False
25,Mn,PPM,0.08813809,0.08813809,0.0005978803,0,0,False,False
26,Fe,PPM,1.86912,1.86912,0.002659677,0,0,False,False
27,Co,PPM,0,0,7.057235E-05,0,0,False,False
28,Ni,PPM,0.005349531,0.005349531,0.0001781174,0,0,False,False
29,Cu,PPM,0.02851974,0.02851974,0.0003028023,0,0,False,False
30,Zn,PPM,0.09097954,0.09097954,0.0004265907,0,0,False,False
33,As,PPM,0.04198034,0.04198034,0.000255192,0,0,False,False
37,Rb,PPM,0.01475786,0.01475786,0.0001196669,0,0,False,False
38,Sr,PPM,0.01537222,0.01537222,0.0001267362,0,0,False,False
39,Y,PPM,0.005839706,0.005839706,0.0001218736,0,0,False,False
40,Zr,PPM,0.02071214,0.02071214,0.0001276849,0,0,False,False
41,Nb,PPM,0.002105645,0.002105645,9.901826E-05,0,0,False,False
42,Mo,PPM,0.002254323,0.002254323,0.0001084822,0,0,False,False
56,Ba,PPM,0.1413949,0.1413949,0.00786482,0,0,False,False
82,Pb,PPM,0.04405089,0.04405089,0.0002381782,0,0,False,False
90,Th,PPM,0.001736114,0.001736114,2.819551E-05,0,0,False,False
92,U,PPM,0.0003514505,0.0003514505,0.0002549698,0,0,False,False
MatchSpreadThreshold,0.05
IsTrampEnabled,False
IsNominalEnabled,False
NumberOfGradeIDMatchResults,3
GradeIDMatchResultsHeader,GradeID,MatchConfidence
GradeIDMatchResult,,0
GradeIDMatchResult,,0
GradeIDMatchResult,,0
ParametersForEachSpectrum,Spectrum 1,,Spectrum 2,
XrayVoltageInkV,40,,15,
XrayFilamentCurrentInMicroAmps,38.85,,27.9,
RawCounts,3233059,,3256452,
ValidCounts,2730766,,2876169,
eVPerChannel,20,,20,
StartingKeV,0.000620423,,0.000620423,
ZeroOffsetInKeV,-0.000620423,,-0.000620423,
StartingChannel,0.03102115,,0.03102115,
NumberOfChannels,2048,,2048,
CountsPerSecond,64443.36,,59757.97,
XilinxFirmwareVersion,,,,
IlluminationID,MudRock Trace40,,MudRock Maj15,
Filter1ElementAtomicNum,22,,0,
Filter1Thickness,25,,0,
Filter2ElementAtomicNum,13,,0,
Filter2Thickness,300,,0,
Filter3ElementAtomicNum,0,,0,
Filter3Thickness,0,,0,
AcquisitionDateTime,5/6/2025 1:21:08 PM,,5/6/2025 1:21:08 PM,
LiveTimeInSeconds,42.65599,,47.20098,
DeadTimeInSeconds,7.513,,7.293002,
ResetTimeInSeconds,6.108003,,1.78,
DetectorTempInC,-27,,-27,
AmbientTempInF,110,,110,
NosePressureInMilliBars,991,,991,
NoseTemperatureInC,37,,37,
ActiveTimeInSeconds,50.169,,54.49402,
PacketTimeInSeconds,56.277,,56.27402,
CommunicationTimeInSeconds,,,,
ElapsedClockTimeInSeconds,60,,60,
Spectrum:ChannelNumber,ChannelStartInKeV,ChannelCount,ChannelStartInKeV,ChannelCount
1,0.000620423,0,0.000620423,0
2,0.02062042,0,0.02062042,0
3,0.04062042,0,0.04062042,0
4,0.06062042,0,0.06062042,0
5,0.08062042,0,0.08062042,0
6,0.1006204,0,0.1006204,0
7,0.1206204,0,0.1206204,0
8,0.1406204,0,0.1406204,0
9,0.1606204,0,0.1606204,0
10,0.1806204,0,0.1806204,0
11,0.2006204,0,0.2006204,0
12,0.2206204,0,0.2206204,0
13,0.2406204,0,0.2406204,0
14,0.2606204,2,0.2606204,0
15,0.2806204,11,0.2806204,7
16,0.3006204,118,0.3006204,75
17,0.3206204,668,0.3206204,653
18,0.3406204,2889,0.3406204,2800
19,0.3606204,6913,0.3606204,7728
20,0.3806204,10868,0.3806204,12417
21,0.4006204,10617,0.4006204,12301
22,0.4206204,6747,0.4206204,7399
23,0.4406204,2590,0.4406204,2606
24,0.4606204,628,0.4606204,580
25,0.4806204,116,0.4806204,99
26,0.5006204,10,0.5006204,9
27,0.5206204,6,0.5206204,2
28,0.5406204,2,0.5406204,1
29,0.5606204,3,0.5606204,0
30,0.5806204,2,0.5806204,1
31,0.6006204,1,0.6006204,1
32,0.6206204,1,0.6206204,0
33,0.6406204,0,0.6406204,0
34,0.6606205,3,0.6606205,0
35,0.6806204,661,0.6806204,87
36,0.7006204,650,0.7006204,73
37,0.7206204,630,0.7206204,72
38,0.7406204,615,0.7406204,70
39,0.7606204,605,0.7606204,58
40,0.7806204,617,0.7806204,70
41,0.8006204,677,0.8006204,67
42,0.8206204,625,0.8206204,104
43,0.8406204,634,0.8406204,92
44,0.8606204,606,0.8606204,101
45,0.8806204,560,0.8806204,124
46,0.9006204,556,0.9006204,197
47,0.9206204,628,0.9206204,225
48,0.9406204,545,0.9406204,287
49,0.9606204,604,0.9606204,287
50,0.9806204,568,0.9806204,226
51,1.00062,617,1.00062,167
52,1.02062,539,1.02062,152
53,1.04062,561,1.04062,158
54,1.06062,547,1.06062,181
55,1.08062,544,1.08062,199
56,1.10062,557,1.10062,178
57,1.12062,566,1.12062,166
58,1.14062,581,1.14062,169
59,1.16062,561,1.16062,170
60,1.18062,539,1.18062,200
61,1.20062,573,1.20062,248
62,1.22062,575,1.22062,243
63,1.24062,568,1.24062,261
64,1.26062,531,1.26062,220
65,1.28062,490,1.28062,191
66,1.30062,511,1.30062,130
67,1.32062,514,1.32062,156
68,1.34062,488,1.34062,145
69,1.36062,496,1.36062,193
70,1.38062,495,1.38062,403
71,1.40062,506,1.40062,880
72,1.42062,510,1.42062,2096
73,1.44062,547,1.44062,3975
74,1.46062,635,1.46062,6008
75,1.48062,637,1.48062,7050
76,1.50062,629,1.50062,6214
77,1.52062,590,1.52062,4682
78,1.54062,611,1.54062,3138
79,1.56062,557,1.56062,2263
80,1.58062,536,1.58062,1598
81,1.60062,490,1.60062,1439
82,1.62062,439,1.62062,2184
83,1.64062,521,1.64062,6226
84,1.66062,611,1.66062,16658
85,1.68062,942,1.68062,37227
86,1.70062,1313,1.70062,65294
87,1.72062,1630,1.72062,88537
88,1.74062,1663,1.74062,93299
89,1.76062,1371,1.76062,77063
90,1.78062,1127,1.78062,49855
91,1.80062,725,1.80062,27148
92,1.82062,583,1.82062,13202
93,1.84062,465,1.84062,7049
94,1.86062,434,1.86062,3907
95,1.88062,464,1.88062,2161
96,1.90062,427,1.90062,1108
97,1.92062,365,1.92062,639
98,1.94062,416,1.94062,448
99,1.96062,408,1.96062,464
100,1.98062,350,1.98062,481
101,2.00062,382,2.00062,443
102,2.02062,382,2.02062,443
103,2.04062,371,2.04062,367
104,2.06062,380,2.06062,334
105,2.080621,338,2.080621,282
106,2.100621,364,2.100621,267
107,2.12062,338,2.12062,260
108,2.14062,343,2.14062,260
109,2.16062,355,2.16062,289
110,2.18062,349,2.18062,287
111,2.20062,333,2.20062,356
112,2.22062,343,2.22062,521
113,2.24062,365,2.24062,722
114,2.26062,351,2.26062,1052
115,2.28062,342,2.28062,1469
116,2.30062,345,2.30062,1760
117,2.320621,361,2.320621,1805
118,2.340621,375,2.340621,1725
119,2.36062,346,2.36062,1538
120,2.38062,378,2.38062,1262
121,2.40062,334,2.40062,1056
122,2.42062,322,2.42062,999
123,2.44062,342,2.44062,952
124,2.46062,330,2.46062,851
125,2.48062,293,2.48062,798
126,2.50062,298,2.50062,710
127,2.52062,268,2.52062,749
128,2.54062,260,2.54062,838
129,2.56062,275,2.56062,956
130,2.580621,280,2.580621,1526
131,2.600621,275,2.600621,2496
132,2.62062,281,2.62062,4160
133,2.64062,289,2.64062,6889
134,2.66062,270,2.66062,9715
135,2.68062,288,2.68062,11640
136,2.70062,293,2.70062,12234
137,2.72062,276,2.72062,10648
138,2.74062,251,2.74062,8089
139,2.76062,273,2.76062,6478
140,2.78062,263,2.78062,5612
141,2.80062,247,2.80062,6110
142,2.820621,261,2.820621,6878
143,2.840621,268,2.840621,6849
144,2.86062,262,2.86062,6912
145,2.88062,304,2.88062,6641
146,2.90062,371,2.90062,6988
147,2.92062,408,2.92062,8150
148,2.94062,487,2.94062,8903
149,2.96062,518,2.96062,8960
150,2.98062,438,2.98062,7739
151,3.00062,371,3.00062,5887
152,3.02062,330,3.02062,4076
153,3.04062,265,3.04062,2667
154,3.06062,210,3.06062,1657
155,3.080621,217,3.080621,1223
156,3.100621,240,3.100621,1223
157,3.12062,242,3.12062,1336
158,3.14062,243,3.14062,1506
159,3.16062,273,3.16062,2075
160,3.18062,341,3.18062,3084
161,3.20062,574,3.20062,5474
162,3.22062,1051,3.22062,11301
163,3.24062,1782,3.24062,21277
164,3.26062,2968,3.26062,36615
165,3.28062,4167,3.28062,51813
166,3.30062,4902,3.30062,62366
167,3.320621,4910,3.320621,62927
168,3.340621,4271,3.340621,53603
169,3.36062,3079,3.36062,37990
170,3.38062,1981,3.38062,23014
171,3.40062,1059,3.40062,11888
172,3.42062,550,3.42062,5586
173,3.44062,302,3.44062,2634
174,3.46062,261,3.46062,1802
175,3.48062,255,3.48062,1847
176,3.50062,335,3.50062,2668
177,3.52062,452,3.52062,4176
178,3.54062,595,3.54062,6130
179,3.56062,780,3.56062,8604
180,3.580621,932,3.580621,10059
181,3.600621,1035,3.600621,11325
182,3.62062,1134,3.62062,12136
183,3.64062,1283,3.64062,13111
184,3.66062,1367,3.66062,13741
185,3.68062,1405,3.68062,14177
186,3.70062,1323,3.70062,12912
187,3.72062,1077,3.72062,10838
188,3.74062,765,3.74062,7631
189,3.76062,474,3.76062,4859
190,3.78062,329,3.78062,2812
191,3.80062,235,3.80062,1605
192,3.820621,159,3.820621,1085
193,3.840621,116,3.840621,907
194,3.86062,148,3.86062,882
195,3.88062,126,3.88062,895
196,3.90062,151,3.90062,1142
197,3.92062,156,3.92062,1206
198,3.94062,182,3.94062,1551
199,3.96062,213,3.96062,1965
200,3.98062,274,3.98062,2381
201,4.00062,272,4.00062,2560
202,4.02062,281,4.02062,2593
203,4.04062,263,4.04062,2382
204,4.06062,220,4.06062,2003
205,4.08062,122,4.08062,1631
206,4.10062,121,4.10062,1302
207,4.12062,100,4.12062,1122
208,4.14062,114,4.14062,994
209,4.16062,81,4.16062,913
210,4.18062,82,4.18062,893
211,4.200621,81,4.200621,920
212,4.220621,86,4.220621,876
213,4.240621,82,4.240621,858
214,4.260621,71,4.260621,901
215,4.280621,87,4.280621,948
216,4.300621,79,4.300621,965
217,4.320621,79,4.320621,955
218,4.340621,98,4.340621,1085
219,4.36062,122,4.36062,1276
220,4.38062,201,4.38062,1656
221,4.40062,297,4.40062,2253
222,4.42062,468,4.42062,3172
223,4.44062,652,4.44062,4350
224,4.46062,899,4.46062,5632
225,4.48062,1137,4.48062,6733
226,4.50062,1225,4.50062,7243
227,4.52062,1033,4.52062,6873
228,4.54062,1001,4.54062,5823
229,4.56062,755,4.56062,4456
230,4.58062,504,4.58062,3426
231,4.60062,418,4.60062,2466
232,4.62062,351,4.62062,2039
233,4.64062,293,4.64062,1740
234,4.66062,269,4.66062,1673
235,4.68062,224,4.68062,1491
236,4.700621,199,4.700621,1427
237,4.720621,160,4.720621,1457
238,4.740621,164,4.740621,1573
239,4.760621,180,4.760621,1672
240,4.780621,205,4.780621,1895
241,4.800621,239,4.800621,1957
242,4.820621,308,4.820621,2161
243,4.840621,299,4.840621,2331
244,4.86062,299,4.86062,2403
245,4.88062,348,4.88062,2482
246,4.90062,355,4.90062,2504
247,4.92062,342,4.92062,2654
248,4.94062,325,4.94062,2506
249,4.96062,252,4.96062,2477
250,4.98062,214,4.98062,2235
251,5.00062,166,5.00062,2081
252,5.02062,114,5.02062,2000
253,5.04062,119,5.04062,1880
254,5.06062,100,5.06062,1807
255,5.08062,103,5.08062,1794
256,5.10062,85,5.10062,1766
257,5.12062,103,5.12062,1884
258,5.14062,94,5.14062,1846
259,5.16062,106,5.16062,1942
260,5.18062,127,5.18062,1892
261,5.200621,137,5.200621,1883
262,5.220621,117,5.220621,1896
263,5.240621,118,5.240621,1880
264,5.260621,118,5.260621,1822
265,5.280621,120,5.280621,1825
266,5.300621,144,5.300621,1813
267,5.320621,126,5.320621,1851
268,5.340621,137,5.340621,1926
269,5.36062,151,5.36062,1980
270,5.38062,138,5.38062,2019
271,5.40062,172,5.40062,2010
272,5.42062,126,5.42062,1992
273,5.44062,133,5.44062,2045
274,5.46062,118,5.46062,1979
275,5.48062,130,5.48062,1918
276,5.50062,102,5.50062,1933
277,5.52062,107,5.52062,1994
278,5.54062,93,5.54062,1861
279,5.56062,97,5.56062,1945
280,5.58062,84,5.58062,1972
281,5.60062,96,5.60062,1868
282,5.62062,84,5.62062,1875
283,5.64062,72,5.64062,1877
284,5.66062,82,5.66062,1867
285,5.68062,71,5.68062,1826
286,5.700621,119,5.700621,1899
287,5.720621,109,5.720621,1943
288,5.740621,172,5.740621,2100
289,5.760621,226,5.760621,2249
290,5.780621,407,5.780621,2624
291,5.800621,632,5.800621,3419
292,5.820621,968,5.820621,4146
293,5.840621,1367,5.840621,5275
294,5.86062,1742,5.86062,6332
295,5.88062,1926,5.88062,6899
296,5.90062,1890,5.90062,6754
297,5.92062,1772,5.92062,6337
298,5.94062,1393,5.94062,5370
299,5.96062,1035,5.96062,4352
300,5.98062,687,5.98062,3541
301,6.00062,437,6.00062,2819
302,6.02062,270,6.02062,2355
303,6.04062,212,6.04062,2048
304,6.06062,156,6.06062,2032
305,6.08062,125,6.08062,1899
306,6.10062,123,6.10062,1954
307,6.12062,126,6.12062,1990
308,6.14062,160,6.14062,1974
309,6.16062,215,6.16062,1979
310,6.18062,283,6.18062,2173
311,6.200621,477,6.200621,2558
312,6.220621,962,6.220621,3348
313,6.240621,2047,6.240621,5117
314,6.260621,4231,6.260621,8853
315,6.280621,7934,6.280621,15235
316,6.300621,13470,6.300621,26254
317,6.320621,21683,6.320621,40815
318,6.340621,30966,6.340621,58503
319,6.36062,39878,6.36062,75510
320,6.38062,45680,6.38062,86493
321,6.40062,46828,6.40062,90179
322,6.42062,43524,6.42062,82824
323,6.44062,35948,6.44062,69197
324,6.46062,26435,6.46062,51123
325,6.48062,17586,6.48062,34798
326,6.50062,10955,6.50062,21424
327,6.52062,5859,6.52062,12576
328,6.54062,2970,6.54062,7222
329,6.56062,1460,6.56062,4158
330,6.58062,742,6.58062,2980
331,6.60062,410,6.60062,2346
332,6.62062,244,6.62062,2066
333,6.64062,177,6.64062,1949
334,6.66062,172,6.66062,1926
335,6.68062,166,6.68062,1864
336,6.700621,156,6.700621,1797
337,6.720621,168,6.720621,1818
338,6.740621,147,6.740621,1872
339,6.760621,167,6.760621,1846
340,6.780621,181,6.780621,1892
341,6.800621,209,6.800621,1932
342,6.820621,252,6.820621,1995
343,6.840621,277,6.840621,1983
344,6.86062,345,6.86062,2271
345,6.88062,528,6.88062,2474
346,6.90062,802,6.90062,2857
347,6.92062,1242,6.92062,3601
348,6.94062,1980,6.94062,4791
349,6.96062,3025,6.96062,6582
350,6.98062,4284,6.98062,8863
351,7.00062,5571,7.00062,11321
352,7.02062,7069,7.02062,13331
353,7.04062,7749,7.04062,14650
354,7.06062,7550,7.06062,14464
355,7.08062,6792,7.08062,13397
356,7.10062,5567,7.10062,11255
357,7.12062,4152,7.12062,8672
358,7.14062,2773,7.14062,6276
359,7.16062,1789,7.16062,4518
360,7.18062,970,7.18062,3231
361,7.200621,576,7.200621,2442
362,7.220621,295,7.220621,2076
363,7.240621,175,7.240621,1819
364,7.260621,111,7.260621,1816
365,7.280621,67,7.280621,1818
366,7.300621,90,7.300621,1745
367,7.320621,80,7.320621,1905
368,7.340621,97,7.340621,1932
369,7.36062,128,7.36062,2052
370,7.38062,156,7.38062,2195
371,7.40062,239,7.40062,2523
372,7.42062,267,7.42062,2639
373,7.44062,312,7.44062,2868
374,7.46062,276,7.46062,2880
375,7.48062,307,7.48062,2865
376,7.50062,288,7.50062,2670
377,7.52062,249,7.52062,2480
378,7.54062,151,7.54062,2150
379,7.56062,145,7.56062,1986
380,7.58062,96,7.58062,1843
381,7.60062,66,7.60062,1665
382,7.62062,63,7.62062,1712
383,7.64062,65,7.64062,1527
384,7.66062,55,7.66062,1555
385,7.68062,59,7.68062,1520
386,7.700621,61,7.700621,1548
387,7.720621,64,7.720621,1461
388,7.740621,86,7.740621,1551
389,7.760621,61,7.760621,1520
390,7.780621,64,7.780621,1532
391,7.800621,87,7.800621,1463
392,7.820621,87,7.820621,1541
393,7.840621,125,7.840621,1513
394,7.86062,146,7.86062,1559
395,7.88062,194,7.88062,1558
396,7.90062,267,7.90062,1589
397,7.92062,452,7.92062,1734
398,7.94062,661,7.94062,1879
399,7.96062,952,7.96062,1981
400,7.98062,1268,7.98062,2287
401,8.000621,1456,8.000621,2524
402,8.02062,1513,8.02062,2580
403,8.040621,1587,8.040621,2700
404,8.06062,1582,8.06062,2613
405,8.080621,1351,8.080621,2500
406,8.10062,1036,8.10062,2301
407,8.120621,765,8.120621,2210
408,8.14062,547,8.14062,2103
409,8.160621,367,8.160621,1983
410,8.18062,268,8.18062,1924
411,8.200621,191,8.200621,1884
412,8.22062,120,8.22062,1934
413,8.240621,133,8.240621,1767
414,8.26062,124,8.26062,1782
415,8.280621,140,8.280621,1730
416,8.30062,121,8.30062,1763
417,8.320621,123,8.320621,1702
418,8.34062,129,8.34062,1655
419,8.36062,138,8.36062,1593
420,8.38062,141,8.38062,1459
421,8.40062,142,8.40062,1498
422,8.42062,197,8.42062,1570
423,8.44062,287,8.44062,1593
424,8.460621,529,8.460621,1677
425,8.48062,757,8.48062,1805
426,8.500621,1392,8.500621,2136
427,8.52062,2104,8.52062,2341
428,8.540621,3082,8.540621,2939
429,8.56062,4319,8.56062,3404
430,8.580621,5427,8.580621,3917
431,8.60062,6312,8.60062,4290
432,8.620621,6690,8.620621,4635
433,8.64062,6488,8.64062,4477
434,8.660621,5951,8.660621,4338
435,8.68062,4736,8.68062,3816
436,8.700621,3686,8.700621,3181
437,8.72062,2578,8.72062,2871
438,8.740621,1671,8.740621,2317
439,8.76062,1079,8.76062,2029
440,8.780621,704,8.780621,1793
441,8.80062,446,8.80062,1778
442,8.820621,376,8.820621,1797
443,8.84062,348,8.84062,1677
444,8.86062,366,8.86062,1721
445,8.88062,359,8.88062,1712
446,8.90062,418,8.90062,1769
447,8.92062,369,8.92062,1682
448,8.94062,326,8.94062,1682
449,8.960621,283,8.960621,1654
450,8.98062,289,8.98062,1671
451,9.000621,215,9.000621,1592
452,9.02062,213,9.02062,1649
453,9.040621,206,9.040621,1597
454,9.06062,227,9.06062,1593
455,9.080621,237,9.080621,1554
456,9.10062,337,9.10062,1560
457,9.120621,352,9.120621,1573
458,9.14062,440,9.14062,1640
459,9.160621,498,9.160621,1572
460,9.18062,546,9.18062,1582
461,9.200621,525,9.200621,1682
462,9.22062,547,9.22062,1648
463,9.240621,518,9.240621,1640
464,9.26062,452,9.26062,1623
465,9.280621,402,9.280621,1644
466,9.30062,390,9.30062,1624
467,9.320621,303,9.320621,1613
468,9.34062,284,9.34062,1582
469,9.36062,267,9.36062,1663
470,9.38062,258,9.38062,1645
471,9.40062,242,9.40062,1567
472,9.42062,371,9.42062,1648
473,9.44062,450,9.44062,1594
474,9.460621,579,9.460621,1705
475,9.48062,709,9.48062,1733
476,9.500621,849,9.500621,1883
477,9.52062,1089,9.52062,1940
478,9.540621,1239,9.540621,2032
479,9.56062,1245,9.56062,2137
480,9.580621,1238,9.580621,1932
481,9.60062,1098,9.60062,1963
482,9.620621,968,9.620621,1867
483,9.64062,839,9.64062,1874
484,9.660621,632,9.660621,1810
485,9.68062,531,9.68062,1824
486,9.700621,386,9.700621,1818
487,9.72062,330,9.72062,1688
488,9.740621,249,9.740621,1661
489,9.76062,255,9.76062,1643
490,9.780621,240,9.780621,1611
491,9.80062,224,9.80062,1738
492,9.820621,243,9.820621,1551
493,9.84062,227,9.84062,1602
494,9.86062,234,9.86062,1521
495,9.88062,235,9.88062,1434
496,9.90062,247,9.90062,1516
497,9.92062,234,9.92062,1520
498,9.94062,265,9.94062,1510
499,9.960621,252,9.960621,1545
500,9.98062,241,9.98062,1512
501,10.00062,276,10.00062,1522
502,10.02062,266,10.02062,1474
503,10.04062,266,10.04062,1529
504,10.06062,250,10.06062,1436
505,10.08062,266,10.08062,1470
506,10.10062,250,10.10062,1433
507,10.12062,271,10.12062,1510
508,10.14062,261,10.14062,1460
509,10.16062,315,10.16062,1436
510,10.18062,316,10.18062,1422
511,10.20062,362,10.20062,1480
512,10.22062,353,10.22062,1409
513,10.24062,346,10.24062,1460
514,10.26062,398,10.26062,1446
515,10.28062,455,10.28062,1474
516,10.30062,528,10.30062,1437
517,10.32062,600,10.32062,1481
518,10.34062,808,10.34062,1432
519,10.36062,1065,10.36062,1503
520,10.38062,1498,10.38062,1453
521,10.40062,2077,10.40062,1500
522,10.42062,2734,10.42062,1550
523,10.44062,3751,10.44062,1591
524,10.46062,4746,10.46062,1590
525,10.48062,5777,10.48062,1590
526,10.50062,6555,10.50062,1671
527,10.52062,7198,10.52062,1723
528,10.54062,7204,10.54062,1677
529,10.56062,7174,10.56062,1702
530,10.58062,6467,10.58062,1630
531,10.60062,5439,10.60062,1619
532,10.62062,4321,10.62062,1510
533,10.64062,3230,10.64062,1442
534,10.66062,2372,10.66062,1395
535,10.68062,1671,10.68062,1330
536,10.70062,1139,10.70062,1295
537,10.72062,826,10.72062,1399
538,10.74062,662,10.74062,1256
539,10.76062,549,10.76062,1275
540,10.78062,466,10.78062,1277
541,10.80062,478,10.80062,1312
542,10.82062,468,10.82062,1264
543,10.84062,488,10.84062,1297
544,10.86062,456,10.86062,1242
545,10.88062,476,10.88062,1277
546,10.90062,501,10.90062,1258
547,10.92062,435,10.92062,1256
548,10.94062,395,10.94062,1184
549,10.96062,443,10.96062,1250
550,10.98062,475,10.98062,1233
551,11.00062,461,11.00062,1199
552,11.02062,495,11.02062,1198
553,11.04062,466,11.04062,1210
554,11.06062,460,11.06062,1224
555,11.08062,481,11.08062,1209
556,11.10062,511,11.10062,1175
557,11.12062,513,11.12062,1122
558,11.14062,535,11.14062,1158
559,11.16062,514,11.16062,1196
560,11.18062,557,11.18062,1183
561,11.20062,573,11.20062,1159
562,11.22062,601,11.22062,1130
563,11.24062,552,11.24062,1099
564,11.26062,584,11.26062,1183
565,11.28062,607,11.28062,1127
566,11.30062,622,11.30062,1111
567,11.32062,668,11.32062,1138
568,11.34062,641,11.34062,1115
569,11.36062,670,11.36062,1146
570,11.38062,603,11.38062,1136
571,11.40062,624,11.40062,1105
572,11.42062,700,11.42062,1107
573,11.44062,633,11.44062,1095
574,11.46062,600,11.46062,1035
575,11.48062,620,11.48062,1121
576,11.50062,607,11.50062,1065
577,11.52062,652,11.52062,1095
578,11.54062,672,11.54062,1033
579,11.56062,618,11.56062,1022
580,11.58062,673,11.58062,1072
581,11.60062,658,11.60062,1079
582,11.62062,724,11.62062,990
583,11.64062,765,11.64062,1041
584,11.66062,753,11.66062,1019
585,11.68062,834,11.68062,1059
586,11.70062,834,11.70062,969
587,11.72062,825,11.72062,1011
588,11.74062,845,11.74062,1005
589,11.76062,833,11.76062,984
590,11.78062,728,11.78062,1026
591,11.80062,820,11.80062,1013
592,11.82062,823,11.82062,968
593,11.84062,804,11.84062,997
594,11.86062,727,11.86062,1017
595,11.88062,713,11.88062,1009
596,11.90062,737,11.90062,949
597,11.92062,725,11.92062,969
598,11.94062,735,11.94062,963
599,11.96062,674,11.96062,909
600,11.98062,804,11.98062,893
601,12.00062,726,12.00062,899
602,12.02062,752,12.02062,906
603,12.04062,778,12.04062,908
604,12.06062,851,12.06062,884
605,12.08062,838,12.08062,854
606,12.10062,873,12.10062,889
607,12.12062,891,12.12062,847
608,12.14062,937,12.14062,885
609,12.16062,1012,12.16062,843
610,12.18062,924,12.18062,846
611,12.20062,1008,12.20062,823
612,12.22062,1097,12.22062,917
613,12.24062,1128,12.24062,846
614,12.26062,1138,12.26062,828
615,12.28062,1149,12.28062,819
616,12.30062,1159,12.30062,783
617,12.32062,1151,12.32062,833
618,12.34062,1168,12.34062,798
619,12.36062,1205,12.36062,798
620,12.38062,1207,12.38062,779
621,12.40062,1230,12.40062,757
622,12.42062,1370,12.42062,799
623,12.44062,1635,12.44062,817
624,12.46062,1966,12.46062,782
625,12.48062,2573,12.48062,772
626,12.50062,3342,12.50062,772
627,12.52062,4149,12.52062,827
628,12.54062,4910,12.54062,805
629,12.56062,5596,12.56062,761
630,12.58062,6139,12.58062,805
631,12.60062,6357,12.60062,784
632,12.62062,6440,12.62062,795
633,12.64062,6029,12.64062,779
634,12.66062,5436,12.66062,776
635,12.68062,4644,12.68062,752
636,12.70062,4014,12.70062,773
637,12.72062,3348,12.72062,802
638,12.74062,2733,12.74062,761
639,12.76062,2249,12.76062,767
640,12.78062,1905,12.78062,739
641,12.80062,1736,12.80062,779
642,12.82062,1602,12.82062,773
643,12.84062,1573,12.84062,733
644,12.86062,1455,12.86062,737
645,12.88062,1384,12.88062,682
646,12.90062,1297,12.90062,682
647,12.92062,1269,12.92062,706
648,12.94062,1373,12.94062,668
649,12.96062,1334,12.96062,613
650,12.98062,1319,12.98062,584
651,13.00062,1360,13.00062,602
652,13.02062,1283,13.02062,613
653,13.04062,1315,13.04062,557
654,13.06062,1265,13.06062,603
655,13.08062,1273,13.08062,555
656,13.10062,1235,13.10062,578
657,13.12062,1237,13.12062,492
658,13.14062,1308,13.14062,557
659,13.16062,1333,13.16062,541
660,13.18062,1457,13.18062,509
661,13.20062,1688,13.20062,529
662,13.22062,1992,13.22062,522
663,13.24062,2234,13.24062,539
664,13.26062,2643,13.26062,542
665,13.28062,3147,13.28062,496
666,13.30062,3627,13.30062,503
667,13.32062,4033,13.32062,490
668,13.34062,4183,13.34062,523
669,13.36062,4393,13.36062,498
670,13.38062,4324,13.38062,533
671,13.40062,4185,13.40062,502
672,13.42062,3719,13.42062,482
673,13.44062,3376,13.44062,476
674,13.46062,2919,13.46062,454
675,13.48062,2470,13.48062,429
676,13.50062,2093,13.50062,478
677,13.52062,1765,13.52062,474
678,13.54062,1564,13.54062,395
679,13.56062,1384,13.56062,433
680,13.58062,1339,13.58062,396
681,13.60062,1309,13.60062,408
682,13.62062,1260,13.62062,388
683,13.64062,1195,13.64062,401
684,13.66062,1258,13.66062,393
685,13.68062,1204,13.68062,372
686,13.70062,1185,13.70062,387
687,13.72062,1239,13.72062,340
688,13.74062,1235,13.74062,343
689,13.76062,1281,13.76062,334
690,13.78062,1235,13.78062,330
691,13.80062,1245,13.80062,320
692,13.82062,1211,13.82062,320
693,13.84062,1252,13.84062,302
694,13.86062,1302,13.86062,303
695,13.88062,1329,13.88062,289
696,13.90062,1365,13.90062,265
697,13.92062,1447,13.92062,266
698,13.94062,1663,13.94062,273
699,13.96062,1851,13.96062,276
700,13.98062,2118,13.98062,243
701,14.00062,2441,14.00062,251
702,14.02062,2824,14.02062,244
703,14.04062,3237,14.04062,212
704,14.06062,3748,14.06062,212
705,14.08062,4136,14.08062,222
706,14.10062,4353,14.10062,193
707,14.12062,4498,14.12062,206
708,14.14062,4570,14.14062,204
709,14.16062,4373,14.16062,184
710,14.18062,4191,14.18062,182
711,14.20062,3716,14.20062,172
712,14.22062,3362,14.22062,190
713,14.24062,2816,14.24062,144
714,14.26062,2445,14.26062,160
715,14.28062,2244,14.28062,156
716,14.30062,1902,14.30062,157
717,14.32062,1720,14.32062,148
718,14.34062,1601,14.34062,137
719,14.36062,1605,14.36062,121
720,14.38062,1565,14.38062,116
721,14.40062,1495,14.40062,117
722,14.42062,1376,14.42062,126
723,14.44062,1416,14.44062,111
724,14.46062,1350,14.46062,100
725,14.48062,1321,14.48062,108
726,14.50062,1427,14.50062,103
727,14.52062,1468,14.52062,88
728,14.54062,1455,14.54062,80
729,14.56062,1481,14.56062,86
730,14.58062,1564,14.58062,79
731,14.60062,1693,14.60062,72
732,14.62062,1728,14.62062,77
733,14.64062,1836,14.64062,71
734,14.66062,1974,14.66062,69
735,14.68062,2100,14.68062,71
736,14.70062,2168,14.70062,69
737,14.72062,2384,14.72062,55
738,14.74062,2471,14.74062,60
739,14.76062,2590,14.76062,63
740,14.78062,2614,14.78062,34
741,14.80062,2572,14.80062,43
742,14.82062,2669,14.82062,41
743,14.84062,2728,14.84062,40
744,14.86062,2767,14.86062,37
745,14.88062,2865,14.88062,23
746,14.90062,2782,14.90062,32
747,14.92062,2911,14.92062,22
748,14.94062,2813,14.94062,33
749,14.96062,2787,14.96062,21
750,14.98062,2666,14.98062,23
751,15.00062,2538,15.00062,27
752,15.02062,2438,15.02062,21
753,15.04062,2241,15.04062,20
754,15.06062,2157,15.06062,21
755,15.08062,2162,15.08062,15
756,15.10062,2040,15.10062,22
757,15.12062,1923,15.12062,19
758,15.14062,1892,15.14062,19
759,15.16062,1879,15.16062,22
760,15.18062,1813,15.18062,17
761,15.20062,1881,15.20062,15
762,15.22062,1799,15.22062,26
763,15.24062,1777,15.24062,18
764,15.26062,1773,15.26062,18
765,15.28062,1629,15.28062,14
766,15.30062,1634,15.30062,13
767,15.32062,1648,15.32062,14
768,15.34062,1596,15.34062,14
769,15.36062,1539,15.36062,13
770,15.38062,1581,15.38062,11
771,15.40062,1569,15.40062,14
772,15.42062,1620,15.42062,7
773,15.44062,1684,15.44062,12
774,15.46062,1624,15.46062,15
775,15.48062,1801,15.48062,8
776,15.50062,1966,15.50062,17
777,15.52062,2101,15.52062,7
778,15.54062,2387,15.54062,12
779,15.56062,2807,15.56062,16
780,15.58062,3277,15.58062,11
781,15.60062,3832,15.60062,11
782,15.62062,4521,15.62062,14
783,15.64062,5174,15.64062,17
784,15.66062,5783,15.66062,18
785,15.68062,6452,15.68062,8
786,15.70062,6915,15.70062,13
787,15.72062,7284,15.72062,14
788,15.74062,7272,15.74062,17
789,15.76062,7261,15.76062,13
790,15.78062,6831,15.78062,16
791,15.80062,6236,15.80062,13
792,15.82062,5707,15.82062,15
793,15.84062,5023,15.84062,11
794,15.86062,4393,15.86062,18
795,15.88062,3725,15.88062,5
796,15.90062,3171,15.90062,13
797,15.92062,2748,15.92062,9
798,15.94062,2341,15.94062,10
799,15.96062,2134,15.96062,17
800,15.98062,1930,15.98062,14
801,16.00062,1821,16.00062,14
802,16.02062,1830,16.02062,12
803,16.04062,1768,16.04062,12
804,16.06062,1835,16.06062,16
805,16.08062,1720,16.08062,15
806,16.10062,1794,16.10062,22
807,16.12062,1742,16.12062,14
808,16.14062,1805,16.14062,8
809,16.16062,1717,16.16062,11
810,16.18062,1731,16.18062,15
811,16.20062,1821,16.20062,9
812,16.22062,1712,16.22062,14
813,16.24062,1770,16.24062,7
814,16.26062,1706,16.26062,11
815,16.28062,1624,16.28062,11
816,16.30062,1728,16.30062,11
817,16.32062,1679,16.32062,4
818,16.34062,1715,16.34062,6
819,16.36062,1767,16.36062,7
820,16.38062,1839,16.38062,10
821,16.40062,1805,16.40062,8
822,16.42062,1800,16.42062,10
823,16.44062,1959,16.44062,8
824,16.46062,1952,16.46062,4
825,16.48062,1997,16.48062,12
826,16.50062,2049,16.50062,5
827,16.52062,2136,16.52062,5
828,16.54062,2165,16.54062,8
829,16.56062,2256,16.56062,11
830,16.58062,2152,16.58062,9
831,16.60062,2149,16.60062,10
832,16.62062,2128,16.62062,8
833,16.64062,2237,16.64062,7
834,16.66062,2233,16.66062,6
835,16.68062,2092,16.68062,12
836,16.70062,2044,16.70062,9
837,16.72062,1992,16.72062,12
838,16.74062,1939,16.74062,12
839,16.76062,1898,16.76062,18
840,16.78062,1832,16.78062,7
841,16.80062,1847,16.80062,7
842,16.82062,1860,16.82062,16
843,16.84062,1779,16.84062,6
844,16.86062,1781,16.86062,11
845,16.88062,1760,16.88062,17
846,16.90062,1797,16.90062,11
847,16.92062,1779,16.92062,17
848,16.94062,1805,16.94062,14
849,16.96062,1738,16.96062,12
850,16.98062,1838,16.98062,10
851,17.00062,1768,17.00062,4
852,17.02062,1732,17.02062,7
853,17.04062,1819,17.04062,6
854,17.06062,1835,17.06062,7
855,17.08062,1772,17.08062,7
856,17.10062,1848,17.10062,10
857,17.12062,1774,17.12062,7
858,17.14062,1815,17.14062,7
859,17.16062,1812,17.16062,11
860,17.18062,1857,17.18062,10
861,17.20062,1862,17.20062,8
862,17.22062,1868,17.22062,9
863,17.24062,1851,17.24062,8
864,17.26062,1921,17.26062,8
865,17.28062,1991,17.28062,7
866,17.30062,1951,17.30062,9
867,17.32062,2006,17.32062,9
868,17.34062,2070,17.34062,6
869,17.36062,2144,17.36062,3
870,17.38062,2076,17.38062,7
871,17.40062,2102,17.40062,7
872,17.42062,2177,17.42062,9
873,17.44062,2278,17.44062,8
874,17.46062,2191,17.46062,7
875,17.48062,2314,17.48062,4
876,17.50062,2319,17.50062,8
877,17.52062,2561,17.52062,5
878,17.54062,2500,17.54062,2
879,17.56062,2558,17.56062,5
880,17.58062,2676,17.58062,10
881,17.60062,2694,17.60062,6
882,17.62062,2807,17.62062,8
883,17.64062,2904,17.64062,12
884,17.66062,2848,17.66062,3
885,17.68062,2792,17.68062,7
886,17.70062,2621,17.70062,11
887,17.72062,2621,17.72062,2
888,17.74062,2562,17.74062,6
889,17.76062,2497,17.76062,4
890,17.78062,2380,17.78062,11
891,17.80062,2353,17.80062,4
892,17.82062,2288,17.82062,7
893,17.84062,2157,17.84062,10
894,17.86062,2262,17.86062,5
895,17.88062,2201,17.88062,8
896,17.90062,2221,17.90062,8
897,17.92062,2217,17.92062,7
898,17.94062,2341,17.94062,6
899,17.96062,2337,17.96062,6
900,17.98062,2366,17.98062,5
901,18.00062,2390,18.00062,5
902,18.02062,2336,18.02062,8
903,18.04062,2376,18.04062,7
904,18.06062,2292,18.06062,7
905,18.08062,2374,18.08062,3
906,18.10062,2316,18.10062,8
907,18.12062,2311,18.12062,4
908,18.14062,2331,18.14062,4
909,18.16062,2417,18.16062,8
910,18.18062,2489,18.18062,8
911,18.20062,2430,18.20062,2
912,18.22062,2499,18.22062,12
913,18.24062,2505,18.24062,1
914,18.26062,2648,18.26062,9
915,18.28062,2626,18.28062,8
916,18.30062,2660,18.30062,2
917,18.32062,2693,18.32062,6
918,18.34062,2851,18.34062,10
919,18.36062,2864,18.36062,5
920,18.38062,2873,18.38062,3
921,18.40062,2951,18.40062,9
922,18.42062,3037,18.42062,9
923,18.44062,3014,18.44062,3
924,18.46062,3087,18.46062,7
925,18.48062,3338,18.48062,6
926,18.50062,3481,18.50062,7
927,18.52062,3477,18.52062,7
928,18.54062,3732,18.54062,5
929,18.56062,3783,18.56062,2
930,18.58062,3971,18.58062,8
931,18.60062,4061,18.60062,4
932,18.62062,4273,18.62062,8
933,18.64062,4451,18.64062,8
934,18.66062,4577,18.66062,3
935,18.68062,4816,18.68062,2
936,18.70062,4960,18.70062,7
937,18.72062,5161,18.72062,5
938,18.74062,5375,18.74062,6
939,18.76062,5614,18.76062,3
940,18.78062,5801,18.78062,4
941,18.80062,6079,18.80062,4
942,18.82062,6241,18.82062,4
943,18.84062,6444,18.84062,5
944,18.86062,6599,18.86062,3
945,18.88062,6728,18.88062,8
946,18.90062,7022,18.90062,2
947,18.92062,7088,18.92062,3
948,18.94062,7185,18.94062,4
949,18.96062,7376,18.96062,8
950,18.98062,7326,18.98062,3
951,19.00062,7413,19.00062,5
952,19.02062,7417,19.02062,5
953,19.04062,7503,19.04062,6
954,19.06062,7609,19.06062,3
955,19.08062,7420,19.08062,2
956,19.10062,7246,19.10062,3
957,19.12062,7218,19.12062,3
958,19.14062,7013,19.14062,4
959,19.16062,6703,19.16062,5
960,19.18062,6675,19.18062,1
961,19.20062,6490,19.20062,5
962,19.22062,6241,19.22062,4
963,19.24062,6083,19.24062,3
964,19.26062,6069,19.26062,2
965,19.28062,5782,19.28062,3
966,19.30062,5375,19.30062,2
967,19.32062,5348,19.32062,5
968,19.34062,5057,19.34062,1
969,19.36062,4807,19.36062,4
970,19.38062,4517,19.38062,5
971,19.40062,4523,19.40062,3
972,19.42062,4286,19.42062,2
973,19.44062,4028,19.44062,7
974,19.46062,3940,19.46062,9
975,19.48062,3706,19.48062,4
976,19.50062,3535,19.50062,4
977,19.52062,3510,19.52062,4
978,19.54062,3396,19.54062,3
979,19.56062,3209,19.56062,7
980,19.58062,3119,19.58062,3
981,19.60062,2984,19.60062,6
982,19.62062,2915,19.62062,3
983,19.64062,2803,19.64062,4
984,19.66062,2736,19.66062,0
985,19.68062,2694,19.68062,1
986,19.70062,2613,19.70062,0
987,19.72062,2477,19.72062,3
988,19.74062,2332,19.74062,5
989,19.76062,2509,19.76062,4
990,19.78062,2405,19.78062,4
991,19.80062,2392,19.80062,2
992,19.82062,2444,19.82062,1
993,19.84062,2427,19.84062,1
994,19.86062,2468,19.86062,3
995,19.88062,2534,19.88062,5
996,19.90062,2714,19.90062,3
997,19.92062,2940,19.92062,2
998,19.94062,3109,19.94062,3
999,19.96062,3412,19.96062,1
1000,19.98062,3729,19.98062,1
1001,20.00062,4083,20.00062,1
1002,20.02062,4303,20.02062,1
1003,20.04062,4609,20.04062,2
1004,20.06062,4919,20.06062,3
1005,20.08062,5249,20.08062,0
1006,20.10062,5406,20.10062,5
1007,20.12062,5830,20.12062,2
1008,20.14062,5924,20.14062,2
1009,20.16062,5890,20.16062,1
1010,20.18062,5877,20.18062,1
1011,20.20062,5785,20.20062,4
1012,20.22062,5493,20.22062,1
1013,20.24062,4985,20.24062,1
1014,20.26062,4738,20.26062,5
1015,20.28062,4237,20.28062,3
1016,20.30062,3708,20.30062,4
1017,20.32062,3386,20.32062,2
1018,20.34062,2942,20.34062,0
1019,20.36062,2678,20.36062,4
1020,20.38062,2391,20.38062,7
1021,20.40062,2144,20.40062,2
1022,20.42062,2126,20.42062,2
1023,20.44062,1928,20.44062,1
1024,20.46062,1938,20.46062,1
1025,20.48062,1913,20.48062,1
1026,20.50062,1886,20.50062,1
1027,20.52062,1866,20.52062,1
1028,20.54062,1850,20.54062,3
1029,20.56062,1909,20.56062,4
1030,20.58062,1845,20.58062,3
1031,20.60062,1817,20.60062,1
1032,20.62062,1896,20.62062,1
1033,20.64062,1882,20.64062,1
1034,20.66062,1903,20.66062,5
1035,20.68062,1877,20.68062,1
1036,20.70062,1972,20.70062,0
1037,20.72062,1910,20.72062,2
1038,20.74062,2027,20.74062,1
1039,20.76062,2094,20.76062,3
1040,20.78062,2011,20.78062,1
1041,20.80062,2065,20.80062,1
1042,20.82062,2059,20.82062,0
1043,20.84062,2060,20.84062,0
1044,20.86062,2147,20.86062,2
1045,20.88062,2237,20.88062,1
1046,20.90062,2092,20.90062,1
1047,20.92062,2273,20.92062,0
1048,20.94062,2273,20.94062,1
1049,20.96062,2287,20.96062,3
1050,20.98062,2339,20.98062,1
1051,21.00062,2370,21.00062,0
1052,21.02062,2356,21.02062,1
1053,21.04062,2341,21.04062,1
1054,21.06062,2484,21.06062,2
1055,21.08062,2533,21.08062,2
1056,21.10062,2541,21.10062,1
1057,21.12062,2559,21.12062,4
1058,21.14062,2590,21.14062,1
1059,21.16062,2603,21.16062,0
1060,21.18062,2655,21.18062,1
1061,21.20062,2613,21.20062,1
1062,21.22062,2601,21.22062,2
1063,21.24062,2544,21.24062,1
1064,21.26062,2723,21.26062,1
1065,21.28062,2647,21.28062,2
1066,21.30062,2632,21.30062,2
1067,21.32062,2620,21.32062,2
1068,21.34062,2651,21.34062,1
1069,21.36062,2600,21.36062,0
1070,21.38062,2620,21.38062,0
1071,21.40062,2577,21.40062,2
1072,21.42062,2536,21.42062,3
1073,21.44062,2483,21.44062,1
1074,21.46062,2503,21.46062,2
1075,21.48062,2550,21.48062,0
1076,21.50062,2450,21.50062,1
1077,21.52062,2472,21.52062,0
1078,21.54062,2434,21.54062,2
1079,21.56062,2346,21.56062,1
1080,21.58062,2321,21.58062,2
1081,21.60062,2315,21.60062,0
1082,21.62062,2246,21.62062,0
1083,21.64062,2177,21.64062,1
1084,21.66062,2196,21.66062,2
1085,21.68062,2146,21.68062,1
1086,21.70062,2156,21.70062,3
1087,21.72062,2089,21.72062,2
1088,21.74062,2032,21.74062,0
1089,21.76062,1987,21.76062,0
1090,21.78062,1934,21.78062,1
1091,21.80062,2010,21.80062,1
1092,21.82062,1975,21.82062,1
1093,21.84062,1996,21.84062,0
1094,21.86062,1869,21.86062,1
1095,21.88062,1987,21.88062,0
1096,21.90062,1889,21.90062,0
1097,21.92062,1813,21.92062,1
1098,21.94062,1896,21.94062,2
1099,21.96062,1818,21.96062,1
1100,21.98062,1759,21.98062,2
1101,22.00062,1828,22.00062,1
1102,22.02062,1858,22.02062,0
1103,22.04062,1830,22.04062,0
1104,22.06062,1770,22.06062,0
1105,22.08062,1720,22.08062,1
1106,22.10062,1748,22.10062,2
1107,22.12062,1649,22.12062,2
1108,22.14062,1743,22.14062,0
1109,22.16062,1608,22.16062,0
1110,22.18062,1689,22.18062,0
1111,22.20062,1665,22.20062,1
1112,22.22062,1677,22.22062,0
1113,22.24062,1668,22.24062,1
1114,22.26062,1517,22.26062,0
1115,22.28062,1566,22.28062,0
1116,22.30062,1562,22.30062,3
1117,22.32062,1503,22.32062,1
1118,22.34062,1555,22.34062,0
1119,22.36062,1544,22.36062,0
1120,22.38062,1517,22.38062,0
1121,22.40062,1532,22.40062,2
1122,22.42062,1544,22.42062,2
1123,22.44062,1488,22.44062,0
1124,22.46062,1532,22.46062,0
1125,22.48062,1564,22.48062,0
1126,22.50062,1601,22.50062,1
1127,22.52062,1670,22.52062,1
1128,22.54062,1704,22.54062,0
1129,22.56062,1806,22.56062,0
1130,22.58062,1833,22.58062,2
1131,22.60062,1814,22.60062,1
1132,22.62062,2001,22.62062,0
1133,22.64062,2040,22.64062,3
1134,22.66062,2103,22.66062,1
1135,22.68062,2171,22.68062,1
1136,22.70062,2080,22.70062,0
1137,22.72062,2149,22.72062,0
1138,22.74062,1922,22.74062,0
1139,22.76062,1987,22.76062,0
1140,22.78062,1902,22.78062,0
1141,22.80062,1791,22.80062,2
1142,22.82062,1739,22.82062,1
1143,22.84062,1651,22.84062,0
1144,22.86062,1619,22.86062,0
1145,22.88062,1427,22.88062,0
1146,22.90062,1468,22.90062,1
1147,22.92062,1487,22.92062,2
1148,22.94062,1495,22.94062,1
1149,22.96062,1390,22.96062,0
1150,22.98062,1421,22.98062,1
1151,23.00062,1423,23.00062,0
1152,23.02062,1423,23.02062,0
1153,23.04062,1450,23.04062,0
1154,23.06062,1380,23.06062,0
1155,23.08062,1451,23.08062,2
1156,23.10062,1440,23.10062,0
1157,23.12062,1463,23.12062,1
1158,23.14062,1461,23.14062,2
1159,23.16062,1541,23.16062,0
1160,23.18062,1540,23.18062,1
1161,23.20062,1518,23.20062,1
1162,23.22062,1470,23.22062,0
1163,23.24062,1377,23.24062,0
1164,23.26062,1381,23.26062,1
1165,23.28062,1348,23.28062,0
1166,23.30062,1427,23.30062,1
1167,23.32062,1381,23.32062,0
1168,23.34062,1373,23.34062,2
1169,23.36062,1409,23.36062,0
1170,23.38062,1366,23.38062,0
1171,23.40062,1351,23.40062,0
1172,23.42062,1271,23.42062,4
1173,23.44062,1246,23.44062,0
1174,23.46062,1345,23.46062,2
1175,23.48062,1374,23.48062,0
1176,23.50062,1393,23.50062,0
1177,23.52062,1279,23.52062,1
1178,23.54062,1335,23.54062,1
1179,23.56062,1278,23.56062,0
1180,23.58062,1353,23.58062,0
1181,23.60062,1326,23.60062,2
1182,23.62062,1298,23.62062,0
1183,23.64062,1253,23.64062,0
1184,23.66062,1259,23.66062,0
1185,23.68062,1298,23.68062,0
1186,23.70062,1273,23.70062,0
1187,23.72062,1318,23.72062,2
1188,23.74062,1316,23.74062,0
1189,23.76062,1347,23.76062,0
1190,23.78062,1231,23.78062,1
1191,23.80062,1301,23.80062,1
1192,23.82062,1270,23.82062,0
1193,23.84062,1321,23.84062,0
1194,23.86062,1245,23.86062,1
1195,23.88062,1320,23.88062,0
1196,23.90062,1272,23.90062,0
1197,23.92062,1253,23.92062,1
1198,23.94062,1294,23.94062,0
1199,23.96062,1306,23.96062,0
1200,23.98062,1208,23.98062,2
1201,24.00062,1256,24.00062,0
1202,24.02062,1218,24.02062,0
1203,24.04062,1269,24.04062,0
1204,24.06062,1330,24.06062,0
1205,24.08062,1300,24.08062,0
1206,24.10062,1248,24.10062,0
1207,24.12062,1222,24.12062,0
1208,24.14062,1313,24.14062,0
1209,24.16062,1247,24.16062,0
1210,24.18062,1326,24.18062,0
1211,24.20062,1258,24.20062,0
1212,24.22062,1233,24.22062,2
1213,24.24062,1248,24.24062,0
1214,24.26062,1243,24.26062,1
1215,24.28062,1178,24.28062,1
1216,24.30062,1192,24.30062,0
1217,24.32062,1204,24.32062,0
1218,24.34062,1211,24.34062,0
1219,24.36062,1192,24.36062,0
1220,24.38062,1288,24.38062,1
1221,24.40062,1250,24.40062,0
1222,24.42062,1275,24.42062,1
1223,24.44062,1224,24.44062,1
1224,24.46062,1304,24.46062,1
1225,24.48062,1187,24.48062,1
1226,24.50062,1221,24.50062,0
1227,24.52062,1190,24.52062,1
1228,24.54062,1233,24.54062,1
1229,24.56062,1199,24.56062,1
1230,24.58062,1166,24.58062,0
1231,24.60062,1233,24.60062,0
1232,24.62062,1149,24.62062,0
1233,24.64062,1165,24.64062,1
1234,24.66062,1239,24.66062,0
1235,24.68062,1245,24.68062,0
1236,24.70062,1168,24.70062,0
1237,24.72062,1201,24.72062,0
1238,24.74062,1176,24.74062,0
1239,24.76062,1164,24.76062,0
1240,24.78062,1219,24.78062,0
1241,24.80062,1208,24.80062,0
1242,24.82062,1151,24.82062,0
1243,24.84062,1185,24.84062,1
1244,24.86062,1178,24.86062,0
1245,24.88062,1230,24.88062,1
1246,24.90062,1167,24.90062,0
1247,24.92062,1252,24.92062,0
1248,24.94062,1247,24.94062,0
1249,24.96062,1180,24.96062,0
1250,24.98062,1156,24.98062,0
1251,25.00062,1231,25.00062,0
1252,25.02062,1167,25.02062,0
1253,25.04062,1220,25.04062,0
1254,25.06062,1238,25.06062,0
1255,25.08062,1221,25.08062,0
1256,25.10062,1212,25.10062,0
1257,25.12062,1201,25.12062,0
1258,25.14062,1256,25.14062,0
1259,25.16062,1171,25.16062,0
1260,25.18062,1214,25.18062,0
1261,25.20062,1235,25.20062,1
1262,25.22062,1197,25.22062,0
1263,25.24062,1188,25.24062,0
1264,25.26062,1186,25.26062,0
1265,25.28062,1232,25.28062,0
1266,25.30062,1241,25.30062,0
1267,25.32062,1196,25.32062,0
1268,25.34062,1108,25.34062,0
1269,25.36062,1234,25.36062,0
1270,25.38062,1121,25.38062,0
1271,25.40062,1091,25.40062,0
1272,25.42062,1116,25.42062,0
1273,25.44062,1210,25.44062,0
1274,25.46062,1158,25.46062,0
1275,25.48062,1170,25.48062,0
1276,25.50062,1101,25.50062,0
1277,25.52062,1087,25.52062,0
1278,25.54062,1066,25.54062,0
1279,25.56062,1064,25.56062,0
1280,25.58062,1127,25.58062,0
1281,25.60062,1066,25.60062,0
1282,25.62062,1112,25.62062,0
1283,25.64062,1114,25.64062,0
1284,25.66062,1057,25.66062,0
1285,25.68062,1064,25.68062,0
1286,25.70062,1056,25.70062,0
1287,25.72062,1070,25.72062,0
1288,25.74062,1123,25.74062,1
1289,25.76062,1107,25.76062,0
1290,25.78062,1040,25.78062,0
1291,25.80062,1130,25.80062,0
1292,25.82062,1103,25.82062,0
1293,25.84062,1122,25.84062,0
1294,25.86062,1078,25.86062,0
1295,25.88062,1080,25.88062,0
1296,25.90062,1068,25.90062,0
1297,25.92062,1042,25.92062,0
1298,25.94062,1048,25.94062,0
1299,25.96062,1017,25.96062,1
1300,25.98062,1084,25.98062,0
1301,26.00062,1079,26.00062,1
1302,26.02062,1091,26.02062,0
1303,26.04062,1113,26.04062,0
1304,26.06062,1013,26.06062,0
1305,26.08062,1198,26.08062,0
1306,26.10062,1101,26.10062,0
1307,26.12062,1120,26.12062,0
1308,26.14062,1150,26.14062,0
1309,26.16062,1133,26.16062,0
1310,26.18062,1173,26.18062,0
1311,26.20062,1136,26.20062,0
1312,26.22062,1144,26.22062,0
1313,26.24062,1210,26.24062,0
1314,26.26062,1207,26.26062,0
1315,26.28062,1140,26.28062,0
1316,26.30062,1139,26.30062,0
1317,26.32062,1202,26.32062,0
1318,26.34062,1189,26.34062,0
1319,26.36062,1192,26.36062,0
1320,26.38062,1126,26.38062,0
1321,26.40062,1131,26.40062,0
1322,26.42062,1092,26.42062,0
1323,26.44062,1105,26.44062,0
1324,26.46062,1100,26.46062,0
1325,26.48062,1117,26.48062,0
1326,26.50062,1028,26.50062,0
1327,26.52062,1041,26.52062,0
1328,26.54062,991,26.54062,0
1329,26.56062,1030,26.56062,0
1330,26.58062,960,26.58062,0
1331,26.60062,1015,26.60062,0
1332,26.62062,964,26.62062,0
1333,26.64062,1001,26.64062,0
1334,26.66062,1029,26.66062,0
1335,26.68062,1005,26.68062,0
1336,26.70062,973,26.70062,0
1337,26.72062,982,26.72062,0
1338,26.74062,999,26.74062,0
1339,26.76062,966,26.76062,0
1340,26.78062,986,26.78062,0
1341,26.80062,989,26.80062,0
1342,26.82062,938,26.82062,0
1343,26.84062,957,26.84062,0
1344,26.86062,962,26.86062,0
1345,26.88062,949,26.88062,0
1346,26.90062,912,26.90062,0
1347,26.92062,931,26.92062,0
1348,26.94062,894,26.94062,0
1349,26.96062,955,26.96062,0
1350,26.98062,1006,26.98062,0
1351,27.00062,968,27.00062,0
1352,27.02062,911,27.02062,1
1353,27.04062,954,27.04062,0
1354,27.06062,982,27.06062,0
1355,27.08062,891,27.08062,0
1356,27.10062,948,27.10062,0
1357,27.12062,910,27.12062,0
1358,27.14062,935,27.14062,0
1359,27.16062,1001,27.16062,0
1360,27.18062,929,27.18062,0
1361,27.20062,945,27.20062,0
1362,27.22062,923,27.22062,0
1363,27.24062,944,27.24062,0
1364,27.26062,879,27.26062,0
1365,27.28062,896,27.28062,0
1366,27.30062,950,27.30062,0
1367,27.32062,918,27.32062,0
1368,27.34062,886,27.34062,0
1369,27.36062,914,27.36062,0
1370,27.38062,880,27.38062,0
1371,27.40062,910,27.40062,0
1372,27.42062,894,27.42062,0
1373,27.44062,912,27.44062,0
1374,27.46062,883,27.46062,0
1375,27.48062,904,27.48062,0
1376,27.50062,925,27.50062,0
1377,27.52062,890,27.52062,0
1378,27.54062,921,27.54062,0
1379,27.56062,896,27.56062,0
1380,27.58062,912,27.58062,0
1381,27.60062,901,27.60062,0
1382,27.62062,901,27.62062,0
1383,27.64062,851,27.64062,0
1384,27.66062,870,27.66062,0
1385,27.68062,874,27.68062,0
1386,27.70062,860,27.70062,0
1387,27.72062,820,27.72062,0
1388,27.74062,874,27.74062,0
1389,27.76062,922,27.76062,0
1390,27.78062,836,27.78062,0
1391,27.80062,850,27.80062,0
1392,27.82062,891,27.82062,0
1393,27.84062,791,27.84062,0
1394,27.86062,822,27.86062,0
1395,27.88062,861,27.88062,0
1396,27.90062,821,27.90062,0
1397,27.92062,855,27.92062,0
1398,27.94062,851,27.94062,0
1399,27.96062,827,27.96062,0
1400,27.98062,844,27.98062,0
1401,28.00062,808,28.00062,0
1402,28.02062,837,28.02062,0
1403,28.04062,792,28.04062,0
1404,28.06062,850,28.06062,0
1405,28.08062,843,28.08062,0
1406,28.10062,851,28.10062,0
1407,28.12062,844,28.12062,0
1408,28.14062,753,28.14062,0
1409,28.16062,850,28.16062,0
1410,28.18062,818,28.18062,0
1411,28.20062,759,28.20062,0
1412,28.22062,857,28.22062,0
1413,28.24062,820,28.24062,0
1414,28.26062,786,28.26062,0
1415,28.28062,818,28.28062,0
1416,28.30062,848,28.30062,0
1417,28.32062,834,28.32062,0
1418,28.34062,796,28.34062,0
1419,28.36062,810,28.36062,0
1420,28.38062,804,28.38062,0
1421,28.40062,804,28.40062,0
1422,28.42062,773,28.42062,0
1423,28.44062,805,28.44062,0
1424,28.46062,787,28.46062,0
1425,28.48062,781,28.48062,0
1426,28.50062,805,28.50062,0
1427,28.52062,761,28.52062,0
1428,28.54062,813,28.54062,0
1429,28.56062,797,28.56062,0
1430,28.58062,788,28.58062,0
1431,28.60062,738,28.60062,0
1432,28.62062,726,28.62062,0
1433,28.64062,770,28.64062,0
1434,28.66062,781,28.66062,0
1435,28.68062,831,28.68062,0
1436,28.70062,759,28.70062,0
1437,28.72062,818,28.72062,0
1438,28.74062,788,28.74062,0
1439,28.76062,742,28.76062,0
1440,28.78062,762,28.78062,0
1441,28.80062,738,28.80062,0
1442,28.82062,769,28.82062,0
1443,28.84062,739,28.84062,0
1444,28.86062,715,28.86062,0
1445,28.88062,748,28.88062,0
1446,28.90062,769,28.90062,0
1447,28.92062,767,28.92062,0
1448,28.94062,719,28.94062,0
1449,28.96062,745,28.96062,0
1450,28.98062,752,28.98062,0
1451,29.00062,751,29.00062,0
1452,29.02062,748,29.02062,0
1453,29.04062,760,29.04062,0
1454,29.06062,772,29.06062,0
1455,29.08062,692,29.08062,0
1456,29.10062,721,29.10062,0
1457,29.12062,733,29.12062,0
1458,29.14062,725,29.14062,0
1459,29.16062,731,29.16062,0
1460,29.18062,754,29.18062,0
1461,29.20062,698,29.20062,0
1462,29.22062,713,29.22062,0
1463,29.24062,768,29.24062,0
1464,29.26062,664,29.26062,0
1465,29.28062,681,29.28062,0
1466,29.30062,700,29.30062,0
1467,29.32062,726,29.32062,0
1468,29.34062,670,29.34062,0
1469,29.36062,672,29.36062,0
1470,29.38062,750,29.38062,0
1471,29.40062,733,29.40062,0
1472,29.42062,664,29.42062,0
1473,29.44062,694,29.44062,0
1474,29.46062,671,29.46062,0
1475,29.48062,711,29.48062,0
1476,29.50062,683,29.50062,0
1477,29.52062,722,29.52062,0
1478,29.54062,706,29.54062,0
1479,29.56062,682,29.56062,0
1480,29.58062,721,29.58062,0
1481,29.60062,658,29.60062,0
1482,29.62062,686,29.62062,0
1483,29.64062,643,29.64062,0
1484,29.66062,691,29.66062,0
1485,29.68062,649,29.68062,0
1486,29.70062,651,29.70062,0
1487,29.72062,696,29.72062,0
1488,29.74062,678,29.74062,0
1489,29.76062,634,29.76062,0
1490,29.78062,642,29.78062,0
1491,29.80062,700,29.80062,0
1492,29.82062,646,29.82062,0
1493,29.84062,638,29.84062,0
1494,29.86062,683,29.86062,0
1495,29.88062,624,29.88062,0
1496,29.90062,609,29.90062,0
1497,29.92062,682,29.92062,0
1498,29.94062,626,29.94062,0
1499,29.96062,650,29.96062,0
1500,29.98062,623,29.98062,0
1501,30.00062,662,30.00062,0
1502,30.02062,623,30.02062,0
1503,30.04062,619,30.04062,0
1504,30.06062,624,30.06062,0
1505,30.08062,564,30.08062,0
1506,30.10062,641,30.10062,0
1507,30.12062,604,30.12062,0
1508,30.14062,608,30.14062,0
1509,30.16062,601,30.16062,0
1510,30.18062,608,30.18062,0
1511,30.20062,644,30.20062,0
1512,30.22062,632,30.22062,0
1513,30.24062,605,30.24062,0
1514,30.26062,576,30.26062,0
1515,30.28062,551,30.28062,0
1516,30.30062,601,30.30062,0
1517,30.32062,584,30.32062,0
1518,30.34062,589,30.34062,0
1519,30.36062,603,30.36062,0
1520,30.38062,582,30.38062,0
1521,30.40062,597,30.40062,0
1522,30.42062,590,30.42062,0
1523,30.44062,613,30.44062,0
1524,30.46062,566,30.46062,0
1525,30.48062,544,30.48062,0
1526,30.50062,570,30.50062,0
1527,30.52062,586,30.52062,0
1528,30.54062,554,30.54062,0
1529,30.56062,559,30.56062,0
1530,30.58062,581,30.58062,0
1531,30.60062,533,30.60062,0
1532,30.62062,594,30.62062,0
1533,30.64062,532,30.64062,0
1534,30.66062,555,30.66062,0
1535,30.68062,545,30.68062,0
1536,30.70062,563,30.70062,0
1537,30.72062,528,30.72062,0
1538,30.74062,561,30.74062,0
1539,30.76062,594,30.76062,0
1540,30.78062,557,30.78062,0
1541,30.80062,492,30.80062,0
1542,30.82062,582,30.82062,0
1543,30.84062,555,30.84062,0
1544,30.86062,538,30.86062,0
1545,30.88062,557,30.88062,0
1546,30.90062,502,30.90062,0
1547,30.92062,542,30.92062,0
1548,30.94062,522,30.94062,0
1549,30.96062,465,30.96062,0
1550,30.98062,518,30.98062,0
1551,31.00062,486,31.00062,0
1552,31.02062,528,31.02062,0
1553,31.04062,530,31.04062,0
1554,31.06062,496,31.06062,0
1555,31.08062,481,31.08062,0
1556,31.10062,487,31.10062,0
1557,31.12062,518,31.12062,0
1558,31.14062,445,31.14062,0
1559,31.16062,426,31.16062,0
1560,31.18062,467,31.18062,0
1561,31.20062,483,31.20062,0
1562,31.22062,511,31.22062,0
1563,31.24062,484,31.24062,0
1564,31.26062,491,31.26062,0
1565,31.28062,481,31.28062,0
1566,31.30062,484,31.30062,0
1567,31.32062,470,31.32062,0
1568,31.34062,490,31.34062,0
1569,31.36062,475,31.36062,0
1570,31.38062,432,31.38062,0
1571,31.40062,479,31.40062,0
1572,31.42062,476,31.42062,0
1573,31.44062,469,31.44062,0
1574,31.46062,490,31.46062,0
1575,31.48062,452,31.48062,0
1576,31.50062,494,31.50062,0
1577,31.52062,475,31.52062,0
1578,31.54062,480,31.54062,0
1579,31.56062,491,31.56062,0
1580,31.58062,451,31.58062,0
1581,31.60062,473,31.60062,0
1582,31.62062,487,31.62062,0
1583,31.64062,491,31.64062,0
1584,31.66062,436,31.66062,0
1585,31.68062,467,31.68062,0
1586,31.70062,479,31.70062,0
1587,31.72062,445,31.72062,0
1588,31.74062,455,31.74062,0
1589,31.76062,463,31.76062,0
1590,31.78062,431,31.78062,0
1591,31.80062,491,31.80062,0
1592,31.82062,453,31.82062,0
1593,31.84062,488,31.84062,0
1594,31.86062,441,31.86062,0
1595,31.88062,490,31.88062,0
1596,31.90062,456,31.90062,0
1597,31.92062,490,31.92062,0
1598,31.94062,460,31.94062,0
1599,31.96062,467,31.96062,0
1600,31.98062,420,31.98062,0
1601,32.00062,426,32.00062,0
1602,32.02062,442,32.02062,0
1603,32.04062,447,32.04062,0
1604,32.06062,417,32.06062,0
1605,32.08062,447,32.08062,0
1606,32.10062,502,32.10062,0
1607,32.12062,464,32.12062,0
1608,32.14062,464,32.14062,0
1609,32.16062,472,32.16062,0
1610,32.18062,441,32.18062,0
1611,32.20062,445,32.20062,0
1612,32.22062,450,32.22062,0
1613,32.24062,458,32.24062,0
1614,32.26062,452,32.26062,0
1615,32.28062,459,32.28062,0
1616,32.30062,432,32.30062,0
1617,32.32062,381,32.32062,0
1618,32.34062,394,32.34062,0
1619,32.36062,401,32.36062,0
1620,32.38062,389,32.38062,0
1621,32.40062,404,32.40062,0
1622,32.42062,381,32.42062,0
1623,32.44062,382,32.44062,0
1624,32.46062,398,32.46062,0
1625,32.48062,361,32.48062,0
1626,32.50062,353,32.50062,0
1627,32.52062,377,32.52062,0
1628,32.54062,401,32.54062,0
1629,32.56062,371,32.56062,0
1630,32.58062,358,32.58062,0
1631,32.60062,380,32.60062,0
1632,32.62062,338,32.62062,0
1633,32.64062,349,32.64062,0
1634,32.66062,388,32.66062,0
1635,32.68062,323,32.68062,0
1636,32.70062,369,32.70062,0
1637,32.72062,365,32.72062,0
1638,32.74062,363,32.74062,0
1639,32.76062,355,32.76062,0
1640,32.78062,350,32.78062,0
1641,32.80062,327,32.80062,0
1642,32.82062,363,32.82062,0
1643,32.84062,331,32.84062,0
1644,32.86062,334,32.86062,0
1645,32.88062,346,32.88062,0
1646,32.90062,348,32.90062,0
1647,32.92062,329,32.92062,0
1648,32.94062,342,32.94062,0
1649,32.96062,329,32.96062,0
1650,32.98062,315,32.98062,0
1651,33.00062,322,33.00062,0
1652,33.02062,290,33.02062,0
1653,33.04062,286,33.04062,0
1654,33.06062,313,33.06062,0
1655,33.08062,309,33.08062,0
1656,33.10062,290,33.10062,0
1657,33.12062,315,33.12062,0
1658,33.14062,305,33.14062,0
1659,33.16062,302,33.16062,0
1660,33.18062,317,33.18062,0
1661,33.20062,273,33.20062,0
1662,33.22062,274,33.22062,0
1663,33.24062,284,33.24062,0
1664,33.26062,314,33.26062,0
1665,33.28062,265,33.28062,0
1666,33.30062,274,33.30062,0
1667,33.32062,296,33.32062,0
1668,33.34062,272,33.34062,0
1669,33.36062,266,33.36062,0
1670,33.38062,292,33.38062,0
1671,33.40062,255,33.40062,0
1672,33.42062,300,33.42062,0
1673,33.44062,282,33.44062,0
1674,33.46062,256,33.46062,0
1675,33.48062,240,33.48062,0
1676,33.50062,241,33.50062,0
1677,33.52062,282,33.52062,0
1678,33.54062,237,33.54062,0
1679,33.56062,243,33.56062,0
1680,33.58062,256,33.58062,0
1681,33.60062,223,33.60062,0
1682,33.62062,252,33.62062,0
1683,33.64062,257,33.64062,0
1684,33.66062,227,33.66062,0
1685,33.68062,230,33.68062,0
1686,33.70062,224,33.70062,0
1687,33.72062,237,33.72062,0
1688,33.74062,217,33.74062,0
1689,33.76062,249,33.76062,0
1690,33.78062,235,33.78062,0
1691,33.80062,222,33.80062,0
1692,33.82062,255,33.82062,0
1693,33.84062,198,33.84062,0
1694,33.86062,212,33.86062,0
1695,33.88062,241,33.88062,0
1696,33.90062,223,33.90062,0
1697,33.92062,239,33.92062,0
1698,33.94062,214,33.94062,0
1699,33.96062,211,33.96062,0
1700,33.98062,216,33.98062,0
1701,34.00062,209,34.00062,0
1702,34.02062,194,34.02062,0
1703,34.04062,198,34.04062,0
1704,34.06062,183,34.06062,0
1705,34.08062,195,34.08062,0
1706,34.10062,186,34.10062,0
1707,34.12062,225,34.12062,0
1708,34.14062,215,34.14062,0
1709,34.16062,182,34.16062,0
1710,34.18062,216,34.18062,0
1711,34.20062,188,34.20062,0
1712,34.22062,194,34.22062,0
1713,34.24062,184,34.24062,0
1714,34.26062,177,34.26062,0
1715,34.28062,181,34.28062,0
1716,34.30062,174,34.30062,0
1717,34.32062,150,34.32062,0
1718,34.34062,183,34.34062,0
1719,34.36062,176,34.36062,0
1720,34.38062,178,34.38062,0
1721,34.40062,168,34.40062,0
1722,34.42062,164,34.42062,0
1723,34.44062,144,34.44062,0
1724,34.46062,163,34.46062,0
1725,34.48062,138,34.48062,0
1726,34.50062,147,34.50062,0
1727,34.52062,148,34.52062,0
1728,34.54062,155,34.54062,0
1729,34.56062,159,34.56062,0
1730,34.58062,142,34.58062,0
1731,34.60062,113,34.60062,0
1732,34.62062,136,34.62062,0
1733,34.64062,152,34.64062,0
1734,34.66062,124,34.66062,0
1735,34.68062,149,34.68062,0
1736,34.70062,136,34.70062,0
1737,34.72062,132,34.72062,0
1738,34.74062,112,34.74062,0
1739,34.76062,136,34.76062,0
1740,34.78062,121,34.78062,0
1741,34.80062,128,34.80062,0
1742,34.82062,128,34.82062,0
1743,34.84062,127,34.84062,0
1744,34.86062,125,34.86062,0
1745,34.88062,107,34.88062,0
1746,34.90062,98,34.90062,0
1747,34.92062,132,34.92062,0
1748,34.94062,102,34.94062,0
1749,34.96062,114,34.96062,0
1750,34.98062,104,34.98062,0
1751,35.00062,110,35.00062,0
1752,35.02062,83,35.02062,0
1753,35.04062,97,35.04062,0
1754,35.06062,112,35.06062,0
1755,35.08062,82,35.08062,0
1756,35.10062,98,35.10062,0
1757,35.12062,78,35.12062,0
1758,35.14062,94,35.14062,0
1759,35.16062,96,35.16062,0
1760,35.18062,90,35.18062,0
1761,35.20062,79,35.20062,0
1762,35.22062,74,35.22062,0
1763,35.24062,104,35.24062,0
1764,35.26062,83,35.26062,0
1765,35.28062,71,35.28062,0
1766,35.30062,89,35.30062,0
1767,35.32062,90,35.32062,0
1768,35.34062,93,35.34062,0
1769,35.36062,73,35.36062,0
1770,35.38062,60,35.38062,0
1771,35.40062,95,35.40062,0
1772,35.42062,73,35.42062,0
1773,35.44062,68,35.44062,0
1774,35.46062,71,35.46062,0
1775,35.48062,69,35.48062,0
1776,35.50062,63,35.50062,0
1777,35.52062,50,35.52062,0
1778,35.54062,73,35.54062,0
1779,35.56062,60,35.56062,0
1780,35.58062,62,35.58062,0
1781,35.60062,57,35.60062,0
1782,35.62062,62,35.62062,0
1783,35.64062,52,35.64062,0
1784,35.66062,58,35.66062,0
1785,35.68062,67,35.68062,0
1786,35.70062,58,35.70062,0
1787,35.72062,52,35.72062,0
1788,35.74062,46,35.74062,0
1789,35.76062,49,35.76062,0
1790,35.78062,68,35.78062,0
1791,35.80062,45,35.80062,0
1792,35.82062,48,35.82062,0
1793,35.84062,47,35.84062,0
1794,35.86062,50,35.86062,0
1795,35.88062,50,35.88062,0
1796,35.90062,51,35.90062,0
1797,35.92062,60,35.92062,0
1798,35.94062,39,35.94062,0
1799,35.96062,46,35.96062,0
1800,35.98062,43,35.98062,0
1801,36.00062,46,36.00062,0
1802,36.02062,36,36.02062,0
1803,36.04062,50,36.04062,0
1804,36.06062,44,36.06062,0
1805,36.08062,55,36.08062,0
1806,36.10062,43,36.10062,0
1807,36.12062,39,36.12062,0
1808,36.14062,48,36.14062,0
1809,36.16062,45,36.16062,0
1810,36.18062,41,36.18062,0
1811,36.20062,45,36.20062,0
1812,36.22062,59,36.22062,0
1813,36.24062,51,36.24062,0
1814,36.26062,51,36.26062,0
1815,36.28062,46,36.28062,0
1816,36.30062,41,36.30062,0
1817,36.32062,44,36.32062,0
1818,36.34062,59,36.34062,0
1819,36.36062,29,36.36062,0
1820,36.38062,34,36.38062,0
1821,36.40062,39,36.40062,0
1822,36.42062,39,36.42062,0
1823,36.44062,48,36.44062,0
1824,36.46062,36,36.46062,0
1825,36.48062,47,36.48062,0
1826,36.50062,26,36.50062,0
1827,36.52062,23,36.52062,0
1828,36.54062,39,36.54062,0
1829,36.56062,30,36.56062,0
1830,36.58062,33,36.58062,0
1831,36.60062,30,36.60062,0
1832,36.62062,24,36.62062,0
1833,36.64062,25,36.64062,0
1834,36.66062,24,36.66062,0
1835,36.68062,28,36.68062,0
1836,36.70062,32,36.70062,0
1837,36.72062,25,36.72062,0
1838,36.74062,25,36.74062,0
1839,36.76062,27,36.76062,0
1840,36.78062,30,36.78062,0
1841,36.80062,26,36.80062,0
1842,36.82062,31,36.82062,0
1843,36.84062,24,36.84062,0
1844,36.86062,29,36.86062,0
1845,36.88062,21,36.88062,0
1846,36.90062,26,36.90062,0
1847,36.92062,20,36.92062,0
1848,36.94062,16,36.94062,0
1849,36.96062,22,36.96062,0
1850,36.98062,29,36.98062,0
1851,37.00062,21,37.00062,0
1852,37.02062,27,37.02062,0
1853,37.04062,20,37.04062,0
1854,37.06062,23,37.06062,0
1855,37.08062,24,37.08062,0
1856,37.10062,21,37.10062,0
1857,37.12062,24,37.12062,0
1858,37.14062,26,37.14062,0
1859,37.16062,21,37.16062,0
1860,37.18062,29,37.18062,0
1861,37.20062,34,37.20062,0
1862,37.22062,29,37.22062,0
1863,37.24062,23,37.24062,0
1864,37.26062,21,37.26062,0
1865,37.28062,16,37.28062,0
1866,37.30062,15,37.30062,0
1867,37.32062,15,37.32062,0
1868,37.34062,25,37.34062,0
1869,37.36062,22,37.36062,0
1870,37.38062,22,37.38062,0
1871,37.40062,28,37.40062,0
1872,37.42062,23,37.42062,0
1873,37.44062,20,37.44062,0
1874,37.46062,23,37.46062,0
1875,37.48062,28,37.48062,0
1876,37.50062,29,37.50062,0
1877,37.52062,17,37.52062,0
1878,37.54062,23,37.54062,0
1879,37.56062,18,37.56062,0
1880,37.58062,28,37.58062,0
1881,37.60062,18,37.60062,0
1882,37.62062,22,37.62062,0
1883,37.64062,20,37.64062,0
1884,37.66062,21,37.66062,0
1885,37.68062,19,37.68062,0
1886,37.70062,14,37.70062,0
1887,37.72062,16,37.72062,0
1888,37.74062,18,37.74062,0
1889,37.76062,17,37.76062,0
1890,37.78062,20,37.78062,0
1891,37.80062,22,37.80062,0
1892,37.82062,17,37.82062,0
1893,37.84062,20,37.84062,0
1894,37.86062,24,37.86062,0
1895,37.88062,13,37.88062,0
1896,37.90062,15,37.90062,0
1897,37.92062,20,37.92062,0
1898,37.94062,14,37.94062,0
1899,37.96062,13,37.96062,0
1900,37.98062,17,37.98062,0
1901,38.00062,16,38.00062,0
1902,38.02062,19,38.02062,0
1903,38.04062,17,38.04062,0
1904,38.06062,19,38.06062,0
1905,38.08062,17,38.08062,0
1906,38.10062,23,38.10062,0
1907,38.12062,17,38.12062,0
1908,38.14062,13,38.14062,0
1909,38.16062,12,38.16062,0
1910,38.18062,16,38.18062,0
1911,38.20062,15,38.20062,0
1912,38.22062,21,38.22062,0
1913,38.24062,15,38.24062,0
1914,38.26062,11,38.26062,0
1915,38.28062,23,38.28062,0
1916,38.30062,15,38.30062,0
1917,38.32062,21,38.32062,0
1918,38.34062,10,38.34062,0
1919,38.36062,14,38.36062,0
1920,38.38062,18,38.38062,0
1921,38.40062,16,38.40062,0
1922,38.42062,22,38.42062,0
1923,38.44062,12,38.44062,0
1924,38.46062,14,38.46062,0
1925,38.48062,12,38.48062,0
1926,38.50062,11,38.50062,0
1927,38.52062,6,38.52062,0
1928,38.54062,11,38.54062,0
1929,38.56062,15,38.56062,0
1930,38.58062,11,38.58062,0
1931,38.60062,18,38.60062,0
1932,38.62062,13,38.62062,0
1933,38.64062,18,38.64062,0
1934,38.66062,9,38.66062,0
1935,38.68062,10,38.68062,0
1936,38.70062,13,38.70062,0
1937,38.72062,6,38.72062,0
1938,38.74062,10,38.74062,0
1939,38.76062,13,38.76062,0
1940,38.78062,15,38.78062,0
1941,38.80062,12,38.80062,0
1942,38.82062,13,38.82062,0
1943,38.84062,7,38.84062,0
1944,38.86062,3,38.86062,0
1945,38.88062,16,38.88062,0
1946,38.90062,6,38.90062,0
1947,38.92062,11,38.92062,0
1948,38.94062,13,38.94062,0
1949,38.96062,12,38.96062,0
1950,38.98062,13,38.98062,0
1951,39.00062,8,39.00062,0
1952,39.02062,9,39.02062,0
1953,39.04062,13,39.04062,0
1954,39.06062,12,39.06062,0
1955,39.08062,12,39.08062,0
1956,39.10062,9,39.10062,0
1957,39.12062,11,39.12062,0
1958,39.14062,15,39.14062,0
1959,39.16062,13,39.16062,0
1960,39.18062,13,39.18062,0
1961,39.20062,15,39.20062,0
1962,39.22062,15,39.22062,0
1963,39.24062,14,39.24062,0
1964,39.26062,13,39.26062,0
1965,39.28062,8,39.28062,0
1966,39.30062,13,39.30062,0
1967,39.32062,7,39.32062,0
1968,39.34062,8,39.34062,0
1969,39.36062,10,39.36062,0
1970,39.38062,4,39.38062,0
1971,39.40062,18,39.40062,0
1972,39.42062,11,39.42062,0
1973,39.44062,6,39.44062,0
1974,39.46062,14,39.46062,0
1975,39.48062,6,39.48062,0
1976,39.50062,5,39.50062,0
1977,39.52062,8,39.52062,0
1978,39.54062,12,39.54062,0
1979,39.56062,9,39.56062,0
1980,39.58062,10,39.58062,0
1981,39.60062,10,39.60062,0
1982,39.62062,9,39.62062,0
1983,39.64062,5,39.64062,0
1984,39.66062,5,39.66062,0
1985,39.68062,11,39.68062,0
1986,39.70062,11,39.70062,0
1987,39.72062,6,39.72062,0
1988,39.74062,8,39.74062,0
1989,39.76062,7,39.76062,0
1990,39.78062,6,39.78062,0
1991,39.80062,11,39.80062,0
1992,39.82062,10,39.82062,0
1993,39.84062,11,39.84062,0
1994,39.86062,9,39.86062,0
1995,39.88062,2,39.88062,0
1996,39.90062,6,39.90062,0
1997,39.92062,9,39.92062,0
1998,39.94062,10,39.94062,0
1999,39.96062,8,39.96062,0
2000,39.98062,9,39.98062,0
2001,40.00062,12,40.00062,0
2002,40.02062,9,40.02062,0
2003,40.04062,6,40.04062,0
2004,40.06062,9,40.06062,0
2005,40.08062,12,40.08062,0
2006,40.10062,11,40.10062,0
2007,40.12062,11,40.12062,0
2008,40.14062,7,40.14062,0
2009,40.16062,12,40.16062,0
2010,40.18062,6,40.18062,0
2011,40.20062,9,40.20062,0
2012,40.22062,11,40.22062,0
2013,40.24062,9,40.24062,0
2014,40.26062,10,40.26062,0
2015,40.28062,6,40.28062,0
2016,40.30062,6,40.30062,0
2017,40.32062,10,40.32062,0
2018,40.34062,8,40.34062,0
2019,40.36062,8,40.36062,0
2020,40.38062,5,40.38062,0
2021,40.40062,14,40.40062,0
2022,40.42062,10,40.42062,0
2023,40.44062,8,40.44062,0
2024,40.46062,7,40.46062,0
2025,40.48062,7,40.48062,0
2026,40.50062,7,40.50062,0
2027,40.52062,2,40.52062,0
2028,40.54062,9,40.54062,0
2029,40.56062,4,40.56062,0
2030,40.58062,7,40.58062,0
2031,40.60062,6,40.60062,0
2032,40.62062,7,40.62062,0
2033,40.64062,3,40.64062,0
2034,40.66062,6,40.66062,0
2035,40.68062,6,40.68062,0
2036,40.70062,11,40.70062,0
2037,40.72062,6,40.72062,0
2038,40.74062,13,40.74062,0
2039,40.76062,8,40.76062,0
2040,40.78062,11,40.78062,0
2041,40.80062,11,40.80062,0
2042,40.82062,3,40.82062,0
2043,40.84062,2,40.84062,0
2044,40.86062,2,40.86062,0
2045,40.88062,6,40.88062,0
2046,40.90062,8,40.90062,0
2047,40.92062,9,40.92062,0
2048,40.94062,10,40.94062,0
