Bruker AXS HMP Instrument Tools Complete CSV
FileName,C:\MeinZeugs\Uni\Publikationen\2025\MeIn pXRF\DAQ\Device_monitoring_sample_element_precision_Schauer\data_raw\Example_Drift\04569-Mudrock Dual.pdz
SerialString,SG2-6390
TubeTargetElement,45
NumberOfSpectra,2
SampleID,
AcquisitionDateTime,5/6/2025 1:25:34 PM
TotalElapsedTimeInSeconds,120
AnodeTakeOffAngle,45
SampleIncidenceAngle,45
BeThicknessInMicroMeters,125
SampleTakeOffAngle,65
SpotSizeUsed,8
NumberOfUserCustomFields,5
UserCustomFieldHeader,FieldName,FieldValue
UserCustomField,Operator,Supervisor
UserCustomField,Material,Standard
UserCustomField,ID,
UserCustomField,Probe,SdAR-M2
UserCustomField,Projekt,ESPRIT_Trocknungsexperiment
AnalysisMode,32
AnalysisType,1
UsedAutoCalSelect,False
ResultUnits,PPM
ErrorMultiplier,2
CalFileName,MudrockDual
CalPackageName,
CalPackagePartNumber,
TypeStandardizationSetName,
NumberOfElementsInCalculatedResults,27
CalculatedResults:AtomicNum,ElementSymbol,Units,Value,TypeStandardizedValue,Error,RangeMin,RangeMax,Tramp,Nominal
12,Mg,PPM,0.2742739,0.2742739,0.04911171,0,0,False,False
13,Al,PPM,4.669939,4.669939,0.03087936,0,0,False,False
14,Si,PPM,24.19681,24.19681,0.04176051,0,0,False,False
15,P,PPM,0.02029899,0.02029899,0.002951913,0,0,False,False
16,S,PPM,0.1991555,0.1991555,0.002744217,0,0,False,False
19,K,PPM,3.466312,3.466312,0.006453478,0,0,False,False
20,Ca,PPM,0.6612999,0.6612999,0.002306989,0,0,False,False
22,Ti,PPM,0.1433946,0.1433946,0.001114085,0,0,False,False
23,V,PPM,0.005958454,0.005958454,0.0005725969,0,0,False,False
24,Cr,PPM,0.003357832,0.003357832,0.0003398167,0,0,False,False
25,Mn,PPM,0.08841614,0.08841614,0.0005994749,0,0,False,False
26,Fe,PPM,1.877234,1.877234,0.00265427,0,0,False,False
27,Co,PPM,0,0,6.989807E-05,0,0,False,False
28,Ni,PPM,0.005286741,0.005286741,0.0001772335,0,0,False,False
29,Cu,PPM,0.02869634,0.02869634,0.0003005361,0,0,False,False
30,Zn,PPM,0.08988977,0.08988977,0.0004211235,0,0,False,False
33,As,PPM,0.04162645,0.04162645,0.000252824,0,0,False,False
37,Rb,PPM,0.01506333,0.01506333,0.0001199202,0,0,False,False
38,Sr,PPM,0.01518261,0.01518261,0.0001254866,0,0,False,False
39,Y,PPM,0.005604383,0.005604383,0.0001206472,0,0,False,False
40,Zr,PPM,0.02151884,0.02151884,0.0001298717,0,0,False,False
41,Nb,PPM,0.0020912,0.0020912,0.0001003078,0,0,False,False
42,Mo,PPM,0.002649084,0.002649084,0.0001098311,0,0,False,False
56,Ba,PPM,0.1451262,0.1451262,0.007874737,0,0,False,False
82,Pb,PPM,0.04507047,0.04507047,0.0002406238,0,0,False,False
90,Th,PPM,0.001761695,0.001761695,2.78541E-05,0,0,False,False
92,U,PPM,0.0004703893,0.0004703893,0.0002538102,0,0,False,False
MatchSpreadThreshold,0.05
IsTrampEnabled,False
IsNominalEnabled,False
NumberOfGradeIDMatchResults,3
GradeIDMatchResultsHeader,GradeID,MatchConfidence
GradeIDMatchResult,,0
GradeIDMatchResult,,0
GradeIDMatchResult,,0
ParametersForEachSpectrum,Spectrum 1,,Spectrum 2,
XrayVoltageInkV,40,,15,
XrayFilamentCurrentInMicroAmps,38.85,,27.9,
RawCounts,3285327,,3308558,
ValidCounts,2765432,,2916570,
eVPerChannel,20,,20,
StartingKeV,0.0005258609,,0.0005258609,
ZeroOffsetInKeV,-0.0005258609,,-0.0005258609,
StartingChannel,0.02629304,,0.02629304,
NumberOfChannels,2048,,2048,
CountsPerSecond,65654.02,,60747.59,
XilinxFirmwareVersion,,,,
IlluminationID,MudRock Trace40,,MudRock Maj15,
Filter1ElementAtomicNum,22,,0,
Filter1Thickness,25,,0,
Filter2ElementAtomicNum,13,,0,
Filter2Thickness,300,,0,
Filter3ElementAtomicNum,0,,0,
Filter3Thickness,0,,0,
AcquisitionDateTime,5/6/2025 1:25:34 PM,,5/6/2025 1:25:34 PM,
LiveTimeInSeconds,42.41702,,47.06001,
DeadTimeInSeconds,7.622996,,7.404003,
ResetTimeInSeconds,6.227003,,1.799999,
DetectorTempInC,-27,,-27,
AmbientTempInF,111.3,,111.3,
NosePressureInMilliBars,991,,991,
NoseTemperatureInC,38,,38,
ActiveTimeInSeconds,50.03999,,54.46402,
PacketTimeInSeconds,56.267,,56.26402,
CommunicationTimeInSeconds,,,,
ElapsedClockTimeInSeconds,60,,60,
Spectrum:ChannelNumber,ChannelStartInKeV,ChannelCount,ChannelStartInKeV,ChannelCount
1,0.0005258609,0,0.0005258609,0
2,0.02052586,0,0.02052586,0
3,0.04052586,0,0.04052586,0
4,0.06052586,0,0.06052586,0
5,0.08052586,0,0.08052586,0
6,0.1005259,0,0.1005259,0
7,0.1205259,0,0.1205259,0
8,0.1405259,0,0.1405259,0
9,0.1605259,0,0.1605259,0
10,0.1805259,0,0.1805259,0
11,0.2005259,0,0.2005259,0
12,0.2205259,0,0.2205259,0
13,0.2405259,0,0.2405259,0
14,0.2605259,0,0.2605259,0
15,0.2805259,15,0.2805259,8
16,0.3005259,123,0.3005259,84
17,0.3205259,624,0.3205259,612
18,0.3405259,2614,0.3405259,2740
19,0.3605258,6941,0.3605258,7559
20,0.3805259,10967,0.3805259,12763
21,0.4005259,10837,0.4005259,12478
22,0.4205258,6549,0.4205258,7168
23,0.4405259,2557,0.4405259,2512
24,0.4605259,580,0.4605259,567
25,0.4805259,98,0.4805259,81
26,0.5005258,10,0.5005258,9
27,0.5205259,4,0.5205259,1
28,0.5405259,5,0.5405259,1
29,0.5605258,6,0.5605258,0
30,0.5805259,1,0.5805259,0
31,0.6005259,2,0.6005259,1
32,0.6205258,1,0.6205258,1
33,0.6405259,2,0.6405259,0
34,0.6605259,1,0.6605259,1
35,0.6805258,674,0.6805258,91
36,0.7005259,680,0.7005259,74
37,0.7205259,635,0.7205259,79
38,0.7405258,670,0.7405258,71
39,0.7605259,655,0.7605259,56
40,0.7805259,588,0.7805259,86
41,0.8005258,656,0.8005258,82
42,0.8205259,649,0.8205259,90
43,0.8405259,574,0.8405259,71
44,0.8605258,630,0.8605258,88
45,0.8805259,610,0.8805259,128
46,0.9005259,589,0.9005259,163
47,0.9205258,589,0.9205258,217
48,0.9405259,602,0.9405259,270
49,0.9605259,554,0.9605259,245
50,0.9805259,628,0.9805259,192
51,1.000526,606,1.000526,153
52,1.020526,561,1.020526,145
53,1.040526,537,1.040526,135
54,1.060526,569,1.060526,168
55,1.080526,504,1.080526,201
56,1.100526,586,1.100526,185
57,1.120526,574,1.120526,189
58,1.140526,552,1.140526,156
59,1.160526,547,1.160526,156
60,1.180526,579,1.180526,226
61,1.200526,534,1.200526,242
62,1.220526,511,1.220526,246
63,1.240526,528,1.240526,225
64,1.260526,532,1.260526,182
65,1.280526,496,1.280526,171
66,1.300526,536,1.300526,153
67,1.320526,497,1.320526,146
68,1.340526,514,1.340526,135
69,1.360526,521,1.360526,216
70,1.380526,514,1.380526,342
71,1.400526,532,1.400526,884
72,1.420526,527,1.420526,2020
73,1.440526,554,1.440526,4269
74,1.460526,649,1.460526,6222
75,1.480526,616,1.480526,7324
76,1.500526,615,1.500526,6510
77,1.520526,575,1.520526,4862
78,1.540526,572,1.540526,3248
79,1.560526,532,1.560526,2183
80,1.580526,484,1.580526,1672
81,1.600526,490,1.600526,1446
82,1.620526,479,1.620526,2240
83,1.640526,551,1.640526,6025
84,1.660526,642,1.660526,16704
85,1.680526,970,1.680526,38095
86,1.700526,1314,1.700526,67017
87,1.720526,1598,1.720526,91479
88,1.740526,1645,1.740526,96191
89,1.760526,1481,1.760526,78770
90,1.780526,1082,1.780526,51238
91,1.800526,763,1.800526,27659
92,1.820526,608,1.820526,13638
93,1.840526,491,1.840526,7123
94,1.860526,479,1.860526,3809
95,1.880526,440,1.880526,2070
96,1.900526,402,1.900526,1159
97,1.920526,433,1.920526,629
98,1.940526,393,1.940526,462
99,1.960526,399,1.960526,428
100,1.980526,394,1.980526,450
101,2.000526,417,2.000526,448
102,2.020526,395,2.020526,457
103,2.040526,374,2.040526,376
104,2.060526,370,2.060526,353
105,2.080526,348,2.080526,289
106,2.100526,351,2.100526,294
107,2.120526,374,2.120526,252
108,2.140526,365,2.140526,303
109,2.160526,347,2.160526,262
110,2.180526,311,2.180526,282
111,2.200526,332,2.200526,324
112,2.220526,330,2.220526,523
113,2.240526,352,2.240526,772
114,2.260526,322,2.260526,1095
115,2.280526,328,2.280526,1475
116,2.300526,397,2.300526,1818
117,2.320526,366,2.320526,1893
118,2.340526,371,2.340526,1803
119,2.360526,369,2.360526,1489
120,2.380526,338,2.380526,1276
121,2.400526,346,2.400526,1154
122,2.420526,350,2.420526,985
123,2.440526,338,2.440526,972
124,2.460526,348,2.460526,844
125,2.480526,316,2.480526,798
126,2.500526,336,2.500526,743
127,2.520526,289,2.520526,754
128,2.540526,295,2.540526,816
129,2.560526,289,2.560526,996
130,2.580526,253,2.580526,1484
131,2.600526,287,2.600526,2475
132,2.620526,285,2.620526,4183
133,2.640526,243,2.640526,6771
134,2.660526,247,2.660526,9647
135,2.680526,288,2.680526,12047
136,2.700526,278,2.700526,12399
137,2.720526,257,2.720526,10710
138,2.740526,259,2.740526,8341
139,2.760526,277,2.760526,6359
140,2.780526,270,2.780526,5752
141,2.800526,207,2.800526,6104
142,2.820526,248,2.820526,6921
143,2.840526,261,2.840526,7121
144,2.860526,265,2.860526,6841
145,2.880526,335,2.880526,6610
146,2.900526,355,2.900526,6949
147,2.920526,445,2.920526,7921
148,2.940526,507,2.940526,8851
149,2.960526,505,2.960526,8773
150,2.980526,393,2.980526,7786
151,3.000526,388,3.000526,5864
152,3.020526,326,3.020526,4073
153,3.040526,259,3.040526,2647
154,3.060526,219,3.060526,1689
155,3.080526,214,3.080526,1252
156,3.100526,230,3.100526,1202
157,3.120526,219,3.120526,1300
158,3.140526,223,3.140526,1674
159,3.160526,257,3.160526,1971
160,3.180526,339,3.180526,2959
161,3.200526,520,3.200526,5514
162,3.220526,1042,3.220526,11260
163,3.240526,1796,3.240526,21546
164,3.260526,2989,3.260526,36558
165,3.280526,4272,3.280526,52870
166,3.300526,4997,3.300526,63254
167,3.320526,5015,3.320526,64149
168,3.340526,4321,3.340526,54545
169,3.360526,3009,3.360526,38551
170,3.380526,1935,3.380526,23448
171,3.400526,990,3.400526,11864
172,3.420526,518,3.420526,5632
173,3.440526,347,3.440526,2626
174,3.460526,262,3.460526,1792
175,3.480526,245,3.480526,1845
176,3.500526,335,3.500526,2811
177,3.520526,446,3.520526,4162
178,3.540526,629,3.540526,6264
179,3.560526,822,3.560526,8482
180,3.580526,989,3.580526,10353
181,3.600526,1054,3.600526,11582
182,3.620526,1212,3.620526,12182
183,3.640526,1234,3.640526,13230
184,3.660526,1331,3.660526,14137
185,3.680526,1410,3.680526,14419
186,3.700526,1305,3.700526,13326
187,3.720526,1075,3.720526,11015
188,3.740526,787,3.740526,7819
189,3.760526,570,3.760526,4863
190,3.780526,330,3.780526,2755
191,3.800526,198,3.800526,1551
192,3.820526,161,3.820526,1098
193,3.840526,123,3.840526,907
194,3.860526,130,3.860526,868
195,3.880526,127,3.880526,914
196,3.900526,130,3.900526,1022
197,3.920526,158,3.920526,1234
198,3.940526,197,3.940526,1501
199,3.960526,240,3.960526,1961
200,3.980526,253,3.980526,2322
201,4.000526,275,4.000526,2535
202,4.020526,271,4.020526,2582
203,4.040526,235,4.040526,2285
204,4.060526,194,4.060526,1975
205,4.080526,164,4.080526,1565
206,4.100526,125,4.100526,1189
207,4.120526,98,4.120526,1112
208,4.140526,101,4.140526,1003
209,4.160526,91,4.160526,906
210,4.180526,79,4.180526,871
211,4.200526,90,4.200526,926
212,4.220526,75,4.220526,923
213,4.240526,66,4.240526,927
214,4.260526,90,4.260526,914
215,4.280526,85,4.280526,935
216,4.300526,85,4.300526,1001
217,4.320526,74,4.320526,961
218,4.340526,106,4.340526,1128
219,4.360526,130,4.360526,1289
220,4.380526,169,4.380526,1634
221,4.400526,319,4.400526,2174
222,4.420526,441,4.420526,3207
223,4.440526,655,4.440526,4430
224,4.460526,919,4.460526,5765
225,4.480526,1107,4.480526,6725
226,4.500526,1253,4.500526,7366
227,4.520526,1120,4.520526,7032
228,4.540526,970,4.540526,5998
229,4.560526,752,4.560526,4490
230,4.580526,570,4.580526,3559
231,4.600526,370,4.600526,2427
232,4.620526,327,4.620526,1995
233,4.640526,340,4.640526,1831
234,4.660526,242,4.660526,1584
235,4.680526,227,4.680526,1533
236,4.700526,203,4.700526,1482
237,4.720526,176,4.720526,1464
238,4.740526,174,4.740526,1502
239,4.760526,176,4.760526,1673
240,4.780526,218,4.780526,1818
241,4.800526,273,4.800526,2027
242,4.820526,252,4.820526,2167
243,4.840526,306,4.840526,2338
244,4.860526,371,4.860526,2441
245,4.880526,343,4.880526,2531
246,4.900526,373,4.900526,2563
247,4.920526,342,4.920526,2663
248,4.940526,335,4.940526,2489
249,4.960526,295,4.960526,2377
250,4.980526,225,4.980526,2196
251,5.000526,209,5.000526,2065
252,5.020526,135,5.020526,1980
253,5.040526,95,5.040526,1795
254,5.060526,87,5.060526,1873
255,5.080526,103,5.080526,1841
256,5.100526,94,5.100526,1906
257,5.120526,128,5.120526,1976
258,5.140526,120,5.140526,1926
259,5.160526,112,5.160526,1950
260,5.180526,126,5.180526,1955
261,5.200526,124,5.200526,1954
262,5.220526,141,5.220526,1936
263,5.240526,106,5.240526,1944
264,5.260526,96,5.260526,1897
265,5.280526,115,5.280526,1851
266,5.300526,132,5.300526,1877
267,5.320526,123,5.320526,1883
268,5.340526,133,5.340526,2008
269,5.360526,155,5.360526,1955
270,5.380526,142,5.380526,2042
271,5.400526,152,5.400526,2094
272,5.420526,132,5.420526,2013
273,5.440526,130,5.440526,1988
274,5.460526,135,5.460526,2024
275,5.480526,126,5.480526,2007
276,5.500526,99,5.500526,1950
277,5.520526,96,5.520526,1949
278,5.540526,117,5.540526,1992
279,5.560526,106,5.560526,2008
280,5.580526,90,5.580526,1864
281,5.600526,81,5.600526,1927
282,5.620526,76,5.620526,1907
283,5.640526,72,5.640526,1820
284,5.660526,83,5.660526,1845
285,5.680526,91,5.680526,1841
286,5.700526,88,5.700526,1956
287,5.720526,116,5.720526,2037
288,5.740526,148,5.740526,2043
289,5.760526,261,5.760526,2279
290,5.780526,436,5.780526,2598
291,5.800526,661,5.800526,3397
292,5.820526,968,5.820526,4050
293,5.840526,1391,5.840526,5290
294,5.860526,1785,5.860526,6237
295,5.880526,1969,5.880526,6669
296,5.900526,1996,5.900526,6851
297,5.920526,1716,5.920526,6546
298,5.940526,1433,5.940526,5496
299,5.960526,1034,5.960526,4395
300,5.980526,683,5.980526,3494
301,6.000526,406,6.000526,2734
302,6.020526,276,6.020526,2334
303,6.040526,199,6.040526,2112
304,6.060526,144,6.060526,2111
305,6.080526,148,6.080526,1983
306,6.100526,133,6.100526,1874
307,6.120526,161,6.120526,1948
308,6.140526,169,6.140526,2004
309,6.160526,202,6.160526,2086
310,6.180526,282,6.180526,2142
311,6.200526,460,6.200526,2485
312,6.220526,944,6.220526,3330
313,6.240526,1972,6.240526,5280
314,6.260526,4037,6.260526,8844
315,6.280526,7904,6.280526,15633
316,6.300526,13753,6.300526,26552
317,6.320526,21852,6.320526,41494
318,6.340526,31684,6.340526,59512
319,6.360526,40143,6.360526,76515
320,6.380526,46244,6.380526,88277
321,6.400526,47572,6.400526,90971
322,6.420526,43668,6.420526,83891
323,6.440526,36062,6.440526,69683
324,6.460526,26655,6.460526,51985
325,6.480526,18021,6.480526,35398
326,6.500526,10705,6.500526,21890
327,6.520526,5894,6.520526,12806
328,6.540526,3085,6.540526,7364
329,6.560526,1450,6.560526,4179
330,6.580526,721,6.580526,2898
331,6.600526,392,6.600526,2330
332,6.620526,245,6.620526,2090
333,6.640526,186,6.640526,2012
334,6.660526,182,6.660526,1853
335,6.680526,179,6.680526,1891
336,6.700526,143,6.700526,1911
337,6.720526,165,6.720526,1863
338,6.740526,149,6.740526,1839
339,6.760526,183,6.760526,1847
340,6.780526,198,6.780526,1916
341,6.800526,194,6.800526,1892
342,6.820526,221,6.820526,2009
343,6.840526,274,6.840526,2074
344,6.860526,359,6.860526,2112
345,6.880526,539,6.880526,2516
346,6.900526,797,6.900526,2962
347,6.920526,1224,6.920526,3742
348,6.940526,1928,6.940526,4924
349,6.960526,3103,6.960526,6719
350,6.980526,4337,6.980526,8893
351,7.000526,5732,7.000526,11250
352,7.020526,6953,7.020526,13569
353,7.040526,7768,7.040526,14536
354,7.060526,7719,7.060526,14683
355,7.080526,6882,7.080526,13447
356,7.100526,5672,7.100526,11364
357,7.120526,4179,7.120526,8773
358,7.140526,2892,7.140526,6472
359,7.160526,1802,7.160526,4760
360,7.180526,1079,7.180526,3318
361,7.200526,554,7.200526,2538
362,7.220526,285,7.220526,2077
363,7.240526,167,7.240526,1875
364,7.260526,105,7.260526,1780
365,7.280526,74,7.280526,1696
366,7.300526,67,7.300526,1841
367,7.320526,82,7.320526,1905
368,7.340526,94,7.340526,1983
369,7.360526,142,7.360526,2033
370,7.380526,146,7.380526,2205
371,7.400526,191,7.400526,2450
372,7.420526,279,7.420526,2674
373,7.440526,307,7.440526,2815
374,7.460526,332,7.460526,2993
375,7.480526,308,7.480526,2964
376,7.500526,258,7.500526,2864
377,7.520526,248,7.520526,2593
378,7.540526,200,7.540526,2285
379,7.560526,137,7.560526,2082
380,7.580526,120,7.580526,1831
381,7.600526,72,7.600526,1692
382,7.620526,61,7.620526,1619
383,7.640526,80,7.640526,1555
384,7.660526,62,7.660526,1567
385,7.680526,72,7.680526,1556
386,7.700526,48,7.700526,1499
387,7.720526,60,7.720526,1495
388,7.740526,72,7.740526,1569
389,7.760526,56,7.760526,1462
390,7.780526,87,7.780526,1480
391,7.800526,87,7.800526,1501
392,7.820526,73,7.820526,1557
393,7.840526,110,7.840526,1544
394,7.860526,159,7.860526,1565
395,7.880526,193,7.880526,1658
396,7.900526,294,7.900526,1627
397,7.920526,461,7.920526,1784
398,7.940526,596,7.940526,1981
399,7.960526,953,7.960526,2135
400,7.980526,1187,7.980526,2214
401,8.000525,1505,8.000525,2455
402,8.020526,1649,8.020526,2521
403,8.040525,1660,8.040525,2706
404,8.060526,1583,8.060526,2706
405,8.080525,1348,8.080525,2579
406,8.100526,1098,8.100526,2429
407,8.120526,800,8.120526,2328
408,8.140526,566,8.140526,2110
409,8.160526,377,8.160526,2040
410,8.180526,253,8.180526,1965
411,8.200526,209,8.200526,1936
412,8.220526,164,8.220526,1846
413,8.240526,142,8.240526,1840
414,8.260526,125,8.260526,1773
415,8.280526,123,8.280526,1777
416,8.300526,137,8.300526,1740
417,8.320526,127,8.320526,1684
418,8.340526,114,8.340526,1627
419,8.360526,129,8.360526,1578
420,8.380526,125,8.380526,1675
421,8.400526,141,8.400526,1605
422,8.420526,178,8.420526,1590
423,8.440526,318,8.440526,1634
424,8.460526,463,8.460526,1677
425,8.480526,822,8.480526,1783
426,8.500525,1301,8.500525,2072
427,8.520526,2216,8.520526,2417
428,8.540525,3169,8.540525,2874
429,8.560526,4309,8.560526,3426
430,8.580525,5377,8.580525,3978
431,8.600526,6294,8.600526,4385
432,8.620526,6578,8.620526,4635
433,8.640526,6580,8.640526,4490
434,8.660526,5928,8.660526,4351
435,8.680526,4802,8.680526,3779
436,8.700526,3748,8.700526,3223
437,8.720526,2582,8.720526,2817
438,8.740526,1732,8.740526,2416
439,8.760526,1140,8.760526,2055
440,8.780526,676,8.780526,1865
441,8.800526,489,8.800526,1779
442,8.820526,363,8.820526,1740
443,8.840526,364,8.840526,1700
444,8.860526,401,8.860526,1764
445,8.880526,388,8.880526,1775
446,8.900526,347,8.900526,1779
447,8.920526,363,8.920526,1734
448,8.940526,363,8.940526,1711
449,8.960526,303,8.960526,1644
450,8.980526,276,8.980526,1688
451,9.000525,215,9.000525,1626
452,9.020526,225,9.020526,1606
453,9.040525,180,9.040525,1665
454,9.060526,234,9.060526,1543
455,9.080525,270,9.080525,1673
456,9.100526,326,9.100526,1606
457,9.120526,344,9.120526,1590
458,9.140526,427,9.140526,1586
459,9.160526,535,9.160526,1628
460,9.180526,523,9.180526,1601
461,9.200526,524,9.200526,1644
462,9.220526,555,9.220526,1703
463,9.240526,541,9.240526,1661
464,9.260526,493,9.260526,1667
465,9.280526,463,9.280526,1709
466,9.300526,376,9.300526,1651
467,9.320526,290,9.320526,1655
468,9.340526,278,9.340526,1575
469,9.360526,272,9.360526,1570
470,9.380526,252,9.380526,1593
471,9.400526,278,9.400526,1606
472,9.420526,331,9.420526,1609
473,9.440526,426,9.440526,1617
474,9.460526,568,9.460526,1763
475,9.480526,737,9.480526,1810
476,9.500525,921,9.500525,1888
477,9.520526,1113,9.520526,1899
478,9.540525,1232,9.540525,2069
479,9.560526,1266,9.560526,2020
480,9.580525,1202,9.580525,2013
481,9.600526,1139,9.600526,1925
482,9.620526,1019,9.620526,1931
483,9.640526,792,9.640526,1887
484,9.660526,623,9.660526,1881
485,9.680526,515,9.680526,1764
486,9.700526,373,9.700526,1801
487,9.720526,303,9.720526,1765
488,9.740526,291,9.740526,1703
489,9.760526,261,9.760526,1807
490,9.780526,232,9.780526,1622
491,9.800526,261,9.800526,1684
492,9.820526,248,9.820526,1516
493,9.840526,220,9.840526,1622
494,9.860526,247,9.860526,1578
495,9.880526,244,9.880526,1527
496,9.900526,262,9.900526,1499
497,9.920526,240,9.920526,1531
498,9.940526,251,9.940526,1511
499,9.960526,241,9.960526,1518
500,9.980526,260,9.980526,1556
501,10.00053,242,10.00053,1541
502,10.02053,262,10.02053,1533
503,10.04053,260,10.04053,1510
504,10.06053,265,10.06053,1534
505,10.08053,262,10.08053,1482
506,10.10053,286,10.10053,1430
507,10.12053,280,10.12053,1539
508,10.14053,309,10.14053,1459
509,10.16053,312,10.16053,1455
510,10.18053,358,10.18053,1482
511,10.20053,347,10.20053,1455
512,10.22053,346,10.22053,1460
513,10.24053,394,10.24053,1470
514,10.26053,430,10.26053,1478
515,10.28053,452,10.28053,1419
516,10.30053,501,10.30053,1481
517,10.32053,636,10.32053,1468
518,10.34053,820,10.34053,1427
519,10.36053,1059,10.36053,1468
520,10.38053,1458,10.38053,1552
521,10.40053,2065,10.40053,1582
522,10.42053,2880,10.42053,1561
523,10.44053,3749,10.44053,1482
524,10.46053,4682,10.46053,1698
525,10.48053,5755,10.48053,1666
526,10.50053,6714,10.50053,1673
527,10.52053,7406,10.52053,1676
528,10.54053,7403,10.54053,1682
529,10.56053,7180,10.56053,1637
530,10.58053,6422,10.58053,1699
531,10.60053,5502,10.60053,1527
532,10.62053,4418,10.62053,1531
533,10.64053,3299,10.64053,1457
534,10.66053,2297,10.66053,1410
535,10.68053,1701,10.68053,1383
536,10.70053,1172,10.70053,1372
537,10.72053,848,10.72053,1397
538,10.74053,690,10.74053,1293
539,10.76053,528,10.76053,1362
540,10.78053,482,10.78053,1320
541,10.80053,443,10.80053,1320
542,10.82053,501,10.82053,1277
543,10.84053,453,10.84053,1363
544,10.86053,467,10.86053,1284
545,10.88053,429,10.88053,1273
546,10.90053,440,10.90053,1261
547,10.92053,418,10.92053,1260
548,10.94053,465,10.94053,1289
549,10.96053,443,10.96053,1267
550,10.98053,439,10.98053,1261
551,11.00053,452,11.00053,1279
552,11.02053,485,11.02053,1244
553,11.04053,472,11.04053,1197
554,11.06053,480,11.06053,1216
555,11.08053,476,11.08053,1215
556,11.10053,478,11.10053,1175
557,11.12053,486,11.12053,1256
558,11.14053,503,11.14053,1224
559,11.16053,495,11.16053,1202
560,11.18053,529,11.18053,1140
561,11.20053,530,11.20053,1185
562,11.22053,579,11.22053,1108
563,11.24053,613,11.24053,1155
564,11.26053,586,11.26053,1210
565,11.28053,608,11.28053,1132
566,11.30053,665,11.30053,1136
567,11.32053,662,11.32053,1134
568,11.34053,648,11.34053,1134
569,11.36053,687,11.36053,1095
570,11.38053,653,11.38053,1150
571,11.40053,662,11.40053,1114
572,11.42053,641,11.42053,1127
573,11.44053,687,11.44053,1086
574,11.46053,625,11.46053,1092
575,11.48053,669,11.48053,1067
576,11.50053,597,11.50053,1025
577,11.52053,639,11.52053,1094
578,11.54053,645,11.54053,1079
579,11.56053,660,11.56053,1033
580,11.58053,639,11.58053,1076
581,11.60053,726,11.60053,1057
582,11.62053,786,11.62053,1033
583,11.64053,819,11.64053,1055
584,11.66053,805,11.66053,1053
585,11.68053,858,11.68053,1042
586,11.70053,767,11.70053,1105
587,11.72053,823,11.72053,1039
588,11.74053,796,11.74053,1015
589,11.76053,829,11.76053,1055
590,11.78053,803,11.78053,1032
591,11.80053,845,11.80053,969
592,11.82053,798,11.82053,956
593,11.84053,760,11.84053,1043
594,11.86053,747,11.86053,980
595,11.88053,726,11.88053,960
596,11.90053,716,11.90053,1023
597,11.92053,824,11.92053,942
598,11.94053,719,11.94053,972
599,11.96053,738,11.96053,899
600,11.98053,698,11.98053,918
601,12.00053,759,12.00053,896
602,12.02053,815,12.02053,928
603,12.04053,778,12.04053,870
604,12.06053,794,12.06053,888
605,12.08053,818,12.08053,851
606,12.10053,913,12.10053,881
607,12.12053,924,12.12053,864
608,12.14053,904,12.14053,948
609,12.16053,976,12.16053,852
610,12.18053,1021,12.18053,862
611,12.20053,1017,12.20053,824
612,12.22053,1022,12.22053,855
613,12.24053,1115,12.24053,827
614,12.26053,1122,12.26053,835
615,12.28053,1187,12.28053,872
616,12.30053,1176,12.30053,801
617,12.32053,1204,12.32053,861
618,12.34053,1159,12.34053,834
619,12.36053,1202,12.36053,808
620,12.38053,1178,12.38053,824
621,12.40053,1262,12.40053,816
622,12.42053,1354,12.42053,766
623,12.44053,1674,12.44053,845
624,12.46053,2099,12.46053,827
625,12.48053,2595,12.48053,783
626,12.50053,3327,12.50053,813
627,12.52053,4134,12.52053,783
628,12.54053,4969,12.54053,791
629,12.56053,5660,12.56053,755
630,12.58053,6208,12.58053,809
631,12.60053,6614,12.60053,795
632,12.62053,6477,12.62053,789
633,12.64053,6104,12.64053,776
634,12.66053,5528,12.66053,766
635,12.68053,4700,12.68053,726
636,12.70053,4017,12.70053,789
637,12.72053,3393,12.72053,793
638,12.74053,2693,12.74053,755
639,12.76053,2363,12.76053,773
640,12.78053,2072,12.78053,789
641,12.80053,1804,12.80053,781
642,12.82053,1645,12.82053,828
643,12.84053,1539,12.84053,765
644,12.86053,1371,12.86053,750
645,12.88053,1357,12.88053,700
646,12.90053,1381,12.90053,735
647,12.92053,1311,12.92053,734
648,12.94053,1379,12.94053,621
649,12.96053,1402,12.96053,624
650,12.98053,1396,12.98053,626
651,13.00053,1357,13.00053,650
652,13.02053,1352,13.02053,573
653,13.04053,1329,13.04053,555
654,13.06053,1277,13.06053,593
655,13.08053,1271,13.08053,560
656,13.10053,1186,13.10053,531
657,13.12053,1314,13.12053,538
658,13.14053,1283,13.14053,581
659,13.16053,1381,13.16053,587
660,13.18053,1446,13.18053,525
661,13.20053,1724,13.20053,536
662,13.22053,1939,13.22053,507
663,13.24053,2363,13.24053,534
664,13.26053,2820,13.26053,508
665,13.28053,3246,13.28053,485
666,13.30053,3578,13.30053,475
667,13.32053,3973,13.32053,521
668,13.34053,4314,13.34053,508
669,13.36053,4337,13.36053,481
670,13.38053,4424,13.38053,524
671,13.40053,4281,13.40053,479
672,13.42053,3856,13.42053,494
673,13.44053,3383,13.44053,470
674,13.46053,2947,13.46053,440
675,13.48053,2507,13.48053,489
676,13.50053,2134,13.50053,468
677,13.52053,1745,13.52053,470
678,13.54053,1541,13.54053,389
679,13.56053,1477,13.56053,414
680,13.58053,1266,13.58053,419
681,13.60053,1308,13.60053,420
682,13.62053,1215,13.62053,424
683,13.64053,1309,13.64053,394
684,13.66053,1223,13.66053,395
685,13.68053,1198,13.68053,373
686,13.70053,1190,13.70053,360
687,13.72053,1267,13.72053,345
688,13.74053,1253,13.74053,323
689,13.76053,1197,13.76053,342
690,13.78053,1296,13.78053,335
691,13.80053,1259,13.80053,355
692,13.82053,1275,13.82053,345
693,13.84053,1242,13.84053,298
694,13.86053,1319,13.86053,295
695,13.88053,1353,13.88053,320
696,13.90053,1413,13.90053,306
697,13.92053,1511,13.92053,265
698,13.94053,1619,13.94053,286
699,13.96053,1812,13.96053,273
700,13.98053,2127,13.98053,249
701,14.00053,2491,14.00053,249
702,14.02053,2912,14.02053,242
703,14.04053,3267,14.04053,247
704,14.06053,3669,14.06053,244
705,14.08053,3955,14.08053,243
706,14.10053,4489,14.10053,215
707,14.12053,4665,14.12053,192
708,14.14053,4614,14.14053,222
709,14.16053,4554,14.16053,226
710,14.18053,4175,14.18053,209
711,14.20053,3744,14.20053,181
712,14.22053,3348,14.22053,172
713,14.24053,2924,14.24053,154
714,14.26053,2534,14.26053,178
715,14.28053,2154,14.28053,147
716,14.30053,1845,14.30053,140
717,14.32053,1720,14.32053,134
718,14.34053,1576,14.34053,122
719,14.36053,1492,14.36053,156
720,14.38053,1457,14.38053,120
721,14.40053,1461,14.40053,125
722,14.42053,1456,14.42053,108
723,14.44053,1398,14.44053,120
724,14.46053,1447,14.46053,108
725,14.48053,1469,14.48053,85
726,14.50053,1485,14.50053,74
727,14.52053,1474,14.52053,89
728,14.54053,1483,14.54053,92
729,14.56053,1585,14.56053,90
730,14.58053,1598,14.58053,82
731,14.60053,1681,14.60053,64
732,14.62053,1718,14.62053,81
733,14.64053,1862,14.64053,72
734,14.66053,1954,14.66053,58
735,14.68053,2047,14.68053,69
736,14.70053,2298,14.70053,61
737,14.72053,2339,14.72053,55
738,14.74053,2452,14.74053,38
739,14.76053,2601,14.76053,57
740,14.78053,2696,14.78053,53
741,14.80053,2728,14.80053,34
742,14.82053,2725,14.82053,41
743,14.84053,2764,14.84053,42
744,14.86053,2764,14.86053,25
745,14.88053,2766,14.88053,38
746,14.90053,2868,14.90053,28
747,14.92053,2885,14.92053,29
748,14.94053,2867,14.94053,39
749,14.96053,2763,14.96053,22
750,14.98053,2701,14.98053,22
751,15.00053,2582,15.00053,21
752,15.02053,2354,15.02053,20
753,15.04053,2334,15.04053,10
754,15.06053,2197,15.06053,25
755,15.08053,2006,15.08053,20
756,15.10053,2009,15.10053,21
757,15.12053,2027,15.12053,13
758,15.14053,1945,15.14053,23
759,15.16053,1933,15.16053,17
760,15.18053,1837,15.18053,12
761,15.20053,1848,15.20053,16
762,15.22053,1856,15.22053,13
763,15.24053,1863,15.24053,14
764,15.26053,1727,15.26053,11
765,15.28053,1734,15.28053,14
766,15.30053,1707,15.30053,22
767,15.32053,1647,15.32053,12
768,15.34053,1620,15.34053,11
769,15.36053,1554,15.36053,15
770,15.38053,1634,15.38053,9
771,15.40053,1574,15.40053,18
772,15.42053,1603,15.42053,12
773,15.44053,1686,15.44053,14
774,15.46053,1641,15.46053,16
775,15.48053,1856,15.48053,10
776,15.50053,2009,15.50053,15
777,15.52053,2100,15.52053,9
778,15.54053,2420,15.54053,17
779,15.56053,2812,15.56053,16
780,15.58053,3317,15.58053,13
781,15.60053,3834,15.60053,12
782,15.62053,4591,15.62053,11
783,15.64053,5361,15.64053,13
784,15.66053,5891,15.66053,16
785,15.68053,6597,15.68053,5
786,15.70053,7136,15.70053,13
787,15.72053,7400,15.72053,14
788,15.74053,7499,15.74053,13
789,15.76053,7510,15.76053,17
790,15.78053,7128,15.78053,9
791,15.80053,6556,15.80053,15
792,15.82053,5897,15.82053,14
793,15.84053,5081,15.84053,7
794,15.86053,4393,15.86053,13
795,15.88053,3594,15.88053,15
796,15.90053,3144,15.90053,15
797,15.92053,2692,15.92053,15
798,15.94053,2338,15.94053,15
799,15.96053,2102,15.96053,13
800,15.98053,1959,15.98053,13
801,16.00053,1802,16.00053,13
802,16.02052,1890,16.02052,12
803,16.04053,1786,16.04053,14
804,16.06053,1785,16.06053,14
805,16.08053,1694,16.08053,10
806,16.10053,1727,16.10053,11
807,16.12053,1837,16.12053,16
808,16.14053,1805,16.14053,10
809,16.16053,1686,16.16053,7
810,16.18053,1805,16.18053,13
811,16.20053,1820,16.20053,10
812,16.22053,1721,16.22053,17
813,16.24053,1778,16.24053,11
814,16.26053,1750,16.26053,10
815,16.28053,1758,16.28053,15
816,16.30053,1742,16.30053,10
817,16.32053,1716,16.32053,14
818,16.34053,1747,16.34053,12
819,16.36053,1758,16.36053,11
820,16.38053,1736,16.38053,6
821,16.40053,1836,16.40053,16
822,16.42053,1860,16.42053,9
823,16.44053,1833,16.44053,9
824,16.46053,1958,16.46053,15
825,16.48053,2090,16.48053,11
826,16.50053,2068,16.50053,5
827,16.52052,2171,16.52052,8
828,16.54053,2216,16.54053,9
829,16.56053,2289,16.56053,9
830,16.58053,2309,16.58053,11
831,16.60053,2288,16.60053,9
832,16.62053,2287,16.62053,7
833,16.64053,2191,16.64053,11
834,16.66053,2190,16.66053,11
835,16.68053,2113,16.68053,11
836,16.70053,2004,16.70053,8
837,16.72053,1981,16.72053,4
838,16.74053,1922,16.74053,11
839,16.76053,1869,16.76053,9
840,16.78053,1892,16.78053,6
841,16.80053,1863,16.80053,6
842,16.82053,1841,16.82053,13
843,16.84053,1818,16.84053,8
844,16.86053,1762,16.86053,12
845,16.88053,1824,16.88053,11
846,16.90053,1769,16.90053,12
847,16.92053,1817,16.92053,15
848,16.94053,1759,16.94053,18
849,16.96053,1869,16.96053,15
850,16.98053,1842,16.98053,11
851,17.00053,1780,17.00053,10
852,17.02052,1795,17.02052,6
853,17.04053,1850,17.04053,10
854,17.06053,1750,17.06053,8
855,17.08053,1784,17.08053,4
856,17.10053,1830,17.10053,8
857,17.12053,1788,17.12053,7
858,17.14053,1805,17.14053,8
859,17.16053,1904,17.16053,13
860,17.18053,1790,17.18053,8
861,17.20053,1847,17.20053,8
862,17.22053,1859,17.22053,9
863,17.24053,1881,17.24053,8
864,17.26053,1925,17.26053,8
865,17.28053,2030,17.28053,6
866,17.30053,2030,17.30053,12
867,17.32053,2008,17.32053,6
868,17.34053,2094,17.34053,8
869,17.36053,2143,17.36053,7
870,17.38053,2201,17.38053,6
871,17.40053,2221,17.40053,3
872,17.42053,2201,17.42053,9
873,17.44053,2241,17.44053,9
874,17.46053,2405,17.46053,1
875,17.48053,2396,17.48053,4
876,17.50053,2335,17.50053,5
877,17.52052,2509,17.52052,6
878,17.54053,2613,17.54053,2
879,17.56053,2684,17.56053,2
880,17.58053,2758,17.58053,7
881,17.60053,2778,17.60053,9
882,17.62053,2858,17.62053,7
883,17.64053,2982,17.64053,5
884,17.66053,2912,17.66053,5
885,17.68053,2958,17.68053,8
886,17.70053,2897,17.70053,5
887,17.72053,2643,17.72053,6
888,17.74053,2585,17.74053,7
889,17.76053,2426,17.76053,7
890,17.78053,2387,17.78053,10
891,17.80053,2330,17.80053,5
892,17.82053,2262,17.82053,9
893,17.84053,2217,17.84053,9
894,17.86053,2147,17.86053,7
895,17.88053,2290,17.88053,4
896,17.90053,2252,17.90053,9
897,17.92053,2297,17.92053,5
898,17.94053,2332,17.94053,7
899,17.96053,2274,17.96053,6
900,17.98053,2266,17.98053,2
901,18.00053,2314,18.00053,7
902,18.02052,2366,18.02052,9
903,18.04053,2404,18.04053,7
904,18.06053,2372,18.06053,12
905,18.08053,2321,18.08053,6
906,18.10053,2267,18.10053,7
907,18.12053,2384,18.12053,6
908,18.14053,2394,18.14053,6
909,18.16053,2267,18.16053,7
910,18.18053,2420,18.18053,4
911,18.20053,2439,18.20053,4
912,18.22053,2580,18.22053,15
913,18.24053,2579,18.24053,2
914,18.26053,2690,18.26053,4
915,18.28053,2633,18.28053,7
916,18.30053,2737,18.30053,7
917,18.32053,2751,18.32053,6
918,18.34053,2785,18.34053,1
919,18.36053,2832,18.36053,5
920,18.38053,2879,18.38053,9
921,18.40053,2940,18.40053,8
922,18.42053,3092,18.42053,6
923,18.44053,3184,18.44053,7
924,18.46053,3081,18.46053,6
925,18.48053,3355,18.48053,7
926,18.50053,3442,18.50053,7
927,18.52052,3486,18.52052,4
928,18.54053,3643,18.54053,7
929,18.56053,3902,18.56053,7
930,18.58053,4018,18.58053,12
931,18.60053,4252,18.60053,6
932,18.62053,4205,18.62053,6
933,18.64053,4465,18.64053,4
934,18.66053,4585,18.66053,5
935,18.68053,4714,18.68053,3
936,18.70053,5070,18.70053,7
937,18.72053,5286,18.72053,6
938,18.74053,5504,18.74053,5
939,18.76053,5630,18.76053,5
940,18.78053,5820,18.78053,7
941,18.80053,6099,18.80053,1
942,18.82053,6175,18.82053,5
943,18.84053,6290,18.84053,10
944,18.86053,6636,18.86053,8
945,18.88053,6807,18.88053,2
946,18.90053,7060,18.90053,3
947,18.92053,7271,18.92053,10
948,18.94053,7340,18.94053,4
949,18.96053,7399,18.96053,2
950,18.98053,7480,18.98053,2
951,19.00053,7544,19.00053,2
952,19.02052,7526,19.02052,3
953,19.04053,7598,19.04053,1
954,19.06053,7551,19.06053,4
955,19.08053,7434,19.08053,7
956,19.10053,7437,19.10053,2
957,19.12053,7171,19.12053,3
958,19.14053,7210,19.14053,4
959,19.16053,7008,19.16053,2
960,19.18053,6775,19.18053,4
961,19.20053,6669,19.20053,4
962,19.22053,6550,19.22053,7
963,19.24053,6158,19.24053,3
964,19.26053,6106,19.26053,1
965,19.28053,5764,19.28053,1
966,19.30053,5535,19.30053,1
967,19.32053,5299,19.32053,4
968,19.34053,5157,19.34053,1
969,19.36053,4810,19.36053,3
970,19.38053,4746,19.38053,6
971,19.40053,4493,19.40053,10
972,19.42053,4428,19.42053,3
973,19.44053,4169,19.44053,2
974,19.46053,3851,19.46053,3
975,19.48053,3901,19.48053,3
976,19.50053,3714,19.50053,4
977,19.52052,3509,19.52052,3
978,19.54053,3441,19.54053,4
979,19.56053,3276,19.56053,6
980,19.58053,3195,19.58053,6
981,19.60053,3021,19.60053,3
982,19.62053,3068,19.62053,4
983,19.64053,2906,19.64053,0
984,19.66053,2827,19.66053,7
985,19.68053,2738,19.68053,2
986,19.70053,2610,19.70053,6
987,19.72053,2524,19.72053,2
988,19.74053,2418,19.74053,2
989,19.76053,2541,19.76053,3
990,19.78053,2413,19.78053,4
991,19.80053,2376,19.80053,1
992,19.82053,2351,19.82053,3
993,19.84053,2328,19.84053,6
994,19.86053,2492,19.86053,1
995,19.88053,2665,19.88053,2
996,19.90053,2654,19.90053,2
997,19.92053,2833,19.92053,5
998,19.94053,3102,19.94053,2
999,19.96053,3515,19.96053,3
1000,19.98053,3853,19.98053,3
1001,20.00053,4082,20.00053,2
1002,20.02052,4503,20.02052,4
1003,20.04053,4911,20.04053,3
1004,20.06053,4991,20.06053,1
1005,20.08053,5414,20.08053,0
1006,20.10053,5689,20.10053,2
1007,20.12053,5969,20.12053,1
1008,20.14053,5952,20.14053,2
1009,20.16053,6176,20.16053,1
1010,20.18053,5876,20.18053,5
1011,20.20053,5887,20.20053,5
1012,20.22053,5538,20.22053,3
1013,20.24053,5237,20.24053,3
1014,20.26053,4821,20.26053,3
1015,20.28053,4327,20.28053,2
1016,20.30053,3790,20.30053,3
1017,20.32053,3452,20.32053,3
1018,20.34053,2979,20.34053,0
1019,20.36053,2671,20.36053,4
1020,20.38053,2463,20.38053,0
1021,20.40053,2286,20.40053,3
1022,20.42053,2112,20.42053,2
1023,20.44053,1995,20.44053,3
1024,20.46053,1915,20.46053,0
1025,20.48053,1869,20.48053,1
1026,20.50053,1888,20.50053,0
1027,20.52052,1924,20.52052,6
1028,20.54053,1926,20.54053,4
1029,20.56053,1873,20.56053,0
1030,20.58053,1941,20.58053,1
1031,20.60053,1938,20.60053,1
1032,20.62053,1952,20.62053,2
1033,20.64053,1902,20.64053,2
1034,20.66053,2020,20.66053,0
1035,20.68053,1968,20.68053,0
1036,20.70053,2044,20.70053,2
1037,20.72053,1945,20.72053,2
1038,20.74053,2068,20.74053,2
1039,20.76053,1976,20.76053,1
1040,20.78053,2051,20.78053,0
1041,20.80053,2086,20.80053,3
1042,20.82053,2045,20.82053,1
1043,20.84053,2051,20.84053,3
1044,20.86053,2209,20.86053,1
1045,20.88053,2094,20.88053,1
1046,20.90053,2213,20.90053,2
1047,20.92053,2241,20.92053,0
1048,20.94053,2200,20.94053,0
1049,20.96053,2302,20.96053,0
1050,20.98053,2434,20.98053,1
1051,21.00053,2309,21.00053,1
1052,21.02052,2451,21.02052,2
1053,21.04053,2455,21.04053,0
1054,21.06053,2446,21.06053,1
1055,21.08053,2521,21.08053,0
1056,21.10053,2534,21.10053,2
1057,21.12053,2533,21.12053,3
1058,21.14053,2514,21.14053,1
1059,21.16053,2722,21.16053,2
1060,21.18053,2617,21.18053,1
1061,21.20053,2560,21.20053,2
1062,21.22053,2708,21.22053,0
1063,21.24053,2744,21.24053,0
1064,21.26053,2744,21.26053,5
1065,21.28053,2678,21.28053,0
1066,21.30053,2636,21.30053,2
1067,21.32053,2716,21.32053,2
1068,21.34053,2735,21.34053,1
1069,21.36053,2703,21.36053,0
1070,21.38053,2600,21.38053,1
1071,21.40053,2605,21.40053,0
1072,21.42053,2564,21.42053,1
1073,21.44053,2592,21.44053,3
1074,21.46053,2525,21.46053,0
1075,21.48053,2544,21.48053,0
1076,21.50053,2520,21.50053,1
1077,21.52052,2454,21.52052,0
1078,21.54053,2418,21.54053,1
1079,21.56053,2430,21.56053,0
1080,21.58053,2402,21.58053,1
1081,21.60053,2356,21.60053,3
1082,21.62053,2353,21.62053,0
1083,21.64053,2229,21.64053,1
1084,21.66053,2221,21.66053,1
1085,21.68053,2187,21.68053,1
1086,21.70053,2096,21.70053,1
1087,21.72053,2069,21.72053,0
1088,21.74053,2138,21.74053,0
1089,21.76053,2065,21.76053,0
1090,21.78053,2073,21.78053,0
1091,21.80053,2068,21.80053,1
1092,21.82053,1969,21.82053,2
1093,21.84053,1947,21.84053,0
1094,21.86053,1881,21.86053,1
1095,21.88053,1897,21.88053,0
1096,21.90053,1852,21.90053,1
1097,21.92053,1856,21.92053,2
1098,21.94053,1891,21.94053,0
1099,21.96053,1855,21.96053,1
1100,21.98053,1837,21.98053,0
1101,22.00053,1843,22.00053,1
1102,22.02052,1858,22.02052,0
1103,22.04053,1778,22.04053,0
1104,22.06053,1779,22.06053,2
1105,22.08053,1847,22.08053,1
1106,22.10053,1722,22.10053,1
1107,22.12053,1742,22.12053,0
1108,22.14053,1796,22.14053,0
1109,22.16053,1668,22.16053,0
1110,22.18053,1702,22.18053,0
1111,22.20053,1694,22.20053,0
1112,22.22053,1702,22.22053,1
1113,22.24053,1647,22.24053,1
1114,22.26053,1553,22.26053,1
1115,22.28053,1636,22.28053,2
1116,22.30053,1539,22.30053,0
1117,22.32053,1592,22.32053,0
1118,22.34053,1613,22.34053,0
1119,22.36053,1587,22.36053,0
1120,22.38053,1562,22.38053,2
1121,22.40053,1534,22.40053,1
1122,22.42053,1559,22.42053,0
1123,22.44053,1581,22.44053,1
1124,22.46053,1617,22.46053,0
1125,22.48053,1598,22.48053,0
1126,22.50053,1642,22.50053,1
1127,22.52052,1740,22.52052,1
1128,22.54053,1704,22.54053,1
1129,22.56053,1806,22.56053,2
1130,22.58053,1970,22.58053,0
1131,22.60053,2018,22.60053,0
1132,22.62053,1979,22.62053,0
1133,22.64053,2009,22.64053,0
1134,22.66053,2155,22.66053,0
1135,22.68053,2147,22.68053,0
1136,22.70053,2084,22.70053,0
1137,22.72053,2142,22.72053,1
1138,22.74053,2106,22.74053,0
1139,22.76053,2061,22.76053,0
1140,22.78053,1953,22.78053,1
1141,22.80053,1849,22.80053,1
1142,22.82053,1735,22.82053,0
1143,22.84053,1713,22.84053,0
1144,22.86053,1590,22.86053,0
1145,22.88053,1558,22.88053,0
1146,22.90053,1529,22.90053,0
1147,22.92053,1468,22.92053,0
1148,22.94053,1416,22.94053,2
1149,22.96053,1434,22.96053,1
1150,22.98053,1420,22.98053,0
1151,23.00053,1495,23.00053,0
1152,23.02052,1514,23.02052,2
1153,23.04053,1533,23.04053,1
1154,23.06053,1492,23.06053,0
1155,23.08053,1531,23.08053,1
1156,23.10053,1575,23.10053,0
1157,23.12053,1508,23.12053,0
1158,23.14053,1552,23.14053,1
1159,23.16053,1549,23.16053,0
1160,23.18053,1499,23.18053,1
1161,23.20053,1520,23.20053,0
1162,23.22053,1488,23.22053,0
1163,23.24053,1419,23.24053,0
1164,23.26053,1437,23.26053,1
1165,23.28053,1418,23.28053,1
1166,23.30053,1376,23.30053,1
1167,23.32053,1316,23.32053,0
1168,23.34053,1414,23.34053,0
1169,23.36053,1322,23.36053,0
1170,23.38053,1316,23.38053,1
1171,23.40053,1381,23.40053,1
1172,23.42053,1373,23.42053,0
1173,23.44053,1370,23.44053,0
1174,23.46053,1290,23.46053,0
1175,23.48053,1342,23.48053,0
1176,23.50053,1312,23.50053,0
1177,23.52052,1333,23.52052,0
1178,23.54053,1388,23.54053,0
1179,23.56053,1378,23.56053,0
1180,23.58053,1323,23.58053,0
1181,23.60053,1276,23.60053,0
1182,23.62053,1288,23.62053,1
1183,23.64053,1237,23.64053,1
1184,23.66053,1355,23.66053,1
1185,23.68053,1319,23.68053,0
1186,23.70053,1397,23.70053,0
1187,23.72053,1299,23.72053,0
1188,23.74053,1303,23.74053,0
1189,23.76053,1328,23.76053,1
1190,23.78053,1332,23.78053,1
1191,23.80053,1249,23.80053,2
1192,23.82053,1228,23.82053,1
1193,23.84053,1295,23.84053,0
1194,23.86053,1255,23.86053,0
1195,23.88053,1307,23.88053,1
1196,23.90053,1244,23.90053,0
1197,23.92053,1263,23.92053,0
1198,23.94053,1271,23.94053,0
1199,23.96053,1266,23.96053,1
1200,23.98053,1277,23.98053,0
1201,24.00053,1289,24.00053,0
1202,24.02052,1340,24.02052,0
1203,24.04053,1248,24.04053,0
1204,24.06053,1284,24.06053,0
1205,24.08053,1294,24.08053,0
1206,24.10053,1296,24.10053,0
1207,24.12053,1320,24.12053,1
1208,24.14053,1300,24.14053,0
1209,24.16053,1225,24.16053,1
1210,24.18053,1263,24.18053,0
1211,24.20053,1235,24.20053,0
1212,24.22053,1227,24.22053,0
1213,24.24053,1312,24.24053,1
1214,24.26053,1292,24.26053,1
1215,24.28053,1279,24.28053,0
1216,24.30053,1255,24.30053,0
1217,24.32053,1187,24.32053,0
1218,24.34053,1205,24.34053,0
1219,24.36053,1325,24.36053,0
1220,24.38053,1264,24.38053,1
1221,24.40053,1209,24.40053,1
1222,24.42053,1263,24.42053,0
1223,24.44053,1239,24.44053,0
1224,24.46053,1238,24.46053,1
1225,24.48053,1204,24.48053,0
1226,24.50053,1228,24.50053,0
1227,24.52052,1199,24.52052,0
1228,24.54053,1198,24.54053,0
1229,24.56053,1226,24.56053,0
1230,24.58053,1206,24.58053,0
1231,24.60053,1197,24.60053,0
1232,24.62053,1250,24.62053,0
1233,24.64053,1209,24.64053,0
1234,24.66053,1232,24.66053,0
1235,24.68053,1196,24.68053,0
1236,24.70053,1175,24.70053,0
1237,24.72053,1200,24.72053,1
1238,24.74053,1211,24.74053,0
1239,24.76053,1233,24.76053,0
1240,24.78053,1265,24.78053,0
1241,24.80053,1119,24.80053,0
1242,24.82053,1216,24.82053,0
1243,24.84053,1186,24.84053,0
1244,24.86053,1250,24.86053,1
1245,24.88053,1271,24.88053,0
1246,24.90053,1216,24.90053,0
1247,24.92053,1250,24.92053,0
1248,24.94053,1325,24.94053,0
1249,24.96053,1285,24.96053,1
1250,24.98053,1275,24.98053,0
1251,25.00053,1219,25.00053,0
1252,25.02052,1223,25.02052,1
1253,25.04053,1262,25.04053,0
1254,25.06053,1208,25.06053,0
1255,25.08053,1315,25.08053,0
1256,25.10053,1218,25.10053,0
1257,25.12053,1245,25.12053,0
1258,25.14053,1202,25.14053,0
1259,25.16053,1265,25.16053,0
1260,25.18053,1235,25.18053,1
1261,25.20053,1304,25.20053,1
1262,25.22053,1235,25.22053,0
1263,25.24053,1253,25.24053,0
1264,25.26053,1216,25.26053,0
1265,25.28053,1167,25.28053,0
1266,25.30053,1275,25.30053,1
1267,25.32053,1179,25.32053,0
1268,25.34053,1171,25.34053,1
1269,25.36053,1123,25.36053,0
1270,25.38053,1232,25.38053,0
1271,25.40053,1122,25.40053,1
1272,25.42053,1191,25.42053,0
1273,25.44053,1159,25.44053,0
1274,25.46053,1104,25.46053,0
1275,25.48053,1099,25.48053,0
1276,25.50053,1129,25.50053,0
1277,25.52052,1123,25.52052,0
1278,25.54053,1128,25.54053,1
1279,25.56053,1130,25.56053,0
1280,25.58053,1147,25.58053,0
1281,25.60053,1092,25.60053,0
1282,25.62053,1130,25.62053,0
1283,25.64053,1084,25.64053,0
1284,25.66053,1074,25.66053,0
1285,25.68053,1081,25.68053,0
1286,25.70053,1113,25.70053,1
1287,25.72053,1078,25.72053,0
1288,25.74053,1147,25.74053,0
1289,25.76053,1095,25.76053,0
1290,25.78053,1120,25.78053,0
1291,25.80053,1042,25.80053,0
1292,25.82053,1095,25.82053,0
1293,25.84053,1074,25.84053,0
1294,25.86053,1052,25.86053,0
1295,25.88053,1059,25.88053,0
1296,25.90053,1105,25.90053,0
1297,25.92053,1157,25.92053,1
1298,25.94053,1056,25.94053,0
1299,25.96053,1044,25.96053,1
1300,25.98053,1120,25.98053,0
1301,26.00053,1106,26.00053,0
1302,26.02052,1142,26.02052,0
1303,26.04053,1092,26.04053,1
1304,26.06053,1116,26.06053,0
1305,26.08053,1158,26.08053,0
1306,26.10053,1175,26.10053,0
1307,26.12053,1145,26.12053,1
1308,26.14053,1189,26.14053,0
1309,26.16053,1137,26.16053,0
1310,26.18053,1183,26.18053,0
1311,26.20053,1144,26.20053,0
1312,26.22053,1140,26.22053,0
1313,26.24053,1160,26.24053,0
1314,26.26053,1175,26.26053,0
1315,26.28053,1222,26.28053,0
1316,26.30053,1253,26.30053,0
1317,26.32053,1164,26.32053,0
1318,26.34053,1114,26.34053,0
1319,26.36053,1193,26.36053,1
1320,26.38053,1184,26.38053,0
1321,26.40053,1104,26.40053,0
1322,26.42053,1093,26.42053,0
1323,26.44053,1156,26.44053,0
1324,26.46053,1050,26.46053,0
1325,26.48053,1101,26.48053,0
1326,26.50053,1088,26.50053,0
1327,26.52052,1001,26.52052,0
1328,26.54053,1051,26.54053,0
1329,26.56053,1023,26.56053,0
1330,26.58053,978,26.58053,0
1331,26.60053,1007,26.60053,0
1332,26.62053,995,26.62053,0
1333,26.64053,1023,26.64053,0
1334,26.66053,997,26.66053,0
1335,26.68053,975,26.68053,0
1336,26.70053,1053,26.70053,0
1337,26.72053,1061,26.72053,0
1338,26.74053,1029,26.74053,0
1339,26.76053,949,26.76053,0
1340,26.78053,964,26.78053,0
1341,26.80053,977,26.80053,0
1342,26.82053,923,26.82053,0
1343,26.84053,921,26.84053,0
1344,26.86053,954,26.86053,0
1345,26.88053,989,26.88053,0
1346,26.90053,942,26.90053,0
1347,26.92053,1042,26.92053,0
1348,26.94053,1004,26.94053,0
1349,26.96053,963,26.96053,0
1350,26.98053,975,26.98053,0
1351,27.00053,958,27.00053,0
1352,27.02052,926,27.02052,0
1353,27.04053,907,27.04053,0
1354,27.06053,945,27.06053,0
1355,27.08053,986,27.08053,0
1356,27.10053,971,27.10053,0
1357,27.12053,871,27.12053,0
1358,27.14053,960,27.14053,0
1359,27.16053,935,27.16053,0
1360,27.18053,972,27.18053,0
1361,27.20053,958,27.20053,0
1362,27.22053,955,27.22053,0
1363,27.24053,982,27.24053,0
1364,27.26053,964,27.26053,0
1365,27.28053,875,27.28053,0
1366,27.30053,923,27.30053,0
1367,27.32053,905,27.32053,0
1368,27.34053,901,27.34053,0
1369,27.36053,938,27.36053,0
1370,27.38053,887,27.38053,0
1371,27.40053,933,27.40053,0
1372,27.42053,928,27.42053,0
1373,27.44053,868,27.44053,0
1374,27.46053,905,27.46053,0
1375,27.48053,889,27.48053,0
1376,27.50053,919,27.50053,0
1377,27.52052,902,27.52052,0
1378,27.54053,887,27.54053,0
1379,27.56053,886,27.56053,0
1380,27.58053,913,27.58053,0
1381,27.60053,873,27.60053,0
1382,27.62053,894,27.62053,0
1383,27.64053,948,27.64053,0
1384,27.66053,942,27.66053,0
1385,27.68053,864,27.68053,0
1386,27.70053,832,27.70053,0
1387,27.72053,878,27.72053,0
1388,27.74053,862,27.74053,0
1389,27.76053,861,27.76053,0
1390,27.78053,885,27.78053,0
1391,27.80053,868,27.80053,0
1392,27.82053,868,27.82053,0
1393,27.84053,810,27.84053,0
1394,27.86053,851,27.86053,0
1395,27.88053,891,27.88053,0
1396,27.90053,924,27.90053,0
1397,27.92053,823,27.92053,0
1398,27.94053,855,27.94053,0
1399,27.96053,849,27.96053,0
1400,27.98053,881,27.98053,0
1401,28.00053,883,28.00053,0
1402,28.02052,851,28.02052,0
1403,28.04053,810,28.04053,0
1404,28.06053,881,28.06053,0
1405,28.08053,825,28.08053,0
1406,28.10053,815,28.10053,0
1407,28.12053,848,28.12053,0
1408,28.14053,843,28.14053,0
1409,28.16053,882,28.16053,0
1410,28.18053,799,28.18053,0
1411,28.20053,885,28.20053,0
1412,28.22053,788,28.22053,0
1413,28.24053,803,28.24053,0
1414,28.26053,857,28.26053,0
1415,28.28053,800,28.28053,0
1416,28.30053,827,28.30053,0
1417,28.32053,798,28.32053,0
1418,28.34053,812,28.34053,0
1419,28.36053,808,28.36053,0
1420,28.38053,785,28.38053,0
1421,28.40053,890,28.40053,0
1422,28.42053,788,28.42053,0
1423,28.44053,809,28.44053,0
1424,28.46053,812,28.46053,0
1425,28.48053,824,28.48053,0
1426,28.50053,821,28.50053,0
1427,28.52052,819,28.52052,0
1428,28.54053,801,28.54053,0
1429,28.56053,771,28.56053,0
1430,28.58053,803,28.58053,0
1431,28.60053,778,28.60053,0
1432,28.62053,747,28.62053,0
1433,28.64053,801,28.64053,0
1434,28.66053,775,28.66053,0
1435,28.68053,803,28.68053,0
1436,28.70053,767,28.70053,0
1437,28.72053,782,28.72053,0
1438,28.74053,753,28.74053,0
1439,28.76053,794,28.76053,0
1440,28.78053,750,28.78053,0
1441,28.80053,718,28.80053,0
1442,28.82053,761,28.82053,0
1443,28.84053,745,28.84053,0
1444,28.86053,741,28.86053,0
1445,28.88053,716,28.88053,0
1446,28.90053,723,28.90053,0
1447,28.92053,737,28.92053,0
1448,28.94053,715,28.94053,0
1449,28.96053,743,28.96053,0
1450,28.98053,722,28.98053,0
1451,29.00053,712,29.00053,0
1452,29.02052,754,29.02052,0
1453,29.04053,737,29.04053,0
1454,29.06053,749,29.06053,0
1455,29.08053,705,29.08053,0
1456,29.10053,783,29.10053,0
1457,29.12053,728,29.12053,0
1458,29.14053,681,29.14053,0
1459,29.16053,751,29.16053,0
1460,29.18053,751,29.18053,0
1461,29.20053,728,29.20053,0
1462,29.22053,732,29.22053,0
1463,29.24053,733,29.24053,0
1464,29.26053,650,29.26053,0
1465,29.28053,709,29.28053,0
1466,29.30053,708,29.30053,0
1467,29.32053,669,29.32053,0
1468,29.34053,726,29.34053,0
1469,29.36053,705,29.36053,0
1470,29.38053,722,29.38053,0
1471,29.40053,659,29.40053,0
1472,29.42053,787,29.42053,0
1473,29.44053,752,29.44053,0
1474,29.46053,687,29.46053,0
1475,29.48053,651,29.48053,0
1476,29.50053,663,29.50053,0
1477,29.52052,667,29.52052,0
1478,29.54053,674,29.54053,0
1479,29.56053,693,29.56053,0
1480,29.58053,700,29.58053,0
1481,29.60053,749,29.60053,0
1482,29.62053,735,29.62053,0
1483,29.64053,728,29.64053,0
1484,29.66053,733,29.66053,0
1485,29.68053,700,29.68053,0
1486,29.70053,687,29.70053,0
1487,29.72053,672,29.72053,0
1488,29.74053,676,29.74053,0
1489,29.76053,649,29.76053,0
1490,29.78053,711,29.78053,0
1491,29.80053,697,29.80053,0
1492,29.82053,671,29.82053,0
1493,29.84053,634,29.84053,0
1494,29.86053,659,29.86053,0
1495,29.88053,677,29.88053,0
1496,29.90053,633,29.90053,0
1497,29.92053,592,29.92053,0
1498,29.94053,650,29.94053,0
1499,29.96053,638,29.96053,0
1500,29.98053,633,29.98053,0
1501,30.00053,653,30.00053,0
1502,30.02052,634,30.02052,0
1503,30.04053,646,30.04053,0
1504,30.06053,620,30.06053,0
1505,30.08053,631,30.08053,0
1506,30.10053,648,30.10053,0
1507,30.12053,666,30.12053,0
1508,30.14053,586,30.14053,0
1509,30.16053,623,30.16053,0
1510,30.18053,636,30.18053,0
1511,30.20053,611,30.20053,0
1512,30.22053,633,30.22053,0
1513,30.24053,613,30.24053,0
1514,30.26053,590,30.26053,0
1515,30.28053,610,30.28053,0
1516,30.30053,563,30.30053,0
1517,30.32053,600,30.32053,0
1518,30.34053,594,30.34053,0
1519,30.36053,624,30.36053,0
1520,30.38053,563,30.38053,0
1521,30.40053,630,30.40053,0
1522,30.42053,576,30.42053,0
1523,30.44053,597,30.44053,0
1524,30.46053,609,30.46053,0
1525,30.48053,616,30.48053,0
1526,30.50053,600,30.50053,0
1527,30.52052,616,30.52052,0
1528,30.54053,564,30.54053,0
1529,30.56053,551,30.56053,0
1530,30.58053,625,30.58053,0
1531,30.60053,581,30.60053,0
1532,30.62053,561,30.62053,0
1533,30.64053,565,30.64053,0
1534,30.66053,580,30.66053,0
1535,30.68053,541,30.68053,0
1536,30.70053,585,30.70053,0
1537,30.72053,577,30.72053,0
1538,30.74053,580,30.74053,0
1539,30.76053,554,30.76053,0
1540,30.78053,599,30.78053,0
1541,30.80053,573,30.80053,0
1542,30.82053,503,30.82053,0
1543,30.84053,553,30.84053,0
1544,30.86053,564,30.86053,0
1545,30.88053,572,30.88053,0
1546,30.90053,489,30.90053,0
1547,30.92053,516,30.92053,0
1548,30.94053,535,30.94053,0
1549,30.96053,546,30.96053,0
1550,30.98053,516,30.98053,0
1551,31.00053,507,31.00053,0
1552,31.02052,547,31.02052,0
1553,31.04053,498,31.04053,0
1554,31.06053,510,31.06053,0
1555,31.08053,485,31.08053,0
1556,31.10053,485,31.10053,0
1557,31.12053,548,31.12053,0
1558,31.14053,574,31.14053,0
1559,31.16053,491,31.16053,0
1560,31.18053,548,31.18053,0
1561,31.20053,481,31.20053,0
1562,31.22053,485,31.22053,0
1563,31.24053,470,31.24053,0
1564,31.26053,533,31.26053,0
1565,31.28053,539,31.28053,0
1566,31.30053,462,31.30053,0
1567,31.32053,498,31.32053,0
1568,31.34053,500,31.34053,0
1569,31.36053,497,31.36053,0
1570,31.38053,494,31.38053,0
1571,31.40053,504,31.40053,0
1572,31.42053,494,31.42053,0
1573,31.44053,489,31.44053,0
1574,31.46053,509,31.46053,0
1575,31.48053,478,31.48053,0
1576,31.50053,485,31.50053,0
1577,31.52052,478,31.52052,0
1578,31.54053,500,31.54053,0
1579,31.56053,464,31.56053,0
1580,31.58053,501,31.58053,0
1581,31.60053,491,31.60053,0
1582,31.62053,496,31.62053,0
1583,31.64053,511,31.64053,0
1584,31.66053,493,31.66053,0
1585,31.68053,517,31.68053,0
1586,31.70053,543,31.70053,0
1587,31.72053,466,31.72053,0
1588,31.74053,484,31.74053,0
1589,31.76053,492,31.76053,0
1590,31.78053,506,31.78053,0
1591,31.80053,502,31.80053,0
1592,31.82053,456,31.82053,0
1593,31.84053,458,31.84053,0
1594,31.86053,451,31.86053,0
1595,31.88053,481,31.88053,0
1596,31.90053,440,31.90053,0
1597,31.92053,409,31.92053,0
1598,31.94053,464,31.94053,0
1599,31.96053,454,31.96053,0
1600,31.98053,464,31.98053,0
1601,32.00053,472,32.00053,0
1602,32.02053,483,32.02053,0
1603,32.04053,468,32.04053,0
1604,32.06052,432,32.06052,0
1605,32.08052,474,32.08052,0
1606,32.10052,499,32.10052,0
1607,32.12053,453,32.12053,0
1608,32.14053,475,32.14053,0
1609,32.16053,490,32.16053,0
1610,32.18053,440,32.18053,0
1611,32.20053,478,32.20053,0
1612,32.22053,440,32.22053,0
1613,32.24052,455,32.24052,0
1614,32.26052,396,32.26052,0
1615,32.28053,438,32.28053,0
1616,32.30053,395,32.30053,0
1617,32.32053,374,32.32053,0
1618,32.34053,398,32.34053,0
1619,32.36053,427,32.36053,0
1620,32.38053,413,32.38053,0
1621,32.40052,362,32.40052,0
1622,32.42052,391,32.42052,0
1623,32.44053,384,32.44053,0
1624,32.46053,398,32.46053,0
1625,32.48053,388,32.48053,0
1626,32.50053,355,32.50053,0
1627,32.52053,361,32.52053,0
1628,32.54053,368,32.54053,0
1629,32.56052,321,32.56052,0
1630,32.58052,362,32.58052,0
1631,32.60052,412,32.60052,0
1632,32.62053,369,32.62053,0
1633,32.64053,344,32.64053,0
1634,32.66053,357,32.66053,0
1635,32.68053,372,32.68053,0
1636,32.70053,336,32.70053,0
1637,32.72053,365,32.72053,0
1638,32.74052,329,32.74052,0
1639,32.76052,334,32.76052,0
1640,32.78053,353,32.78053,0
1641,32.80053,366,32.80053,0
1642,32.82053,322,32.82053,0
1643,32.84053,355,32.84053,0
1644,32.86053,307,32.86053,0
1645,32.88053,348,32.88053,0
1646,32.90052,330,32.90052,0
1647,32.92052,334,32.92052,0
1648,32.94053,299,32.94053,0
1649,32.96053,280,32.96053,0
1650,32.98053,322,32.98053,0
1651,33.00053,329,33.00053,0
1652,33.02053,340,33.02053,0
1653,33.04053,316,33.04053,0
1654,33.06052,342,33.06052,0
1655,33.08052,292,33.08052,0
1656,33.10052,282,33.10052,0
1657,33.12053,286,33.12053,0
1658,33.14053,318,33.14053,0
1659,33.16053,315,33.16053,0
1660,33.18053,283,33.18053,0
1661,33.20053,284,33.20053,0
1662,33.22053,310,33.22053,0
1663,33.24052,282,33.24052,0
1664,33.26052,277,33.26052,0
1665,33.28053,284,33.28053,0
1666,33.30053,288,33.30053,0
1667,33.32053,288,33.32053,0
1668,33.34053,255,33.34053,0
1669,33.36053,264,33.36053,0
1670,33.38053,275,33.38053,0
1671,33.40052,264,33.40052,0
1672,33.42052,283,33.42052,0
1673,33.44053,292,33.44053,0
1674,33.46053,272,33.46053,0
1675,33.48053,254,33.48053,0
1676,33.50053,240,33.50053,0
1677,33.52053,266,33.52053,0
1678,33.54053,238,33.54053,0
1679,33.56052,266,33.56052,0
1680,33.58052,253,33.58052,0
1681,33.60052,230,33.60052,0
1682,33.62053,234,33.62053,0
1683,33.64053,244,33.64053,0
1684,33.66053,222,33.66053,0
1685,33.68053,258,33.68053,0
1686,33.70053,229,33.70053,0
1687,33.72053,225,33.72053,0
1688,33.74052,258,33.74052,0
1689,33.76052,229,33.76052,0
1690,33.78053,248,33.78053,0
1691,33.80053,235,33.80053,0
1692,33.82053,242,33.82053,0
1693,33.84053,202,33.84053,0
1694,33.86053,221,33.86053,0
1695,33.88053,223,33.88053,0
1696,33.90052,221,33.90052,0
1697,33.92052,224,33.92052,0
1698,33.94053,208,33.94053,0
1699,33.96053,198,33.96053,0
1700,33.98053,193,33.98053,0
1701,34.00053,214,34.00053,0
1702,34.02053,217,34.02053,0
1703,34.04053,198,34.04053,0
1704,34.06052,186,34.06052,0
1705,34.08052,190,34.08052,0
1706,34.10052,187,34.10052,0
1707,34.12053,205,34.12053,0
1708,34.14053,194,34.14053,0
1709,34.16053,214,34.16053,0
1710,34.18053,196,34.18053,0
1711,34.20053,187,34.20053,0
1712,34.22053,182,34.22053,0
1713,34.24052,192,34.24052,0
1714,34.26052,171,34.26052,0
1715,34.28053,185,34.28053,0
1716,34.30053,182,34.30053,0
1717,34.32053,170,34.32053,0
1718,34.34053,170,34.34053,0
1719,34.36053,182,34.36053,0
1720,34.38053,147,34.38053,0
1721,34.40052,168,34.40052,0
1722,34.42052,143,34.42052,0
1723,34.44053,162,34.44053,0
1724,34.46053,158,34.46053,0
1725,34.48053,172,34.48053,0
1726,34.50053,164,34.50053,0
1727,34.52053,166,34.52053,0
1728,34.54053,134,34.54053,0
1729,34.56052,159,34.56052,0
1730,34.58052,131,34.58052,0
1731,34.60052,149,34.60052,0
1732,34.62053,133,34.62053,0
1733,34.64053,161,34.64053,0
1734,34.66053,135,34.66053,0
1735,34.68053,149,34.68053,0
1736,34.70053,133,34.70053,0
1737,34.72053,130,34.72053,0
1738,34.74052,136,34.74052,0
1739,34.76052,113,34.76052,0
1740,34.78053,124,34.78053,0
1741,34.80053,130,34.80053,0
1742,34.82053,130,34.82053,0
1743,34.84053,111,34.84053,0
1744,34.86053,147,34.86053,0
1745,34.88053,127,34.88053,0
1746,34.90052,116,34.90052,0
1747,34.92052,98,34.92052,0
1748,34.94053,115,34.94053,0
1749,34.96053,119,34.96053,0
1750,34.98053,112,34.98053,0
1751,35.00053,102,35.00053,0
1752,35.02053,133,35.02053,0
1753,35.04053,88,35.04053,0
1754,35.06052,102,35.06052,0
1755,35.08052,104,35.08052,0
1756,35.10052,100,35.10052,0
1757,35.12053,91,35.12053,0
1758,35.14053,83,35.14053,0
1759,35.16053,90,35.16053,0
1760,35.18053,89,35.18053,0
1761,35.20053,95,35.20053,0
1762,35.22053,88,35.22053,0
1763,35.24052,98,35.24052,0
1764,35.26052,89,35.26052,0
1765,35.28053,89,35.28053,0
1766,35.30053,82,35.30053,0
1767,35.32053,71,35.32053,0
1768,35.34053,82,35.34053,0
1769,35.36053,85,35.36053,0
1770,35.38053,76,35.38053,0
1771,35.40052,77,35.40052,0
1772,35.42052,62,35.42052,0
1773,35.44053,69,35.44053,0
1774,35.46053,68,35.46053,0
1775,35.48053,58,35.48053,0
1776,35.50053,73,35.50053,0
1777,35.52053,55,35.52053,0
1778,35.54053,77,35.54053,0
1779,35.56052,71,35.56052,0
1780,35.58052,61,35.58052,0
1781,35.60052,62,35.60052,0
1782,35.62053,54,35.62053,0
1783,35.64053,58,35.64053,0
1784,35.66053,61,35.66053,0
1785,35.68053,71,35.68053,0
1786,35.70053,54,35.70053,0
1787,35.72053,51,35.72053,0
1788,35.74052,50,35.74052,0
1789,35.76052,42,35.76052,0
1790,35.78053,48,35.78053,0
1791,35.80053,63,35.80053,0
1792,35.82053,46,35.82053,0
1793,35.84053,62,35.84053,0
1794,35.86053,40,35.86053,0
1795,35.88053,56,35.88053,0
1796,35.90052,49,35.90052,0
1797,35.92052,53,35.92052,0
1798,35.94053,50,35.94053,0
1799,35.96053,32,35.96053,0
1800,35.98053,54,35.98053,0
1801,36.00053,54,36.00053,0
1802,36.02053,45,36.02053,0
1803,36.04053,43,36.04053,0
1804,36.06052,37,36.06052,0
1805,36.08052,39,36.08052,0
1806,36.10052,54,36.10052,0
1807,36.12053,49,36.12053,0
1808,36.14053,39,36.14053,0
1809,36.16053,50,36.16053,0
1810,36.18053,45,36.18053,0
1811,36.20053,45,36.20053,0
1812,36.22053,49,36.22053,0
1813,36.24052,41,36.24052,0
1814,36.26052,45,36.26052,0
1815,36.28053,47,36.28053,0
1816,36.30053,31,36.30053,0
1817,36.32053,43,36.32053,0
1818,36.34053,42,36.34053,0
1819,36.36053,43,36.36053,0
1820,36.38053,49,36.38053,0
1821,36.40052,47,36.40052,0
1822,36.42052,45,36.42052,0
1823,36.44053,36,36.44053,0
1824,36.46053,34,36.46053,0
1825,36.48053,34,36.48053,0
1826,36.50053,32,36.50053,0
1827,36.52053,27,36.52053,0
1828,36.54053,42,36.54053,0
1829,36.56052,41,36.56052,0
1830,36.58052,23,36.58052,0
1831,36.60052,26,36.60052,0
1832,36.62053,40,36.62053,0
1833,36.64053,27,36.64053,0
1834,36.66053,35,36.66053,0
1835,36.68053,35,36.68053,0
1836,36.70053,38,36.70053,0
1837,36.72053,25,36.72053,0
1838,36.74052,36,36.74052,0
1839,36.76052,31,36.76052,0
1840,36.78053,23,36.78053,0
1841,36.80053,19,36.80053,0
1842,36.82053,26,36.82053,0
1843,36.84053,21,36.84053,0
1844,36.86053,29,36.86053,0
1845,36.88053,32,36.88053,0
1846,36.90052,25,36.90052,0
1847,36.92052,15,36.92052,0
1848,36.94053,23,36.94053,0
1849,36.96053,29,36.96053,0
1850,36.98053,26,36.98053,0
1851,37.00053,23,37.00053,0
1852,37.02053,19,37.02053,0
1853,37.04053,28,37.04053,0
1854,37.06052,18,37.06052,0
1855,37.08052,22,37.08052,0
1856,37.10052,21,37.10052,0
1857,37.12053,24,37.12053,0
1858,37.14053,33,37.14053,0
1859,37.16053,29,37.16053,0
1860,37.18053,21,37.18053,0
1861,37.20053,18,37.20053,0
1862,37.22053,23,37.22053,0
1863,37.24052,27,37.24052,0
1864,37.26052,30,37.26052,0
1865,37.28053,25,37.28053,0
1866,37.30053,24,37.30053,0
1867,37.32053,27,37.32053,0
1868,37.34053,19,37.34053,0
1869,37.36053,26,37.36053,0
1870,37.38053,19,37.38053,0
1871,37.40052,13,37.40052,0
1872,37.42052,21,37.42052,0
1873,37.44053,29,37.44053,0
1874,37.46053,24,37.46053,0
1875,37.48053,18,37.48053,0
1876,37.50053,30,37.50053,0
1877,37.52053,16,37.52053,0
1878,37.54053,25,37.54053,0
1879,37.56052,25,37.56052,0
1880,37.58052,21,37.58052,0
1881,37.60052,19,37.60052,0
1882,37.62053,23,37.62053,0
1883,37.64053,15,37.64053,0
1884,37.66053,21,37.66053,0
1885,37.68053,16,37.68053,0
1886,37.70053,18,37.70053,0
1887,37.72053,23,37.72053,0
1888,37.74052,17,37.74052,0
1889,37.76052,11,37.76052,0
1890,37.78053,17,37.78053,0
1891,37.80053,10,37.80053,0
1892,37.82053,19,37.82053,0
1893,37.84053,9,37.84053,0
1894,37.86053,13,37.86053,0
1895,37.88053,19,37.88053,0
1896,37.90052,15,37.90052,0
1897,37.92052,24,37.92052,0
1898,37.94053,17,37.94053,0
1899,37.96053,13,37.96053,0
1900,37.98053,20,37.98053,0
1901,38.00053,18,38.00053,0
1902,38.02053,26,38.02053,0
1903,38.04053,16,38.04053,0
1904,38.06052,29,38.06052,0
1905,38.08052,20,38.08052,0
1906,38.10052,12,38.10052,0
1907,38.12053,17,38.12053,0
1908,38.14053,17,38.14053,0
1909,38.16053,20,38.16053,0
1910,38.18053,16,38.18053,0
1911,38.20053,20,38.20053,0
1912,38.22053,14,38.22053,0
1913,38.24052,12,38.24052,0
1914,38.26052,15,38.26052,0
1915,38.28053,18,38.28053,0
1916,38.30053,17,38.30053,0
1917,38.32053,26,38.32053,0
1918,38.34053,16,38.34053,0
1919,38.36053,17,38.36053,0
1920,38.38053,13,38.38053,0
1921,38.40052,16,38.40052,0
1922,38.42052,15,38.42052,0
1923,38.44053,9,38.44053,0
1924,38.46053,10,38.46053,0
1925,38.48053,19,38.48053,0
1926,38.50053,14,38.50053,0
1927,38.52053,17,38.52053,0
1928,38.54053,9,38.54053,0
1929,38.56052,12,38.56052,0
1930,38.58052,13,38.58052,0
1931,38.60052,18,38.60052,0
1932,38.62053,19,38.62053,0
1933,38.64053,9,38.64053,0
1934,38.66053,8,38.66053,0
1935,38.68053,10,38.68053,0
1936,38.70053,14,38.70053,0
1937,38.72053,15,38.72053,0
1938,38.74052,11,38.74052,0
1939,38.76052,13,38.76052,0
1940,38.78053,13,38.78053,0
1941,38.80053,14,38.80053,0
1942,38.82053,10,38.82053,0
1943,38.84053,17,38.84053,0
1944,38.86053,9,38.86053,0
1945,38.88053,14,38.88053,0
1946,38.90052,17,38.90052,0
1947,38.92052,8,38.92052,0
1948,38.94053,13,38.94053,0
1949,38.96053,14,38.96053,0
1950,38.98053,16,38.98053,0
1951,39.00053,16,39.00053,0
1952,39.02053,14,39.02053,0
1953,39.04053,12,39.04053,0
1954,39.06052,16,39.06052,0
1955,39.08052,8,39.08052,0
1956,39.10052,12,39.10052,0
1957,39.12053,10,39.12053,0
1958,39.14053,10,39.14053,0
1959,39.16053,10,39.16053,0
1960,39.18053,12,39.18053,0
1961,39.20053,9,39.20053,0
1962,39.22053,18,39.22053,0
1963,39.24052,8,39.24052,0
1964,39.26052,4,39.26052,0
1965,39.28053,8,39.28053,0
1966,39.30053,11,39.30053,0
1967,39.32053,19,39.32053,0
1968,39.34053,16,39.34053,0
1969,39.36053,7,39.36053,0
1970,39.38053,13,39.38053,0
1971,39.40052,7,39.40052,0
1972,39.42052,9,39.42052,0
1973,39.44053,7,39.44053,0
1974,39.46053,13,39.46053,0
1975,39.48053,11,39.48053,0
1976,39.50053,13,39.50053,0
1977,39.52053,8,39.52053,0
1978,39.54053,14,39.54053,0
1979,39.56052,4,39.56052,0
1980,39.58052,13,39.58052,0
1981,39.60052,7,39.60052,0
1982,39.62053,8,39.62053,0
1983,39.64053,7,39.64053,0
1984,39.66053,13,39.66053,0
1985,39.68053,9,39.68053,0
1986,39.70053,9,39.70053,0
1987,39.72053,5,39.72053,0
1988,39.74052,7,39.74052,0
1989,39.76052,11,39.76052,0
1990,39.78053,18,39.78053,0
1991,39.80053,11,39.80053,0
1992,39.82053,7,39.82053,0
1993,39.84053,10,39.84053,0
1994,39.86053,10,39.86053,0
1995,39.88053,10,39.88053,0
1996,39.90052,8,39.90052,0
1997,39.92052,8,39.92052,0
1998,39.94053,7,39.94053,0
1999,39.96053,10,39.96053,0
2000,39.98053,7,39.98053,0
2001,40.00053,6,40.00053,0
2002,40.02053,5,40.02053,0
2003,40.04053,7,40.04053,0
2004,40.06052,13,40.06052,0
2005,40.08052,5,40.08052,0
2006,40.10052,8,40.10052,0
2007,40.12053,8,40.12053,0
2008,40.14053,7,40.14053,0
2009,40.16053,12,40.16053,0
2010,40.18053,7,40.18053,0
2011,40.20053,9,40.20053,0
2012,40.22053,8,40.22053,0
2013,40.24052,5,40.24052,0
2014,40.26052,10,40.26052,0
2015,40.28053,12,40.28053,0
2016,40.30053,4,40.30053,0
2017,40.32053,13,40.32053,0
2018,40.34053,8,40.34053,0
2019,40.36053,11,40.36053,0
2020,40.38053,8,40.38053,0
2021,40.40052,9,40.40052,0
2022,40.42052,5,40.42052,0
2023,40.44053,7,40.44053,0
2024,40.46053,7,40.46053,0
2025,40.48053,9,40.48053,0
2026,40.50053,8,40.50053,0
2027,40.52053,9,40.52053,0
2028,40.54053,17,40.54053,0
2029,40.56052,7,40.56052,0
2030,40.58052,11,40.58052,0
2031,40.60052,6,40.60052,0
2032,40.62053,7,40.62053,0
2033,40.64053,9,40.64053,0
2034,40.66053,6,40.66053,0
2035,40.68053,6,40.68053,0
2036,40.70053,6,40.70053,0
2037,40.72053,6,40.72053,0
2038,40.74052,8,40.74052,0
2039,40.76052,7,40.76052,0
2040,40.78053,6,40.78053,0
2041,40.80053,12,40.80053,0
2042,40.82053,9,40.82053,0
2043,40.84053,7,40.84053,0
2044,40.86053,6,40.86053,0
2045,40.88053,13,40.88053,0
2046,40.90052,3,40.90052,0
2047,40.92052,8,40.92052,0
2048,40.94053,5,40.94053,0
