Bruker AXS HMP Instrument Tools Complete CSV
FileName,C:\MeinZeugs\Uni\Publikationen\2025\MeIn pXRF\DAQ\Device_monitoring_sample_element_precision_Schauer\data_raw\Example_Drift\04635-Mudrock Dual.pdz
SerialString,SG2-6390
TubeTargetElement,45
NumberOfSpectra,2
SampleID,
AcquisitionDateTime,5/8/2025 1:03:02 PM
TotalElapsedTimeInSeconds,120
AnodeTakeOffAngle,45
SampleIncidenceAngle,45
BeThicknessInMicroMeters,125
SampleTakeOffAngle,65
SpotSizeUsed,8
NumberOfUserCustomFields,5
UserCustomFieldHeader,FieldName,FieldValue
UserCustomField,Operator,Supervisor
UserCustomField,Material,Standard
UserCustomField,ID,
UserCustomField,Probe,SdAR_M2
UserCustomField,Projekt,ESPRIT_Trocknungsexperimente
AnalysisMode,32
AnalysisType,1
UsedAutoCalSelect,False
ResultUnits,PPM
ErrorMultiplier,2
CalFileName,MudrockDual
CalPackageName,
CalPackagePartNumber,
TypeStandardizationSetName,
NumberOfElementsInCalculatedResults,27
CalculatedResults:AtomicNum,ElementSymbol,Units,Value,TypeStandardizedValue,Error,RangeMin,RangeMax,Tramp,Nominal
12,Mg,PPM,0.3494358,0.3494358,0.05051845,0,0,False,False
13,Al,PPM,4.826699,4.826699,0.03138429,0,0,False,False
14,Si,PPM,25.24179,25.24179,0.04275021,0,0,False,False
15,P,PPM,0.02422083,0.02422083,0.00300535,0,0,False,False
16,S,PPM,0.2099518,0.2099518,0.002803228,0,0,False,False
19,K,PPM,3.607812,3.607812,0.006629891,0,0,False,False
20,Ca,PPM,0.6814567,0.6814567,0.002354097,0,0,False,False
22,Ti,PPM,0.1476703,0.1476703,0.001128623,0,0,False,False
23,V,PPM,0.006424848,0.006424848,0.0005781827,0,0,False,False
24,Cr,PPM,0.003973118,0.003973118,0.000343568,0,0,False,False
25,Mn,PPM,0.09301463,0.09301463,0.0006113111,0,0,False,False
26,Fe,PPM,1.915019,1.915019,0.002675386,0,0,False,False
27,Co,PPM,5.959104E-05,5.959104E-05,6.993538E-05,0,0,False,False
28,Ni,PPM,0.005077941,0.005077941,0.000176152,0,0,False,False
29,Cu,PPM,0.02930381,0.02930381,0.0003012354,0,0,False,False
30,Zn,PPM,0.09008541,0.09008541,0.0004190014,0,0,False,False
33,As,PPM,0.04127759,0.04127759,0.0002519878,0,0,False,False
37,Rb,PPM,0.01568765,0.01568765,0.0001219172,0,0,False,False
38,Sr,PPM,0.01530279,0.01530279,0.0001251215,0,0,False,False
39,Y,PPM,0.005630532,0.005630532,0.0001208683,0,0,False,False
40,Zr,PPM,0.02259239,0.02259239,0.0001335128,0,0,False,False
41,Nb,PPM,0.002116815,0.002116815,0.0001024726,0,0,False,False
42,Mo,PPM,0.002500887,0.002500887,0.000112567,0,0,False,False
56,Ba,PPM,0.147544,0.147544,0.007888748,0,0,False,False
82,Pb,PPM,0.04671148,0.04671148,0.0002458909,0,0,False,False
90,Th,PPM,0.001806024,0.001806024,2.776773E-05,0,0,False,False
92,U,PPM,0.0003565949,0.0003565949,0.0002559213,0,0,False,False
MatchSpreadThreshold,0.05
IsTrampEnabled,False
IsNominalEnabled,False
NumberOfGradeIDMatchResults,3
GradeIDMatchResultsHeader,GradeID,MatchConfidence
GradeIDMatchResult,,0
GradeIDMatchResult,,0
GradeIDMatchResult,,0
ParametersForEachSpectrum,Spectrum 1,,Spectrum 2,
XrayVoltageInkV,40,,15,
XrayFilamentCurrentInMicroAmps,38.85,,27.9,
RawCounts,3387612,,3401238,
ValidCounts,2837487,,2986307,
eVPerChannel,20,,20,
StartingKeV,0.0006026551,,0.0006026551,
ZeroOffsetInKeV,-0.0006026551,,-0.0006026551,
StartingChannel,0.03013275,,0.03013275,
NumberOfChannels,2048,,2048,
CountsPerSecond,68148.87,,62588.34,
XilinxFirmwareVersion,,,,
IlluminationID,MudRock Trace40,,MudRock Maj15,
Filter1ElementAtomicNum,22,,0,
Filter1Thickness,25,,0,
Filter2ElementAtomicNum,13,,0,
Filter2Thickness,300,,0,
Filter3ElementAtomicNum,0,,0,
Filter3Thickness,0,,0,
AcquisitionDateTime,5/8/2025 1:03:02 PM,,5/8/2025 1:03:02 PM,
LiveTimeInSeconds,41.85801,,46.73999,
DeadTimeInSeconds,7.851003,,7.602998,
ResetTimeInSeconds,6.491999,,1.860001,
DetectorTempInC,-27,,-27,
AmbientTempInF,105.3,,105.3,
NosePressureInMilliBars,990.0001,,990.0001,
NoseTemperatureInC,33,,33,
ActiveTimeInSeconds,49.709,,54.343,
PacketTimeInSeconds,56.201,,56.203,
CommunicationTimeInSeconds,,,,
ElapsedClockTimeInSeconds,60,,60,
Spectrum:ChannelNumber,ChannelStartInKeV,ChannelCount,ChannelStartInKeV,ChannelCount
1,0.0006026551,0,0.0006026551,0
2,0.02060265,0,0.02060265,0
3,0.04060265,0,0.04060265,0
4,0.06060265,0,0.06060265,0
5,0.08060265,0,0.08060265,0
6,0.1006027,0,0.1006027,0
7,0.1206027,0,0.1206027,0
8,0.1406026,0,0.1406026,0
9,0.1606027,0,0.1606027,0
10,0.1806027,0,0.1806027,0
11,0.2006027,0,0.2006027,0
12,0.2206027,0,0.2206027,0
13,0.2406027,0,0.2406027,0
14,0.2606027,0,0.2606027,0
15,0.2806027,3,0.2806027,7
16,0.3006026,98,0.3006026,79
17,0.3206027,620,0.3206027,597
18,0.3406027,2670,0.3406027,2615
19,0.3606026,6769,0.3606026,7511
20,0.3806027,10803,0.3806027,12445
21,0.4006027,10647,0.4006027,12319
22,0.4206026,6536,0.4206026,7242
23,0.4406027,2414,0.4406027,2669
24,0.4606026,584,0.4606026,558
25,0.4806027,106,0.4806027,96
26,0.5006027,14,0.5006027,12
27,0.5206026,3,0.5206026,1
28,0.5406027,4,0.5406027,1
29,0.5606027,2,0.5606027,1
30,0.5806026,3,0.5806026,2
31,0.6006026,1,0.6006026,2
32,0.6206027,1,0.6206027,1
33,0.6406026,1,0.6406026,1
34,0.6606026,0,0.6606026,0
35,0.6806027,681,0.6806027,97
36,0.7006027,673,0.7006027,87
37,0.7206026,677,0.7206026,81
38,0.7406027,648,0.7406027,79
39,0.7606027,677,0.7606027,93
40,0.7806026,631,0.7806026,87
41,0.8006027,638,0.8006027,83
42,0.8206027,603,0.8206027,90
43,0.8406026,630,0.8406026,100
44,0.8606027,631,0.8606027,119
45,0.8806027,576,0.8806027,134
46,0.9006026,621,0.9006026,164
47,0.9206027,603,0.9206027,210
48,0.9406027,590,0.9406027,266
49,0.9606026,639,0.9606026,261
50,0.9806027,607,0.9806027,223
51,1.000603,593,1.000603,181
52,1.020603,553,1.020603,140
53,1.040603,602,1.040603,169
54,1.060603,565,1.060603,186
55,1.080603,620,1.080603,145
56,1.100603,570,1.100603,187
57,1.120603,587,1.120603,153
58,1.140603,594,1.140603,158
59,1.160603,565,1.160603,185
60,1.180603,590,1.180603,207
61,1.200603,597,1.200603,239
62,1.220603,581,1.220603,290
63,1.240603,554,1.240603,229
64,1.260603,549,1.260603,209
65,1.280603,514,1.280603,184
66,1.300603,534,1.300603,140
67,1.320603,509,1.320603,125
68,1.340603,504,1.340603,146
69,1.360603,520,1.360603,205
70,1.380603,534,1.380603,406
71,1.400603,509,1.400603,947
72,1.420603,573,1.420603,2152
73,1.440603,638,1.440603,4189
74,1.460603,664,1.460603,6292
75,1.480603,677,1.480603,7312
76,1.500603,638,1.500603,6717
77,1.520603,607,1.520603,5042
78,1.540603,585,1.540603,3346
79,1.560603,524,1.560603,2329
80,1.580603,506,1.580603,1722
81,1.600603,497,1.600603,1441
82,1.620603,496,1.620603,2250
83,1.640603,523,1.640603,6426
84,1.660603,639,1.660603,17603
85,1.680603,961,1.680603,38831
86,1.700603,1330,1.700603,69335
87,1.720603,1587,1.720603,94136
88,1.740603,1643,1.740603,98845
89,1.760603,1476,1.760603,81118
90,1.780603,1075,1.780603,52773
91,1.800603,817,1.800603,28409
92,1.820603,588,1.820603,13918
93,1.840603,491,1.840603,7276
94,1.860603,530,1.860603,4124
95,1.880603,433,1.880603,2238
96,1.900603,443,1.900603,1158
97,1.920603,460,1.920603,657
98,1.940603,381,1.940603,481
99,1.960603,397,1.960603,489
100,1.980603,384,1.980603,463
101,2.000603,398,2.000603,436
102,2.020603,372,2.020603,466
103,2.040603,396,2.040603,389
104,2.060603,390,2.060603,344
105,2.080603,361,2.080603,310
106,2.100603,364,2.100603,234
107,2.120603,349,2.120603,273
108,2.140603,365,2.140603,238
109,2.160603,368,2.160603,303
110,2.180603,357,2.180603,324
111,2.200603,381,2.200603,370
112,2.220603,339,2.220603,490
113,2.240603,371,2.240603,734
114,2.260603,364,2.260603,1114
115,2.280603,356,2.280603,1537
116,2.300603,397,2.300603,1866
117,2.320603,380,2.320603,1963
118,2.340603,383,2.340603,1750
119,2.360603,376,2.360603,1562
120,2.380603,384,2.380603,1341
121,2.400603,359,2.400603,1148
122,2.420603,340,2.420603,1102
123,2.440603,379,2.440603,984
124,2.460603,350,2.460603,987
125,2.480603,329,2.480603,833
126,2.500603,328,2.500603,772
127,2.520603,367,2.520603,782
128,2.540603,305,2.540603,825
129,2.560603,283,2.560603,978
130,2.580603,301,2.580603,1530
131,2.600603,283,2.600603,2489
132,2.620603,315,2.620603,4251
133,2.640603,263,2.640603,6765
134,2.660603,281,2.660603,9710
135,2.680603,302,2.680603,11732
136,2.700603,257,2.700603,12156
137,2.720603,255,2.720603,10858
138,2.740603,257,2.740603,8045
139,2.760603,227,2.760603,6403
140,2.780603,258,2.780603,5681
141,2.800603,219,2.800603,6092
142,2.820603,284,2.820603,6762
143,2.840603,262,2.840603,6952
144,2.860603,275,2.860603,7061
145,2.880603,326,2.880603,6639
146,2.900603,376,2.900603,7107
147,2.920603,476,2.920603,7796
148,2.940603,492,2.940603,8713
149,2.960603,501,2.960603,8693
150,2.980603,446,2.980603,7514
151,3.000603,366,3.000603,5767
152,3.020603,306,3.020603,3945
153,3.040603,262,3.040603,2533
154,3.060603,270,3.060603,1721
155,3.080603,224,3.080603,1297
156,3.100603,228,3.100603,1245
157,3.120603,252,3.120603,1355
158,3.140603,272,3.140603,1633
159,3.160603,301,3.160603,2012
160,3.180603,342,3.180603,3027
161,3.200603,599,3.200603,5643
162,3.220603,1064,3.220603,11367
163,3.240603,1888,3.240603,22096
164,3.260603,3066,3.260603,37141
165,3.280603,4185,3.280603,53937
166,3.300603,5026,3.300603,64891
167,3.320603,5071,3.320603,65530
168,3.340603,4265,3.340603,55264
169,3.360603,3185,3.360603,39672
170,3.380603,1882,3.380603,23756
171,3.400603,1093,3.400603,12167
172,3.420603,549,3.420603,5722
173,3.440603,325,3.440603,2701
174,3.460603,259,3.460603,1828
175,3.480603,252,3.480603,1979
176,3.500603,334,3.500603,2905
177,3.520603,440,3.520603,4333
178,3.540603,687,3.540603,6483
179,3.560603,737,3.560603,8640
180,3.580603,942,3.580603,10667
181,3.600603,1147,3.600603,11690
182,3.620603,1225,3.620603,12412
183,3.640603,1277,3.640603,13499
184,3.660603,1459,3.660603,14391
185,3.680603,1421,3.680603,14835
186,3.700603,1375,3.700603,13604
187,3.720603,1179,3.720603,11266
188,3.740603,883,3.740603,7736
189,3.760603,529,3.760603,4847
190,3.780603,322,3.780603,2868
191,3.800603,210,3.800603,1616
192,3.820603,155,3.820603,1137
193,3.840603,136,3.840603,899
194,3.860603,110,3.860603,873
195,3.880603,127,3.880603,983
196,3.900603,127,3.900603,1027
197,3.920603,160,3.920603,1234
198,3.940603,207,3.940603,1540
199,3.960603,246,3.960603,1960
200,3.980603,238,3.980603,2298
201,4.000603,266,4.000603,2574
202,4.020603,278,4.020603,2650
203,4.040603,251,4.040603,2359
204,4.060603,217,4.060603,1939
205,4.080603,155,4.080603,1589
206,4.100603,125,4.100603,1273
207,4.120603,97,4.120603,1163
208,4.140603,104,4.140603,968
209,4.160603,92,4.160603,958
210,4.180603,81,4.180603,917
211,4.200603,76,4.200603,884
212,4.220603,72,4.220603,920
213,4.240602,93,4.240602,962
214,4.260602,75,4.260602,918
215,4.280602,64,4.280602,958
216,4.300602,80,4.300602,978
217,4.320602,88,4.320602,991
218,4.340603,113,4.340603,1134
219,4.360603,134,4.360603,1351
220,4.380603,178,4.380603,1573
221,4.400603,272,4.400603,2222
222,4.420603,460,4.420603,3204
223,4.440603,716,4.440603,4521
224,4.460603,887,4.460603,5883
225,4.480603,1179,4.480603,7060
226,4.500603,1218,4.500603,7476
227,4.520603,1135,4.520603,7035
228,4.540603,934,4.540603,6024
229,4.560603,730,4.560603,4569
230,4.580603,515,4.580603,3488
231,4.600603,391,4.600603,2505
232,4.620603,314,4.620603,2085
233,4.640603,281,4.640603,1777
234,4.660603,274,4.660603,1672
235,4.680603,231,4.680603,1605
236,4.700603,216,4.700603,1602
237,4.720603,172,4.720603,1454
238,4.740602,154,4.740602,1552
239,4.760602,173,4.760602,1638
240,4.780602,236,4.780602,1809
241,4.800602,208,4.800602,2106
242,4.820602,280,4.820602,2155
243,4.840603,331,4.840603,2429
244,4.860603,341,4.860603,2432
245,4.880603,323,4.880603,2505
246,4.900603,331,4.900603,2644
247,4.920603,351,4.920603,2594
248,4.940603,283,4.940603,2481
249,4.960603,234,4.960603,2467
250,4.980603,221,4.980603,2252
251,5.000603,153,5.000603,2131
252,5.020603,166,5.020603,2010
253,5.040603,107,5.040603,1917
254,5.060603,79,5.060603,1857
255,5.080603,104,5.080603,1779
256,5.100603,106,5.100603,1921
257,5.120603,113,5.120603,1923
258,5.140603,112,5.140603,2006
259,5.160603,131,5.160603,1836
260,5.180603,127,5.180603,1933
261,5.200603,121,5.200603,2068
262,5.220603,130,5.220603,1967
263,5.240602,132,5.240602,1887
264,5.260602,123,5.260602,1925
265,5.280602,135,5.280602,1872
266,5.300602,136,5.300602,1874
267,5.320602,129,5.320602,1831
268,5.340603,152,5.340603,1945
269,5.360603,115,5.360603,2008
270,5.380603,144,5.380603,2082
271,5.400603,167,5.400603,2027
272,5.420603,166,5.420603,2146
273,5.440603,149,5.440603,2038
274,5.460603,121,5.460603,2060
275,5.480603,98,5.480603,2027
276,5.500603,112,5.500603,2008
277,5.520603,114,5.520603,2019
278,5.540603,87,5.540603,2028
279,5.560603,102,5.560603,1974
280,5.580603,95,5.580603,1968
281,5.600603,77,5.600603,1887
282,5.620603,82,5.620603,1916
283,5.640603,90,5.640603,1947
284,5.660603,82,5.660603,1978
285,5.680603,100,5.680603,1968
286,5.700603,92,5.700603,1957
287,5.720603,112,5.720603,2118
288,5.740602,170,5.740602,2091
289,5.760602,270,5.760602,2350
290,5.780602,435,5.780602,2800
291,5.800602,681,5.800602,3441
292,5.820602,990,5.820602,4341
293,5.840603,1477,5.840603,5453
294,5.860603,1805,5.860603,6425
295,5.880603,1930,5.880603,7125
296,5.900603,1974,5.900603,7102
297,5.920603,1712,5.920603,6465
298,5.940603,1439,5.940603,5578
299,5.960603,1044,5.960603,4566
300,5.980603,747,5.980603,3588
301,6.000603,417,6.000603,2897
302,6.020603,276,6.020603,2434
303,6.040603,194,6.040603,2189
304,6.060603,166,6.060603,2056
305,6.080603,131,6.080603,1978
306,6.100603,133,6.100603,2020
307,6.120603,146,6.120603,1993
308,6.140603,175,6.140603,2063
309,6.160603,186,6.160603,2106
310,6.180603,314,6.180603,2306
311,6.200603,464,6.200603,2681
312,6.220603,935,6.220603,3481
313,6.240602,1996,6.240602,5369
314,6.260602,4170,6.260602,9241
315,6.280602,7852,6.280602,16323
316,6.300602,13806,6.300602,27595
317,6.320602,22734,6.320602,43708
318,6.340603,31842,6.340603,61233
319,6.360603,40802,6.360603,78819
320,6.380603,47143,6.380603,90153
321,6.400603,48532,6.400603,94031
322,6.420603,44449,6.420603,86360
323,6.440603,36662,6.440603,71121
324,6.460603,27301,6.460603,53241
325,6.480603,18080,6.480603,36144
326,6.500603,10945,6.500603,22413
327,6.520603,6058,6.520603,12914
328,6.540603,3144,6.540603,7365
329,6.560603,1415,6.560603,4441
330,6.580603,729,6.580603,3029
331,6.600603,415,6.600603,2297
332,6.620603,262,6.620603,2197
333,6.640603,212,6.640603,2024
334,6.660603,179,6.660603,1889
335,6.680603,147,6.680603,1946
336,6.700603,142,6.700603,1945
337,6.720603,169,6.720603,1939
338,6.740602,180,6.740602,1953
339,6.760602,160,6.760602,1850
340,6.780602,192,6.780602,1999
341,6.800602,206,6.800602,2032
342,6.820602,210,6.820602,2108
343,6.840603,307,6.840603,2152
344,6.860603,357,6.860603,2326
345,6.880603,509,6.880603,2518
346,6.900603,824,6.900603,3031
347,6.920603,1289,6.920603,3801
348,6.940603,2092,6.940603,5210
349,6.960603,3087,6.960603,7026
350,6.980603,4470,6.980603,9264
351,7.000603,5815,7.000603,11723
352,7.020603,7027,7.020603,14040
353,7.040603,7729,7.040603,15142
354,7.060603,7776,7.060603,15198
355,7.080603,6959,7.080603,13845
356,7.100603,5746,7.100603,11614
357,7.120603,4132,7.120603,9142
358,7.140603,2897,7.140603,6595
359,7.160603,1768,7.160603,4859
360,7.180603,1033,7.180603,3407
361,7.200603,559,7.200603,2503
362,7.220603,307,7.220603,2053
363,7.240602,181,7.240602,1831
364,7.260602,100,7.260602,1868
365,7.280602,82,7.280602,1816
366,7.300602,76,7.300602,1816
367,7.320602,86,7.320602,1864
368,7.340603,106,7.340603,1961
369,7.360603,117,7.360603,2058
370,7.380603,162,7.380603,2339
371,7.400603,209,7.400603,2513
372,7.420603,242,7.420603,2771
373,7.440603,279,7.440603,2939
374,7.460603,323,7.460603,3062
375,7.480603,312,7.480603,3039
376,7.500603,269,7.500603,2882
377,7.520603,261,7.520603,2635
378,7.540603,206,7.540603,2310
379,7.560603,157,7.560603,2020
380,7.580603,112,7.580603,1811
381,7.600603,84,7.600603,1770
382,7.620603,78,7.620603,1590
383,7.640603,78,7.640603,1543
384,7.660603,72,7.660603,1598
385,7.680603,61,7.680603,1579
386,7.700603,56,7.700603,1620
387,7.720603,61,7.720603,1496
388,7.740602,81,7.740602,1561
389,7.760602,73,7.760602,1641
390,7.780602,61,7.780602,1625
391,7.800602,78,7.800602,1604
392,7.820602,89,7.820602,1590
393,7.840603,97,7.840603,1579
394,7.860603,133,7.860603,1616
395,7.880603,203,7.880603,1635
396,7.900603,266,7.900603,1709
397,7.920603,421,7.920603,1746
398,7.940603,650,7.940603,1962
399,7.960603,1000,7.960603,2191
400,7.980603,1171,7.980603,2332
401,8.000603,1549,8.000603,2492
402,8.020602,1716,8.020602,2634
403,8.040603,1761,8.040603,2718
404,8.060602,1613,8.060602,2637
405,8.080603,1377,8.080603,2560
406,8.100603,1161,8.100603,2522
407,8.120603,805,8.120603,2257
408,8.140603,542,8.140603,2240
409,8.160603,410,8.160603,2056
410,8.180603,254,8.180603,2068
411,8.200603,199,8.200603,1959
412,8.220603,162,8.220603,1907
413,8.240602,151,8.240602,1820
414,8.260603,150,8.260603,1956
415,8.280602,128,8.280602,1715
416,8.300603,140,8.300603,1732
417,8.320602,119,8.320602,1699
418,8.340603,123,8.340603,1656
419,8.360602,117,8.360602,1599
420,8.380603,134,8.380603,1640
421,8.400602,149,8.400602,1619
422,8.420603,209,8.420603,1573
423,8.440602,313,8.440602,1645
424,8.460603,442,8.460603,1676
425,8.480602,857,8.480602,1905
426,8.500603,1369,8.500603,2111
427,8.520602,2111,8.520602,2530
428,8.540603,3145,8.540603,3011
429,8.560602,4311,8.560602,3473
430,8.580603,5470,8.580603,4058
431,8.600603,6338,8.600603,4486
432,8.620603,6848,8.620603,4699
433,8.640603,6705,8.640603,4502
434,8.660603,5940,8.660603,4453
435,8.680603,4854,8.680603,3924
436,8.700603,3848,8.700603,3336
437,8.720603,2698,8.720603,2833
438,8.740602,1818,8.740602,2420
439,8.760603,1182,8.760603,2122
440,8.780602,674,8.780602,1935
441,8.800603,477,8.800603,1753
442,8.820602,364,8.820602,1785
443,8.840603,349,8.840603,1778
444,8.860602,367,8.860602,1764
445,8.880603,374,8.880603,1718
446,8.900602,369,8.900602,1702
447,8.920603,383,8.920603,1790
448,8.940602,352,8.940602,1815
449,8.960603,274,8.960603,1702
450,8.980602,296,8.980602,1669
451,9.000603,233,9.000603,1647
452,9.020602,226,9.020602,1667
453,9.040603,228,9.040603,1683
454,9.060602,238,9.060602,1624
455,9.080603,234,9.080603,1658
456,9.100603,334,9.100603,1676
457,9.120603,358,9.120603,1623
458,9.140603,427,9.140603,1658
459,9.160603,492,9.160603,1710
460,9.180603,557,9.180603,1629
461,9.200603,530,9.200603,1713
462,9.220603,580,9.220603,1703
463,9.240602,502,9.240602,1638
464,9.260603,477,9.260603,1780
465,9.280602,447,9.280602,1718
466,9.300603,388,9.300603,1677
467,9.320602,322,9.320602,1617
468,9.340603,273,9.340603,1684
469,9.360602,244,9.360602,1649
470,9.380603,249,9.380603,1626
471,9.400602,292,9.400602,1646
472,9.420603,345,9.420603,1699
473,9.440602,446,9.440602,1722
474,9.460603,608,9.460603,1758
475,9.480602,720,9.480602,1785
476,9.500603,955,9.500603,1911
477,9.520602,1116,9.520602,1967
478,9.540603,1200,9.540603,1979
479,9.560602,1280,9.560602,2074
480,9.580603,1268,9.580603,2013
481,9.600603,1155,9.600603,1925
482,9.620603,993,9.620603,2122
483,9.640603,860,9.640603,1937
484,9.660603,704,9.660603,1861
485,9.680603,509,9.680603,1888
486,9.700603,391,9.700603,1772
487,9.720603,349,9.720603,1743
488,9.740602,297,9.740602,1820
489,9.760603,249,9.760603,1737
490,9.780602,232,9.780602,1655
491,9.800603,219,9.800603,1698
492,9.820602,241,9.820602,1641
493,9.840603,281,9.840603,1587
494,9.860602,256,9.860602,1585
495,9.880603,241,9.880603,1556
496,9.900602,248,9.900602,1563
497,9.920603,280,9.920603,1586
498,9.940602,240,9.940602,1605
499,9.960603,276,9.960603,1570
500,9.980602,272,9.980602,1576
501,10.0006,284,10.0006,1555
502,10.0206,283,10.0206,1499
503,10.0406,295,10.0406,1533
504,10.0606,283,10.0606,1606
505,10.0806,321,10.0806,1592
506,10.1006,298,10.1006,1496
507,10.1206,323,10.1206,1501
508,10.1406,277,10.1406,1558
509,10.1606,293,10.1606,1545
510,10.1806,343,10.1806,1564
511,10.2006,341,10.2006,1490
512,10.2206,343,10.2206,1456
513,10.2406,404,10.2406,1562
514,10.2606,420,10.2606,1504
515,10.2806,470,10.2806,1526
516,10.3006,468,10.3006,1493
517,10.3206,619,10.3206,1512
518,10.3406,808,10.3406,1426
519,10.3606,1156,10.3606,1505
520,10.3806,1513,10.3806,1564
521,10.4006,2118,10.4006,1559
522,10.4206,2858,10.4206,1650
523,10.4406,3730,10.4406,1616
524,10.4606,4802,10.4606,1634
525,10.4806,5886,10.4806,1808
526,10.5006,6756,10.5006,1773
527,10.5206,7514,10.5206,1768
528,10.5406,7478,10.5406,1750
529,10.5606,7160,10.5606,1746
530,10.5806,6550,10.5806,1709
531,10.6006,5605,10.6006,1614
532,10.6206,4495,10.6206,1597
533,10.6406,3331,10.6406,1472
534,10.6606,2466,10.6606,1398
535,10.6806,1725,10.6806,1411
536,10.7006,1178,10.7006,1307
537,10.7206,861,10.7206,1383
538,10.7406,740,10.7406,1319
539,10.7606,563,10.7606,1365
540,10.7806,521,10.7806,1263
541,10.8006,510,10.8006,1377
542,10.8206,460,10.8206,1333
543,10.8406,471,10.8406,1292
544,10.8606,442,10.8606,1331
545,10.8806,474,10.8806,1367
546,10.9006,477,10.9006,1331
547,10.9206,483,10.9206,1261
548,10.9406,473,10.9406,1291
549,10.9606,466,10.9606,1293
550,10.9806,474,10.9806,1239
551,11.0006,488,11.0006,1254
552,11.0206,450,11.0206,1236
553,11.0406,497,11.0406,1291
554,11.0606,472,11.0606,1239
555,11.0806,502,11.0806,1268
556,11.1006,486,11.1006,1195
557,11.1206,513,11.1206,1247
558,11.1406,549,11.1406,1228
559,11.1606,531,11.1606,1201
560,11.1806,584,11.1806,1252
561,11.2006,574,11.2006,1210
562,11.2206,602,11.2206,1214
563,11.2406,638,11.2406,1238
564,11.2606,677,11.2606,1255
565,11.2806,619,11.2806,1165
566,11.3006,652,11.3006,1210
567,11.3206,664,11.3206,1244
568,11.3406,654,11.3406,1207
569,11.3606,663,11.3606,1108
570,11.3806,693,11.3806,1134
571,11.4006,677,11.4006,1153
572,11.4206,650,11.4206,1149
573,11.4406,662,11.4406,1119
574,11.4606,628,11.4606,1085
575,11.4806,601,11.4806,1151
576,11.5006,705,11.5006,1102
577,11.5206,624,11.5206,1046
578,11.5406,638,11.5406,1103
579,11.5606,654,11.5606,1104
580,11.5806,670,11.5806,1074
581,11.6006,707,11.6006,1080
582,11.6206,791,11.6206,1122
583,11.6406,791,11.6406,1082
584,11.6606,769,11.6606,1018
585,11.6806,878,11.6806,1042
586,11.7006,823,11.7006,1025
587,11.7206,840,11.7206,1068
588,11.7406,874,11.7406,1097
589,11.7606,837,11.7606,1144
590,11.7806,833,11.7806,1070
591,11.8006,805,11.8006,1020
592,11.8206,801,11.8206,975
593,11.8406,786,11.8406,1015
594,11.8606,760,11.8606,1001
595,11.8806,748,11.8806,990
596,11.9006,705,11.9006,988
597,11.9206,734,11.9206,986
598,11.9406,702,11.9406,975
599,11.9606,750,11.9606,965
600,11.9806,768,11.9806,974
601,12.0006,797,12.0006,985
602,12.0206,798,12.0206,971
603,12.0406,797,12.0406,921
604,12.0606,847,12.0606,883
605,12.0806,812,12.0806,903
606,12.1006,892,12.1006,965
607,12.1206,901,12.1206,935
608,12.1406,950,12.1406,933
609,12.1606,985,12.1606,911
610,12.1806,1036,12.1806,912
611,12.2006,1046,12.2006,924
612,12.2206,1103,12.2206,908
613,12.2406,1139,12.2406,889
614,12.2606,1186,12.2606,900
615,12.2806,1201,12.2806,867
616,12.3006,1215,12.3006,834
617,12.3206,1197,12.3206,810
618,12.3406,1172,12.3406,854
619,12.3606,1211,12.3606,818
620,12.3806,1246,12.3806,849
621,12.4006,1283,12.4006,780
622,12.4206,1447,12.4206,788
623,12.4406,1725,12.4406,803
624,12.4606,2170,12.4606,810
625,12.4806,2644,12.4806,879
626,12.5006,3349,12.5006,745
627,12.5206,4268,12.5206,805
628,12.5406,5027,12.5406,809
629,12.5606,5793,12.5606,824
630,12.5806,6398,12.5806,786
631,12.6006,6760,12.6006,827
632,12.6206,6528,12.6206,812
633,12.6406,6333,12.6406,886
634,12.6606,5578,12.6606,774
635,12.6806,4927,12.6806,747
636,12.7006,4214,12.7006,817
637,12.7206,3323,12.7206,792
638,12.7406,2832,12.7406,837
639,12.7606,2369,12.7606,837
640,12.7806,2067,12.7806,862
641,12.8006,1838,12.8006,827
642,12.8206,1640,12.8206,843
643,12.8406,1542,12.8406,800
644,12.8606,1487,12.8606,758
645,12.8806,1470,12.8806,717
646,12.9006,1392,12.9006,657
647,12.9206,1392,12.9206,716
648,12.9406,1407,12.9406,687
649,12.9606,1371,12.9606,693
650,12.9806,1394,12.9806,650
651,13.0006,1398,13.0006,655
652,13.0206,1330,13.0206,654
653,13.0406,1352,13.0406,656
654,13.0606,1268,13.0606,582
655,13.0806,1274,13.0806,605
656,13.1006,1234,13.1006,604
657,13.1206,1308,13.1206,572
658,13.1406,1344,13.1406,542
659,13.1606,1405,13.1606,538
660,13.1806,1539,13.1806,563
661,13.2006,1698,13.2006,545
662,13.2206,2045,13.2206,470
663,13.2406,2356,13.2406,493
664,13.2606,2900,13.2606,516
665,13.2806,3247,13.2806,502
666,13.3006,3801,13.3006,483
667,13.3206,4299,13.3206,507
668,13.3406,4582,13.3406,509
669,13.3606,4619,13.3606,522
670,13.3806,4458,13.3806,516
671,13.4006,4196,13.4006,478
672,13.4206,3895,13.4206,508
673,13.4406,3555,13.4406,501
674,13.4606,3030,13.4606,509
675,13.4806,2499,13.4806,465
676,13.5006,2180,13.5006,463
677,13.5206,1830,13.5206,489
678,13.5406,1564,13.5406,454
679,13.5606,1432,13.5606,456
680,13.5806,1318,13.5806,407
681,13.6006,1265,13.6006,390
682,13.6206,1297,13.6206,402
683,13.6406,1280,13.6406,419
684,13.6606,1227,13.6606,405
685,13.6806,1297,13.6806,325
686,13.7006,1188,13.7006,397
687,13.7206,1294,13.7206,343
688,13.7406,1224,13.7406,348
689,13.7606,1275,13.7606,329
690,13.7806,1247,13.7806,325
691,13.8006,1236,13.8006,301
692,13.8206,1311,13.8206,309
693,13.8406,1290,13.8406,341
694,13.8606,1371,13.8606,331
695,13.8806,1342,13.8806,313
696,13.9006,1360,13.9006,307
697,13.9206,1604,13.9206,316
698,13.9406,1721,13.9406,279
699,13.9606,1936,13.9606,304
700,13.9806,2167,13.9806,289
701,14.0006,2443,14.0006,268
702,14.0206,2850,14.0206,239
703,14.0406,3385,14.0406,228
704,14.0606,3727,14.0606,224
705,14.0806,4221,14.0806,218
706,14.1006,4542,14.1006,222
707,14.1206,4681,14.1206,232
708,14.1406,4782,14.1406,181
709,14.1606,4490,14.1606,196
710,14.1806,4247,14.1806,186
711,14.2006,3894,14.2006,198
712,14.2206,3545,14.2206,180
713,14.2406,2926,14.2406,192
714,14.2606,2548,14.2606,160
715,14.2806,2208,14.2806,167
716,14.3006,1971,14.3006,162
717,14.3206,1802,14.3206,158
718,14.3406,1574,14.3406,124
719,14.3606,1526,14.3606,135
720,14.3806,1545,14.3806,124
721,14.4006,1545,14.4006,123
722,14.4206,1417,14.4206,122
723,14.4406,1465,14.4406,125
724,14.4606,1426,14.4606,100
725,14.4806,1473,14.4806,97
726,14.5006,1474,14.5006,84
727,14.5206,1525,14.5206,98
728,14.5406,1480,14.5406,91
729,14.5606,1583,14.5606,88
730,14.5806,1584,14.5806,70
731,14.6006,1633,14.6006,90
732,14.6206,1717,14.6206,73
733,14.6406,1914,14.6406,74
734,14.6606,2001,14.6606,69
735,14.6806,2191,14.6806,64
736,14.7006,2391,14.7006,58
737,14.7206,2464,14.7206,46
738,14.7406,2632,14.7406,50
739,14.7606,2644,14.7606,62
740,14.7806,2647,14.7806,45
741,14.8006,2789,14.8006,34
742,14.8206,2827,14.8206,42
743,14.8406,2766,14.8406,35
744,14.8606,2848,14.8606,39
745,14.8806,2848,14.8806,30
746,14.9006,2924,14.9006,30
747,14.9206,2942,14.9206,30
748,14.9406,3011,14.9406,25
749,14.9606,2796,14.9606,26
750,14.9806,2802,14.9806,22
751,15.0006,2609,15.0006,30
752,15.0206,2483,15.0206,29
753,15.0406,2397,15.0406,28
754,15.0606,2240,15.0606,26
755,15.0806,2162,15.0806,25
756,15.1006,2166,15.1006,29
757,15.1206,2066,15.1206,25
758,15.1406,1996,15.1406,21
759,15.1606,2030,15.1606,17
760,15.1806,1947,15.1806,18
761,15.2006,1871,15.2006,7
762,15.2206,1846,15.2206,12
763,15.2406,1782,15.2406,14
764,15.2606,1814,15.2606,13
765,15.2806,1757,15.2806,17
766,15.3006,1779,15.3006,15
767,15.3206,1704,15.3206,18
768,15.3406,1614,15.3406,18
769,15.3606,1661,15.3606,14
770,15.3806,1717,15.3806,16
771,15.4006,1668,15.4006,18
772,15.4206,1725,15.4206,13
773,15.4406,1735,15.4406,10
774,15.4606,1755,15.4606,11
775,15.4806,1775,15.4806,15
776,15.5006,2096,15.5006,16
777,15.5206,2175,15.5206,9
778,15.5406,2456,15.5406,13
779,15.5606,2989,15.5606,10
780,15.5806,3406,15.5806,15
781,15.6006,3970,15.6006,11
782,15.6206,4612,15.6206,20
783,15.6406,5317,15.6406,14
784,15.6606,6300,15.6606,14
785,15.6806,6646,15.6806,15
786,15.7006,7217,15.7006,19
787,15.7206,7652,15.7206,12
788,15.7406,7856,15.7406,14
789,15.7606,7674,15.7606,16
790,15.7806,7334,15.7806,8
791,15.8006,6688,15.8006,11
792,15.8206,6162,15.8206,10
793,15.8406,5384,15.8406,20
794,15.8606,4485,15.8606,7
795,15.8806,3861,15.8806,12
796,15.9006,3226,15.9006,13
797,15.9206,2886,15.9206,12
798,15.9406,2437,15.9406,12
799,15.9606,2129,15.9606,14
800,15.9806,2106,15.9806,18
801,16.0006,1938,16.0006,7
802,16.0206,1848,16.0206,12
803,16.0406,1875,16.0406,9
804,16.0606,1774,16.0606,10
805,16.0806,1777,16.0806,15
806,16.1006,1852,16.1006,9
807,16.1206,1824,16.1206,9
808,16.1406,1832,16.1406,12
809,16.1606,1839,16.1606,9
810,16.1806,1875,16.1806,17
811,16.2006,1736,16.2006,12
812,16.2206,1802,16.2206,15
813,16.2406,1827,16.2406,18
814,16.2606,1689,16.2606,12
815,16.2806,1768,16.2806,14
816,16.3006,1741,16.3006,16
817,16.3206,1795,16.3206,13
818,16.3406,1770,16.3406,5
819,16.3606,1809,16.3606,13
820,16.3806,1878,16.3806,10
821,16.4006,1865,16.4006,10
822,16.4206,1929,16.4206,8
823,16.4406,1972,16.4406,14
824,16.4606,2028,16.4606,10
825,16.4806,2144,16.4806,14
826,16.5006,2031,16.5006,12
827,16.5206,2137,16.5206,5
828,16.5406,2267,16.5406,13
829,16.5606,2281,16.5606,8
830,16.5806,2279,16.5806,7
831,16.6006,2288,16.6006,9
832,16.6206,2278,16.6206,7
833,16.6406,2228,16.6406,9
834,16.6606,2186,16.6606,11
835,16.6806,2098,16.6806,7
836,16.7006,2063,16.7006,5
837,16.7206,2088,16.7206,11
838,16.7406,2040,16.7406,10
839,16.7606,1889,16.7606,12
840,16.7806,1943,16.7806,8
841,16.8006,1970,16.8006,8
842,16.8206,1908,16.8206,11
843,16.8406,1837,16.8406,9
844,16.8606,1802,16.8606,10
845,16.8806,1938,16.8806,8
846,16.9006,1796,16.9006,14
847,16.9206,1827,16.9206,12
848,16.9406,1872,16.9406,7
849,16.9606,1855,16.9606,10
850,16.9806,1831,16.9806,12
851,17.0006,1868,17.0006,10
852,17.0206,1798,17.0206,10
853,17.0406,1831,17.0406,6
854,17.0606,1853,17.0606,12
855,17.0806,1886,17.0806,13
856,17.1006,1840,17.1006,7
857,17.1206,1821,17.1206,8
858,17.1406,1884,17.1406,6
859,17.1606,1803,17.1606,7
860,17.1806,1893,17.1806,6
861,17.2006,1878,17.2006,8
862,17.2206,1962,17.2206,6
863,17.2406,1953,17.2406,6
864,17.2606,1888,17.2606,9
865,17.2806,1980,17.2806,5
866,17.3006,1950,17.3006,7
867,17.3206,1984,17.3206,7
868,17.3406,2117,17.3406,8
869,17.3606,2129,17.3606,15
870,17.3806,2187,17.3806,7
871,17.4006,2228,17.4006,8
872,17.4206,2289,17.4206,8
873,17.4406,2348,17.4406,10
874,17.4606,2302,17.4606,10
875,17.4806,2437,17.4806,8
876,17.5006,2485,17.5006,5
877,17.5206,2608,17.5206,5
878,17.5406,2619,17.5406,15
879,17.5606,2763,17.5606,8
880,17.5806,2831,17.5806,7
881,17.6006,2821,17.6006,9
882,17.6206,2888,17.6206,7
883,17.6406,2961,17.6406,7
884,17.6606,3014,17.6606,6
885,17.6806,2958,17.6806,9
886,17.7006,2879,17.7006,9
887,17.7206,2800,17.7206,7
888,17.7406,2640,17.7406,7
889,17.7606,2626,17.7606,8
890,17.7806,2405,17.7806,9
891,17.8006,2312,17.8006,15
892,17.8206,2332,17.8206,7
893,17.8406,2320,17.8406,6
894,17.8606,2302,17.8606,11
895,17.8806,2322,17.8806,7
896,17.9006,2356,17.9006,4
897,17.9206,2311,17.9206,4
898,17.9406,2464,17.9406,6
899,17.9606,2432,17.9606,3
900,17.9806,2329,17.9806,8
901,18.0006,2349,18.0006,5
902,18.0206,2377,18.0206,7
903,18.0406,2443,18.0406,6
904,18.0606,2433,18.0606,8
905,18.0806,2462,18.0806,12
906,18.1006,2309,18.1006,7
907,18.1206,2458,18.1206,4
908,18.1406,2506,18.1406,8
909,18.1606,2536,18.1606,5
910,18.1806,2556,18.1806,5
911,18.2006,2542,18.2006,9
912,18.2206,2524,18.2206,5
913,18.2406,2590,18.2406,4
914,18.2606,2607,18.2606,7
915,18.2806,2688,18.2806,2
916,18.3006,2689,18.3006,8
917,18.3206,2746,18.3206,11
918,18.3406,2821,18.3406,6
919,18.3606,2921,18.3606,3
920,18.3806,2819,18.3806,6
921,18.4006,2958,18.4006,7
922,18.4206,3135,18.4206,8
923,18.4406,3148,18.4406,8
924,18.4606,3300,18.4606,3
925,18.4806,3376,18.4806,9
926,18.5006,3497,18.5006,2
927,18.5206,3649,18.5206,7
928,18.5406,3676,18.5406,5
929,18.5606,4029,18.5606,4
930,18.5806,4011,18.5806,9
931,18.6006,4186,18.6006,10
932,18.6206,4337,18.6206,3
933,18.6406,4432,18.6406,7
934,18.6606,4702,18.6606,5
935,18.6806,4889,18.6806,7
936,18.7006,5022,18.7006,2
937,18.7206,5369,18.7206,7
938,18.7406,5449,18.7406,6
939,18.7606,5768,18.7606,4
940,18.7806,5964,18.7806,2
941,18.8006,6018,18.8006,4
942,18.8206,6478,18.8206,6
943,18.8406,6488,18.8406,2
944,18.8606,6680,18.8606,3
945,18.8806,7006,18.8806,4
946,18.9006,7155,18.9006,6
947,18.9206,7270,18.9206,1
948,18.9406,7449,18.9406,6
949,18.9606,7464,18.9606,6
950,18.9806,7623,18.9806,3
951,19.0006,7605,19.0006,6
952,19.0206,7744,19.0206,7
953,19.0406,7661,19.0406,8
954,19.0606,7719,19.0606,5
955,19.0806,7824,19.0806,2
956,19.1006,7589,19.1006,7
957,19.1206,7268,19.1206,2
958,19.1406,7447,19.1406,5
959,19.1606,7283,19.1606,5
960,19.1806,7112,19.1806,6
961,19.2006,6779,19.2006,6
962,19.2206,6697,19.2206,3
963,19.2406,6463,19.2406,8
964,19.2606,6193,19.2606,4
965,19.2806,5986,19.2806,4
966,19.3006,5832,19.3006,3
967,19.3206,5662,19.3206,1
968,19.3406,5528,19.3406,6
969,19.3606,5168,19.3606,7
970,19.3806,4983,19.3806,6
971,19.4006,4674,19.4006,2
972,19.4206,4505,19.4206,7
973,19.4406,4334,19.4406,4
974,19.4606,4170,19.4606,4
975,19.4806,3944,19.4806,6
976,19.5006,3921,19.5006,1
977,19.5206,3769,19.5206,4
978,19.5406,3571,19.5406,2
979,19.5606,3425,19.5606,3
980,19.5806,3340,19.5806,5
981,19.6006,3126,19.6006,5
982,19.6206,3134,19.6206,2
983,19.6406,2940,19.6406,4
984,19.6606,2917,19.6606,7
985,19.6806,2755,19.6806,3
986,19.7006,2713,19.7006,5
987,19.7206,2683,19.7206,8
988,19.7406,2528,19.7406,3
989,19.7606,2475,19.7606,2
990,19.7806,2524,19.7806,0
991,19.8006,2491,19.8006,6
992,19.8206,2484,19.8206,5
993,19.8406,2604,19.8406,4
994,19.8606,2589,19.8606,4
995,19.8806,2749,19.8806,2
996,19.9006,2823,19.9006,3
997,19.9206,2887,19.9206,3
998,19.9406,3240,19.9406,7
999,19.9606,3579,19.9606,6
1000,19.9806,3803,19.9806,4
1001,20.0006,4096,20.0006,2
1002,20.0206,4601,20.0206,4
1003,20.0406,4831,20.0406,4
1004,20.0606,5259,20.0606,3
1005,20.0806,5536,20.0806,1
1006,20.1006,5987,20.1006,2
1007,20.1206,6026,20.1206,2
1008,20.1406,6239,20.1406,4
1009,20.1606,6257,20.1606,5
1010,20.1806,6102,20.1806,6
1011,20.2006,5916,20.2006,4
1012,20.2206,5620,20.2206,7
1013,20.2406,5454,20.2406,2
1014,20.2606,4904,20.2606,4
1015,20.2806,4315,20.2806,5
1016,20.3006,3857,20.3006,1
1017,20.3206,3483,20.3206,1
1018,20.3406,3071,20.3406,3
1019,20.3606,2731,20.3606,6
1020,20.3806,2452,20.3806,2
1021,20.4006,2239,20.4006,4
1022,20.4206,2155,20.4206,5
1023,20.4406,2119,20.4406,4
1024,20.4606,1968,20.4606,4
1025,20.4806,2012,20.4806,2
1026,20.5006,1978,20.5006,1
1027,20.5206,1988,20.5206,3
1028,20.5406,1994,20.5406,0
1029,20.5606,1900,20.5606,1
1030,20.5806,2017,20.5806,1
1031,20.6006,2005,20.6006,0
1032,20.6206,2012,20.6206,2
1033,20.6406,2089,20.6406,3
1034,20.6606,1920,20.6606,3
1035,20.6806,1952,20.6806,2
1036,20.7006,1986,20.7006,4
1037,20.7206,1980,20.7206,4
1038,20.7406,2087,20.7406,1
1039,20.7606,2101,20.7606,1
1040,20.7806,2168,20.7806,0
1041,20.8006,2048,20.8006,2
1042,20.8206,2164,20.8206,3
1043,20.8406,2149,20.8406,5
1044,20.8606,2227,20.8606,3
1045,20.8806,2295,20.8806,1
1046,20.9006,2243,20.9006,1
1047,20.9206,2317,20.9206,4
1048,20.9406,2326,20.9406,3
1049,20.9606,2344,20.9606,5
1050,20.9806,2404,20.9806,1
1051,21.0006,2423,21.0006,3
1052,21.0206,2430,21.0206,2
1053,21.0406,2487,21.0406,3
1054,21.0606,2519,21.0606,0
1055,21.0806,2556,21.0806,0
1056,21.1006,2675,21.1006,2
1057,21.1206,2681,21.1206,2
1058,21.1406,2662,21.1406,1
1059,21.1606,2632,21.1606,1
1060,21.1806,2738,21.1806,2
1061,21.2006,2738,21.2006,1
1062,21.2206,2703,21.2206,0
1063,21.2406,2779,21.2406,0
1064,21.2606,2740,21.2606,2
1065,21.2806,2892,21.2806,0
1066,21.3006,2806,21.3006,2
1067,21.3206,2731,21.3206,2
1068,21.3406,2766,21.3406,1
1069,21.3606,2802,21.3606,0
1070,21.3806,2771,21.3806,1
1071,21.4006,2641,21.4006,0
1072,21.4206,2819,21.4206,0
1073,21.4406,2653,21.4406,0
1074,21.4606,2661,21.4606,2
1075,21.4806,2649,21.4806,1
1076,21.5006,2564,21.5006,3
1077,21.5206,2548,21.5206,3
1078,21.5406,2480,21.5406,0
1079,21.5606,2466,21.5606,0
1080,21.5806,2539,21.5806,0
1081,21.6006,2392,21.6006,0
1082,21.6206,2334,21.6206,1
1083,21.6406,2315,21.6406,2
1084,21.6606,2338,21.6606,1
1085,21.6806,2285,21.6806,0
1086,21.7006,2250,21.7006,0
1087,21.7206,2192,21.7206,0
1088,21.7406,2228,21.7406,0
1089,21.7606,2244,21.7606,0
1090,21.7806,2181,21.7806,3
1091,21.8006,2120,21.8006,2
1092,21.8206,2044,21.8206,0
1093,21.8406,2057,21.8406,0
1094,21.8606,1987,21.8606,2
1095,21.8806,1976,21.8806,1
1096,21.9006,2046,21.9006,2
1097,21.9206,1998,21.9206,1
1098,21.9406,1959,21.9406,1
1099,21.9606,1983,21.9606,1
1100,21.9806,1934,21.9806,0
1101,22.0006,1951,22.0006,0
1102,22.0206,1908,22.0206,0
1103,22.0406,1846,22.0406,1
1104,22.0606,1869,22.0606,0
1105,22.0806,1818,22.0806,2
1106,22.1006,1883,22.1006,0
1107,22.1206,1910,22.1206,0
1108,22.1406,1786,22.1406,1
1109,22.1606,1794,22.1606,1
1110,22.1806,1722,22.1806,0
1111,22.2006,1733,22.2006,2
1112,22.2206,1771,22.2206,0
1113,22.2406,1689,22.2406,1
1114,22.2606,1675,22.2606,0
1115,22.2806,1657,22.2806,1
1116,22.3006,1672,22.3006,1
1117,22.3206,1620,22.3206,1
1118,22.3406,1648,22.3406,0
1119,22.3606,1575,22.3606,0
1120,22.3806,1577,22.3806,1
1121,22.4006,1533,22.4006,2
1122,22.4206,1571,22.4206,1
1123,22.4406,1592,22.4406,1
1124,22.4606,1636,22.4606,0
1125,22.4806,1656,22.4806,0
1126,22.5006,1696,22.5006,2
1127,22.5206,1766,22.5206,1
1128,22.5406,1785,22.5406,0
1129,22.5606,1853,22.5606,0
1130,22.5806,1927,22.5806,2
1131,22.6006,2023,22.6006,1
1132,22.6206,2103,22.6206,1
1133,22.6406,2207,22.6406,1
1134,22.6606,2251,22.6606,1
1135,22.6806,2269,22.6806,3
1136,22.7006,2163,22.7006,0
1137,22.7206,2204,22.7206,0
1138,22.7406,2232,22.7406,0
1139,22.7606,2018,22.7606,0
1140,22.7806,2007,22.7806,0
1141,22.8006,1866,22.8006,0
1142,22.8206,1852,22.8206,2
1143,22.8406,1710,22.8406,0
1144,22.8606,1705,22.8606,2
1145,22.8806,1650,22.8806,0
1146,22.9006,1619,22.9006,1
1147,22.9206,1519,22.9206,0
1148,22.9406,1507,22.9406,1
1149,22.9606,1483,22.9606,0
1150,22.9806,1507,22.9806,1
1151,23.0006,1539,23.0006,0
1152,23.0206,1515,23.0206,1
1153,23.0406,1536,23.0406,0
1154,23.0606,1586,23.0606,0
1155,23.0806,1579,23.0806,0
1156,23.1006,1583,23.1006,0
1157,23.1206,1543,23.1206,0
1158,23.1406,1521,23.1406,1
1159,23.1606,1574,23.1606,0
1160,23.1806,1581,23.1806,0
1161,23.2006,1511,23.2006,0
1162,23.2206,1523,23.2206,0
1163,23.2406,1485,23.2406,0
1164,23.2606,1499,23.2606,0
1165,23.2806,1486,23.2806,0
1166,23.3006,1492,23.3006,3
1167,23.3206,1442,23.3206,0
1168,23.3406,1469,23.3406,2
1169,23.3606,1433,23.3606,0
1170,23.3806,1347,23.3806,0
1171,23.4006,1387,23.4006,2
1172,23.4206,1424,23.4206,0
1173,23.4406,1392,23.4406,1
1174,23.4606,1402,23.4606,1
1175,23.4806,1386,23.4806,0
1176,23.5006,1420,23.5006,1
1177,23.5206,1373,23.5206,1
1178,23.5406,1345,23.5406,0
1179,23.5606,1281,23.5606,0
1180,23.5806,1384,23.5806,0
1181,23.6006,1334,23.6006,0
1182,23.6206,1388,23.6206,0
1183,23.6406,1299,23.6406,2
1184,23.6606,1386,23.6606,0
1185,23.6806,1343,23.6806,0
1186,23.7006,1304,23.7006,1
1187,23.7206,1325,23.7206,0
1188,23.7406,1365,23.7406,2
1189,23.7606,1323,23.7606,0
1190,23.7806,1302,23.7806,1
1191,23.8006,1356,23.8006,0
1192,23.8206,1292,23.8206,0
1193,23.8406,1350,23.8406,0
1194,23.8606,1299,23.8606,0
1195,23.8806,1338,23.8806,0
1196,23.9006,1365,23.9006,0
1197,23.9206,1296,23.9206,0
1198,23.9406,1340,23.9406,0
1199,23.9606,1324,23.9606,0
1200,23.9806,1302,23.9806,0
1201,24.0006,1293,24.0006,0
1202,24.0206,1308,24.0206,0
1203,24.0406,1350,24.0406,0
1204,24.0606,1294,24.0606,0
1205,24.0806,1280,24.0806,0
1206,24.1006,1287,24.1006,0
1207,24.1206,1321,24.1206,0
1208,24.1406,1319,24.1406,0
1209,24.1606,1321,24.1606,0
1210,24.1806,1265,24.1806,0
1211,24.2006,1275,24.2006,0
1212,24.2206,1331,24.2206,0
1213,24.2406,1298,24.2406,1
1214,24.2606,1369,24.2606,1
1215,24.2806,1293,24.2806,0
1216,24.3006,1286,24.3006,0
1217,24.3206,1263,24.3206,0
1218,24.3406,1308,24.3406,0
1219,24.3606,1238,24.3606,0
1220,24.3806,1298,24.3806,1
1221,24.4006,1285,24.4006,0
1222,24.4206,1269,24.4206,0
1223,24.4406,1272,24.4406,0
1224,24.4606,1339,24.4606,1
1225,24.4806,1264,24.4806,0
1226,24.5006,1275,24.5006,1
1227,24.5206,1256,24.5206,0
1228,24.5406,1284,24.5406,0
1229,24.5606,1280,24.5606,0
1230,24.5806,1256,24.5806,0
1231,24.6006,1226,24.6006,0
1232,24.6206,1207,24.6206,1
1233,24.6406,1272,24.6406,1
1234,24.6606,1259,24.6606,0
1235,24.6806,1228,24.6806,0
1236,24.7006,1214,24.7006,0
1237,24.7206,1254,24.7206,0
1238,24.7406,1272,24.7406,1
1239,24.7606,1304,24.7606,0
1240,24.7806,1178,24.7806,0
1241,24.8006,1246,24.8006,0
1242,24.8206,1254,24.8206,0
1243,24.8406,1221,24.8406,1
1244,24.8606,1356,24.8606,0
1245,24.8806,1258,24.8806,0
1246,24.9006,1256,24.9006,0
1247,24.9206,1250,24.9206,0
1248,24.9406,1198,24.9406,0
1249,24.9606,1250,24.9606,1
1250,24.9806,1274,24.9806,0
1251,25.0006,1259,25.0006,0
1252,25.0206,1317,25.0206,0
1253,25.0406,1282,25.0406,0
1254,25.0606,1274,25.0606,0
1255,25.0806,1285,25.0806,0
1256,25.1006,1257,25.1006,0
1257,25.1206,1336,25.1206,0
1258,25.1406,1255,25.1406,0
1259,25.1606,1268,25.1606,0
1260,25.1806,1284,25.1806,1
1261,25.2006,1297,25.2006,0
1262,25.2206,1257,25.2206,0
1263,25.2406,1263,25.2406,1
1264,25.2606,1264,25.2606,0
1265,25.2806,1244,25.2806,0
1266,25.3006,1306,25.3006,1
1267,25.3206,1282,25.3206,0
1268,25.3406,1220,25.3406,0
1269,25.3606,1298,25.3606,1
1270,25.3806,1215,25.3806,0
1271,25.4006,1181,25.4006,0
1272,25.4206,1192,25.4206,1
1273,25.4406,1187,25.4406,0
1274,25.4606,1207,25.4606,0
1275,25.4806,1183,25.4806,1
1276,25.5006,1220,25.5006,0
1277,25.5206,1182,25.5206,0
1278,25.5406,1111,25.5406,0
1279,25.5606,1125,25.5606,0
1280,25.5806,1216,25.5806,0
1281,25.6006,1208,25.6006,0
1282,25.6206,1176,25.6206,0
1283,25.6406,1155,25.6406,0
1284,25.6606,1220,25.6606,0
1285,25.6806,1126,25.6806,0
1286,25.7006,1125,25.7006,0
1287,25.7206,1137,25.7206,0
1288,25.7406,1088,25.7406,0
1289,25.7606,1118,25.7606,1
1290,25.7806,1119,25.7806,0
1291,25.8006,1157,25.8006,0
1292,25.8206,1108,25.8206,0
1293,25.8406,1127,25.8406,0
1294,25.8606,1113,25.8606,0
1295,25.8806,1154,25.8806,0
1296,25.9006,1122,25.9006,0
1297,25.9206,1120,25.9206,0
1298,25.9406,1179,25.9406,1
1299,25.9606,1131,25.9606,0
1300,25.9806,1167,25.9806,1
1301,26.0006,1164,26.0006,0
1302,26.0206,1129,26.0206,0
1303,26.0406,1155,26.0406,0
1304,26.0606,1212,26.0606,0
1305,26.0806,1309,26.0806,0
1306,26.1006,1196,26.1006,1
1307,26.1206,1200,26.1206,1
1308,26.1406,1162,26.1406,0
1309,26.1606,1190,26.1606,0
1310,26.1806,1190,26.1806,0
1311,26.2006,1213,26.2006,0
1312,26.2206,1246,26.2206,0
1313,26.2406,1220,26.2406,0
1314,26.2606,1164,26.2606,0
1315,26.2806,1216,26.2806,0
1316,26.3006,1228,26.3006,0
1317,26.3206,1205,26.3206,1
1318,26.3406,1239,26.3406,0
1319,26.3606,1218,26.3606,0
1320,26.3806,1193,26.3806,0
1321,26.4006,1210,26.4006,0
1322,26.4206,1174,26.4206,0
1323,26.4406,1135,26.4406,0
1324,26.4606,1162,26.4606,0
1325,26.4806,1082,26.4806,0
1326,26.5006,1119,26.5006,0
1327,26.5206,1104,26.5206,0
1328,26.5406,1082,26.5406,0
1329,26.5606,1085,26.5606,0
1330,26.5806,1079,26.5806,0
1331,26.6006,1019,26.6006,0
1332,26.6206,1052,26.6206,0
1333,26.6406,1029,26.6406,0
1334,26.6606,1055,26.6606,0
1335,26.6806,1074,26.6806,0
1336,26.7006,967,26.7006,0
1337,26.7206,1009,26.7206,0
1338,26.7406,1001,26.7406,0
1339,26.7606,1036,26.7606,0
1340,26.7806,1032,26.7806,0
1341,26.8006,990,26.8006,0
1342,26.8206,1012,26.8206,0
1343,26.8406,1022,26.8406,0
1344,26.8606,1009,26.8606,0
1345,26.8806,961,26.8806,0
1346,26.9006,952,26.9006,0
1347,26.9206,969,26.9206,0
1348,26.9406,959,26.9406,0
1349,26.9606,1007,26.9606,0
1350,26.9806,936,26.9806,0
1351,27.0006,972,27.0006,0
1352,27.0206,988,27.0206,0
1353,27.0406,974,27.0406,0
1354,27.0606,997,27.0606,0
1355,27.0806,1006,27.0806,0
1356,27.1006,1003,27.1006,0
1357,27.1206,973,27.1206,0
1358,27.1406,965,27.1406,0
1359,27.1606,985,27.1606,0
1360,27.1806,971,27.1806,0
1361,27.2006,1025,27.2006,0
1362,27.2206,981,27.2206,0
1363,27.2406,942,27.2406,0
1364,27.2606,971,27.2606,0
1365,27.2806,943,27.2806,0
1366,27.3006,990,27.3006,0
1367,27.3206,980,27.3206,0
1368,27.3406,1031,27.3406,0
1369,27.3606,1004,27.3606,0
1370,27.3806,1015,27.3806,0
1371,27.4006,960,27.4006,0
1372,27.4206,989,27.4206,0
1373,27.4406,961,27.4406,0
1374,27.4606,971,27.4606,0
1375,27.4806,929,27.4806,0
1376,27.5006,916,27.5006,0
1377,27.5206,934,27.5206,0
1378,27.5406,957,27.5406,0
1379,27.5606,964,27.5606,0
1380,27.5806,933,27.5806,0
1381,27.6006,915,27.6006,0
1382,27.6206,922,27.6206,0
1383,27.6406,892,27.6406,0
1384,27.6606,951,27.6606,0
1385,27.6806,849,27.6806,0
1386,27.7006,911,27.7006,0
1387,27.7206,918,27.7206,0
1388,27.7406,904,27.7406,0
1389,27.7606,941,27.7606,0
1390,27.7806,888,27.7806,0
1391,27.8006,878,27.8006,0
1392,27.8206,902,27.8206,0
1393,27.8406,851,27.8406,0
1394,27.8606,923,27.8606,0
1395,27.8806,866,27.8806,0
1396,27.9006,882,27.9006,0
1397,27.9206,848,27.9206,0
1398,27.9406,862,27.9406,0
1399,27.9606,859,27.9606,0
1400,27.9806,849,27.9806,0
1401,28.0006,851,28.0006,0
1402,28.0206,897,28.0206,0
1403,28.0406,829,28.0406,0
1404,28.0606,881,28.0606,0
1405,28.0806,883,28.0806,0
1406,28.1006,845,28.1006,0
1407,28.1206,863,28.1206,0
1408,28.1406,865,28.1406,0
1409,28.1606,858,28.1606,1
1410,28.1806,824,28.1806,0
1411,28.2006,815,28.2006,0
1412,28.2206,894,28.2206,0
1413,28.2406,874,28.2406,0
1414,28.2606,873,28.2606,0
1415,28.2806,874,28.2806,0
1416,28.3006,841,28.3006,0
1417,28.3206,855,28.3206,0
1418,28.3406,858,28.3406,0
1419,28.3606,844,28.3606,0
1420,28.3806,825,28.3806,0
1421,28.4006,868,28.4006,0
1422,28.4206,887,28.4206,0
1423,28.4406,873,28.4406,0
1424,28.4606,866,28.4606,0
1425,28.4806,854,28.4806,0
1426,28.5006,829,28.5006,0
1427,28.5206,823,28.5206,0
1428,28.5406,854,28.5406,0
1429,28.5606,843,28.5606,0
1430,28.5806,831,28.5806,0
1431,28.6006,846,28.6006,0
1432,28.6206,796,28.6206,0
1433,28.6406,778,28.6406,0
1434,28.6606,802,28.6606,0
1435,28.6806,773,28.6806,0
1436,28.7006,807,28.7006,0
1437,28.7206,804,28.7206,0
1438,28.7406,748,28.7406,0
1439,28.7606,784,28.7606,0
1440,28.7806,804,28.7806,0
1441,28.8006,780,28.8006,0
1442,28.8206,800,28.8206,0
1443,28.8406,788,28.8406,0
1444,28.8606,772,28.8606,0
1445,28.8806,799,28.8806,0
1446,28.9006,798,28.9006,0
1447,28.9206,804,28.9206,0
1448,28.9406,795,28.9406,0
1449,28.9606,728,28.9606,0
1450,28.9806,813,28.9806,0
1451,29.0006,825,29.0006,0
1452,29.0206,785,29.0206,0
1453,29.0406,771,29.0406,0
1454,29.0606,790,29.0606,0
1455,29.0806,749,29.0806,0
1456,29.1006,809,29.1006,0
1457,29.1206,809,29.1206,0
1458,29.1406,779,29.1406,0
1459,29.1606,752,29.1606,0
1460,29.1806,788,29.1806,0
1461,29.2006,764,29.2006,0
1462,29.2206,818,29.2206,0
1463,29.2406,752,29.2406,0
1464,29.2606,763,29.2606,0
1465,29.2806,698,29.2806,0
1466,29.3006,767,29.3006,0
1467,29.3206,699,29.3206,0
1468,29.3406,763,29.3406,0
1469,29.3606,758,29.3606,0
1470,29.3806,668,29.3806,0
1471,29.4006,737,29.4006,0
1472,29.4206,753,29.4206,0
1473,29.4406,720,29.4406,0
1474,29.4606,718,29.4606,0
1475,29.4806,722,29.4806,0
1476,29.5006,732,29.5006,0
1477,29.5206,743,29.5206,0
1478,29.5406,757,29.5406,0
1479,29.5606,697,29.5606,0
1480,29.5806,737,29.5806,0
1481,29.6006,733,29.6006,0
1482,29.6206,756,29.6206,0
1483,29.6406,706,29.6406,0
1484,29.6606,699,29.6606,0
1485,29.6806,695,29.6806,0
1486,29.7006,761,29.7006,0
1487,29.7206,731,29.7206,0
1488,29.7406,711,29.7406,0
1489,29.7606,725,29.7606,0
1490,29.7806,761,29.7806,0
1491,29.8006,732,29.8006,0
1492,29.8206,695,29.8206,0
1493,29.8406,717,29.8406,0
1494,29.8606,664,29.8606,0
1495,29.8806,658,29.8806,0
1496,29.9006,636,29.9006,0
1497,29.9206,706,29.9206,0
1498,29.9406,698,29.9406,0
1499,29.9606,656,29.9606,0
1500,29.9806,698,29.9806,0
1501,30.0006,679,30.0006,0
1502,30.0206,686,30.0206,0
1503,30.0406,617,30.0406,0
1504,30.0606,624,30.0606,0
1505,30.0806,626,30.0806,0
1506,30.1006,634,30.1006,0
1507,30.1206,613,30.1206,0
1508,30.1406,653,30.1406,0
1509,30.1606,668,30.1606,0
1510,30.1806,651,30.1806,0
1511,30.2006,607,30.2006,0
1512,30.2206,609,30.2206,0
1513,30.2406,651,30.2406,0
1514,30.2606,619,30.2606,0
1515,30.2806,700,30.2806,0
1516,30.3006,625,30.3006,0
1517,30.3206,595,30.3206,0
1518,30.3406,599,30.3406,0
1519,30.3606,631,30.3606,0
1520,30.3806,616,30.3806,0
1521,30.4006,632,30.4006,0
1522,30.4206,606,30.4206,0
1523,30.4406,614,30.4406,0
1524,30.4606,618,30.4606,0
1525,30.4806,602,30.4806,0
1526,30.5006,636,30.5006,0
1527,30.5206,608,30.5206,0
1528,30.5406,608,30.5406,0
1529,30.5606,624,30.5606,0
1530,30.5806,592,30.5806,0
1531,30.6006,597,30.6006,0
1532,30.6206,581,30.6206,0
1533,30.6406,601,30.6406,0
1534,30.6606,611,30.6606,0
1535,30.6806,574,30.6806,0
1536,30.7006,600,30.7006,0
1537,30.7206,579,30.7206,0
1538,30.7406,576,30.7406,0
1539,30.7606,556,30.7606,0
1540,30.7806,625,30.7806,0
1541,30.8006,557,30.8006,0
1542,30.8206,596,30.8206,0
1543,30.8406,563,30.8406,0
1544,30.8606,583,30.8606,0
1545,30.8806,613,30.8806,0
1546,30.9006,501,30.9006,0
1547,30.9206,567,30.9206,0
1548,30.9406,551,30.9406,0
1549,30.9606,593,30.9606,0
1550,30.9806,575,30.9806,0
1551,31.0006,534,31.0006,0
1552,31.0206,530,31.0206,0
1553,31.0406,573,31.0406,0
1554,31.0606,563,31.0606,0
1555,31.0806,534,31.0806,0
1556,31.1006,513,31.1006,0
1557,31.1206,524,31.1206,0
1558,31.1406,537,31.1406,0
1559,31.1606,544,31.1606,0
1560,31.1806,533,31.1806,0
1561,31.2006,510,31.2006,0
1562,31.2206,512,31.2206,0
1563,31.2406,516,31.2406,0
1564,31.2606,543,31.2606,0
1565,31.2806,520,31.2806,0
1566,31.3006,517,31.3006,0
1567,31.3206,528,31.3206,0
1568,31.3406,550,31.3406,0
1569,31.3606,505,31.3606,0
1570,31.3806,486,31.3806,0
1571,31.4006,517,31.4006,0
1572,31.4206,533,31.4206,0
1573,31.4406,522,31.4406,0
1574,31.4606,539,31.4606,0
1575,31.4806,492,31.4806,0
1576,31.5006,497,31.5006,0
1577,31.5206,490,31.5206,0
1578,31.5406,479,31.5406,0
1579,31.5606,508,31.5606,0
1580,31.5806,557,31.5806,0
1581,31.6006,505,31.6006,0
1582,31.6206,487,31.6206,0
1583,31.6406,547,31.6406,0
1584,31.6606,468,31.6606,0
1585,31.6806,488,31.6806,0
1586,31.7006,576,31.7006,0
1587,31.7206,529,31.7206,0
1588,31.7406,484,31.7406,0
1589,31.7606,491,31.7606,0
1590,31.7806,554,31.7806,0
1591,31.8006,496,31.8006,0
1592,31.8206,484,31.8206,0
1593,31.8406,481,31.8406,0
1594,31.8606,476,31.8606,0
1595,31.8806,486,31.8806,0
1596,31.9006,479,31.9006,0
1597,31.9206,490,31.9206,0
1598,31.9406,498,31.9406,0
1599,31.9606,495,31.9606,0
1600,31.9806,495,31.9806,0
1601,32.0006,453,32.0006,0
1602,32.0206,464,32.0206,0
1603,32.0406,494,32.0406,0
1604,32.0606,470,32.0606,0
1605,32.0806,514,32.0806,0
1606,32.1006,503,32.1006,0
1607,32.1206,505,32.1206,0
1608,32.1406,530,32.1406,0
1609,32.1606,512,32.1606,0
1610,32.1806,499,32.1806,0
1611,32.2006,457,32.2006,0
1612,32.2206,441,32.2206,0
1613,32.2406,527,32.2406,0
1614,32.2606,502,32.2606,0
1615,32.2806,439,32.2806,0
1616,32.3006,471,32.3006,0
1617,32.3206,449,32.3206,0
1618,32.3406,423,32.3406,0
1619,32.3606,452,32.3606,0
1620,32.3806,425,32.3806,0
1621,32.4006,397,32.4006,0
1622,32.4206,416,32.4206,0
1623,32.4406,442,32.4406,0
1624,32.4606,440,32.4606,0
1625,32.4806,407,32.4806,0
1626,32.5006,399,32.5006,0
1627,32.5206,399,32.5206,0
1628,32.5406,375,32.5406,0
1629,32.5606,384,32.5606,0
1630,32.5806,396,32.5806,0
1631,32.6006,335,32.6006,0
1632,32.6206,401,32.6206,0
1633,32.6406,399,32.6406,0
1634,32.6606,360,32.6606,0
1635,32.6806,338,32.6806,0
1636,32.7006,344,32.7006,0
1637,32.7206,394,32.7206,0
1638,32.7406,322,32.7406,0
1639,32.7606,346,32.7606,0
1640,32.7806,412,32.7806,0
1641,32.8006,358,32.8006,0
1642,32.8206,334,32.8206,0
1643,32.8406,355,32.8406,0
1644,32.8606,369,32.8606,0
1645,32.8806,388,32.8806,0
1646,32.9006,354,32.9006,0
1647,32.9206,362,32.9206,0
1648,32.9406,314,32.9406,0
1649,32.9606,298,32.9606,0
1650,32.9806,379,32.9806,0
1651,33.0006,350,33.0006,0
1652,33.0206,334,33.0206,0
1653,33.0406,332,33.0406,0
1654,33.0606,335,33.0606,0
1655,33.0806,318,33.0806,0
1656,33.1006,327,33.1006,0
1657,33.1206,314,33.1206,0
1658,33.1406,307,33.1406,0
1659,33.1606,315,33.1606,0
1660,33.1806,341,33.1806,0
1661,33.2006,343,33.2006,0
1662,33.2206,313,33.2206,0
1663,33.2406,286,33.2406,0
1664,33.2606,307,33.2606,0
1665,33.2806,263,33.2806,0
1666,33.3006,297,33.3006,0
1667,33.3206,291,33.3206,0
1668,33.3406,286,33.3406,0
1669,33.3606,306,33.3606,0
1670,33.3806,300,33.3806,0
1671,33.4006,326,33.4006,0
1672,33.4206,250,33.4206,0
1673,33.4406,308,33.4406,0
1674,33.4606,257,33.4606,0
1675,33.4806,281,33.4806,0
1676,33.5006,275,33.5006,0
1677,33.5206,279,33.5206,0
1678,33.5406,301,33.5406,0
1679,33.5606,241,33.5606,0
1680,33.5806,248,33.5806,0
1681,33.6006,266,33.6006,0
1682,33.6206,267,33.6206,0
1683,33.6406,278,33.6406,0
1684,33.6606,269,33.6606,0
1685,33.6806,269,33.6806,0
1686,33.7006,265,33.7006,0
1687,33.7206,272,33.7206,0
1688,33.7406,237,33.7406,0
1689,33.7606,251,33.7606,0
1690,33.7806,235,33.7806,0
1691,33.8006,242,33.8006,0
1692,33.8206,237,33.8206,0
1693,33.8406,229,33.8406,0
1694,33.8606,226,33.8606,0
1695,33.8806,218,33.8806,0
1696,33.9006,239,33.9006,0
1697,33.9206,239,33.9206,0
1698,33.9406,223,33.9406,0
1699,33.9606,212,33.9606,0
1700,33.9806,219,33.9806,0
1701,34.0006,230,34.0006,0
1702,34.0206,197,34.0206,0
1703,34.0406,218,34.0406,0
1704,34.0606,206,34.0606,0
1705,34.0806,225,34.0806,0
1706,34.1006,230,34.1006,0
1707,34.1206,216,34.1206,0
1708,34.1406,211,34.1406,0
1709,34.1606,189,34.1606,0
1710,34.1806,203,34.1806,0
1711,34.2006,173,34.2006,0
1712,34.2206,192,34.2206,0
1713,34.2406,201,34.2406,0
1714,34.2606,196,34.2606,0
1715,34.2806,172,34.2806,0
1716,34.3006,200,34.3006,0
1717,34.3206,162,34.3206,0
1718,34.3406,198,34.3406,0
1719,34.3606,167,34.3606,0
1720,34.3806,219,34.3806,0
1721,34.4006,176,34.4006,0
1722,34.4206,174,34.4206,0
1723,34.4406,163,34.4406,0
1724,34.4606,162,34.4606,0
1725,34.4806,154,34.4806,0
1726,34.5006,165,34.5006,0
1727,34.5206,146,34.5206,0
1728,34.5406,160,34.5406,0
1729,34.5606,134,34.5606,0
1730,34.5806,145,34.5806,0
1731,34.6006,151,34.6006,0
1732,34.6206,146,34.6206,0
1733,34.6406,168,34.6406,0
1734,34.6606,147,34.6606,0
1735,34.6806,141,34.6806,0
1736,34.7006,135,34.7006,0
1737,34.7206,134,34.7206,0
1738,34.7406,140,34.7406,0
1739,34.7606,111,34.7606,0
1740,34.7806,146,34.7806,0
1741,34.8006,129,34.8006,0
1742,34.8206,113,34.8206,0
1743,34.8406,144,34.8406,0
1744,34.8606,117,34.8606,0
1745,34.8806,105,34.8806,0
1746,34.9006,103,34.9006,0
1747,34.9206,115,34.9206,0
1748,34.9406,111,34.9406,0
1749,34.9606,110,34.9606,0
1750,34.9806,114,34.9806,0
1751,35.0006,99,35.0006,0
1752,35.0206,105,35.0206,0
1753,35.0406,108,35.0406,0
1754,35.0606,103,35.0606,0
1755,35.0806,114,35.0806,0
1756,35.1006,114,35.1006,0
1757,35.1206,110,35.1206,0
1758,35.1406,122,35.1406,0
1759,35.1606,87,35.1606,0
1760,35.1806,89,35.1806,0
1761,35.2006,87,35.2006,0
1762,35.2206,103,35.2206,0
1763,35.2406,83,35.2406,0
1764,35.2606,82,35.2606,0
1765,35.2806,69,35.2806,0
1766,35.3006,96,35.3006,0
1767,35.3206,93,35.3206,0
1768,35.3406,74,35.3406,0
1769,35.3606,98,35.3606,0
1770,35.3806,91,35.3806,0
1771,35.4006,75,35.4006,0
1772,35.4206,83,35.4206,0
1773,35.4406,83,35.4406,0
1774,35.4606,62,35.4606,0
1775,35.4806,68,35.4806,0
1776,35.5006,64,35.5006,0
1777,35.5206,75,35.5206,0
1778,35.5406,68,35.5406,0
1779,35.5606,69,35.5606,0
1780,35.5806,48,35.5806,0
1781,35.6006,63,35.6006,0
1782,35.6206,75,35.6206,0
1783,35.6406,60,35.6406,0
1784,35.6606,59,35.6606,0
1785,35.6806,56,35.6806,0
1786,35.7006,58,35.7006,0
1787,35.7206,68,35.7206,0
1788,35.7406,62,35.7406,0
1789,35.7606,63,35.7606,0
1790,35.7806,63,35.7806,0
1791,35.8006,70,35.8006,0
1792,35.8206,56,35.8206,0
1793,35.8406,56,35.8406,0
1794,35.8606,36,35.8606,0
1795,35.8806,56,35.8806,0
1796,35.9006,47,35.9006,0
1797,35.9206,53,35.9206,0
1798,35.9406,49,35.9406,0
1799,35.9606,60,35.9606,0
1800,35.9806,50,35.9806,0
1801,36.0006,46,36.0006,0
1802,36.0206,46,36.0206,0
1803,36.0406,42,36.0406,0
1804,36.0606,38,36.0606,0
1805,36.0806,38,36.0806,0
1806,36.1006,49,36.1006,0
1807,36.1206,37,36.1206,0
1808,36.1406,44,36.1406,0
1809,36.1606,46,36.1606,0
1810,36.1806,61,36.1806,0
1811,36.2006,47,36.2006,0
1812,36.2206,52,36.2206,0
1813,36.2406,55,36.2406,0
1814,36.2606,63,36.2606,0
1815,36.2806,44,36.2806,0
1816,36.3006,35,36.3006,0
1817,36.3206,53,36.3206,0
1818,36.3406,55,36.3406,0
1819,36.3606,46,36.3606,0
1820,36.3806,45,36.3806,0
1821,36.4006,48,36.4006,0
1822,36.4206,33,36.4206,0
1823,36.4406,29,36.4406,0
1824,36.4606,31,36.4606,0
1825,36.4806,36,36.4806,0
1826,36.5006,36,36.5006,0
1827,36.5206,25,36.5206,0
1828,36.5406,49,36.5406,0
1829,36.5606,33,36.5606,0
1830,36.5806,34,36.5806,0
1831,36.6006,28,36.6006,0
1832,36.6206,30,36.6206,0
1833,36.6406,36,36.6406,0
1834,36.6606,19,36.6606,0
1835,36.6806,26,36.6806,0
1836,36.7006,37,36.7006,0
1837,36.7206,32,36.7206,0
1838,36.7406,32,36.7406,0
1839,36.7606,32,36.7606,0
1840,36.7806,30,36.7806,0
1841,36.8006,26,36.8006,0
1842,36.8206,22,36.8206,0
1843,36.8406,28,36.8406,0
1844,36.8606,33,36.8606,0
1845,36.8806,32,36.8806,0
1846,36.9006,30,36.9006,0
1847,36.9206,31,36.9206,0
1848,36.9406,29,36.9406,0
1849,36.9606,29,36.9606,0
1850,36.9806,26,36.9806,0
1851,37.0006,20,37.0006,0
1852,37.0206,20,37.0206,0
1853,37.0406,24,37.0406,0
1854,37.0606,28,37.0606,0
1855,37.0806,34,37.0806,0
1856,37.1006,25,37.1006,0
1857,37.1206,26,37.1206,0
1858,37.1406,35,37.1406,0
1859,37.1606,25,37.1606,0
1860,37.1806,22,37.1806,0
1861,37.2006,16,37.2006,0
1862,37.2206,32,37.2206,0
1863,37.2406,25,37.2406,0
1864,37.2606,29,37.2606,0
1865,37.2806,25,37.2806,0
1866,37.3006,25,37.3006,0
1867,37.3206,24,37.3206,0
1868,37.3406,32,37.3406,0
1869,37.3606,20,37.3606,0
1870,37.3806,23,37.3806,0
1871,37.4006,18,37.4006,0
1872,37.4206,22,37.4206,0
1873,37.4406,24,37.4406,0
1874,37.4606,25,37.4606,0
1875,37.4806,20,37.4806,0
1876,37.5006,18,37.5006,0
1877,37.5206,18,37.5206,0
1878,37.5406,14,37.5406,0
1879,37.5606,21,37.5606,0
1880,37.5806,23,37.5806,0
1881,37.6006,15,37.6006,0
1882,37.6206,21,37.6206,0
1883,37.6406,11,37.6406,0
1884,37.6606,25,37.6606,0
1885,37.6806,22,37.6806,0
1886,37.7006,26,37.7006,0
1887,37.7206,17,37.7206,0
1888,37.7406,22,37.7406,0
1889,37.7606,17,37.7606,0
1890,37.7806,17,37.7806,0
1891,37.8006,25,37.8006,0
1892,37.8206,19,37.8206,0
1893,37.8406,9,37.8406,0
1894,37.8606,27,37.8606,0
1895,37.8806,18,37.8806,0
1896,37.9006,21,37.9006,0
1897,37.9206,22,37.9206,0
1898,37.9406,16,37.9406,0
1899,37.9606,13,37.9606,0
1900,37.9806,12,37.9806,0
1901,38.0006,16,38.0006,0
1902,38.0206,17,38.0206,0
1903,38.0406,17,38.0406,0
1904,38.0606,19,38.0606,0
1905,38.0806,18,38.0806,0
1906,38.1006,13,38.1006,0
1907,38.1206,16,38.1206,0
1908,38.1406,21,38.1406,0
1909,38.1606,15,38.1606,0
1910,38.1806,10,38.1806,0
1911,38.2006,23,38.2006,0
1912,38.2206,17,38.2206,0
1913,38.2406,22,38.2406,0
1914,38.2606,17,38.2606,0
1915,38.2806,21,38.2806,0
1916,38.3006,21,38.3006,0
1917,38.3206,16,38.3206,0
1918,38.3406,23,38.3406,0
1919,38.3606,17,38.3606,0
1920,38.3806,15,38.3806,0
1921,38.4006,15,38.4006,0
1922,38.4206,22,38.4206,0
1923,38.4406,12,38.4406,0
1924,38.4606,12,38.4606,0
1925,38.4806,12,38.4806,0
1926,38.5006,13,38.5006,0
1927,38.5206,17,38.5206,0
1928,38.5406,15,38.5406,0
1929,38.5606,10,38.5606,0
1930,38.5806,15,38.5806,0
1931,38.6006,20,38.6006,0
1932,38.6206,16,38.6206,0
1933,38.6406,13,38.6406,0
1934,38.6606,23,38.6606,0
1935,38.6806,16,38.6806,0
1936,38.7006,15,38.7006,0
1937,38.7206,14,38.7206,0
1938,38.7406,14,38.7406,0
1939,38.7606,15,38.7606,0
1940,38.7806,7,38.7806,0
1941,38.8006,11,38.8006,0
1942,38.8206,16,38.8206,0
1943,38.8406,13,38.8406,0
1944,38.8606,15,38.8606,0
1945,38.8806,13,38.8806,0
1946,38.9006,7,38.9006,0
1947,38.9206,8,38.9206,0
1948,38.9406,6,38.9406,0
1949,38.9606,9,38.9606,0
1950,38.9806,14,38.9806,0
1951,39.0006,13,39.0006,0
1952,39.0206,8,39.0206,0
1953,39.0406,12,39.0406,0
1954,39.0606,13,39.0606,0
1955,39.0806,7,39.0806,0
1956,39.1006,15,39.1006,0
1957,39.1206,19,39.1206,0
1958,39.1406,7,39.1406,0
1959,39.1606,9,39.1606,0
1960,39.1806,11,39.1806,0
1961,39.2006,7,39.2006,0
1962,39.2206,18,39.2206,0
1963,39.2406,11,39.2406,0
1964,39.2606,11,39.2606,0
1965,39.2806,13,39.2806,0
1966,39.3006,12,39.3006,0
1967,39.3206,21,39.3206,0
1968,39.3406,11,39.3406,0
1969,39.3606,8,39.3606,0
1970,39.3806,14,39.3806,0
1971,39.4006,11,39.4006,0
1972,39.4206,15,39.4206,0
1973,39.4406,6,39.4406,0
1974,39.4606,16,39.4606,0
1975,39.4806,17,39.4806,0
1976,39.5006,10,39.5006,0
1977,39.5206,12,39.5206,0
1978,39.5406,15,39.5406,0
1979,39.5606,7,39.5606,0
1980,39.5806,10,39.5806,0
1981,39.6006,14,39.6006,0
1982,39.6206,8,39.6206,0
1983,39.6406,13,39.6406,0
1984,39.6606,11,39.6606,0
1985,39.6806,14,39.6806,0
1986,39.7006,13,39.7006,0
1987,39.7206,7,39.7206,0
1988,39.7406,9,39.7406,0
1989,39.7606,7,39.7606,0
1990,39.7806,8,39.7806,0
1991,39.8006,7,39.8006,0
1992,39.8206,9,39.8206,0
1993,39.8406,7,39.8406,0
1994,39.8606,6,39.8606,0
1995,39.8806,11,39.8806,0
1996,39.9006,13,39.9006,0
1997,39.9206,10,39.9206,0
1998,39.9406,11,39.9406,0
1999,39.9606,10,39.9606,0
2000,39.9806,7,39.9806,0
2001,40.0006,6,40.0006,0
2002,40.0206,9,40.0206,0
2003,40.0406,4,40.0406,0
2004,40.0606,7,40.0606,0
2005,40.0806,12,40.0806,0
2006,40.1006,10,40.1006,0
2007,40.1206,12,40.1206,0
2008,40.1406,9,40.1406,0
2009,40.1606,3,40.1606,0
2010,40.1806,9,40.1806,0
2011,40.2006,16,40.2006,0
2012,40.2206,9,40.2206,0
2013,40.2406,8,40.2406,0
2014,40.2606,8,40.2606,0
2015,40.2806,9,40.2806,0
2016,40.3006,13,40.3006,0
2017,40.3206,9,40.3206,0
2018,40.3406,10,40.3406,0
2019,40.3606,6,40.3606,0
2020,40.3806,14,40.3806,0
2021,40.4006,9,40.4006,0
2022,40.4206,7,40.4206,0
2023,40.4406,13,40.4406,0
2024,40.4606,8,40.4606,0
2025,40.4806,6,40.4806,0
2026,40.5006,9,40.5006,0
2027,40.5206,11,40.5206,0
2028,40.5406,10,40.5406,0
2029,40.5606,11,40.5606,0
2030,40.5806,9,40.5806,0
2031,40.6006,6,40.6006,0
2032,40.6206,7,40.6206,0
2033,40.6406,10,40.6406,0
2034,40.6606,12,40.6606,0
2035,40.6806,7,40.6806,0
2036,40.7006,4,40.7006,0
2037,40.7206,6,40.7206,0
2038,40.7406,8,40.7406,0
2039,40.7606,5,40.7606,0
2040,40.7806,15,40.7806,0
2041,40.8006,5,40.8006,0
2042,40.8206,8,40.8206,0
2043,40.8406,10,40.8406,0
2044,40.8606,17,40.8606,0
2045,40.8806,6,40.8806,0
2046,40.9006,3,40.9006,0
2047,40.9206,9,40.9206,0
2048,40.9406,6,40.9406,0
