Bruker AXS HMP Instrument Tools Complete CSV
FileName,C:\MeinZeugs\Uni\Publikationen\2025\MeIn pXRF\DAQ\Device_monitoring_sample_element_precision_Schauer\data_raw\Example_Drift\04637-Mudrock Dual.pdz
SerialString,SG2-6390
TubeTargetElement,45
NumberOfSpectra,2
SampleID,
AcquisitionDateTime,5/8/2025 1:09:25 PM
TotalElapsedTimeInSeconds,120
AnodeTakeOffAngle,45
SampleIncidenceAngle,45
BeThicknessInMicroMeters,125
SampleTakeOffAngle,65
SpotSizeUsed,8
NumberOfUserCustomFields,5
UserCustomFieldHeader,FieldName,FieldValue
UserCustomField,Operator,Supervisor
UserCustomField,Material,Standard
UserCustomField,ID,
UserCustomField,Probe,SdAR_M2
UserCustomField,Projekt,ESPRIT_Trocknungsexperimente
AnalysisMode,32
AnalysisType,1
UsedAutoCalSelect,False
ResultUnits,PPM
ErrorMultiplier,2
CalFileName,MudrockDual
CalPackageName,
CalPackagePartNumber,
TypeStandardizationSetName,
NumberOfElementsInCalculatedResults,27
CalculatedResults:AtomicNum,ElementSymbol,Units,Value,TypeStandardizedValue,Error,RangeMin,RangeMax,Tramp,Nominal
12,Mg,PPM,0.3258002,0.3258002,0.05090664,0,0,False,False
13,Al,PPM,4.898947,4.898947,0.03161327,0,0,False,False
14,Si,PPM,25.27048,25.27048,0.0427833,0,0,False,False
15,P,PPM,0.02246788,0.02246788,0.003031445,0,0,False,False
16,S,PPM,0.2051613,0.2051613,0.002810503,0,0,False,False
19,K,PPM,3.556436,3.556436,0.006587894,0,0,False,False
20,Ca,PPM,0.6744233,0.6744233,0.002344499,0,0,False,False
22,Ti,PPM,0.1505454,0.1505454,0.001130911,0,0,False,False
23,V,PPM,0.007072843,0.007072843,0.0005803509,0,0,False,False
24,Cr,PPM,0.004214637,0.004214637,0.0003450301,0,0,False,False
25,Mn,PPM,0.09230055,0.09230055,0.0006102783,0,0,False,False
26,Fe,PPM,1.901537,1.901537,0.00266326,0,0,False,False
27,Co,PPM,8.781248E-05,8.781248E-05,6.88184E-05,0,0,False,False
28,Ni,PPM,0.004428344,0.004428344,0.0001710851,0,0,False,False
29,Cu,PPM,0.02793881,0.02793881,0.0002931717,0,0,False,False
30,Zn,PPM,0.08960641,0.08960641,0.0004150667,0,0,False,False
33,As,PPM,0.04072187,0.04072187,0.0002472961,0,0,False,False
37,Rb,PPM,0.01538824,0.01538824,0.0001208631,0,0,False,False
38,Sr,PPM,0.01530686,0.01530686,0.0001235149,0,0,False,False
39,Y,PPM,0.005565045,0.005565045,0.0001189192,0,0,False,False
40,Zr,PPM,0.02078016,0.02078016,0.0001305846,0,0,False,False
41,Nb,PPM,0.002321013,0.002321013,0.0001025932,0,0,False,False
42,Mo,PPM,0.002612227,0.002612227,0.0001118877,0,0,False,False
56,Ba,PPM,0.1361549,0.1361549,0.007872385,0,0,False,False
82,Pb,PPM,0.04592979,0.04592979,0.0002440701,0,0,False,False
90,Th,PPM,0.001752718,0.001752718,2.730047E-05,0,0,False,False
92,U,PPM,0.000406563,0.000406563,0.000254384,0,0,False,False
MatchSpreadThreshold,0.05
IsTrampEnabled,False
IsNominalEnabled,False
NumberOfGradeIDMatchResults,3
GradeIDMatchResultsHeader,GradeID,MatchConfidence
GradeIDMatchResult,,0
GradeIDMatchResult,,0
GradeIDMatchResult,,0
ParametersForEachSpectrum,Spectrum 1,,Spectrum 2,
XrayVoltageInkV,40,,15,
XrayFilamentCurrentInMicroAmps,38.85,,27.9,
RawCounts,3390596,,3447266,
ValidCounts,2822459,,2976890,
eVPerChannel,20,,20,
StartingKeV,0.0006897121,,0.0006897121,
ZeroOffsetInKeV,-0.0006897121,,-0.0006897121,
StartingChannel,0.0344856,,0.0344856,
NumberOfChannels,2048,,2048,
CountsPerSecond,68084.25,,63399.16,
XilinxFirmwareVersion,,,,
IlluminationID,MudRock Trace40,,MudRock Maj15,
Filter1ElementAtomicNum,22,,0,
Filter1Thickness,25,,0,
Filter2ElementAtomicNum,13,,0,
Filter2Thickness,300,,0,
Filter3ElementAtomicNum,0,,0,
Filter3Thickness,0,,0,
AcquisitionDateTime,5/8/2025 1:09:25 PM,,5/8/2025 1:09:25 PM,
LiveTimeInSeconds,41.981,,46.76799,
DeadTimeInSeconds,7.819004,,7.605997,
ResetTimeInSeconds,6.455998,,1.860001,
DetectorTempInC,-27,,-27,
AmbientTempInF,104.8,,104.8,
NosePressureInMilliBars,990.0001,,990.0001,
NoseTemperatureInC,34,,34,
ActiveTimeInSeconds,49.80001,,54.374,
PacketTimeInSeconds,56.256,,56.234,
CommunicationTimeInSeconds,,,,
ElapsedClockTimeInSeconds,60,,60,
Spectrum:ChannelNumber,ChannelStartInKeV,ChannelCount,ChannelStartInKeV,ChannelCount
1,0.0006897121,0,0.0006897121,0
2,0.02068971,0,0.02068971,0
3,0.04068971,0,0.04068971,0
4,0.06068971,0,0.06068971,0
5,0.08068971,0,0.08068971,0
6,0.1006897,0,0.1006897,0
7,0.1206897,0,0.1206897,0
8,0.1406897,0,0.1406897,0
9,0.1606897,0,0.1606897,0
10,0.1806897,0,0.1806897,0
11,0.2006897,0,0.2006897,0
12,0.2206897,0,0.2206897,0
13,0.2406897,0,0.2406897,0
14,0.2606897,0,0.2606897,0
15,0.2806897,10,0.2806897,8
16,0.3006897,103,0.3006897,94
17,0.3206897,666,0.3206897,633
18,0.3406897,2750,0.3406897,2761
19,0.3606897,6834,0.3606897,7653
20,0.3806897,10840,0.3806897,12360
21,0.4006897,10439,0.4006897,12100
22,0.4206897,6605,0.4206897,7196
23,0.4406897,2500,0.4406897,2754
24,0.4606897,600,0.4606897,625
25,0.4806897,109,0.4806897,95
26,0.5006897,14,0.5006897,6
27,0.5206897,13,0.5206897,3
28,0.5406897,11,0.5406897,3
29,0.5606897,2,0.5606897,1
30,0.5806897,7,0.5806897,1
31,0.6006897,1,0.6006897,0
32,0.6206897,3,0.6206897,2
33,0.6406897,1,0.6406897,0
34,0.6606897,5,0.6606897,1
35,0.6806897,676,0.6806897,74
36,0.7006897,639,0.7006897,91
37,0.7206897,662,0.7206897,83
38,0.7406897,693,0.7406897,74
39,0.7606897,676,0.7606897,71
40,0.7806897,661,0.7806897,85
41,0.8006897,631,0.8006897,86
42,0.8206897,646,0.8206897,79
43,0.8406897,677,0.8406897,92
44,0.8606897,600,0.8606897,105
45,0.8806897,596,0.8806897,119
46,0.9006897,562,0.9006897,177
47,0.9206897,639,0.9206897,231
48,0.9406897,601,0.9406897,259
49,0.9606897,598,0.9606897,237
50,0.9806897,623,0.9806897,214
51,1.00069,576,1.00069,165
52,1.02069,588,1.02069,141
53,1.04069,573,1.04069,154
54,1.06069,585,1.06069,203
55,1.08069,557,1.08069,213
56,1.10069,547,1.10069,200
57,1.12069,563,1.12069,174
58,1.14069,557,1.14069,148
59,1.16069,525,1.16069,163
60,1.18069,543,1.18069,192
61,1.20069,541,1.20069,215
62,1.22069,550,1.22069,275
63,1.24069,509,1.24069,247
64,1.26069,538,1.26069,241
65,1.28069,539,1.28069,184
66,1.30069,515,1.30069,156
67,1.32069,530,1.32069,147
68,1.34069,464,1.34069,156
69,1.36069,518,1.36069,195
70,1.38069,526,1.38069,383
71,1.40069,519,1.40069,920
72,1.42069,530,1.42069,2258
73,1.44069,575,1.44069,4417
74,1.46069,682,1.46069,6453
75,1.48069,636,1.48069,7441
76,1.50069,615,1.50069,6811
77,1.52069,606,1.52069,4998
78,1.54069,557,1.54069,3239
79,1.56069,530,1.56069,2341
80,1.58069,531,1.58069,1659
81,1.60069,494,1.60069,1412
82,1.62069,499,1.62069,2313
83,1.64069,528,1.64069,6496
84,1.66069,677,1.66069,17802
85,1.68069,945,1.68069,39910
86,1.70069,1326,1.70069,69228
87,1.72069,1600,1.72069,94057
88,1.74069,1711,1.74069,99169
89,1.76069,1416,1.76069,81163
90,1.78069,1090,1.78069,52883
91,1.80069,823,1.80069,28895
92,1.82069,604,1.82069,14222
93,1.84069,564,1.84069,7204
94,1.86069,464,1.86069,4097
95,1.88069,464,1.88069,2169
96,1.90069,440,1.90069,1211
97,1.92069,415,1.92069,706
98,1.94069,425,1.94069,459
99,1.96069,434,1.96069,462
100,1.98069,406,1.98069,452
101,2.00069,373,2.00069,486
102,2.02069,392,2.02069,415
103,2.04069,376,2.04069,398
104,2.06069,336,2.06069,303
105,2.08069,392,2.08069,279
106,2.10069,374,2.10069,283
107,2.12069,362,2.12069,274
108,2.14069,388,2.14069,272
109,2.16069,389,2.16069,299
110,2.18069,363,2.18069,357
111,2.20069,344,2.20069,403
112,2.22069,359,2.22069,532
113,2.24069,350,2.24069,743
114,2.26069,354,2.26069,1140
115,2.28069,364,2.28069,1504
116,2.30069,354,2.30069,1804
117,2.32069,386,2.32069,1931
118,2.34069,393,2.34069,1746
119,2.36069,373,2.36069,1494
120,2.38069,348,2.38069,1343
121,2.40069,378,2.40069,1191
122,2.42069,341,2.42069,1080
123,2.44069,366,2.44069,947
124,2.46069,330,2.46069,961
125,2.48069,283,2.48069,833
126,2.50069,282,2.50069,794
127,2.52069,313,2.52069,692
128,2.54069,296,2.54069,842
129,2.56069,299,2.56069,1043
130,2.58069,299,2.58069,1491
131,2.60069,291,2.60069,2484
132,2.62069,288,2.62069,4168
133,2.64069,287,2.64069,6630
134,2.66069,274,2.66069,9672
135,2.68069,249,2.68069,11527
136,2.70069,243,2.70069,12153
137,2.72069,291,2.72069,10487
138,2.74069,264,2.74069,8099
139,2.76069,265,2.76069,6288
140,2.78069,283,2.78069,5699
141,2.80069,257,2.80069,6079
142,2.82069,274,2.82069,6657
143,2.84069,250,2.84069,7021
144,2.86069,268,2.86069,6746
145,2.88069,317,2.88069,6800
146,2.90069,385,2.90069,7239
147,2.92069,447,2.92069,7786
148,2.94069,489,2.94069,8619
149,2.96069,502,2.96069,8582
150,2.98069,465,2.98069,7643
151,3.00069,405,3.00069,5848
152,3.02069,328,3.02069,3821
153,3.04069,273,3.04069,2586
154,3.06069,250,3.06069,1631
155,3.08069,237,3.08069,1229
156,3.10069,237,3.10069,1228
157,3.12069,221,3.12069,1258
158,3.14069,223,3.14069,1520
159,3.16069,291,3.16069,1936
160,3.18069,358,3.18069,3052
161,3.20069,551,3.20069,5723
162,3.22069,1053,3.22069,11495
163,3.24069,1826,3.24069,22064
164,3.26069,3021,3.26069,36787
165,3.28069,4178,3.28069,53010
166,3.30069,4960,3.30069,63911
167,3.32069,4983,3.32069,64740
168,3.34069,4266,3.34069,54753
169,3.36069,2934,3.36069,39017
170,3.38069,1862,3.38069,23309
171,3.40069,1035,3.40069,12210
172,3.42069,544,3.42069,5697
173,3.44069,301,3.44069,2743
174,3.46069,267,3.46069,1830
175,3.48069,273,3.48069,1916
176,3.50069,312,3.50069,2712
177,3.52069,496,3.52069,4325
178,3.54069,634,3.54069,6341
179,3.56069,853,3.56069,8661
180,3.58069,944,3.58069,10263
181,3.60069,1046,3.60069,11419
182,3.62069,1236,3.62069,12404
183,3.64069,1329,3.64069,13186
184,3.66069,1410,3.66069,14294
185,3.68069,1424,3.68069,14468
186,3.70069,1394,3.70069,13444
187,3.72069,1114,3.72069,11045
188,3.74069,771,3.74069,7832
189,3.76069,517,3.76069,5105
190,3.78069,314,3.78069,2830
191,3.80069,201,3.80069,1672
192,3.82069,159,3.82069,1076
193,3.84069,160,3.84069,910
194,3.86069,135,3.86069,856
195,3.88069,110,3.88069,910
196,3.90069,130,3.90069,1039
197,3.92069,157,3.92069,1253
198,3.94069,178,3.94069,1515
199,3.96069,205,3.96069,1930
200,3.98069,275,3.98069,2357
201,4.00069,299,4.00069,2624
202,4.020689,250,4.020689,2618
203,4.04069,265,4.04069,2352
204,4.06069,243,4.06069,2073
205,4.08069,156,4.08069,1619
206,4.10069,145,4.10069,1313
207,4.12069,111,4.12069,1135
208,4.14069,109,4.14069,990
209,4.16069,101,4.16069,891
210,4.18069,70,4.18069,927
211,4.20069,78,4.20069,880
212,4.22069,75,4.22069,939
213,4.24069,79,4.24069,937
214,4.26069,79,4.26069,984
215,4.28069,84,4.28069,973
216,4.30069,102,4.30069,988
217,4.32069,100,4.32069,1036
218,4.34069,98,4.34069,1102
219,4.36069,116,4.36069,1309
220,4.38069,182,4.38069,1664
221,4.40069,308,4.40069,2383
222,4.42069,491,4.42069,3282
223,4.44069,675,4.44069,4541
224,4.46069,950,4.46069,5818
225,4.48069,1192,4.48069,7030
226,4.50069,1195,4.50069,7467
227,4.520689,1142,4.520689,7295
228,4.54069,956,4.54069,6109
229,4.56069,692,4.56069,4591
230,4.58069,547,4.58069,3431
231,4.60069,460,4.60069,2467
232,4.62069,374,4.62069,1986
233,4.64069,280,4.64069,1806
234,4.66069,262,4.66069,1700
235,4.68069,231,4.68069,1553
236,4.70069,231,4.70069,1453
237,4.72069,199,4.72069,1532
238,4.74069,160,4.74069,1427
239,4.76069,161,4.76069,1663
240,4.78069,190,4.78069,1804
241,4.80069,257,4.80069,1997
242,4.82069,310,4.82069,2239
243,4.84069,310,4.84069,2304
244,4.86069,323,4.86069,2422
245,4.88069,353,4.88069,2498
246,4.90069,345,4.90069,2655
247,4.92069,353,4.92069,2679
248,4.94069,337,4.94069,2542
249,4.96069,297,4.96069,2481
250,4.98069,204,4.98069,2238
251,5.00069,170,5.00069,2151
252,5.020689,145,5.020689,2059
253,5.04069,121,5.04069,1889
254,5.06069,108,5.06069,1877
255,5.08069,109,5.08069,1916
256,5.10069,106,5.10069,1906
257,5.12069,121,5.12069,1895
258,5.14069,93,5.14069,1874
259,5.16069,109,5.16069,1879
260,5.18069,131,5.18069,1947
261,5.20069,112,5.20069,1884
262,5.22069,132,5.22069,1981
263,5.24069,119,5.24069,1954
264,5.26069,112,5.26069,1910
265,5.28069,116,5.28069,1857
266,5.30069,118,5.30069,1985
267,5.32069,123,5.32069,1918
268,5.34069,138,5.34069,2084
269,5.36069,128,5.36069,2035
270,5.38069,143,5.38069,2045
271,5.40069,133,5.40069,2100
272,5.42069,138,5.42069,2178
273,5.44069,130,5.44069,2142
274,5.46069,141,5.46069,2052
275,5.48069,121,5.48069,1937
276,5.50069,110,5.50069,2029
277,5.520689,119,5.520689,2063
278,5.54069,112,5.54069,2030
279,5.56069,98,5.56069,1970
280,5.58069,88,5.58069,1993
281,5.60069,87,5.60069,1951
282,5.62069,98,5.62069,1955
283,5.64069,80,5.64069,1852
284,5.66069,94,5.66069,1906
285,5.68069,94,5.68069,1865
286,5.70069,83,5.70069,1926
287,5.72069,130,5.72069,1982
288,5.74069,173,5.74069,2097
289,5.76069,265,5.76069,2417
290,5.78069,402,5.78069,2780
291,5.80069,710,5.80069,3464
292,5.82069,1009,5.82069,4443
293,5.84069,1362,5.84069,5371
294,5.86069,1731,5.86069,6473
295,5.88069,1944,5.88069,6876
296,5.90069,2040,5.90069,7057
297,5.92069,1778,5.92069,6493
298,5.94069,1402,5.94069,5576
299,5.96069,1033,5.96069,4572
300,5.98069,740,5.98069,3551
301,6.00069,434,6.00069,2889
302,6.020689,281,6.020689,2359
303,6.04069,172,6.04069,2212
304,6.06069,153,6.06069,2031
305,6.08069,155,6.08069,2079
306,6.10069,142,6.10069,1983
307,6.12069,160,6.12069,1991
308,6.14069,155,6.14069,2037
309,6.16069,196,6.16069,2163
310,6.18069,289,6.18069,2320
311,6.20069,484,6.20069,2697
312,6.22069,947,6.22069,3536
313,6.24069,2081,6.24069,5365
314,6.26069,4287,6.26069,9208
315,6.28069,8043,6.28069,16325
316,6.30069,14437,6.30069,27722
317,6.32069,22303,6.32069,42989
318,6.34069,31788,6.34069,61243
319,6.36069,40368,6.36069,78144
320,6.38069,46567,6.38069,90006
321,6.40069,47681,6.40069,92523
322,6.42069,43936,6.42069,85607
323,6.44069,36451,6.44069,71226
324,6.46069,26463,6.46069,53602
325,6.48069,17873,6.48069,35785
326,6.50069,10997,6.50069,22367
327,6.520689,6021,6.520689,12931
328,6.54069,3102,6.54069,7313
329,6.56069,1537,6.56069,4310
330,6.58069,677,6.58069,3006
331,6.60069,402,6.60069,2390
332,6.62069,262,6.62069,2105
333,6.64069,184,6.64069,2017
334,6.66069,156,6.66069,1899
335,6.68069,152,6.68069,2022
336,6.70069,129,6.70069,1918
337,6.72069,132,6.72069,2000
338,6.74069,180,6.74069,1934
339,6.76069,158,6.76069,1993
340,6.78069,175,6.78069,1986
341,6.80069,210,6.80069,1996
342,6.82069,246,6.82069,2088
343,6.84069,324,6.84069,2181
344,6.86069,385,6.86069,2203
345,6.88069,531,6.88069,2565
346,6.90069,817,6.90069,3047
347,6.92069,1330,6.92069,3727
348,6.94069,2008,6.94069,5163
349,6.96069,3059,6.96069,7004
350,6.98069,4461,6.98069,9423
351,7.00069,5806,7.00069,11569
352,7.020689,7001,7.020689,14015
353,7.04069,7830,7.04069,15140
354,7.06069,7631,7.06069,15122
355,7.08069,7071,7.08069,13725
356,7.10069,5537,7.10069,11778
357,7.12069,4263,7.12069,9090
358,7.14069,2902,7.14069,6561
359,7.16069,1752,7.16069,4601
360,7.18069,1068,7.18069,3429
361,7.20069,581,7.20069,2497
362,7.22069,281,7.22069,2043
363,7.24069,175,7.24069,1966
364,7.26069,103,7.26069,1899
365,7.28069,73,7.28069,1785
366,7.30069,91,7.30069,1861
367,7.32069,89,7.32069,1883
368,7.34069,84,7.34069,1973
369,7.36069,124,7.36069,2109
370,7.38069,161,7.38069,2307
371,7.40069,186,7.40069,2455
372,7.42069,247,7.42069,2795
373,7.44069,296,7.44069,2983
374,7.46069,299,7.46069,3019
375,7.48069,301,7.48069,2975
376,7.50069,272,7.50069,2818
377,7.520689,205,7.520689,2489
378,7.54069,186,7.54069,2309
379,7.56069,119,7.56069,1952
380,7.58069,109,7.58069,1815
381,7.60069,100,7.60069,1691
382,7.62069,90,7.62069,1639
383,7.64069,67,7.64069,1495
384,7.66069,76,7.66069,1653
385,7.68069,73,7.68069,1542
386,7.70069,78,7.70069,1586
387,7.72069,59,7.72069,1595
388,7.74069,68,7.74069,1563
389,7.76069,69,7.76069,1584
390,7.78069,68,7.78069,1497
391,7.80069,90,7.80069,1488
392,7.82069,81,7.82069,1590
393,7.84069,102,7.84069,1568
394,7.86069,153,7.86069,1575
395,7.88069,164,7.88069,1632
396,7.90069,285,7.90069,1756
397,7.92069,440,7.92069,1793
398,7.94069,664,7.94069,1988
399,7.96069,913,7.96069,2151
400,7.98069,1283,7.98069,2254
401,8.00069,1458,8.00069,2507
402,8.02069,1612,8.02069,2739
403,8.040689,1643,8.040689,2671
404,8.06069,1621,8.06069,2680
405,8.080689,1353,8.080689,2608
406,8.10069,1085,8.10069,2509
407,8.120689,766,8.120689,2333
408,8.14069,559,8.14069,2219
409,8.160689,371,8.160689,2099
410,8.18069,267,8.18069,1968
411,8.200689,176,8.200689,1886
412,8.22069,142,8.22069,1890
413,8.240689,135,8.240689,1827
414,8.26069,151,8.26069,1890
415,8.280689,150,8.280689,1797
416,8.30069,115,8.30069,1790
417,8.32069,136,8.32069,1732
418,8.34069,122,8.34069,1718
419,8.36069,141,8.36069,1643
420,8.38069,145,8.38069,1611
421,8.40069,155,8.40069,1633
422,8.42069,217,8.42069,1668
423,8.44069,346,8.44069,1572
424,8.46069,511,8.46069,1809
425,8.48069,830,8.48069,1954
426,8.50069,1420,8.50069,2051
427,8.52069,2226,8.52069,2456
428,8.540689,3343,8.540689,3075
429,8.56069,4387,8.56069,3587
430,8.580689,5583,8.580689,4155
431,8.60069,6316,8.60069,4652
432,8.620689,6908,8.620689,4597
433,8.64069,6590,8.64069,4724
434,8.660689,6072,8.660689,4499
435,8.68069,4958,8.68069,3979
436,8.700689,3690,8.700689,3293
437,8.72069,2696,8.72069,2830
438,8.740689,1860,8.740689,2442
439,8.76069,1178,8.76069,2120
440,8.780689,694,8.780689,1979
441,8.80069,474,8.80069,1830
442,8.82069,424,8.82069,1664
443,8.84069,356,8.84069,1816
444,8.86069,347,8.86069,1786
445,8.88069,359,8.88069,1784
446,8.90069,408,8.90069,1791
447,8.92069,378,8.92069,1676
448,8.94069,336,8.94069,1713
449,8.96069,317,8.96069,1709
450,8.98069,302,8.98069,1718
451,9.00069,227,9.00069,1606
452,9.02069,213,9.02069,1597
453,9.040689,216,9.040689,1640
454,9.06069,234,9.06069,1605
455,9.080689,280,9.080689,1646
456,9.10069,319,9.10069,1646
457,9.120689,384,9.120689,1659
458,9.14069,473,9.14069,1591
459,9.160689,462,9.160689,1678
460,9.18069,556,9.18069,1661
461,9.200689,538,9.200689,1740
462,9.22069,563,9.22069,1684
463,9.240689,513,9.240689,1674
464,9.26069,453,9.26069,1688
465,9.280689,420,9.280689,1700
466,9.30069,368,9.30069,1676
467,9.32069,301,9.32069,1671
468,9.34069,280,9.34069,1710
469,9.36069,245,9.36069,1639
470,9.38069,276,9.38069,1660
471,9.40069,268,9.40069,1771
472,9.42069,348,9.42069,1716
473,9.44069,459,9.44069,1693
474,9.46069,539,9.46069,1765
475,9.48069,789,9.48069,1769
476,9.50069,956,9.50069,1973
477,9.52069,1113,9.52069,1992
478,9.540689,1277,9.540689,1953
479,9.56069,1334,9.56069,2120
480,9.580689,1238,9.580689,2014
481,9.60069,1165,9.60069,2052
482,9.620689,973,9.620689,2009
483,9.64069,855,9.64069,1858
484,9.660689,639,9.660689,1934
485,9.68069,543,9.68069,1931
486,9.700689,365,9.700689,1850
487,9.72069,327,9.72069,1700
488,9.740689,302,9.740689,1735
489,9.76069,252,9.76069,1735
490,9.780689,240,9.780689,1606
491,9.80069,235,9.80069,1709
492,9.82069,251,9.82069,1576
493,9.84069,241,9.84069,1626
494,9.86069,258,9.86069,1653
495,9.88069,261,9.88069,1506
496,9.90069,291,9.90069,1564
497,9.92069,267,9.92069,1547
498,9.94069,237,9.94069,1547
499,9.96069,255,9.96069,1541
500,9.98069,259,9.98069,1588
501,10.00069,250,10.00069,1566
502,10.02069,273,10.02069,1507
503,10.04069,242,10.04069,1560
504,10.06069,263,10.06069,1513
505,10.08069,265,10.08069,1588
506,10.10069,262,10.10069,1393
507,10.12069,253,10.12069,1526
508,10.14069,309,10.14069,1570
509,10.16069,298,10.16069,1523
510,10.18069,354,10.18069,1449
511,10.20069,347,10.20069,1460
512,10.22069,358,10.22069,1486
513,10.24069,372,10.24069,1536
514,10.26069,429,10.26069,1514
515,10.28069,466,10.28069,1506
516,10.30069,520,10.30069,1501
517,10.32069,631,10.32069,1503
518,10.34069,808,10.34069,1521
519,10.36069,1080,10.36069,1568
520,10.38069,1489,10.38069,1582
521,10.40069,2132,10.40069,1520
522,10.42069,2865,10.42069,1646
523,10.44069,3837,10.44069,1581
524,10.46069,4880,10.46069,1664
525,10.48069,5988,10.48069,1663
526,10.50069,6837,10.50069,1792
527,10.52069,7246,10.52069,1757
528,10.54069,7444,10.54069,1818
529,10.56069,7193,10.56069,1758
530,10.58069,6386,10.58069,1655
531,10.60069,5447,10.60069,1632
532,10.62069,4315,10.62069,1573
533,10.64069,3394,10.64069,1482
534,10.66069,2402,10.66069,1499
535,10.68069,1683,10.68069,1411
536,10.70069,1207,10.70069,1378
537,10.72069,821,10.72069,1394
538,10.74069,652,10.74069,1323
539,10.76069,549,10.76069,1324
540,10.78069,495,10.78069,1379
541,10.80069,458,10.80069,1374
542,10.82069,453,10.82069,1354
543,10.84069,453,10.84069,1347
544,10.86069,431,10.86069,1322
545,10.88069,493,10.88069,1291
546,10.90069,455,10.90069,1285
547,10.92069,462,10.92069,1294
548,10.94069,484,10.94069,1234
549,10.96069,470,10.96069,1238
550,10.98069,455,10.98069,1222
551,11.00069,530,11.00069,1333
552,11.02069,483,11.02069,1299
553,11.04069,508,11.04069,1256
554,11.06069,516,11.06069,1243
555,11.08069,453,11.08069,1246
556,11.10069,495,11.10069,1179
557,11.12069,536,11.12069,1201
558,11.14069,567,11.14069,1212
559,11.16069,575,11.16069,1248
560,11.18069,563,11.18069,1248
561,11.20069,587,11.20069,1174
562,11.22069,538,11.22069,1224
563,11.24069,595,11.24069,1215
564,11.26069,614,11.26069,1163
565,11.28069,601,11.28069,1212
566,11.30069,633,11.30069,1145
567,11.32069,618,11.32069,1089
568,11.34069,677,11.34069,1175
569,11.36069,679,11.36069,1142
570,11.38069,705,11.38069,1091
571,11.40069,674,11.40069,1147
572,11.42069,685,11.42069,1119
573,11.44069,674,11.44069,1164
574,11.46069,650,11.46069,1061
575,11.48069,662,11.48069,1158
576,11.50069,593,11.50069,1073
577,11.52069,639,11.52069,1132
578,11.54069,633,11.54069,998
579,11.56069,650,11.56069,1120
580,11.58069,697,11.58069,1046
581,11.60069,720,11.60069,1037
582,11.62069,737,11.62069,1047
583,11.64069,756,11.64069,1076
584,11.66069,832,11.66069,1112
585,11.68069,864,11.68069,1025
586,11.70069,841,11.70069,1014
587,11.72069,861,11.72069,1061
588,11.74069,813,11.74069,1006
589,11.76069,866,11.76069,1058
590,11.78069,804,11.78069,1003
591,11.80069,831,11.80069,995
592,11.82069,793,11.82069,1041
593,11.84069,799,11.84069,1075
594,11.86069,752,11.86069,1064
595,11.88069,802,11.88069,976
596,11.90069,722,11.90069,984
597,11.92069,733,11.92069,969
598,11.94069,737,11.94069,986
599,11.96069,777,11.96069,958
600,11.98069,796,11.98069,954
601,12.00069,723,12.00069,993
602,12.02069,828,12.02069,917
603,12.04069,782,12.04069,944
604,12.06069,817,12.06069,952
605,12.08069,865,12.08069,899
606,12.10069,888,12.10069,920
607,12.12069,878,12.12069,914
608,12.14069,953,12.14069,962
609,12.16069,973,12.16069,905
610,12.18069,962,12.18069,906
611,12.20069,1031,12.20069,916
612,12.22069,1116,12.22069,876
613,12.24069,1168,12.24069,884
614,12.26069,1143,12.26069,854
615,12.28069,1213,12.28069,884
616,12.30069,1230,12.30069,829
617,12.32069,1194,12.32069,798
618,12.34069,1227,12.34069,897
619,12.36069,1198,12.36069,845
620,12.38069,1192,12.38069,866
621,12.40069,1324,12.40069,843
622,12.42069,1391,12.42069,781
623,12.44069,1660,12.44069,860
624,12.46069,2146,12.46069,813
625,12.48069,2640,12.48069,797
626,12.50069,3340,12.50069,764
627,12.52069,4169,12.52069,814
628,12.54069,4978,12.54069,798
629,12.56069,5916,12.56069,815
630,12.58069,6219,12.58069,793
631,12.60069,6574,12.60069,776
632,12.62069,6510,12.62069,784
633,12.64069,6221,12.64069,832
634,12.66069,5583,12.66069,807
635,12.68069,4888,12.68069,721
636,12.70069,4020,12.70069,791
637,12.72069,3375,12.72069,764
638,12.74069,2838,12.74069,784
639,12.76069,2448,12.76069,818
640,12.78069,1997,12.78069,829
641,12.80069,1774,12.80069,800
642,12.82069,1635,12.82069,789
643,12.84069,1615,12.84069,718
644,12.86069,1468,12.86069,765
645,12.88069,1429,12.88069,781
646,12.90069,1306,12.90069,709
647,12.92069,1381,12.92069,686
648,12.94069,1352,12.94069,651
649,12.96069,1455,12.96069,608
650,12.98069,1364,12.98069,649
651,13.00069,1362,13.00069,619
652,13.02069,1357,13.02069,587
653,13.04069,1288,13.04069,561
654,13.06069,1322,13.06069,585
655,13.08069,1266,13.08069,605
656,13.10069,1252,13.10069,600
657,13.12069,1266,13.12069,623
658,13.14069,1229,13.14069,550
659,13.16069,1395,13.16069,559
660,13.18069,1495,13.18069,552
661,13.20069,1760,13.20069,512
662,13.22069,2093,13.22069,543
663,13.24069,2294,13.24069,555
664,13.26069,2772,13.26069,535
665,13.28069,3282,13.28069,532
666,13.30069,3710,13.30069,514
667,13.32069,4251,13.32069,502
668,13.34069,4416,13.34069,525
669,13.36069,4482,13.36069,535
670,13.38069,4454,13.38069,540
671,13.40069,4341,13.40069,485
672,13.42069,3830,13.42069,504
673,13.44069,3454,13.44069,514
674,13.46069,2885,13.46069,517
675,13.48069,2552,13.48069,504
676,13.50069,2178,13.50069,446
677,13.52069,1827,13.52069,464
678,13.54069,1611,13.54069,431
679,13.56069,1412,13.56069,409
680,13.58069,1362,13.58069,436
681,13.60069,1256,13.60069,430
682,13.62069,1247,13.62069,420
683,13.64069,1226,13.64069,388
684,13.66069,1251,13.66069,390
685,13.68069,1202,13.68069,396
686,13.70069,1235,13.70069,383
687,13.72069,1275,13.72069,344
688,13.74069,1251,13.74069,336
689,13.76069,1282,13.76069,349
690,13.78069,1217,13.78069,344
691,13.80069,1219,13.80069,339
692,13.82069,1257,13.82069,301
693,13.84069,1283,13.84069,322
694,13.86069,1342,13.86069,317
695,13.88069,1363,13.88069,287
696,13.90069,1459,13.90069,307
697,13.92069,1614,13.92069,296
698,13.94069,1610,13.94069,271
699,13.96069,1877,13.96069,260
700,13.98069,2195,13.98069,248
701,14.00069,2576,14.00069,268
702,14.02069,2926,14.02069,227
703,14.04069,3394,14.04069,229
704,14.06069,3834,14.06069,227
705,14.08069,4365,14.08069,268
706,14.10069,4628,14.10069,225
707,14.12069,4721,14.12069,215
708,14.14069,4737,14.14069,208
709,14.16069,4498,14.16069,202
710,14.18069,4237,14.18069,188
711,14.20069,3816,14.20069,193
712,14.22069,3350,14.22069,203
713,14.24069,2962,14.24069,196
714,14.26069,2568,14.26069,162
715,14.28069,2256,14.28069,156
716,14.30069,1955,14.30069,162
717,14.32069,1758,14.32069,147
718,14.34069,1665,14.34069,127
719,14.36069,1510,14.36069,137
720,14.38069,1539,14.38069,135
721,14.40069,1510,14.40069,131
722,14.42069,1397,14.42069,122
723,14.44069,1443,14.44069,135
724,14.46069,1413,14.46069,101
725,14.48069,1547,14.48069,109
726,14.50069,1487,14.50069,112
727,14.52069,1547,14.52069,77
728,14.54069,1512,14.54069,111
729,14.56069,1577,14.56069,82
730,14.58069,1604,14.58069,71
731,14.60069,1727,14.60069,94
732,14.62069,1812,14.62069,70
733,14.64069,1926,14.64069,80
734,14.66069,1975,14.66069,58
735,14.68069,2042,14.68069,56
736,14.70069,2295,14.70069,68
737,14.72069,2420,14.72069,55
738,14.74069,2459,14.74069,53
739,14.76069,2604,14.76069,60
740,14.78069,2705,14.78069,44
741,14.80069,2701,14.80069,49
742,14.82069,2822,14.82069,24
743,14.84069,2811,14.84069,40
744,14.86069,2815,14.86069,22
745,14.88069,2884,14.88069,30
746,14.90069,2947,14.90069,29
747,14.92069,2880,14.92069,34
748,14.94069,2905,14.94069,26
749,14.96069,2834,14.96069,23
750,14.98069,2790,14.98069,20
751,15.00069,2649,15.00069,19
752,15.02069,2410,15.02069,33
753,15.04069,2367,15.04069,28
754,15.06069,2278,15.06069,21
755,15.08069,2217,15.08069,17
756,15.10069,2091,15.10069,23
757,15.12069,1987,15.12069,18
758,15.14069,2081,15.14069,12
759,15.16069,2000,15.16069,16
760,15.18069,1978,15.18069,15
761,15.20069,1889,15.20069,9
762,15.22069,1873,15.22069,16
763,15.24069,1830,15.24069,13
764,15.26069,1914,15.26069,12
765,15.28069,1731,15.28069,12
766,15.30069,1739,15.30069,23
767,15.32069,1659,15.32069,21
768,15.34069,1731,15.34069,16
769,15.36069,1671,15.36069,10
770,15.38069,1717,15.38069,7
771,15.40069,1697,15.40069,13
772,15.42069,1713,15.42069,14
773,15.44069,1653,15.44069,15
774,15.46069,1804,15.46069,14
775,15.48069,1847,15.48069,15
776,15.50069,2115,15.50069,13
777,15.52069,2269,15.52069,19
778,15.54069,2468,15.54069,9
779,15.56069,2922,15.56069,9
780,15.58069,3399,15.58069,16
781,15.60069,3821,15.60069,11
782,15.62069,4585,15.62069,12
783,15.64069,5121,15.64069,10
784,15.66069,5636,15.66069,10
785,15.68069,6411,15.68069,14
786,15.70069,6987,15.70069,13
787,15.72069,7298,15.72069,12
788,15.74069,7364,15.74069,13
789,15.76069,7167,15.76069,12
790,15.78069,6877,15.78069,12
791,15.80069,6427,15.80069,12
792,15.82069,5733,15.82069,12
793,15.84069,5038,15.84069,19
794,15.86069,4364,15.86069,14
795,15.88069,3680,15.88069,6
796,15.90069,3140,15.90069,18
797,15.92069,2723,15.92069,15
798,15.94069,2363,15.94069,15
799,15.96069,2176,15.96069,15
800,15.98069,2125,15.98069,13
801,16.00069,1969,16.00069,7
802,16.02069,1853,16.02069,15
803,16.04069,1820,16.04069,13
804,16.06069,1873,16.06069,17
805,16.08069,1808,16.08069,6
806,16.10069,1819,16.10069,12
807,16.12069,1856,16.12069,12
808,16.14069,1818,16.14069,11
809,16.16069,1792,16.16069,10
810,16.18069,1860,16.18069,14
811,16.20069,1863,16.20069,8
812,16.22069,1855,16.22069,12
813,16.24069,1717,16.24069,20
814,16.26069,1716,16.26069,9
815,16.28069,1754,16.28069,11
816,16.30069,1810,16.30069,15
817,16.32069,1830,16.32069,9
818,16.34069,1827,16.34069,5
819,16.36069,1815,16.36069,12
820,16.38069,1854,16.38069,10
821,16.40069,1810,16.40069,12
822,16.42069,1878,16.42069,19
823,16.44069,1972,16.44069,14
824,16.46069,2076,16.46069,11
825,16.48069,2028,16.48069,13
826,16.50069,2111,16.50069,6
827,16.52069,2208,16.52069,8
828,16.54069,2294,16.54069,6
829,16.56069,2368,16.56069,11
830,16.58069,2361,16.58069,4
831,16.60069,2455,16.60069,10
832,16.62069,2287,16.62069,17
833,16.64069,2220,16.64069,10
834,16.66069,2156,16.66069,10
835,16.68069,2144,16.68069,10
836,16.70069,2099,16.70069,7
837,16.72069,2089,16.72069,5
838,16.74069,2033,16.74069,8
839,16.76069,1957,16.76069,10
840,16.78069,1966,16.78069,18
841,16.80069,1893,16.80069,9
842,16.82069,1928,16.82069,6
843,16.84069,1912,16.84069,13
844,16.86069,1871,16.86069,15
845,16.88069,1806,16.88069,12
846,16.90069,1804,16.90069,14
847,16.92069,1830,16.92069,8
848,16.94069,1873,16.94069,14
849,16.96069,1853,16.96069,13
850,16.98069,1831,16.98069,10
851,17.00069,1850,17.00069,14
852,17.02069,1838,17.02069,6
853,17.04069,1860,17.04069,13
854,17.06069,1777,17.06069,10
855,17.08069,1796,17.08069,9
856,17.10069,1842,17.10069,6
857,17.12069,1894,17.12069,9
858,17.14069,1876,17.14069,10
859,17.16069,1857,17.16069,10
860,17.18069,1917,17.18069,11
861,17.20069,1904,17.20069,14
862,17.22069,1912,17.22069,6
863,17.24069,1976,17.24069,18
864,17.26069,2040,17.26069,15
865,17.28069,1909,17.28069,8
866,17.30069,2112,17.30069,9
867,17.32069,2032,17.32069,16
868,17.34069,2201,17.34069,12
869,17.36069,2139,17.36069,5
870,17.38069,2097,17.38069,3
871,17.40069,2322,17.40069,12
872,17.42069,2299,17.42069,7
873,17.44069,2330,17.44069,9
874,17.46069,2274,17.46069,7
875,17.48069,2358,17.48069,7
876,17.50069,2506,17.50069,3
877,17.52069,2539,17.52069,7
878,17.54069,2689,17.54069,9
879,17.56069,2655,17.56069,9
880,17.58069,2740,17.58069,6
881,17.60069,2830,17.60069,5
882,17.62069,2910,17.62069,10
883,17.64069,2840,17.64069,7
884,17.66069,2824,17.66069,7
885,17.68069,2804,17.68069,6
886,17.70069,2829,17.70069,5
887,17.72069,2701,17.72069,7
888,17.74069,2552,17.74069,12
889,17.76069,2475,17.76069,6
890,17.78069,2395,17.78069,12
891,17.80069,2416,17.80069,4
892,17.82069,2370,17.82069,9
893,17.84069,2239,17.84069,10
894,17.86069,2268,17.86069,7
895,17.88069,2331,17.88069,4
896,17.90069,2250,17.90069,11
897,17.92069,2439,17.92069,10
898,17.94069,2311,17.94069,11
899,17.96069,2268,17.96069,10
900,17.98069,2465,17.98069,8
901,18.00069,2458,18.00069,8
902,18.02069,2482,18.02069,5
903,18.04069,2433,18.04069,9
904,18.06069,2451,18.06069,8
905,18.08069,2440,18.08069,4
906,18.10069,2479,18.10069,7
907,18.12069,2358,18.12069,7
908,18.14069,2469,18.14069,5
909,18.16069,2507,18.16069,3
910,18.18069,2429,18.18069,4
911,18.20069,2554,18.20069,10
912,18.22069,2592,18.22069,9
913,18.24069,2540,18.24069,8
914,18.26069,2604,18.26069,7
915,18.28069,2660,18.28069,6
916,18.30069,2736,18.30069,3
917,18.32069,2826,18.32069,9
918,18.34069,2753,18.34069,7
919,18.36069,2834,18.36069,6
920,18.38069,2893,18.38069,4
921,18.40069,3000,18.40069,3
922,18.42069,3192,18.42069,7
923,18.44069,3106,18.44069,10
924,18.46069,3234,18.46069,5
925,18.48069,3391,18.48069,3
926,18.50069,3377,18.50069,6
927,18.52069,3525,18.52069,8
928,18.54069,3776,18.54069,4
929,18.56069,3809,18.56069,7
930,18.58069,4091,18.58069,4
931,18.60069,4255,18.60069,5
932,18.62069,4391,18.62069,10
933,18.64069,4360,18.64069,5
934,18.66069,4557,18.66069,6
935,18.68069,4986,18.68069,4
936,18.70069,5056,18.70069,8
937,18.72069,5258,18.72069,3
938,18.74069,5463,18.74069,4
939,18.76069,5704,18.76069,5
940,18.78069,5939,18.78069,3
941,18.80069,6102,18.80069,9
942,18.82069,6431,18.82069,5
943,18.84069,6698,18.84069,11
944,18.86069,6798,18.86069,4
945,18.88069,7074,18.88069,6
946,18.90069,7159,18.90069,6
947,18.92069,7388,18.92069,8
948,18.94069,7415,18.94069,11
949,18.96069,7502,18.96069,5
950,18.98069,7538,18.98069,7
951,19.00069,7659,19.00069,4
952,19.02069,7600,19.02069,3
953,19.04069,7682,19.04069,3
954,19.06069,7841,19.06069,4
955,19.08069,7714,19.08069,3
956,19.10069,7672,19.10069,2
957,19.12069,7497,19.12069,10
958,19.14069,7399,19.14069,7
959,19.16069,7212,19.16069,2
960,19.18069,6987,19.18069,1
961,19.20069,6864,19.20069,4
962,19.22069,6714,19.22069,2
963,19.24069,6346,19.24069,3
964,19.26069,6070,19.26069,5
965,19.28069,6012,19.28069,8
966,19.30069,5672,19.30069,2
967,19.32069,5550,19.32069,3
968,19.34069,5277,19.34069,4
969,19.36069,5064,19.36069,4
970,19.38069,4820,19.38069,11
971,19.40069,4626,19.40069,5
972,19.42069,4491,19.42069,4
973,19.44069,4292,19.44069,2
974,19.46069,4152,19.46069,2
975,19.48069,4037,19.48069,5
976,19.50069,3855,19.50069,4
977,19.52069,3659,19.52069,3
978,19.54069,3646,19.54069,5
979,19.56069,3548,19.56069,9
980,19.58069,3317,19.58069,7
981,19.60069,3223,19.60069,4
982,19.62069,3142,19.62069,1
983,19.64069,2863,19.64069,7
984,19.66069,2898,19.66069,1
985,19.68069,2706,19.68069,8
986,19.70069,2616,19.70069,2
987,19.72069,2657,19.72069,1
988,19.74069,2600,19.74069,5
989,19.76069,2575,19.76069,5
990,19.78069,2407,19.78069,4
991,19.80069,2553,19.80069,3
992,19.82069,2420,19.82069,7
993,19.84069,2518,19.84069,3
994,19.86069,2565,19.86069,4
995,19.88069,2741,19.88069,4
996,19.90069,2746,19.90069,5
997,19.92069,2954,19.92069,3
998,19.94069,3288,19.94069,4
999,19.96069,3541,19.96069,2
1000,19.98069,3864,19.98069,1
1001,20.00069,4309,20.00069,2
1002,20.02069,4730,20.02069,5
1003,20.04069,4783,20.04069,3
1004,20.06069,5429,20.06069,3
1005,20.08069,5657,20.08069,4
1006,20.10069,5708,20.10069,4
1007,20.12069,6084,20.12069,3
1008,20.14069,6159,20.14069,7
1009,20.16069,6262,20.16069,4
1010,20.18069,6140,20.18069,1
1011,20.20069,5890,20.20069,3
1012,20.22069,5603,20.22069,0
1013,20.24069,5339,20.24069,5
1014,20.26069,4944,20.26069,2
1015,20.28069,4361,20.28069,4
1016,20.30069,3801,20.30069,4
1017,20.32069,3511,20.32069,3
1018,20.34069,3122,20.34069,0
1019,20.36069,2662,20.36069,2
1020,20.38069,2425,20.38069,2
1021,20.40069,2196,20.40069,2
1022,20.42069,2160,20.42069,2
1023,20.44069,2021,20.44069,0
1024,20.46069,2018,20.46069,1
1025,20.48069,1851,20.48069,2
1026,20.50069,1948,20.50069,2
1027,20.52069,1866,20.52069,1
1028,20.54069,1926,20.54069,2
1029,20.56069,1974,20.56069,3
1030,20.58069,1887,20.58069,3
1031,20.60069,1935,20.60069,2
1032,20.62069,1924,20.62069,2
1033,20.64069,1959,20.64069,2
1034,20.66069,2024,20.66069,2
1035,20.68069,2025,20.68069,2
1036,20.70069,2118,20.70069,2
1037,20.72069,2052,20.72069,4
1038,20.74069,2140,20.74069,1
1039,20.76069,1986,20.76069,4
1040,20.78069,2111,20.78069,0
1041,20.80069,2117,20.80069,1
1042,20.82069,2152,20.82069,1
1043,20.84069,2125,20.84069,2
1044,20.86069,2195,20.86069,0
1045,20.88069,2276,20.88069,0
1046,20.90069,2259,20.90069,2
1047,20.92069,2333,20.92069,2
1048,20.94069,2418,20.94069,1
1049,20.96069,2418,20.96069,1
1050,20.98069,2464,20.98069,1
1051,21.00069,2440,21.00069,0
1052,21.02069,2424,21.02069,0
1053,21.04069,2520,21.04069,0
1054,21.06069,2510,21.06069,2
1055,21.08069,2616,21.08069,0
1056,21.10069,2616,21.10069,0
1057,21.12069,2615,21.12069,1
1058,21.14069,2717,21.14069,2
1059,21.16069,2708,21.16069,3
1060,21.18069,2756,21.18069,2
1061,21.20069,2667,21.20069,0
1062,21.22069,2762,21.22069,1
1063,21.24069,2736,21.24069,0
1064,21.26069,2737,21.26069,0
1065,21.28069,2814,21.28069,2
1066,21.30069,2786,21.30069,1
1067,21.32069,2774,21.32069,0
1068,21.34069,2828,21.34069,1
1069,21.36069,2791,21.36069,2
1070,21.38069,2758,21.38069,0
1071,21.40069,2704,21.40069,1
1072,21.42069,2732,21.42069,1
1073,21.44069,2683,21.44069,0
1074,21.46069,2595,21.46069,1
1075,21.48069,2584,21.48069,1
1076,21.50069,2492,21.50069,2
1077,21.52069,2530,21.52069,0
1078,21.54069,2589,21.54069,4
1079,21.56069,2455,21.56069,0
1080,21.58069,2457,21.58069,1
1081,21.60069,2445,21.60069,4
1082,21.62069,2356,21.62069,0
1083,21.64069,2301,21.64069,1
1084,21.66069,2260,21.66069,3
1085,21.68069,2170,21.68069,2
1086,21.70069,2256,21.70069,2
1087,21.72069,2206,21.72069,2
1088,21.74069,2066,21.74069,0
1089,21.76069,2141,21.76069,2
1090,21.78069,2054,21.78069,1
1091,21.80069,2218,21.80069,2
1092,21.82069,2187,21.82069,1
1093,21.84069,2070,21.84069,3
1094,21.86069,1982,21.86069,0
1095,21.88069,2014,21.88069,2
1096,21.90069,1978,21.90069,0
1097,21.92069,1916,21.92069,1
1098,21.94069,1916,21.94069,1
1099,21.96069,1975,21.96069,1
1100,21.98069,1978,21.98069,0
1101,22.00069,1854,22.00069,0
1102,22.02069,1922,22.02069,2
1103,22.04069,1861,22.04069,1
1104,22.06069,1821,22.06069,1
1105,22.08069,1730,22.08069,0
1106,22.10069,1834,22.10069,0
1107,22.12069,1766,22.12069,0
1108,22.14069,1815,22.14069,1
1109,22.16069,1793,22.16069,1
1110,22.18069,1740,22.18069,0
1111,22.20069,1807,22.20069,1
1112,22.22069,1699,22.22069,0
1113,22.24069,1709,22.24069,0
1114,22.26069,1662,22.26069,0
1115,22.28069,1625,22.28069,1
1116,22.30069,1595,22.30069,0
1117,22.32069,1604,22.32069,0
1118,22.34069,1550,22.34069,0
1119,22.36069,1648,22.36069,1
1120,22.38069,1624,22.38069,1
1121,22.40069,1627,22.40069,2
1122,22.42069,1659,22.42069,0
1123,22.44069,1628,22.44069,1
1124,22.46069,1600,22.46069,1
1125,22.48069,1574,22.48069,0
1126,22.50069,1703,22.50069,0
1127,22.52069,1784,22.52069,2
1128,22.54069,1829,22.54069,0
1129,22.56069,1837,22.56069,3
1130,22.58069,1980,22.58069,0
1131,22.60069,2037,22.60069,0
1132,22.62069,2057,22.62069,0
1133,22.64069,2207,22.64069,0
1134,22.66069,2142,22.66069,0
1135,22.68069,2196,22.68069,1
1136,22.70069,2235,22.70069,0
1137,22.72069,2207,22.72069,0
1138,22.74069,2147,22.74069,2
1139,22.76069,2071,22.76069,1
1140,22.78069,1970,22.78069,0
1141,22.80069,1832,22.80069,0
1142,22.82069,1836,22.82069,0
1143,22.84069,1703,22.84069,0
1144,22.86069,1649,22.86069,1
1145,22.88069,1609,22.88069,2
1146,22.90069,1546,22.90069,1
1147,22.92069,1531,22.92069,1
1148,22.94069,1570,22.94069,0
1149,22.96069,1437,22.96069,0
1150,22.98069,1489,22.98069,1
1151,23.00069,1425,23.00069,0
1152,23.02069,1510,23.02069,1
1153,23.04069,1561,23.04069,1
1154,23.06069,1538,23.06069,1
1155,23.08069,1538,23.08069,0
1156,23.10069,1577,23.10069,0
1157,23.12069,1516,23.12069,0
1158,23.14069,1574,23.14069,1
1159,23.16069,1603,23.16069,2
1160,23.18069,1522,23.18069,1
1161,23.20069,1568,23.20069,1
1162,23.22069,1532,23.22069,1
1163,23.24069,1497,23.24069,0
1164,23.26069,1447,23.26069,1
1165,23.28069,1454,23.28069,0
1166,23.30069,1416,23.30069,0
1167,23.32069,1378,23.32069,1
1168,23.34069,1346,23.34069,0
1169,23.36069,1381,23.36069,1
1170,23.38069,1405,23.38069,1
1171,23.40069,1428,23.40069,0
1172,23.42069,1430,23.42069,0
1173,23.44069,1418,23.44069,2
1174,23.46069,1344,23.46069,2
1175,23.48069,1319,23.48069,0
1176,23.50069,1351,23.50069,0
1177,23.52069,1355,23.52069,0
1178,23.54069,1366,23.54069,0
1179,23.56069,1307,23.56069,0
1180,23.58069,1379,23.58069,0
1181,23.60069,1320,23.60069,1
1182,23.62069,1368,23.62069,0
1183,23.64069,1373,23.64069,1
1184,23.66069,1324,23.66069,1
1185,23.68069,1357,23.68069,0
1186,23.70069,1353,23.70069,0
1187,23.72069,1292,23.72069,1
1188,23.74069,1361,23.74069,0
1189,23.76069,1432,23.76069,1
1190,23.78069,1315,23.78069,0
1191,23.80069,1314,23.80069,0
1192,23.82069,1337,23.82069,0
1193,23.84069,1348,23.84069,1
1194,23.86069,1276,23.86069,0
1195,23.88069,1342,23.88069,0
1196,23.90069,1348,23.90069,0
1197,23.92069,1371,23.92069,0
1198,23.94069,1329,23.94069,1
1199,23.96069,1293,23.96069,1
1200,23.98069,1407,23.98069,1
1201,24.00069,1299,24.00069,0
1202,24.02069,1354,24.02069,1
1203,24.04069,1354,24.04069,0
1204,24.06069,1315,24.06069,1
1205,24.08069,1253,24.08069,1
1206,24.10069,1306,24.10069,0
1207,24.12069,1284,24.12069,0
1208,24.14069,1369,24.14069,2
1209,24.16069,1329,24.16069,1
1210,24.18069,1266,24.18069,0
1211,24.20069,1270,24.20069,1
1212,24.22069,1343,24.22069,0
1213,24.24069,1335,24.24069,0
1214,24.26069,1324,24.26069,1
1215,24.28069,1343,24.28069,1
1216,24.30069,1357,24.30069,0
1217,24.32069,1275,24.32069,0
1218,24.34069,1291,24.34069,1
1219,24.36069,1336,24.36069,0
1220,24.38069,1269,24.38069,0
1221,24.40069,1196,24.40069,0
1222,24.42069,1269,24.42069,0
1223,24.44069,1302,24.44069,0
1224,24.46069,1294,24.46069,1
1225,24.48069,1318,24.48069,0
1226,24.50069,1219,24.50069,2
1227,24.52069,1196,24.52069,0
1228,24.54069,1241,24.54069,0
1229,24.56069,1234,24.56069,0
1230,24.58069,1296,24.58069,0
1231,24.60069,1212,24.60069,1
1232,24.62069,1223,24.62069,1
1233,24.64069,1308,24.64069,0
1234,24.66069,1301,24.66069,0
1235,24.68069,1234,24.68069,1
1236,24.70069,1237,24.70069,0
1237,24.72069,1247,24.72069,0
1238,24.74069,1248,24.74069,0
1239,24.76069,1281,24.76069,0
1240,24.78069,1326,24.78069,0
1241,24.80069,1201,24.80069,0
1242,24.82069,1212,24.82069,2
1243,24.84069,1184,24.84069,0
1244,24.86069,1239,24.86069,1
1245,24.88069,1225,24.88069,0
1246,24.90069,1241,24.90069,0
1247,24.92069,1241,24.92069,0
1248,24.94069,1296,24.94069,0
1249,24.96069,1248,24.96069,1
1250,24.98069,1275,24.98069,2
1251,25.00069,1258,25.00069,0
1252,25.02069,1286,25.02069,0
1253,25.04069,1286,25.04069,0
1254,25.06069,1268,25.06069,0
1255,25.08069,1281,25.08069,0
1256,25.10069,1283,25.10069,1
1257,25.12069,1251,25.12069,0
1258,25.14069,1309,25.14069,1
1259,25.16069,1297,25.16069,0
1260,25.18069,1308,25.18069,0
1261,25.20069,1320,25.20069,0
1262,25.22069,1288,25.22069,0
1263,25.24069,1326,25.24069,0
1264,25.26069,1248,25.26069,0
1265,25.28069,1264,25.28069,0
1266,25.30069,1273,25.30069,0
1267,25.32069,1279,25.32069,0
1268,25.34069,1213,25.34069,0
1269,25.36069,1234,25.36069,1
1270,25.38069,1275,25.38069,1
1271,25.40069,1270,25.40069,0
1272,25.42069,1177,25.42069,0
1273,25.44069,1156,25.44069,0
1274,25.46069,1176,25.46069,0
1275,25.48069,1142,25.48069,1
1276,25.50069,1217,25.50069,0
1277,25.52069,1220,25.52069,1
1278,25.54069,1112,25.54069,0
1279,25.56069,1120,25.56069,0
1280,25.58069,1157,25.58069,0
1281,25.60069,1138,25.60069,0
1282,25.62069,1137,25.62069,0
1283,25.64069,1088,25.64069,0
1284,25.66069,1127,25.66069,0
1285,25.68069,1136,25.68069,0
1286,25.70069,1150,25.70069,0
1287,25.72069,1060,25.72069,0
1288,25.74069,1160,25.74069,0
1289,25.76069,1131,25.76069,0
1290,25.78069,1110,25.78069,0
1291,25.80069,1186,25.80069,0
1292,25.82069,1182,25.82069,0
1293,25.84069,1124,25.84069,0
1294,25.86069,1136,25.86069,0
1295,25.88069,1140,25.88069,0
1296,25.90069,1118,25.90069,0
1297,25.92069,1219,25.92069,0
1298,25.94069,1095,25.94069,0
1299,25.96069,1122,25.96069,0
1300,25.98069,1190,25.98069,0
1301,26.00069,1156,26.00069,0
1302,26.02069,1253,26.02069,0
1303,26.04069,1216,26.04069,0
1304,26.06069,1239,26.06069,0
1305,26.08069,1170,26.08069,1
1306,26.10069,1217,26.10069,0
1307,26.12069,1199,26.12069,0
1308,26.14069,1239,26.14069,0
1309,26.16069,1187,26.16069,0
1310,26.18069,1223,26.18069,0
1311,26.20069,1185,26.20069,0
1312,26.22069,1210,26.22069,0
1313,26.24069,1227,26.24069,0
1314,26.26069,1197,26.26069,0
1315,26.28069,1266,26.28069,0
1316,26.30069,1259,26.30069,0
1317,26.32069,1283,26.32069,0
1318,26.34069,1248,26.34069,0
1319,26.36069,1222,26.36069,0
1320,26.38069,1192,26.38069,0
1321,26.40069,1191,26.40069,0
1322,26.42069,1229,26.42069,0
1323,26.44069,1193,26.44069,1
1324,26.46069,1117,26.46069,0
1325,26.48069,1181,26.48069,0
1326,26.50069,1110,26.50069,0
1327,26.52069,1063,26.52069,0
1328,26.54069,1049,26.54069,0
1329,26.56069,1020,26.56069,0
1330,26.58069,1047,26.58069,0
1331,26.60069,1056,26.60069,0
1332,26.62069,1043,26.62069,0
1333,26.64069,1043,26.64069,0
1334,26.66069,987,26.66069,1
1335,26.68069,1064,26.68069,0
1336,26.70069,989,26.70069,0
1337,26.72069,981,26.72069,0
1338,26.74069,1015,26.74069,0
1339,26.76069,1047,26.76069,0
1340,26.78069,1046,26.78069,0
1341,26.80069,1007,26.80069,0
1342,26.82069,973,26.82069,0
1343,26.84069,970,26.84069,0
1344,26.86069,981,26.86069,0
1345,26.88069,995,26.88069,0
1346,26.90069,1010,26.90069,0
1347,26.92069,974,26.92069,0
1348,26.94069,981,26.94069,0
1349,26.96069,976,26.96069,0
1350,26.98069,990,26.98069,0
1351,27.00069,1012,27.00069,0
1352,27.02069,977,27.02069,0
1353,27.04069,963,27.04069,0
1354,27.06069,994,27.06069,0
1355,27.08069,989,27.08069,0
1356,27.10069,987,27.10069,0
1357,27.12069,962,27.12069,0
1358,27.14069,1002,27.14069,0
1359,27.16069,985,27.16069,0
1360,27.18069,1017,27.18069,0
1361,27.20069,1012,27.20069,0
1362,27.22069,937,27.22069,0
1363,27.24069,939,27.24069,0
1364,27.26069,976,27.26069,0
1365,27.28069,971,27.28069,0
1366,27.30069,951,27.30069,0
1367,27.32069,945,27.32069,0
1368,27.34069,942,27.34069,0
1369,27.36069,983,27.36069,0
1370,27.38069,967,27.38069,1
1371,27.40069,942,27.40069,0
1372,27.42069,960,27.42069,0
1373,27.44069,998,27.44069,0
1374,27.46069,964,27.46069,0
1375,27.48069,965,27.48069,0
1376,27.50069,933,27.50069,0
1377,27.52069,944,27.52069,0
1378,27.54069,970,27.54069,0
1379,27.56069,891,27.56069,0
1380,27.58069,907,27.58069,0
1381,27.60069,928,27.60069,0
1382,27.62069,946,27.62069,0
1383,27.64069,913,27.64069,0
1384,27.66069,936,27.66069,0
1385,27.68069,945,27.68069,0
1386,27.70069,900,27.70069,0
1387,27.72069,873,27.72069,0
1388,27.74069,927,27.74069,0
1389,27.76069,910,27.76069,0
1390,27.78069,879,27.78069,0
1391,27.80069,930,27.80069,0
1392,27.82069,909,27.82069,0
1393,27.84069,864,27.84069,0
1394,27.86069,909,27.86069,0
1395,27.88069,947,27.88069,0
1396,27.90069,877,27.90069,0
1397,27.92069,882,27.92069,0
1398,27.94069,889,27.94069,0
1399,27.96069,787,27.96069,0
1400,27.98069,877,27.98069,0
1401,28.00069,870,28.00069,0
1402,28.02069,926,28.02069,1
1403,28.04069,900,28.04069,0
1404,28.06069,883,28.06069,0
1405,28.08069,880,28.08069,0
1406,28.10069,884,28.10069,0
1407,28.12069,864,28.12069,0
1408,28.14069,869,28.14069,0
1409,28.16069,833,28.16069,0
1410,28.18069,896,28.18069,0
1411,28.20069,859,28.20069,0
1412,28.22069,837,28.22069,0
1413,28.24069,889,28.24069,0
1414,28.26069,883,28.26069,0
1415,28.28069,835,28.28069,0
1416,28.30069,845,28.30069,0
1417,28.32069,875,28.32069,0
1418,28.34069,792,28.34069,0
1419,28.36069,864,28.36069,0
1420,28.38069,874,28.38069,0
1421,28.40069,807,28.40069,0
1422,28.42069,844,28.42069,0
1423,28.44069,864,28.44069,0
1424,28.46069,849,28.46069,0
1425,28.48069,822,28.48069,0
1426,28.50069,825,28.50069,0
1427,28.52069,781,28.52069,0
1428,28.54069,801,28.54069,0
1429,28.56069,820,28.56069,0
1430,28.58069,836,28.58069,0
1431,28.60069,848,28.60069,0
1432,28.62069,837,28.62069,0
1433,28.64069,820,28.64069,0
1434,28.66069,763,28.66069,0
1435,28.68069,786,28.68069,0
1436,28.70069,804,28.70069,0
1437,28.72069,807,28.72069,0
1438,28.74069,788,28.74069,0
1439,28.76069,818,28.76069,0
1440,28.78069,785,28.78069,0
1441,28.80069,761,28.80069,0
1442,28.82069,782,28.82069,0
1443,28.84069,780,28.84069,0
1444,28.86069,788,28.86069,0
1445,28.88069,798,28.88069,0
1446,28.90069,746,28.90069,0
1447,28.92069,819,28.92069,0
1448,28.94069,790,28.94069,0
1449,28.96069,796,28.96069,0
1450,28.98069,804,28.98069,0
1451,29.00069,743,29.00069,0
1452,29.02069,749,29.02069,0
1453,29.04069,739,29.04069,0
1454,29.06069,758,29.06069,0
1455,29.08069,794,29.08069,0
1456,29.10069,734,29.10069,0
1457,29.12069,812,29.12069,0
1458,29.14069,791,29.14069,0
1459,29.16069,752,29.16069,0
1460,29.18069,768,29.18069,0
1461,29.20069,802,29.20069,0
1462,29.22069,768,29.22069,0
1463,29.24069,811,29.24069,0
1464,29.26069,734,29.26069,0
1465,29.28069,782,29.28069,0
1466,29.30069,750,29.30069,0
1467,29.32069,713,29.32069,0
1468,29.34069,713,29.34069,0
1469,29.36069,698,29.36069,0
1470,29.38069,739,29.38069,0
1471,29.40069,742,29.40069,0
1472,29.42069,701,29.42069,0
1473,29.44069,723,29.44069,0
1474,29.46069,758,29.46069,0
1475,29.48069,715,29.48069,0
1476,29.50069,649,29.50069,0
1477,29.52069,721,29.52069,0
1478,29.54069,760,29.54069,0
1479,29.56069,712,29.56069,0
1480,29.58069,689,29.58069,0
1481,29.60069,737,29.60069,0
1482,29.62069,712,29.62069,0
1483,29.64069,731,29.64069,0
1484,29.66069,713,29.66069,0
1485,29.68069,744,29.68069,0
1486,29.70069,718,29.70069,0
1487,29.72069,726,29.72069,0
1488,29.74069,697,29.74069,0
1489,29.76069,693,29.76069,0
1490,29.78069,724,29.78069,0
1491,29.80069,700,29.80069,0
1492,29.82069,705,29.82069,0
1493,29.84069,646,29.84069,0
1494,29.86069,688,29.86069,0
1495,29.88069,711,29.88069,0
1496,29.90069,692,29.90069,0
1497,29.92069,672,29.92069,0
1498,29.94069,690,29.94069,0
1499,29.96069,693,29.96069,0
1500,29.98069,651,29.98069,0
1501,30.00069,649,30.00069,0
1502,30.02069,629,30.02069,0
1503,30.04069,655,30.04069,0
1504,30.06069,656,30.06069,0
1505,30.08069,653,30.08069,0
1506,30.10069,638,30.10069,0
1507,30.12069,726,30.12069,0
1508,30.14069,643,30.14069,0
1509,30.16069,617,30.16069,0
1510,30.18069,636,30.18069,0
1511,30.20069,661,30.20069,0
1512,30.22069,633,30.22069,0
1513,30.24069,648,30.24069,0
1514,30.26069,623,30.26069,0
1515,30.28069,660,30.28069,0
1516,30.30069,584,30.30069,0
1517,30.32069,641,30.32069,0
1518,30.34069,681,30.34069,0
1519,30.36069,632,30.36069,0
1520,30.38069,649,30.38069,0
1521,30.40069,630,30.40069,0
1522,30.42069,664,30.42069,0
1523,30.44069,595,30.44069,0
1524,30.46069,608,30.46069,0
1525,30.48069,575,30.48069,0
1526,30.50069,572,30.50069,0
1527,30.52069,580,30.52069,0
1528,30.54069,571,30.54069,0
1529,30.56069,621,30.56069,0
1530,30.58069,604,30.58069,0
1531,30.60069,620,30.60069,0
1532,30.62069,597,30.62069,0
1533,30.64069,616,30.64069,0
1534,30.66069,567,30.66069,0
1535,30.68069,561,30.68069,0
1536,30.70069,603,30.70069,0
1537,30.72069,585,30.72069,0
1538,30.74069,614,30.74069,0
1539,30.76069,573,30.76069,0
1540,30.78069,586,30.78069,0
1541,30.80069,558,30.80069,0
1542,30.82069,593,30.82069,0
1543,30.84069,605,30.84069,0
1544,30.86069,526,30.86069,0
1545,30.88069,581,30.88069,0
1546,30.90069,625,30.90069,0
1547,30.92069,532,30.92069,0
1548,30.94069,549,30.94069,0
1549,30.96069,538,30.96069,0
1550,30.98069,565,30.98069,0
1551,31.00069,558,31.00069,0
1552,31.02069,564,31.02069,0
1553,31.04069,497,31.04069,0
1554,31.06069,511,31.06069,0
1555,31.08069,566,31.08069,0
1556,31.10069,561,31.10069,0
1557,31.12069,513,31.12069,0
1558,31.14069,511,31.14069,0
1559,31.16069,491,31.16069,0
1560,31.18069,517,31.18069,0
1561,31.20069,536,31.20069,0
1562,31.22069,551,31.22069,0
1563,31.24069,526,31.24069,0
1564,31.26069,543,31.26069,0
1565,31.28069,532,31.28069,0
1566,31.30069,544,31.30069,0
1567,31.32069,529,31.32069,0
1568,31.34069,525,31.34069,0
1569,31.36069,503,31.36069,0
1570,31.38069,526,31.38069,0
1571,31.40069,511,31.40069,0
1572,31.42069,479,31.42069,0
1573,31.44069,487,31.44069,0
1574,31.46069,480,31.46069,0
1575,31.48069,514,31.48069,0
1576,31.50069,554,31.50069,0
1577,31.52069,500,31.52069,0
1578,31.54069,521,31.54069,0
1579,31.56069,514,31.56069,0
1580,31.58069,495,31.58069,0
1581,31.60069,491,31.60069,0
1582,31.62069,482,31.62069,0
1583,31.64069,512,31.64069,0
1584,31.66069,484,31.66069,0
1585,31.68069,469,31.68069,0
1586,31.70069,500,31.70069,0
1587,31.72069,475,31.72069,0
1588,31.74069,481,31.74069,0
1589,31.76069,475,31.76069,0
1590,31.78069,530,31.78069,0
1591,31.80069,531,31.80069,0
1592,31.82069,504,31.82069,0
1593,31.84069,532,31.84069,0
1594,31.86069,479,31.86069,0
1595,31.88069,498,31.88069,0
1596,31.90069,491,31.90069,0
1597,31.92069,490,31.92069,0
1598,31.94069,456,31.94069,0
1599,31.96069,530,31.96069,0
1600,31.98069,508,31.98069,0
1601,32.00069,470,32.00069,0
1602,32.02069,473,32.02069,0
1603,32.04069,460,32.04069,0
1604,32.06069,491,32.06069,0
1605,32.08069,492,32.08069,0
1606,32.10069,489,32.10069,0
1607,32.12069,506,32.12069,0
1608,32.14069,521,32.14069,0
1609,32.16069,463,32.16069,0
1610,32.18069,499,32.18069,0
1611,32.20069,455,32.20069,0
1612,32.22069,454,32.22069,0
1613,32.24069,496,32.24069,0
1614,32.26069,475,32.26069,0
1615,32.28069,463,32.28069,0
1616,32.30069,441,32.30069,0
1617,32.32069,415,32.32069,0
1618,32.34069,425,32.34069,0
1619,32.36069,439,32.36069,0
1620,32.38069,363,32.38069,0
1621,32.40069,411,32.40069,0
1622,32.42069,437,32.42069,0
1623,32.44069,383,32.44069,0
1624,32.46069,431,32.46069,0
1625,32.48069,400,32.48069,0
1626,32.50069,368,32.50069,0
1627,32.52069,392,32.52069,0
1628,32.54069,365,32.54069,0
1629,32.56069,366,32.56069,0
1630,32.58069,362,32.58069,0
1631,32.60069,402,32.60069,0
1632,32.62069,372,32.62069,0
1633,32.64069,358,32.64069,0
1634,32.66069,374,32.66069,0
1635,32.68069,367,32.68069,0
1636,32.70069,367,32.70069,0
1637,32.72069,362,32.72069,0
1638,32.74069,331,32.74069,0
1639,32.76069,342,32.76069,0
1640,32.78069,351,32.78069,0
1641,32.80069,346,32.80069,0
1642,32.82069,347,32.82069,0
1643,32.84069,375,32.84069,0
1644,32.86069,341,32.86069,0
1645,32.88069,345,32.88069,0
1646,32.90069,352,32.90069,0
1647,32.92069,373,32.92069,0
1648,32.94069,318,32.94069,0
1649,32.96069,355,32.96069,0
1650,32.98069,332,32.98069,0
1651,33.00069,310,33.00069,0
1652,33.02069,345,33.02069,0
1653,33.04069,313,33.04069,0
1654,33.06069,348,33.06069,0
1655,33.08069,336,33.08069,0
1656,33.10069,370,33.10069,0
1657,33.12069,318,33.12069,0
1658,33.14069,334,33.14069,0
1659,33.16069,318,33.16069,0
1660,33.18069,324,33.18069,0
1661,33.20069,306,33.20069,0
1662,33.22069,304,33.22069,0
1663,33.24069,295,33.24069,0
1664,33.26069,273,33.26069,0
1665,33.28069,332,33.28069,0
1666,33.30069,311,33.30069,0
1667,33.32069,314,33.32069,0
1668,33.34069,284,33.34069,0
1669,33.36069,286,33.36069,0
1670,33.38069,293,33.38069,0
1671,33.40069,293,33.40069,0
1672,33.42069,276,33.42069,0
1673,33.44069,302,33.44069,0
1674,33.46069,319,33.46069,0
1675,33.48069,302,33.48069,0
1676,33.50069,265,33.50069,0
1677,33.52069,315,33.52069,0
1678,33.54069,282,33.54069,0
1679,33.56069,292,33.56069,0
1680,33.58069,251,33.58069,0
1681,33.60069,278,33.60069,0
1682,33.62069,258,33.62069,0
1683,33.64069,258,33.64069,0
1684,33.66069,257,33.66069,0
1685,33.68069,215,33.68069,0
1686,33.70069,229,33.70069,0
1687,33.72069,268,33.72069,0
1688,33.74069,258,33.74069,0
1689,33.76069,266,33.76069,0
1690,33.78069,233,33.78069,0
1691,33.80069,252,33.80069,0
1692,33.82069,246,33.82069,0
1693,33.84069,231,33.84069,0
1694,33.86069,207,33.86069,0
1695,33.88069,223,33.88069,0
1696,33.90069,216,33.90069,0
1697,33.92069,232,33.92069,0
1698,33.94069,220,33.94069,0
1699,33.96069,218,33.96069,0
1700,33.98069,230,33.98069,0
1701,34.00069,220,34.00069,0
1702,34.02069,199,34.02069,0
1703,34.04069,225,34.04069,0
1704,34.06069,217,34.06069,0
1705,34.08069,200,34.08069,0
1706,34.10069,213,34.10069,0
1707,34.12069,201,34.12069,0
1708,34.14069,216,34.14069,0
1709,34.16069,198,34.16069,0
1710,34.18069,183,34.18069,0
1711,34.20069,179,34.20069,0
1712,34.22069,185,34.22069,0
1713,34.24069,173,34.24069,0
1714,34.26069,189,34.26069,0
1715,34.28069,194,34.28069,0
1716,34.30069,172,34.30069,0
1717,34.32069,172,34.32069,0
1718,34.34069,169,34.34069,0
1719,34.36069,204,34.36069,0
1720,34.38069,206,34.38069,0
1721,34.40069,158,34.40069,0
1722,34.42069,156,34.42069,0
1723,34.44069,166,34.44069,0
1724,34.46069,192,34.46069,0
1725,34.48069,146,34.48069,0
1726,34.50069,157,34.50069,0
1727,34.52069,167,34.52069,0
1728,34.54069,167,34.54069,0
1729,34.56069,157,34.56069,0
1730,34.58069,152,34.58069,0
1731,34.60069,152,34.60069,0
1732,34.62069,160,34.62069,0
1733,34.64069,161,34.64069,0
1734,34.66069,132,34.66069,0
1735,34.68069,160,34.68069,0
1736,34.70069,146,34.70069,0
1737,34.72069,128,34.72069,0
1738,34.74069,142,34.74069,0
1739,34.76069,123,34.76069,0
1740,34.78069,166,34.78069,0
1741,34.80069,147,34.80069,0
1742,34.82069,110,34.82069,0
1743,34.84069,123,34.84069,0
1744,34.86069,128,34.86069,0
1745,34.88069,123,34.88069,0
1746,34.90069,136,34.90069,0
1747,34.92069,126,34.92069,0
1748,34.94069,113,34.94069,0
1749,34.96069,121,34.96069,0
1750,34.98069,117,34.98069,0
1751,35.00069,112,35.00069,0
1752,35.02069,108,35.02069,0
1753,35.04069,98,35.04069,0
1754,35.06069,115,35.06069,0
1755,35.08069,101,35.08069,0
1756,35.10069,105,35.10069,0
1757,35.12069,102,35.12069,0
1758,35.14069,97,35.14069,0
1759,35.16069,94,35.16069,0
1760,35.18069,86,35.18069,0
1761,35.20069,92,35.20069,0
1762,35.22069,78,35.22069,0
1763,35.24069,82,35.24069,0
1764,35.26069,77,35.26069,0
1765,35.28069,90,35.28069,0
1766,35.30069,84,35.30069,0
1767,35.32069,81,35.32069,0
1768,35.34069,74,35.34069,0
1769,35.36069,79,35.36069,0
1770,35.38069,74,35.38069,0
1771,35.40069,60,35.40069,0
1772,35.42069,88,35.42069,0
1773,35.44069,89,35.44069,0
1774,35.46069,87,35.46069,0
1775,35.48069,75,35.48069,0
1776,35.50069,78,35.50069,0
1777,35.52069,78,35.52069,0
1778,35.54069,62,35.54069,0
1779,35.56069,61,35.56069,0
1780,35.58069,67,35.58069,0
1781,35.60069,65,35.60069,0
1782,35.62069,66,35.62069,0
1783,35.64069,59,35.64069,0
1784,35.66069,65,35.66069,0
1785,35.68069,73,35.68069,0
1786,35.70069,58,35.70069,0
1787,35.72069,44,35.72069,0
1788,35.74069,45,35.74069,0
1789,35.76069,57,35.76069,0
1790,35.78069,57,35.78069,0
1791,35.80069,66,35.80069,0
1792,35.82069,45,35.82069,0
1793,35.84069,52,35.84069,0
1794,35.86069,38,35.86069,0
1795,35.88069,44,35.88069,0
1796,35.90069,45,35.90069,0
1797,35.92069,62,35.92069,0
1798,35.94069,45,35.94069,0
1799,35.96069,47,35.96069,0
1800,35.98069,36,35.98069,0
1801,36.00069,53,36.00069,0
1802,36.02069,34,36.02069,0
1803,36.04069,40,36.04069,0
1804,36.06069,54,36.06069,0
1805,36.08069,43,36.08069,0
1806,36.10069,50,36.10069,0
1807,36.12069,48,36.12069,0
1808,36.14069,48,36.14069,0
1809,36.16069,43,36.16069,0
1810,36.18069,54,36.18069,0
1811,36.20069,34,36.20069,0
1812,36.22069,51,36.22069,0
1813,36.24069,37,36.24069,0
1814,36.26069,52,36.26069,0
1815,36.28069,57,36.28069,0
1816,36.30069,53,36.30069,0
1817,36.32069,61,36.32069,0
1818,36.34069,31,36.34069,0
1819,36.36069,53,36.36069,0
1820,36.38069,50,36.38069,0
1821,36.40069,54,36.40069,0
1822,36.42069,36,36.42069,0
1823,36.44069,45,36.44069,0
1824,36.46069,40,36.46069,0
1825,36.48069,37,36.48069,0
1826,36.50069,28,36.50069,0
1827,36.52069,33,36.52069,0
1828,36.54069,32,36.54069,0
1829,36.56069,35,36.56069,0
1830,36.58069,32,36.58069,0
1831,36.60069,28,36.60069,0
1832,36.62069,39,36.62069,0
1833,36.64069,34,36.64069,0
1834,36.66069,26,36.66069,0
1835,36.68069,41,36.68069,0
1836,36.70069,45,36.70069,0
1837,36.72069,32,36.72069,0
1838,36.74069,26,36.74069,0
1839,36.76069,27,36.76069,0
1840,36.78069,26,36.78069,0
1841,36.80069,24,36.80069,0
1842,36.82069,29,36.82069,0
1843,36.84069,26,36.84069,0
1844,36.86069,24,36.86069,0
1845,36.88069,24,36.88069,0
1846,36.90069,24,36.90069,0
1847,36.92069,26,36.92069,0
1848,36.94069,22,36.94069,0
1849,36.96069,29,36.96069,0
1850,36.98069,33,36.98069,0
1851,37.00069,27,37.00069,0
1852,37.02069,23,37.02069,0
1853,37.04069,30,37.04069,0
1854,37.06069,31,37.06069,0
1855,37.08069,32,37.08069,0
1856,37.10069,34,37.10069,0
1857,37.12069,17,37.12069,0
1858,37.14069,27,37.14069,0
1859,37.16069,28,37.16069,0
1860,37.18069,29,37.18069,0
1861,37.20069,36,37.20069,0
1862,37.22069,30,37.22069,0
1863,37.24069,23,37.24069,0
1864,37.26069,24,37.26069,0
1865,37.28069,20,37.28069,0
1866,37.30069,21,37.30069,0
1867,37.32069,32,37.32069,0
1868,37.34069,27,37.34069,0
1869,37.36069,15,37.36069,0
1870,37.38069,26,37.38069,0
1871,37.40069,25,37.40069,0
1872,37.42069,20,37.42069,0
1873,37.44069,20,37.44069,0
1874,37.46069,21,37.46069,0
1875,37.48069,21,37.48069,0
1876,37.50069,29,37.50069,0
1877,37.52069,13,37.52069,0
1878,37.54069,22,37.54069,0
1879,37.56069,22,37.56069,0
1880,37.58069,12,37.58069,0
1881,37.60069,13,37.60069,0
1882,37.62069,10,37.62069,0
1883,37.64069,31,37.64069,0
1884,37.66069,24,37.66069,0
1885,37.68069,15,37.68069,0
1886,37.70069,23,37.70069,0
1887,37.72069,22,37.72069,0
1888,37.74069,23,37.74069,0
1889,37.76069,15,37.76069,0
1890,37.78069,14,37.78069,0
1891,37.80069,15,37.80069,0
1892,37.82069,24,37.82069,0
1893,37.84069,21,37.84069,0
1894,37.86069,17,37.86069,0
1895,37.88069,19,37.88069,0
1896,37.90069,14,37.90069,0
1897,37.92069,15,37.92069,0
1898,37.94069,21,37.94069,0
1899,37.96069,16,37.96069,0
1900,37.98069,19,37.98069,0
1901,38.00069,18,38.00069,0
1902,38.02069,18,38.02069,0
1903,38.04069,20,38.04069,0
1904,38.06069,11,38.06069,0
1905,38.08069,15,38.08069,0
1906,38.10069,22,38.10069,0
1907,38.12069,12,38.12069,0
1908,38.14069,17,38.14069,0
1909,38.16069,20,38.16069,0
1910,38.18069,18,38.18069,0
1911,38.20069,15,38.20069,0
1912,38.22069,19,38.22069,0
1913,38.24069,16,38.24069,0
1914,38.26069,13,38.26069,0
1915,38.28069,19,38.28069,0
1916,38.30069,17,38.30069,0
1917,38.32069,12,38.32069,0
1918,38.34069,24,38.34069,0
1919,38.36069,10,38.36069,0
1920,38.38069,16,38.38069,0
1921,38.40069,14,38.40069,0
1922,38.42069,13,38.42069,0
1923,38.44069,19,38.44069,0
1924,38.46069,13,38.46069,0
1925,38.48069,14,38.48069,0
1926,38.50069,14,38.50069,0
1927,38.52069,11,38.52069,0
1928,38.54069,8,38.54069,0
1929,38.56069,13,38.56069,0
1930,38.58069,10,38.58069,0
1931,38.60069,15,38.60069,0
1932,38.62069,11,38.62069,0
1933,38.64069,17,38.64069,0
1934,38.66069,15,38.66069,0
1935,38.68069,16,38.68069,0
1936,38.70069,15,38.70069,0
1937,38.72069,18,38.72069,0
1938,38.74069,12,38.74069,0
1939,38.76069,12,38.76069,0
1940,38.78069,9,38.78069,0
1941,38.80069,12,38.80069,0
1942,38.82069,14,38.82069,0
1943,38.84069,13,38.84069,0
1944,38.86069,14,38.86069,0
1945,38.88069,15,38.88069,0
1946,38.90069,17,38.90069,0
1947,38.92069,13,38.92069,0
1948,38.94069,14,38.94069,0
1949,38.96069,14,38.96069,0
1950,38.98069,14,38.98069,0
1951,39.00069,10,39.00069,0
1952,39.02069,10,39.02069,0
1953,39.04069,14,39.04069,0
1954,39.06069,17,39.06069,0
1955,39.08069,7,39.08069,0
1956,39.10069,8,39.10069,0
1957,39.12069,12,39.12069,0
1958,39.14069,9,39.14069,0
1959,39.16069,15,39.16069,0
1960,39.18069,12,39.18069,0
1961,39.20069,18,39.20069,0
1962,39.22069,10,39.22069,0
1963,39.24069,11,39.24069,0
1964,39.26069,8,39.26069,0
1965,39.28069,3,39.28069,0
1966,39.30069,12,39.30069,0
1967,39.32069,13,39.32069,0
1968,39.34069,6,39.34069,0
1969,39.36069,10,39.36069,0
1970,39.38069,14,39.38069,0
1971,39.40069,10,39.40069,0
1972,39.42069,7,39.42069,0
1973,39.44069,4,39.44069,0
1974,39.46069,15,39.46069,0
1975,39.48069,12,39.48069,0
1976,39.50069,8,39.50069,0
1977,39.52069,14,39.52069,0
1978,39.54069,11,39.54069,0
1979,39.56069,8,39.56069,0
1980,39.58069,10,39.58069,0
1981,39.60069,3,39.60069,0
1982,39.62069,10,39.62069,0
1983,39.64069,11,39.64069,0
1984,39.66069,5,39.66069,0
1985,39.68069,5,39.68069,0
1986,39.70069,9,39.70069,0
1987,39.72069,8,39.72069,0
1988,39.74069,11,39.74069,0
1989,39.76069,4,39.76069,0
1990,39.78069,11,39.78069,0
1991,39.80069,7,39.80069,0
1992,39.82069,12,39.82069,0
1993,39.84069,12,39.84069,0
1994,39.86069,12,39.86069,0
1995,39.88069,9,39.88069,0
1996,39.90069,10,39.90069,0
1997,39.92069,13,39.92069,0
1998,39.94069,3,39.94069,0
1999,39.96069,9,39.96069,0
2000,39.98069,7,39.98069,0
2001,40.00069,9,40.00069,0
2002,40.02069,7,40.02069,0
2003,40.04069,8,40.04069,0
2004,40.06069,12,40.06069,0
2005,40.08069,15,40.08069,0
2006,40.10069,6,40.10069,0
2007,40.12069,11,40.12069,0
2008,40.14069,11,40.14069,0
2009,40.16069,10,40.16069,0
2010,40.18069,8,40.18069,0
2011,40.20069,9,40.20069,0
2012,40.22069,7,40.22069,0
2013,40.24069,8,40.24069,0
2014,40.26069,9,40.26069,0
2015,40.28069,5,40.28069,0
2016,40.30069,11,40.30069,0
2017,40.32069,8,40.32069,0
2018,40.34069,9,40.34069,0
2019,40.36069,9,40.36069,0
2020,40.38069,10,40.38069,0
2021,40.40069,9,40.40069,0
2022,40.42069,14,40.42069,0
2023,40.44069,10,40.44069,0
2024,40.46069,6,40.46069,0
2025,40.48069,7,40.48069,0
2026,40.50069,8,40.50069,0
2027,40.52069,7,40.52069,0
2028,40.54069,11,40.54069,0
2029,40.56069,7,40.56069,0
2030,40.58069,7,40.58069,0
2031,40.60069,8,40.60069,0
2032,40.62069,13,40.62069,0
2033,40.64069,10,40.64069,0
2034,40.66069,5,40.66069,0
2035,40.68069,13,40.68069,0
2036,40.70069,10,40.70069,0
2037,40.72069,9,40.72069,0
2038,40.74069,8,40.74069,0
2039,40.76069,8,40.76069,0
2040,40.78069,11,40.78069,0
2041,40.80069,11,40.80069,0
2042,40.82069,9,40.82069,0
2043,40.84069,9,40.84069,0
2044,40.86069,16,40.86069,0
2045,40.88069,5,40.88069,0
2046,40.90069,3,40.90069,0
2047,40.92069,14,40.92069,0
2048,40.94069,9,40.94069,0
