Bruker AXS HMP Instrument Tools Complete CSV
FileName,C:\MeinZeugs\Uni\Publikationen\2025\MeIn pXRF\DAQ\Device_monitoring_sample_element_precision_Schauer\data_raw\Example_Drift\04634-Mudrock Dual.pdz
SerialString,SG2-6390
TubeTargetElement,45
NumberOfSpectra,2
SampleID,
AcquisitionDateTime,5/8/2025 1:00:42 PM
TotalElapsedTimeInSeconds,120
AnodeTakeOffAngle,45
SampleIncidenceAngle,45
BeThicknessInMicroMeters,125
SampleTakeOffAngle,65
SpotSizeUsed,8
NumberOfUserCustomFields,5
UserCustomFieldHeader,FieldName,FieldValue
UserCustomField,Operator,Supervisor
UserCustomField,Material,Standard
UserCustomField,ID,
UserCustomField,Probe,SdAR_M2
UserCustomField,Projekt,ESPRIT_Trocknungsexperimente
AnalysisMode,32
AnalysisType,1
UsedAutoCalSelect,False
ResultUnits,PPM
ErrorMultiplier,2
CalFileName,MudrockDual
CalPackageName,
CalPackagePartNumber,
TypeStandardizationSetName,
NumberOfElementsInCalculatedResults,27
CalculatedResults:AtomicNum,ElementSymbol,Units,Value,TypeStandardizedValue,Error,RangeMin,RangeMax,Tramp,Nominal
12,Mg,PPM,0.3378933,0.3378933,0.04983009,0,0,False,False
13,Al,PPM,4.514713,4.514713,0.0304605,0,0,False,False
14,Si,PPM,23.7784,23.7784,0.04139166,0,0,False,False
15,P,PPM,0.01805843,0.01805843,0.002909703,0,0,False,False
16,S,PPM,0.1908804,0.1908804,0.002705054,0,0,False,False
19,K,PPM,3.406666,3.406666,0.006384854,0,0,False,False
20,Ca,PPM,0.645579,0.645579,0.002274805,0,0,False,False
22,Ti,PPM,0.1405236,0.1405236,0.001107199,0,0,False,False
23,V,PPM,0.007369753,0.007369753,0.0005710492,0,0,False,False
24,Cr,PPM,0.004272605,0.004272605,0.000337999,0,0,False,False
25,Mn,PPM,0.0884996,0.0884996,0.0005954214,0,0,False,False
26,Fe,PPM,1.881593,1.881593,0.002663055,0,0,False,False
27,Co,PPM,0,0,6.988379E-05,0,0,False,False
28,Ni,PPM,0.00502274,0.00502274,0.0001766782,0,0,False,False
29,Cu,PPM,0.02861716,0.02861716,0.0003012604,0,0,False,False
30,Zn,PPM,0.08871498,0.08871498,0.0004191877,0,0,False,False
33,As,PPM,0.04101349,0.04101349,0.0002516739,0,0,False,False
37,Rb,PPM,0.01522086,0.01522086,0.000120198,0,0,False,False
38,Sr,PPM,0.01523746,0.01523746,0.0001255085,0,0,False,False
39,Y,PPM,0.005510054,0.005510054,0.0001205971,0,0,False,False
40,Zr,PPM,0.02129666,0.02129666,0.0001295585,0,0,False,False
41,Nb,PPM,0.002227191,0.002227191,0.0001002114,0,0,False,False
42,Mo,PPM,0.00232422,0.00232422,0.0001097501,0,0,False,False
56,Ba,PPM,0.1569694,0.1569694,0.007869962,0,0,False,False
82,Pb,PPM,0.0447992,0.0447992,0.0002396181,0,0,False,False
90,Th,PPM,0.001786253,0.001786253,2.775223E-05,0,0,False,False
92,U,PPM,0.0005854143,0.0005854143,0.0002539214,0,0,False,False
MatchSpreadThreshold,0.05
IsTrampEnabled,False
IsNominalEnabled,False
NumberOfGradeIDMatchResults,3
GradeIDMatchResultsHeader,GradeID,MatchConfidence
GradeIDMatchResult,,0
GradeIDMatchResult,,0
GradeIDMatchResult,,0
ParametersForEachSpectrum,Spectrum 1,,Spectrum 2,
XrayVoltageInkV,40,,15,
XrayFilamentCurrentInMicroAmps,38.85,,27.9,
RawCounts,3269612,,3286378,
ValidCounts,2755475,,2899526,
eVPerChannel,20,,20,
StartingKeV,0.0005746416,,0.0005746416,
ZeroOffsetInKeV,-0.0005746416,,-0.0005746416,
StartingChannel,0.02873208,,0.02873208,
NumberOfChannels,2048,,2048,
CountsPerSecond,65430.18,,60395.82,
XilinxFirmwareVersion,,,,
IlluminationID,MudRock Trace40,,MudRock Maj15,
Filter1ElementAtomicNum,22,,0,
Filter1Thickness,25,,0,
Filter2ElementAtomicNum,13,,0,
Filter2Thickness,300,,0,
Filter3ElementAtomicNum,0,,0,
Filter3Thickness,0,,0,
AcquisitionDateTime,5/8/2025 1:00:42 PM,,5/8/2025 1:00:42 PM,
LiveTimeInSeconds,42.37701,,47.056,
DeadTimeInSeconds,7.593997,,7.358004,
ResetTimeInSeconds,6.213003,,1.799999,
DetectorTempInC,-27,,-27,
AmbientTempInF,102.8,,102.8,
NosePressureInMilliBars,990.0001,,990.0001,
NoseTemperatureInC,33,,33,
ActiveTimeInSeconds,49.971,,54.41399,
PacketTimeInSeconds,56.18401,,56.21399,
CommunicationTimeInSeconds,,,,
ElapsedClockTimeInSeconds,60,,60,
Spectrum:ChannelNumber,ChannelStartInKeV,ChannelCount,ChannelStartInKeV,ChannelCount
1,0.0005746416,0,0.0005746416,0
2,0.02057464,0,0.02057464,0
3,0.04057464,0,0.04057464,0
4,0.06057464,0,0.06057464,0
5,0.08057464,0,0.08057464,0
6,0.1005746,0,0.1005746,0
7,0.1205746,0,0.1205746,0
8,0.1405746,0,0.1405746,0
9,0.1605746,0,0.1605746,0
10,0.1805746,0,0.1805746,0
11,0.2005746,0,0.2005746,0
12,0.2205746,0,0.2205746,0
13,0.2405746,0,0.2405746,1
14,0.2605746,1,0.2605746,0
15,0.2805746,6,0.2805746,7
16,0.3005746,96,0.3005746,76
17,0.3205746,599,0.3205746,627
18,0.3405747,2706,0.3405747,2721
19,0.3605746,6862,0.3605746,7446
20,0.3805746,10851,0.3805746,12610
21,0.4005747,10786,0.4005747,12471
22,0.4205746,6542,0.4205746,7260
23,0.4405746,2522,0.4405746,2692
24,0.4605746,645,0.4605746,591
25,0.4805746,97,0.4805746,75
26,0.5005746,16,0.5005746,16
27,0.5205746,5,0.5205746,1
28,0.5405747,5,0.5405747,0
29,0.5605747,4,0.5605747,0
30,0.5805746,3,0.5805746,1
31,0.6005746,1,0.6005746,1
32,0.6205747,1,0.6205747,1
33,0.6405746,1,0.6405746,1
34,0.6605746,5,0.6605746,0
35,0.6805747,672,0.6805747,91
36,0.7005746,644,0.7005746,84
37,0.7205746,606,0.7205746,67
38,0.7405747,651,0.7405747,76
39,0.7605746,618,0.7605746,71
40,0.7805746,612,0.7805746,74
41,0.8005747,639,0.8005747,77
42,0.8205746,622,0.8205746,72
43,0.8405746,648,0.8405746,100
44,0.8605747,650,0.8605747,97
45,0.8805746,603,0.8805746,124
46,0.9005746,632,0.9005746,182
47,0.9205747,600,0.9205747,233
48,0.9405746,564,0.9405746,256
49,0.9605746,603,0.9605746,237
50,0.9805747,606,0.9805747,187
51,1.000575,622,1.000575,172
52,1.020575,518,1.020575,161
53,1.040575,630,1.040575,178
54,1.060575,564,1.060575,162
55,1.080575,576,1.080575,189
56,1.100575,551,1.100575,183
57,1.120575,569,1.120575,152
58,1.140575,569,1.140575,175
59,1.160575,526,1.160575,195
60,1.180575,561,1.180575,210
61,1.200575,584,1.200575,250
62,1.220575,500,1.220575,245
63,1.240575,514,1.240575,269
64,1.260575,517,1.260575,198
65,1.280575,498,1.280575,165
66,1.300575,486,1.300575,154
67,1.320575,501,1.320575,142
68,1.340575,495,1.340575,147
69,1.360575,479,1.360575,220
70,1.380575,519,1.380575,348
71,1.400575,472,1.400575,914
72,1.420575,510,1.420575,2068
73,1.440575,593,1.440575,4073
74,1.460575,633,1.460575,6010
75,1.480575,651,1.480575,6998
76,1.500575,615,1.500575,6326
77,1.520575,598,1.520575,4694
78,1.540575,574,1.540575,3228
79,1.560575,546,1.560575,2221
80,1.580575,510,1.580575,1646
81,1.600575,480,1.600575,1440
82,1.620575,460,1.620575,2172
83,1.640575,555,1.640575,6057
84,1.660575,647,1.660575,16657
85,1.680575,956,1.680575,37667
86,1.700575,1339,1.700575,66280
87,1.720575,1504,1.720575,90304
88,1.740575,1600,1.740575,94731
89,1.760575,1323,1.760575,77697
90,1.780575,1084,1.780575,50085
91,1.800575,754,1.800575,27132
92,1.820575,599,1.820575,13348
93,1.840575,488,1.840575,6977
94,1.860575,479,1.860575,3815
95,1.880575,442,1.880575,2087
96,1.900575,429,1.900575,1106
97,1.920575,431,1.920575,645
98,1.940575,419,1.940575,458
99,1.960575,370,1.960575,469
100,1.980575,412,1.980575,462
101,2.000575,363,2.000575,440
102,2.020575,405,2.020575,422
103,2.040575,393,2.040575,384
104,2.060575,372,2.060575,339
105,2.080575,373,2.080575,277
106,2.100575,371,2.100575,259
107,2.120575,368,2.120575,238
108,2.140575,345,2.140575,285
109,2.160575,368,2.160575,297
110,2.180575,320,2.180575,315
111,2.200575,372,2.200575,341
112,2.220575,321,2.220575,512
113,2.240575,363,2.240575,698
114,2.260575,355,2.260575,1067
115,2.280575,340,2.280575,1394
116,2.300575,364,2.300575,1763
117,2.320575,363,2.320575,1833
118,2.340575,399,2.340575,1660
119,2.360575,355,2.360575,1527
120,2.380575,340,2.380575,1301
121,2.400575,293,2.400575,1094
122,2.420575,324,2.420575,974
123,2.440575,343,2.440575,920
124,2.460575,337,2.460575,890
125,2.480575,322,2.480575,840
126,2.500575,293,2.500575,785
127,2.520575,303,2.520575,753
128,2.540575,271,2.540575,817
129,2.560575,296,2.560575,992
130,2.580575,300,2.580575,1390
131,2.600575,313,2.600575,2415
132,2.620575,292,2.620575,4220
133,2.640575,274,2.640575,6766
134,2.660575,266,2.660575,9694
135,2.680575,247,2.680575,11758
136,2.700575,260,2.700575,12183
137,2.720575,272,2.720575,10738
138,2.740575,279,2.740575,8106
139,2.760575,256,2.760575,6521
140,2.780575,257,2.780575,5686
141,2.800575,265,2.800575,6315
142,2.820575,239,2.820575,6778
143,2.840575,236,2.840575,7149
144,2.860575,237,2.860575,7037
145,2.880575,305,2.880575,6774
146,2.900575,374,2.900575,7242
147,2.920575,435,2.920575,8073
148,2.940575,515,2.940575,9059
149,2.960575,482,2.960575,8961
150,2.980575,454,2.980575,7909
151,3.000575,398,3.000575,5843
152,3.020575,329,3.020575,4198
153,3.040575,239,3.040575,2604
154,3.060575,238,3.060575,1634
155,3.080575,185,3.080575,1329
156,3.100575,201,3.100575,1170
157,3.120575,210,3.120575,1315
158,3.140575,252,3.140575,1590
159,3.160575,293,3.160575,1997
160,3.180575,341,3.180575,3037
161,3.200575,573,3.200575,5470
162,3.220575,1037,3.220575,10969
163,3.240575,1822,3.240575,21320
164,3.260575,3023,3.260575,36445
165,3.280575,4223,3.280575,52105
166,3.300575,5053,3.300575,62550
167,3.320575,4957,3.320575,63562
168,3.340575,4176,3.340575,53629
169,3.360575,2996,3.360575,38258
170,3.380575,1860,3.380575,22788
171,3.400575,1080,3.400575,11881
172,3.420575,564,3.420575,5551
173,3.440575,309,3.440575,2721
174,3.460575,251,3.460575,1783
175,3.480575,275,3.480575,1940
176,3.500575,331,3.500575,2702
177,3.520575,437,3.520575,4203
178,3.540575,605,3.540575,6324
179,3.560575,814,3.560575,8437
180,3.580575,984,3.580575,10250
181,3.600575,1065,3.600575,11286
182,3.620575,1123,3.620575,12047
183,3.640575,1226,3.640575,13041
184,3.660575,1367,3.660575,13820
185,3.680575,1453,3.680575,14051
186,3.700575,1397,3.700575,13113
187,3.720575,1085,3.720575,10600
188,3.740575,768,3.740575,7676
189,3.760575,512,3.760575,4671
190,3.780575,330,3.780575,2834
191,3.800575,213,3.800575,1612
192,3.820575,168,3.820575,1082
193,3.840575,124,3.840575,892
194,3.860575,116,3.860575,912
195,3.880575,118,3.880575,942
196,3.900575,139,3.900575,1054
197,3.920575,130,3.920575,1235
198,3.940575,178,3.940575,1439
199,3.960575,208,3.960575,1899
200,3.980575,232,3.980575,2236
201,4.000575,270,4.000575,2597
202,4.020575,265,4.020575,2564
203,4.040575,241,4.040575,2330
204,4.060575,210,4.060575,2025
205,4.080575,166,4.080575,1612
206,4.100574,157,4.100574,1257
207,4.120574,110,4.120574,1089
208,4.140574,101,4.140574,932
209,4.160574,88,4.160574,910
210,4.180574,80,4.180574,878
211,4.200575,69,4.200575,901
212,4.220575,87,4.220575,846
213,4.240575,78,4.240575,943
214,4.260575,70,4.260575,869
215,4.280575,94,4.280575,908
216,4.300575,84,4.300575,947
217,4.320575,85,4.320575,1048
218,4.340575,106,4.340575,1007
219,4.360575,115,4.360575,1244
220,4.380575,181,4.380575,1622
221,4.400575,290,4.400575,2253
222,4.420575,462,4.420575,3141
223,4.440575,640,4.440575,4465
224,4.460575,880,4.460575,5626
225,4.480575,1090,4.480575,6842
226,4.500575,1181,4.500575,7347
227,4.520575,1096,4.520575,6938
228,4.540575,955,4.540575,5818
229,4.560575,719,4.560575,4554
230,4.580575,508,4.580575,3441
231,4.600574,408,4.600574,2546
232,4.620574,300,4.620574,2010
233,4.640574,312,4.640574,1796
234,4.660574,268,4.660574,1618
235,4.680574,241,4.680574,1567
236,4.700575,181,4.700575,1557
237,4.720575,154,4.720575,1398
238,4.740575,152,4.740575,1536
239,4.760575,173,4.760575,1567
240,4.780575,193,4.780575,1863
241,4.800575,235,4.800575,2038
242,4.820575,279,4.820575,2158
243,4.840575,318,4.840575,2408
244,4.860575,335,4.860575,2413
245,4.880575,350,4.880575,2601
246,4.900575,345,4.900575,2599
247,4.920575,340,4.920575,2626
248,4.940575,341,4.940575,2557
249,4.960575,264,4.960575,2408
250,4.980575,228,4.980575,2253
251,5.000575,171,5.000575,2070
252,5.020575,142,5.020575,1927
253,5.040575,104,5.040575,1924
254,5.060575,95,5.060575,1930
255,5.080575,92,5.080575,1913
256,5.100574,109,5.100574,1897
257,5.120574,108,5.120574,1865
258,5.140574,102,5.140574,1881
259,5.160574,131,5.160574,1939
260,5.180574,134,5.180574,1884
261,5.200575,128,5.200575,1893
262,5.220575,121,5.220575,2003
263,5.240575,126,5.240575,1951
264,5.260575,117,5.260575,1948
265,5.280575,135,5.280575,1927
266,5.300575,119,5.300575,1872
267,5.320575,97,5.320575,1898
268,5.340575,151,5.340575,2023
269,5.360575,147,5.360575,1952
270,5.380575,126,5.380575,2043
271,5.400575,128,5.400575,2038
272,5.420575,121,5.420575,2037
273,5.440575,130,5.440575,2111
274,5.460575,111,5.460575,1993
275,5.480575,121,5.480575,2023
276,5.500575,126,5.500575,1991
277,5.520575,96,5.520575,1964
278,5.540575,98,5.540575,1983
279,5.560575,90,5.560575,1932
280,5.580575,74,5.580575,1932
281,5.600574,76,5.600574,1879
282,5.620574,93,5.620574,1901
283,5.640574,90,5.640574,1915
284,5.660574,94,5.660574,1904
285,5.680574,79,5.680574,1844
286,5.700575,86,5.700575,1827
287,5.720575,110,5.720575,1993
288,5.740575,184,5.740575,2094
289,5.760575,214,5.760575,2252
290,5.780575,403,5.780575,2583
291,5.800575,675,5.800575,3343
292,5.820575,996,5.820575,4193
293,5.840575,1326,5.840575,5243
294,5.860575,1764,5.860575,6251
295,5.880575,1908,5.880575,6862
296,5.900575,1954,5.900575,6791
297,5.920575,1728,5.920575,6232
298,5.940575,1365,5.940575,5382
299,5.960575,975,5.960575,4337
300,5.980575,663,5.980575,3373
301,6.000575,431,6.000575,2676
302,6.020575,264,6.020575,2250
303,6.040575,178,6.040575,2171
304,6.060575,144,6.060575,1996
305,6.080575,145,6.080575,2104
306,6.100574,152,6.100574,1992
307,6.120574,162,6.120574,1916
308,6.140574,165,6.140574,2052
309,6.160574,198,6.160574,2122
310,6.180574,301,6.180574,2293
311,6.200575,462,6.200575,2606
312,6.220575,901,6.220575,3354
313,6.240575,1963,6.240575,5165
314,6.260575,4073,6.260575,8901
315,6.280575,7697,6.280575,15740
316,6.300575,13720,6.300575,26612
317,6.320575,21673,6.320575,42104
318,6.340575,31462,6.340575,59965
319,6.360575,39828,6.360575,75769
320,6.380575,46223,6.380575,87669
321,6.400575,47133,6.400575,90799
322,6.420575,43154,6.420575,83640
323,6.440575,35349,6.440575,68959
324,6.460575,26510,6.460575,51459
325,6.480575,17636,6.480575,35043
326,6.500575,10618,6.500575,21574
327,6.520575,5803,6.520575,12611
328,6.540575,2960,6.540575,7149
329,6.560575,1411,6.560575,4281
330,6.580575,685,6.580575,2915
331,6.600574,406,6.600574,2346
332,6.620574,249,6.620574,2066
333,6.640574,162,6.640574,1971
334,6.660574,179,6.660574,1883
335,6.680574,182,6.680574,1831
336,6.700575,140,6.700575,1849
337,6.720575,168,6.720575,1806
338,6.740575,136,6.740575,1871
339,6.760575,179,6.760575,1855
340,6.780575,176,6.780575,1901
341,6.800575,201,6.800575,1924
342,6.820575,246,6.820575,2017
343,6.840575,280,6.840575,2072
344,6.860575,374,6.860575,2227
345,6.880575,489,6.880575,2479
346,6.900575,783,6.900575,2911
347,6.920575,1250,6.920575,3681
348,6.940575,1950,6.940575,5099
349,6.960575,3074,6.960575,6804
350,6.980575,4253,6.980575,9040
351,7.000575,5770,7.000575,11490
352,7.020575,6876,7.020575,13602
353,7.040575,7680,7.040575,14916
354,7.060575,7525,7.060575,14770
355,7.080575,6644,7.080575,13432
356,7.100574,5590,7.100574,11164
357,7.120574,4085,7.120574,8712
358,7.140574,2833,7.140574,6535
359,7.160574,1834,7.160574,4620
360,7.180574,1023,7.180574,3290
361,7.200575,552,7.200575,2465
362,7.220575,301,7.220575,2040
363,7.240575,151,7.240575,1873
364,7.260575,109,7.260575,1798
365,7.280575,84,7.280575,1751
366,7.300575,78,7.300575,1855
367,7.320575,86,7.320575,1775
368,7.340575,122,7.340575,1914
369,7.360575,126,7.360575,2087
370,7.380575,152,7.380575,2306
371,7.400575,191,7.400575,2435
372,7.420575,242,7.420575,2770
373,7.440575,303,7.440575,2978
374,7.460575,313,7.460575,2974
375,7.480575,279,7.480575,2918
376,7.500575,286,7.500575,2783
377,7.520575,256,7.520575,2496
378,7.540575,209,7.540575,2368
379,7.560575,119,7.560575,2045
380,7.580575,115,7.580575,1819
381,7.600574,95,7.600574,1647
382,7.620574,74,7.620574,1597
383,7.640574,66,7.640574,1661
384,7.660574,70,7.660574,1572
385,7.680574,57,7.680574,1553
386,7.700575,61,7.700575,1499
387,7.720575,70,7.720575,1467
388,7.740575,73,7.740575,1495
389,7.760575,77,7.760575,1544
390,7.780575,70,7.780575,1552
391,7.800575,74,7.800575,1516
392,7.820575,102,7.820575,1555
393,7.840575,118,7.840575,1597
394,7.860575,148,7.860575,1553
395,7.880575,184,7.880575,1642
396,7.900575,293,7.900575,1670
397,7.920575,444,7.920575,1768
398,7.940575,677,7.940575,2005
399,7.960575,900,7.960575,2022
400,7.980575,1190,7.980575,2300
401,8.000575,1503,8.000575,2452
402,8.020575,1631,8.020575,2637
403,8.040575,1674,8.040575,2713
404,8.060575,1565,8.060575,2671
405,8.080575,1356,8.080575,2599
406,8.100574,1066,8.100574,2523
407,8.120575,794,8.120575,2231
408,8.140574,552,8.140574,2122
409,8.160575,367,8.160575,2039
410,8.180574,269,8.180574,1893
411,8.200575,188,8.200575,1831
412,8.220574,141,8.220574,1869
413,8.240575,158,8.240575,1765
414,8.260574,125,8.260574,1797
415,8.280575,132,8.280575,1798
416,8.300574,125,8.300574,1712
417,8.320575,115,8.320575,1626
418,8.340574,122,8.340574,1654
419,8.360575,136,8.360575,1504
420,8.380574,133,8.380574,1528
421,8.400575,157,8.400575,1562
422,8.420574,185,8.420574,1510
423,8.440575,293,8.440575,1616
424,8.460575,508,8.460575,1733
425,8.480575,814,8.480575,1835
426,8.500575,1339,8.500575,2148
427,8.520575,2040,8.520575,2495
428,8.540575,3111,8.540575,2947
429,8.560575,4188,8.560575,3444
430,8.580575,5458,8.580575,3909
431,8.600574,6135,8.600574,4518
432,8.620575,6591,8.620575,4572
433,8.640574,6413,8.640574,4552
434,8.660575,5800,8.660575,4250
435,8.680574,4891,8.680574,3744
436,8.700575,3634,8.700575,3265
437,8.720574,2555,8.720574,2718
438,8.740575,1669,8.740575,2303
439,8.760574,1081,8.760574,2012
440,8.780575,681,8.780575,1826
441,8.800574,463,8.800574,1742
442,8.820575,383,8.820575,1702
443,8.840574,403,8.840574,1707
444,8.860575,382,8.860575,1773
445,8.880574,363,8.880574,1732
446,8.900575,397,8.900575,1773
447,8.920574,382,8.920574,1667
448,8.940575,332,8.940575,1761
449,8.960575,325,8.960575,1768
450,8.980575,261,8.980575,1666
451,9.000575,246,9.000575,1632
452,9.020575,218,9.020575,1639
453,9.040575,213,9.040575,1556
454,9.060575,219,9.060575,1586
455,9.080575,279,9.080575,1571
456,9.100574,293,9.100574,1562
457,9.120575,336,9.120575,1627
458,9.140574,396,9.140574,1557
459,9.160575,502,9.160575,1666
460,9.180574,534,9.180574,1600
461,9.200575,521,9.200575,1664
462,9.220574,542,9.220574,1560
463,9.240575,565,9.240575,1664
464,9.260574,482,9.260574,1634
465,9.280575,409,9.280575,1682
466,9.300574,357,9.300574,1644
467,9.320575,329,9.320575,1616
468,9.340574,292,9.340574,1606
469,9.360575,282,9.360575,1601
470,9.380574,243,9.380574,1589
471,9.400575,287,9.400575,1642
472,9.420574,350,9.420574,1594
473,9.440575,403,9.440575,1641
474,9.460575,580,9.460575,1704
475,9.480575,747,9.480575,1741
476,9.500575,869,9.500575,1936
477,9.520575,1086,9.520575,1992
478,9.540575,1204,9.540575,1992
479,9.560575,1245,9.560575,2018
480,9.580575,1260,9.580575,2095
481,9.600574,1114,9.600574,2015
482,9.620575,950,9.620575,1977
483,9.640574,811,9.640574,1894
484,9.660575,608,9.660575,1850
485,9.680574,504,9.680574,1824
486,9.700575,369,9.700575,1716
487,9.720574,331,9.720574,1719
488,9.740575,272,9.740575,1707
489,9.760574,276,9.760574,1680
490,9.780575,212,9.780575,1619
491,9.800574,248,9.800574,1644
492,9.820575,224,9.820575,1524
493,9.840574,235,9.840574,1550
494,9.860575,245,9.860575,1602
495,9.880574,234,9.880574,1501
496,9.900575,240,9.900575,1544
497,9.920574,265,9.920574,1497
498,9.940575,239,9.940575,1459
499,9.960575,295,9.960575,1487
500,9.980575,241,9.980575,1476
501,10.00058,280,10.00058,1593
502,10.02057,264,10.02057,1588
503,10.04058,272,10.04058,1589
504,10.06057,246,10.06057,1567
505,10.08057,278,10.08057,1550
506,10.10057,254,10.10057,1516
507,10.12057,277,10.12057,1524
508,10.14057,297,10.14057,1561
509,10.16057,291,10.16057,1489
510,10.18057,307,10.18057,1419
511,10.20057,318,10.20057,1485
512,10.22057,354,10.22057,1459
513,10.24057,325,10.24057,1507
514,10.26057,393,10.26057,1375
515,10.28057,434,10.28057,1451
516,10.30057,526,10.30057,1465
517,10.32057,632,10.32057,1501
518,10.34057,806,10.34057,1415
519,10.36057,1068,10.36057,1434
520,10.38057,1498,10.38057,1473
521,10.40057,2079,10.40057,1573
522,10.42057,2849,10.42057,1568
523,10.44057,3673,10.44057,1602
524,10.46058,4644,10.46058,1701
525,10.48057,5707,10.48057,1635
526,10.50058,6676,10.50058,1693
527,10.52057,7197,10.52057,1728
528,10.54058,7186,10.54058,1641
529,10.56057,7052,10.56057,1718
530,10.58057,6345,10.58057,1643
531,10.60057,5490,10.60057,1565
532,10.62057,4287,10.62057,1553
533,10.64057,3237,10.64057,1457
534,10.66057,2414,10.66057,1412
535,10.68057,1712,10.68057,1379
536,10.70057,1198,10.70057,1393
537,10.72057,883,10.72057,1369
538,10.74057,592,10.74057,1303
539,10.76057,602,10.76057,1354
540,10.78057,502,10.78057,1324
541,10.80057,474,10.80057,1276
542,10.82057,491,10.82057,1310
543,10.84057,470,10.84057,1313
544,10.86057,430,10.86057,1234
545,10.88057,474,10.88057,1287
546,10.90057,461,10.90057,1298
547,10.92057,435,10.92057,1251
548,10.94057,429,10.94057,1256
549,10.96058,465,10.96058,1257
550,10.98057,422,10.98057,1305
551,11.00058,445,11.00058,1262
552,11.02057,460,11.02057,1215
553,11.04058,476,11.04058,1283
554,11.06057,482,11.06057,1255
555,11.08057,474,11.08057,1192
556,11.10057,535,11.10057,1177
557,11.12057,521,11.12057,1153
558,11.14057,523,11.14057,1225
559,11.16057,503,11.16057,1229
560,11.18057,540,11.18057,1168
561,11.20057,550,11.20057,1263
562,11.22057,593,11.22057,1137
563,11.24057,619,11.24057,1160
564,11.26057,612,11.26057,1126
565,11.28057,634,11.28057,1167
566,11.30057,613,11.30057,1138
567,11.32057,667,11.32057,1177
568,11.34057,694,11.34057,1099
569,11.36057,662,11.36057,1099
570,11.38057,685,11.38057,1076
571,11.40057,623,11.40057,1093
572,11.42057,620,11.42057,1144
573,11.44057,656,11.44057,1045
574,11.46058,606,11.46058,1123
575,11.48057,659,11.48057,1132
576,11.50058,635,11.50058,1026
577,11.52057,634,11.52057,1136
578,11.54058,650,11.54058,1068
579,11.56057,615,11.56057,1040
580,11.58057,617,11.58057,1062
581,11.60057,679,11.60057,1026
582,11.62057,734,11.62057,1083
583,11.64057,801,11.64057,1057
584,11.66057,776,11.66057,1098
585,11.68057,889,11.68057,1042
586,11.70057,859,11.70057,1052
587,11.72057,844,11.72057,1040
588,11.74057,837,11.74057,1062
589,11.76057,813,11.76057,1004
590,11.78057,773,11.78057,1023
591,11.80057,740,11.80057,958
592,11.82057,777,11.82057,999
593,11.84057,688,11.84057,956
594,11.86057,742,11.86057,995
595,11.88057,795,11.88057,1030
596,11.90057,738,11.90057,969
597,11.92057,704,11.92057,958
598,11.94057,721,11.94057,949
599,11.96058,754,11.96058,955
600,11.98057,745,11.98057,905
601,12.00058,734,12.00058,966
602,12.02057,674,12.02057,948
603,12.04058,806,12.04058,902
604,12.06057,824,12.06057,894
605,12.08057,881,12.08057,840
606,12.10057,881,12.10057,914
607,12.12057,864,12.12057,904
608,12.14057,918,12.14057,886
609,12.16057,999,12.16057,835
610,12.18057,1031,12.18057,896
611,12.20057,996,12.20057,851
612,12.22057,1043,12.22057,858
613,12.24057,1030,12.24057,886
614,12.26057,1107,12.26057,878
615,12.28057,1175,12.28057,835
616,12.30057,1200,12.30057,877
617,12.32057,1238,12.32057,847
618,12.34057,1228,12.34057,851
619,12.36057,1162,12.36057,832
620,12.38057,1201,12.38057,847
621,12.40057,1209,12.40057,819
622,12.42057,1374,12.42057,784
623,12.44057,1708,12.44057,749
624,12.46058,2035,12.46058,786
625,12.48057,2620,12.48057,747
626,12.50058,3266,12.50058,736
627,12.52057,4006,12.52057,796
628,12.54058,4917,12.54058,787
629,12.56057,5675,12.56057,796
630,12.58057,6230,12.58057,794
631,12.60057,6449,12.60057,769
632,12.62057,6543,12.62057,839
633,12.64057,5986,12.64057,800
634,12.66057,5422,12.66057,784
635,12.68057,4705,12.68057,773
636,12.70057,3989,12.70057,739
637,12.72057,3353,12.72057,783
638,12.74057,2657,12.74057,795
639,12.76057,2236,12.76057,782
640,12.78057,2077,12.78057,786
641,12.80057,1767,12.80057,811
642,12.82057,1568,12.82057,758
643,12.84057,1500,12.84057,730
644,12.86057,1365,12.86057,728
645,12.88057,1462,12.88057,655
646,12.90057,1378,12.90057,675
647,12.92057,1319,12.92057,660
648,12.94057,1369,12.94057,675
649,12.96058,1338,12.96058,652
650,12.98057,1315,12.98057,648
651,13.00058,1334,13.00058,587
652,13.02057,1279,13.02057,660
653,13.04058,1326,13.04058,591
654,13.06057,1268,13.06057,555
655,13.08057,1237,13.08057,569
656,13.10057,1272,13.10057,552
657,13.12057,1214,13.12057,599
658,13.14057,1260,13.14057,578
659,13.16057,1436,13.16057,528
660,13.18057,1486,13.18057,518
661,13.20057,1657,13.20057,520
662,13.22057,1963,13.22057,540
663,13.24057,2347,13.24057,513
664,13.26057,2855,13.26057,523
665,13.28057,3217,13.28057,536
666,13.30057,3715,13.30057,514
667,13.32057,4076,13.32057,499
668,13.34057,4385,13.34057,501
669,13.36057,4461,13.36057,507
670,13.38057,4370,13.38057,476
671,13.40057,4122,13.40057,471
672,13.42057,3677,13.42057,462
673,13.44057,3396,13.44057,512
674,13.46058,2919,13.46058,478
675,13.48057,2388,13.48057,467
676,13.50058,2111,13.50058,447
677,13.52057,1787,13.52057,445
678,13.54058,1545,13.54058,431
679,13.56057,1420,13.56057,438
680,13.58057,1391,13.58057,405
681,13.60057,1315,13.60057,431
682,13.62057,1214,13.62057,435
683,13.64057,1224,13.64057,361
684,13.66057,1238,13.66057,371
685,13.68057,1180,13.68057,335
686,13.70057,1189,13.70057,354
687,13.72057,1169,13.72057,343
688,13.74057,1228,13.74057,353
689,13.76057,1255,13.76057,297
690,13.78057,1258,13.78057,294
691,13.80057,1236,13.80057,327
692,13.82057,1250,13.82057,352
693,13.84057,1307,13.84057,281
694,13.86057,1271,13.86057,296
695,13.88057,1347,13.88057,266
696,13.90057,1401,13.90057,278
697,13.92057,1545,13.92057,274
698,13.94057,1645,13.94057,269
699,13.96058,1839,13.96058,256
700,13.98057,2163,13.98057,225
701,14.00058,2436,14.00058,249
702,14.02057,2873,14.02057,239
703,14.04058,3404,14.04058,233
704,14.06057,3740,14.06057,215
705,14.08057,4102,14.08057,216
706,14.10057,4345,14.10057,228
707,14.12057,4560,14.12057,196
708,14.14057,4643,14.14057,188
709,14.16057,4449,14.16057,189
710,14.18057,4096,14.18057,193
711,14.20057,3779,14.20057,191
712,14.22057,3349,14.22057,188
713,14.24057,2841,14.24057,142
714,14.26057,2440,14.26057,168
715,14.28057,2157,14.28057,137
716,14.30057,1936,14.30057,136
717,14.32057,1731,14.32057,158
718,14.34057,1625,14.34057,125
719,14.36057,1478,14.36057,118
720,14.38057,1531,14.38057,112
721,14.40057,1443,14.40057,137
722,14.42057,1404,14.42057,116
723,14.44057,1386,14.44057,118
724,14.46058,1427,14.46058,91
725,14.48057,1418,14.48057,91
726,14.50058,1454,14.50058,108
727,14.52057,1526,14.52057,90
728,14.54058,1485,14.54058,121
729,14.56057,1535,14.56057,63
730,14.58057,1613,14.58057,65
731,14.60057,1592,14.60057,84
732,14.62057,1790,14.62057,72
733,14.64057,1885,14.64057,73
734,14.66057,2037,14.66057,70
735,14.68057,2167,14.68057,63
736,14.70057,2250,14.70057,52
737,14.72057,2415,14.72057,50
738,14.74057,2512,14.74057,53
739,14.76057,2607,14.76057,42
740,14.78057,2569,14.78057,47
741,14.80057,2586,14.80057,46
742,14.82057,2720,14.82057,37
743,14.84057,2707,14.84057,38
744,14.86057,2767,14.86057,34
745,14.88057,2743,14.88057,33
746,14.90057,2805,14.90057,34
747,14.92057,2953,14.92057,23
748,14.94057,2740,14.94057,34
749,14.96058,2857,14.96058,27
750,14.98057,2662,14.98057,26
751,15.00058,2487,15.00058,12
752,15.02057,2484,15.02057,25
753,15.04058,2309,15.04058,24
754,15.06057,2126,15.06057,24
755,15.08057,2070,15.08057,21
756,15.10057,1965,15.10057,19
757,15.12057,1992,15.12057,16
758,15.14057,1969,15.14057,22
759,15.16057,1863,15.16057,8
760,15.18057,1945,15.18057,14
761,15.20057,1830,15.20057,7
762,15.22057,1788,15.22057,15
763,15.24057,1812,15.24057,11
764,15.26057,1729,15.26057,11
765,15.28057,1735,15.28057,11
766,15.30057,1710,15.30057,14
767,15.32057,1577,15.32057,11
768,15.34057,1625,15.34057,20
769,15.36057,1631,15.36057,16
770,15.38057,1535,15.38057,13
771,15.40057,1589,15.40057,16
772,15.42057,1690,15.42057,11
773,15.44057,1744,15.44057,18
774,15.46058,1689,15.46058,13
775,15.48057,1811,15.48057,19
776,15.50058,1973,15.50058,16
777,15.52057,2249,15.52057,10
778,15.54058,2400,15.54058,9
779,15.56057,2845,15.56057,23
780,15.58057,3363,15.58057,17
781,15.60057,3830,15.60057,10
782,15.62057,4460,15.62057,11
783,15.64057,5241,15.64057,12
784,15.66057,5883,15.66057,12
785,15.68057,6663,15.68057,10
786,15.70057,7131,15.70057,8
787,15.72057,7319,15.72057,10
788,15.74057,7526,15.74057,13
789,15.76057,7340,15.76057,10
790,15.78057,7017,15.78057,15
791,15.80057,6339,15.80057,9
792,15.82057,5763,15.82057,18
793,15.84057,5109,15.84057,8
794,15.86057,4446,15.86057,13
795,15.88057,3715,15.88057,16
796,15.90057,3171,15.90057,16
797,15.92057,2697,15.92057,21
798,15.94057,2312,15.94057,15
799,15.96058,2136,15.96058,18
800,15.98057,1947,15.98057,9
801,16.00057,1869,16.00057,11
802,16.02057,1838,16.02057,9
803,16.04058,1810,16.04058,14
804,16.06058,1767,16.06058,14
805,16.08057,1778,16.08057,8
806,16.10057,1789,16.10057,9
807,16.12057,1787,16.12057,14
808,16.14058,1761,16.14058,10
809,16.16057,1795,16.16057,12
810,16.18057,1765,16.18057,6
811,16.20057,1785,16.20057,12
812,16.22058,1762,16.22058,11
813,16.24057,1751,16.24057,13
814,16.26057,1800,16.26057,10
815,16.28057,1772,16.28057,10
816,16.30058,1767,16.30058,8
817,16.32057,1679,16.32057,6
818,16.34057,1875,16.34057,8
819,16.36057,1744,16.36057,13
820,16.38058,1782,16.38058,16
821,16.40057,1816,16.40057,13
822,16.42057,1902,16.42057,14
823,16.44057,1905,16.44057,8
824,16.46058,2016,16.46058,7
825,16.48058,2111,16.48058,8
826,16.50057,2088,16.50057,6
827,16.52057,2170,16.52057,8
828,16.54058,2236,16.54058,11
829,16.56058,2168,16.56058,16
830,16.58057,2337,16.58057,10
831,16.60057,2292,16.60057,8
832,16.62057,2207,16.62057,10
833,16.64058,2164,16.64058,10
834,16.66057,2145,16.66057,12
835,16.68057,2113,16.68057,12
836,16.70057,2084,16.70057,14
837,16.72058,1902,16.72058,15
838,16.74057,1992,16.74057,14
839,16.76057,1924,16.76057,7
840,16.78057,1854,16.78057,12
841,16.80058,1844,16.80058,11
842,16.82057,1780,16.82057,11
843,16.84057,1795,16.84057,10
844,16.86057,1751,16.86057,11
845,16.88058,1777,16.88058,11
846,16.90057,1691,16.90057,6
847,16.92057,1784,16.92057,7
848,16.94057,1896,16.94057,11
849,16.96058,1839,16.96058,11
850,16.98058,1761,16.98058,7
851,17.00057,1831,17.00057,9
852,17.02057,1866,17.02057,13
853,17.04058,1882,17.04058,13
854,17.06058,1826,17.06058,10
855,17.08057,1827,17.08057,12
856,17.10057,1826,17.10057,4
857,17.12057,1868,17.12057,9
858,17.14058,1898,17.14058,13
859,17.16057,1772,17.16057,7
860,17.18057,1798,17.18057,11
861,17.20057,1871,17.20057,7
862,17.22058,1956,17.22058,13
863,17.24057,1896,17.24057,6
864,17.26057,1959,17.26057,10
865,17.28057,1888,17.28057,6
866,17.30058,1991,17.30058,6
867,17.32057,2025,17.32057,10
868,17.34057,2062,17.34057,5
869,17.36057,2138,17.36057,8
870,17.38058,2109,17.38058,3
871,17.40057,2154,17.40057,9
872,17.42057,2256,17.42057,4
873,17.44057,2193,17.44057,7
874,17.46058,2263,17.46058,14
875,17.48058,2437,17.48058,5
876,17.50057,2460,17.50057,8
877,17.52057,2454,17.52057,6
878,17.54058,2544,17.54058,6
879,17.56058,2526,17.56058,11
880,17.58057,2700,17.58057,11
881,17.60057,2792,17.60057,6
882,17.62057,2829,17.62057,5
883,17.64058,2953,17.64058,12
884,17.66057,2806,17.66057,6
885,17.68057,2779,17.68057,8
886,17.70057,2581,17.70057,6
887,17.72058,2633,17.72058,9
888,17.74057,2584,17.74057,10
889,17.76057,2463,17.76057,11
890,17.78057,2401,17.78057,8
891,17.80058,2204,17.80058,3
892,17.82057,2286,17.82057,3
893,17.84057,2279,17.84057,6
894,17.86057,2283,17.86057,7
895,17.88058,2255,17.88058,11
896,17.90057,2289,17.90057,6
897,17.92057,2230,17.92057,7
898,17.94057,2356,17.94057,4
899,17.96058,2324,17.96058,9
900,17.98058,2357,17.98058,10
901,18.00057,2285,18.00057,4
902,18.02057,2293,18.02057,6
903,18.04058,2353,18.04058,7
904,18.06058,2357,18.06058,6
905,18.08057,2357,18.08057,2
906,18.10057,2338,18.10057,6
907,18.12057,2453,18.12057,4
908,18.14058,2379,18.14058,7
909,18.16057,2592,18.16057,3
910,18.18057,2284,18.18057,10
911,18.20057,2580,18.20057,7
912,18.22058,2589,18.22058,6
913,18.24057,2540,18.24057,7
914,18.26057,2536,18.26057,3
915,18.28057,2684,18.28057,4
916,18.30058,2677,18.30058,6
917,18.32057,2729,18.32057,2
918,18.34057,2636,18.34057,8
919,18.36057,2765,18.36057,7
920,18.38058,2900,18.38058,4
921,18.40057,2926,18.40057,8
922,18.42057,2891,18.42057,3
923,18.44057,3183,18.44057,4
924,18.46058,3211,18.46058,4
925,18.48058,3350,18.48058,7
926,18.50057,3424,18.50057,4
927,18.52057,3492,18.52057,6
928,18.54058,3663,18.54058,4
929,18.56058,3876,18.56058,9
930,18.58057,4051,18.58057,8
931,18.60057,4123,18.60057,8
932,18.62057,4395,18.62057,8
933,18.64058,4510,18.64058,8
934,18.66057,4665,18.66057,5
935,18.68057,4790,18.68057,7
936,18.70057,4981,18.70057,6
937,18.72058,5390,18.72058,4
938,18.74057,5449,18.74057,7
939,18.76057,5616,18.76057,6
940,18.78057,5818,18.78057,3
941,18.80058,5987,18.80058,2
942,18.82057,6120,18.82057,8
943,18.84057,6480,18.84057,5
944,18.86057,6750,18.86057,5
945,18.88058,6852,18.88058,3
946,18.90057,7078,18.90057,3
947,18.92057,7205,18.92057,6
948,18.94057,7355,18.94057,8
949,18.96058,7571,18.96058,2
950,18.98058,7542,18.98058,3
951,19.00057,7504,19.00057,5
952,19.02057,7777,19.02057,8
953,19.04058,7504,19.04058,5
954,19.06058,7569,19.06058,2
955,19.08057,7319,19.08057,3
956,19.10057,7348,19.10057,4
957,19.12057,7294,19.12057,2
958,19.14058,7213,19.14058,5
959,19.16057,7092,19.16057,2
960,19.18057,6748,19.18057,5
961,19.20057,6593,19.20057,4
962,19.22058,6470,19.22058,7
963,19.24057,6291,19.24057,6
964,19.26057,5749,19.26057,5
965,19.28057,5791,19.28057,7
966,19.30058,5641,19.30058,4
967,19.32057,5217,19.32057,3
968,19.34057,5042,19.34057,2
969,19.36057,4879,19.36057,3
970,19.38058,4767,19.38058,3
971,19.40057,4485,19.40057,4
972,19.42057,4224,19.42057,3
973,19.44057,4140,19.44057,6
974,19.46058,3891,19.46058,4
975,19.48058,3677,19.48058,4
976,19.50057,3632,19.50057,5
977,19.52057,3614,19.52057,7
978,19.54058,3387,19.54058,2
979,19.56058,3296,19.56058,3
980,19.58057,3138,19.58057,5
981,19.60057,3137,19.60057,0
982,19.62057,2850,19.62057,2
983,19.64058,2836,19.64058,0
984,19.66057,2801,19.66057,7
985,19.68057,2657,19.68057,5
986,19.70057,2688,19.70057,3
987,19.72058,2537,19.72058,3
988,19.74057,2539,19.74057,4
989,19.76057,2418,19.76057,2
990,19.78057,2405,19.78057,4
991,19.80058,2311,19.80058,5
992,19.82057,2441,19.82057,2
993,19.84057,2597,19.84057,4
994,19.86057,2496,19.86057,4
995,19.88058,2624,19.88058,4
996,19.90057,2718,19.90057,6
997,19.92057,2896,19.92057,9
998,19.94057,3238,19.94057,3
999,19.96058,3534,19.96058,3
1000,19.98058,3765,19.98058,0
1001,20.00057,4048,20.00057,3
1002,20.02057,4364,20.02057,3
1003,20.04058,4826,20.04058,1
1004,20.06058,5098,20.06058,1
1005,20.08057,5396,20.08057,3
1006,20.10057,5566,20.10057,1
1007,20.12057,5963,20.12057,5
1008,20.14058,6063,20.14058,6
1009,20.16057,6022,20.16057,1
1010,20.18057,5923,20.18057,1
1011,20.20057,5872,20.20057,4
1012,20.22058,5408,20.22058,3
1013,20.24057,5102,20.24057,0
1014,20.26057,4635,20.26057,2
1015,20.28057,4292,20.28057,4
1016,20.30058,3666,20.30058,3
1017,20.32057,3368,20.32057,3
1018,20.34057,3020,20.34057,3
1019,20.36057,2686,20.36057,1
1020,20.38058,2380,20.38058,2
1021,20.40057,2207,20.40057,4
1022,20.42057,2077,20.42057,4
1023,20.44057,2064,20.44057,1
1024,20.46058,2009,20.46058,0
1025,20.48058,1962,20.48058,1
1026,20.50057,1913,20.50057,1
1027,20.52057,1999,20.52057,4
1028,20.54058,1860,20.54058,1
1029,20.56058,1846,20.56058,3
1030,20.58057,1912,20.58057,2
1031,20.60057,1854,20.60057,2
1032,20.62057,1942,20.62057,1
1033,20.64058,1947,20.64058,0
1034,20.66057,1983,20.66057,0
1035,20.68057,1936,20.68057,5
1036,20.70057,1992,20.70057,1
1037,20.72058,1925,20.72058,3
1038,20.74057,1977,20.74057,1
1039,20.76057,2115,20.76057,0
1040,20.78057,2116,20.78057,3
1041,20.80058,2157,20.80058,1
1042,20.82057,2168,20.82057,7
1043,20.84057,2078,20.84057,1
1044,20.86057,2149,20.86057,1
1045,20.88058,2214,20.88058,1
1046,20.90057,2259,20.90057,1
1047,20.92057,2323,20.92057,1
1048,20.94057,2310,20.94057,3
1049,20.96058,2348,20.96058,1
1050,20.98058,2366,20.98058,4
1051,21.00057,2475,21.00057,1
1052,21.02057,2495,21.02057,1
1053,21.04058,2367,21.04058,1
1054,21.06058,2518,21.06058,2
1055,21.08057,2509,21.08057,3
1056,21.10057,2629,21.10057,3
1057,21.12057,2557,21.12057,1
1058,21.14058,2543,21.14058,1
1059,21.16057,2657,21.16057,1
1060,21.18057,2702,21.18057,0
1061,21.20057,2672,21.20057,2
1062,21.22058,2712,21.22058,2
1063,21.24057,2682,21.24057,1
1064,21.26057,2713,21.26057,1
1065,21.28057,2709,21.28057,0
1066,21.30058,2693,21.30058,1
1067,21.32057,2563,21.32057,0
1068,21.34057,2731,21.34057,1
1069,21.36057,2613,21.36057,0
1070,21.38058,2566,21.38058,1
1071,21.40057,2748,21.40057,1
1072,21.42057,2711,21.42057,0
1073,21.44057,2597,21.44057,2
1074,21.46058,2508,21.46058,0
1075,21.48058,2506,21.48058,4
1076,21.50057,2527,21.50057,1
1077,21.52057,2459,21.52057,2
1078,21.54058,2457,21.54058,0
1079,21.56058,2480,21.56058,2
1080,21.58057,2372,21.58057,0
1081,21.60057,2288,21.60057,0
1082,21.62057,2243,21.62057,1
1083,21.64058,2299,21.64058,1
1084,21.66057,2166,21.66057,0
1085,21.68057,2143,21.68057,2
1086,21.70057,2092,21.70057,1
1087,21.72058,2111,21.72058,1
1088,21.74057,2068,21.74057,1
1089,21.76057,2087,21.76057,2
1090,21.78057,2031,21.78057,0
1091,21.80058,1974,21.80058,1
1092,21.82057,2004,21.82057,1
1093,21.84057,1893,21.84057,1
1094,21.86057,1876,21.86057,0
1095,21.88058,1866,21.88058,2
1096,21.90057,1910,21.90057,0
1097,21.92057,1910,21.92057,0
1098,21.94057,1923,21.94057,2
1099,21.96058,1879,21.96058,1
1100,21.98058,1826,21.98058,3
1101,22.00057,1780,22.00057,0
1102,22.02057,1879,22.02057,3
1103,22.04058,1827,22.04058,2
1104,22.06058,1767,22.06058,0
1105,22.08057,1836,22.08057,0
1106,22.10057,1720,22.10057,1
1107,22.12057,1806,22.12057,0
1108,22.14058,1769,22.14058,0
1109,22.16057,1690,22.16057,0
1110,22.18057,1702,22.18057,0
1111,22.20057,1716,22.20057,0
1112,22.22058,1619,22.22058,0
1113,22.24057,1691,22.24057,0
1114,22.26057,1647,22.26057,0
1115,22.28057,1579,22.28057,3
1116,22.30058,1563,22.30058,1
1117,22.32057,1535,22.32057,0
1118,22.34057,1582,22.34057,1
1119,22.36057,1592,22.36057,0
1120,22.38058,1598,22.38058,0
1121,22.40057,1526,22.40057,0
1122,22.42057,1575,22.42057,2
1123,22.44057,1617,22.44057,0
1124,22.46058,1585,22.46058,2
1125,22.48058,1622,22.48058,1
1126,22.50057,1685,22.50057,0
1127,22.52057,1644,22.52057,1
1128,22.54058,1754,22.54058,2
1129,22.56058,1743,22.56058,2
1130,22.58057,1893,22.58057,0
1131,22.60057,1960,22.60057,0
1132,22.62057,2021,22.62057,0
1133,22.64058,2056,22.64058,0
1134,22.66057,2282,22.66057,2
1135,22.68057,2119,22.68057,0
1136,22.70057,2264,22.70057,1
1137,22.72058,2149,22.72058,0
1138,22.74057,2109,22.74057,0
1139,22.76057,1939,22.76057,1
1140,22.78057,1962,22.78057,0
1141,22.80058,1886,22.80058,0
1142,22.82057,1705,22.82057,1
1143,22.84057,1676,22.84057,0
1144,22.86057,1607,22.86057,0
1145,22.88058,1525,22.88058,1
1146,22.90057,1608,22.90057,0
1147,22.92057,1499,22.92057,0
1148,22.94057,1449,22.94057,0
1149,22.96058,1460,22.96058,0
1150,22.98058,1478,22.98058,0
1151,23.00057,1494,23.00057,0
1152,23.02057,1450,23.02057,1
1153,23.04058,1473,23.04058,0
1154,23.06058,1496,23.06058,1
1155,23.08057,1587,23.08057,2
1156,23.10057,1469,23.10057,0
1157,23.12057,1512,23.12057,0
1158,23.14058,1535,23.14058,0
1159,23.16057,1543,23.16057,0
1160,23.18057,1565,23.18057,0
1161,23.20057,1481,23.20057,1
1162,23.22058,1483,23.22058,0
1163,23.24057,1443,23.24057,0
1164,23.26057,1409,23.26057,0
1165,23.28057,1406,23.28057,0
1166,23.30058,1393,23.30058,1
1167,23.32057,1393,23.32057,2
1168,23.34057,1457,23.34057,0
1169,23.36057,1389,23.36057,1
1170,23.38058,1373,23.38058,1
1171,23.40057,1291,23.40057,0
1172,23.42057,1328,23.42057,0
1173,23.44057,1330,23.44057,0
1174,23.46058,1314,23.46058,0
1175,23.48058,1350,23.48058,0
1176,23.50057,1381,23.50057,0
1177,23.52057,1362,23.52057,0
1178,23.54058,1304,23.54058,2
1179,23.56058,1343,23.56058,0
1180,23.58057,1298,23.58057,0
1181,23.60057,1311,23.60057,0
1182,23.62057,1382,23.62057,2
1183,23.64058,1311,23.64058,1
1184,23.66057,1303,23.66057,0
1185,23.68057,1324,23.68057,0
1186,23.70057,1334,23.70057,0
1187,23.72058,1297,23.72058,0
1188,23.74057,1239,23.74057,0
1189,23.76057,1342,23.76057,0
1190,23.78057,1341,23.78057,0
1191,23.80058,1312,23.80058,0
1192,23.82057,1308,23.82057,0
1193,23.84057,1273,23.84057,0
1194,23.86057,1243,23.86057,0
1195,23.88058,1297,23.88058,0
1196,23.90057,1216,23.90057,0
1197,23.92057,1326,23.92057,1
1198,23.94057,1317,23.94057,0
1199,23.96058,1270,23.96058,0
1200,23.98058,1267,23.98058,0
1201,24.00057,1262,24.00057,0
1202,24.02057,1311,24.02057,1
1203,24.04058,1294,24.04058,1
1204,24.06058,1289,24.06058,0
1205,24.08057,1266,24.08057,0
1206,24.10057,1326,24.10057,0
1207,24.12057,1225,24.12057,1
1208,24.14058,1263,24.14058,2
1209,24.16057,1268,24.16057,1
1210,24.18057,1257,24.18057,0
1211,24.20057,1237,24.20057,0
1212,24.22058,1266,24.22058,0
1213,24.24057,1306,24.24057,1
1214,24.26057,1279,24.26057,0
1215,24.28057,1277,24.28057,0
1216,24.30058,1241,24.30058,0
1217,24.32057,1261,24.32057,1
1218,24.34057,1253,24.34057,0
1219,24.36057,1244,24.36057,0
1220,24.38058,1251,24.38058,0
1221,24.40057,1199,24.40057,1
1222,24.42057,1263,24.42057,0
1223,24.44057,1225,24.44057,0
1224,24.46058,1272,24.46058,0
1225,24.48058,1276,24.48058,1
1226,24.50057,1283,24.50057,0
1227,24.52057,1218,24.52057,0
1228,24.54058,1216,24.54058,0
1229,24.56058,1200,24.56058,0
1230,24.58057,1236,24.58057,0
1231,24.60057,1188,24.60057,0
1232,24.62057,1187,24.62057,0
1233,24.64058,1233,24.64058,0
1234,24.66057,1197,24.66057,0
1235,24.68057,1203,24.68057,0
1236,24.70057,1213,24.70057,0
1237,24.72058,1288,24.72058,0
1238,24.74057,1219,24.74057,1
1239,24.76057,1183,24.76057,0
1240,24.78057,1231,24.78057,0
1241,24.80058,1212,24.80058,0
1242,24.82057,1189,24.82057,0
1243,24.84057,1181,24.84057,0
1244,24.86057,1214,24.86057,0
1245,24.88058,1244,24.88058,0
1246,24.90057,1225,24.90057,0
1247,24.92057,1234,24.92057,0
1248,24.94057,1204,24.94057,0
1249,24.96058,1260,24.96058,0
1250,24.98058,1269,24.98058,1
1251,25.00057,1269,25.00057,0
1252,25.02057,1195,25.02057,0
1253,25.04058,1292,25.04058,0
1254,25.06058,1259,25.06058,0
1255,25.08057,1236,25.08057,0
1256,25.10057,1241,25.10057,0
1257,25.12057,1224,25.12057,0
1258,25.14058,1269,25.14058,0
1259,25.16057,1202,25.16057,0
1260,25.18057,1305,25.18057,1
1261,25.20057,1256,25.20057,0
1262,25.22058,1201,25.22058,0
1263,25.24057,1174,25.24057,0
1264,25.26057,1223,25.26057,0
1265,25.28057,1247,25.28057,1
1266,25.30058,1211,25.30058,0
1267,25.32057,1144,25.32057,1
1268,25.34057,1170,25.34057,0
1269,25.36057,1205,25.36057,0
1270,25.38058,1222,25.38058,0
1271,25.40057,1152,25.40057,0
1272,25.42057,1089,25.42057,0
1273,25.44057,1105,25.44057,0
1274,25.46058,1148,25.46058,0
1275,25.48058,1149,25.48058,0
1276,25.50057,1113,25.50057,1
1277,25.52057,1053,25.52057,1
1278,25.54058,1099,25.54058,0
1279,25.56058,1096,25.56058,0
1280,25.58057,1105,25.58057,1
1281,25.60057,1074,25.60057,1
1282,25.62057,1099,25.62057,2
1283,25.64058,1099,25.64058,0
1284,25.66057,1074,25.66057,0
1285,25.68057,1107,25.68057,0
1286,25.70057,1067,25.70057,0
1287,25.72058,1117,25.72058,0
1288,25.74057,1014,25.74057,0
1289,25.76057,1073,25.76057,0
1290,25.78057,1080,25.78057,0
1291,25.80058,1082,25.80058,0
1292,25.82057,1144,25.82057,0
1293,25.84057,1089,25.84057,0
1294,25.86057,1072,25.86057,0
1295,25.88058,1105,25.88058,2
1296,25.90057,1144,25.90057,0
1297,25.92057,1128,25.92057,0
1298,25.94057,1142,25.94057,0
1299,25.96058,1089,25.96058,0
1300,25.98058,1137,25.98058,0
1301,26.00057,1143,26.00057,0
1302,26.02057,1165,26.02057,0
1303,26.04058,1145,26.04058,1
1304,26.06058,1199,26.06058,0
1305,26.08057,1164,26.08057,0
1306,26.10057,1190,26.10057,0
1307,26.12057,1144,26.12057,0
1308,26.14058,1151,26.14058,0
1309,26.16057,1210,26.16057,0
1310,26.18057,1117,26.18057,0
1311,26.20057,1206,26.20057,0
1312,26.22058,1134,26.22058,0
1313,26.24057,1206,26.24057,0
1314,26.26057,1193,26.26057,0
1315,26.28057,1181,26.28057,0
1316,26.30058,1142,26.30058,0
1317,26.32057,1108,26.32057,0
1318,26.34057,1126,26.34057,0
1319,26.36057,1158,26.36057,0
1320,26.38058,1062,26.38058,0
1321,26.40057,1171,26.40057,0
1322,26.42057,1191,26.42057,0
1323,26.44057,1112,26.44057,0
1324,26.46058,1063,26.46058,0
1325,26.48058,1091,26.48058,0
1326,26.50057,1075,26.50057,0
1327,26.52057,975,26.52057,0
1328,26.54058,1071,26.54058,0
1329,26.56058,1009,26.56058,0
1330,26.58057,1026,26.58057,0
1331,26.60057,1058,26.60057,0
1332,26.62057,993,26.62057,0
1333,26.64058,1000,26.64058,0
1334,26.66057,997,26.66057,0
1335,26.68057,1003,26.68057,0
1336,26.70057,956,26.70057,0
1337,26.72058,1054,26.72058,0
1338,26.74057,964,26.74057,0
1339,26.76057,949,26.76057,0
1340,26.78057,1030,26.78057,0
1341,26.80058,975,26.80058,0
1342,26.82057,953,26.82057,0
1343,26.84057,984,26.84057,0
1344,26.86057,943,26.86057,0
1345,26.88058,911,26.88058,0
1346,26.90057,970,26.90057,0
1347,26.92057,940,26.92057,0
1348,26.94057,961,26.94057,0
1349,26.96058,961,26.96058,0
1350,26.98058,907,26.98058,0
1351,27.00057,968,27.00057,0
1352,27.02057,972,27.02057,0
1353,27.04058,909,27.04058,0
1354,27.06058,903,27.06058,0
1355,27.08057,970,27.08057,0
1356,27.10057,924,27.10057,0
1357,27.12057,929,27.12057,0
1358,27.14058,939,27.14058,0
1359,27.16057,956,27.16057,0
1360,27.18057,934,27.18057,0
1361,27.20057,951,27.20057,0
1362,27.22058,969,27.22058,0
1363,27.24057,949,27.24057,0
1364,27.26057,948,27.26057,0
1365,27.28057,907,27.28057,0
1366,27.30058,913,27.30058,0
1367,27.32057,918,27.32057,0
1368,27.34057,948,27.34057,0
1369,27.36057,901,27.36057,0
1370,27.38058,888,27.38058,0
1371,27.40057,906,27.40057,0
1372,27.42057,923,27.42057,0
1373,27.44057,869,27.44057,0
1374,27.46058,951,27.46058,0
1375,27.48058,931,27.48058,0
1376,27.50057,914,27.50057,0
1377,27.52057,896,27.52057,0
1378,27.54058,885,27.54058,0
1379,27.56058,876,27.56058,0
1380,27.58057,891,27.58057,0
1381,27.60057,904,27.60057,0
1382,27.62057,889,27.62057,0
1383,27.64058,867,27.64058,0
1384,27.66057,912,27.66057,0
1385,27.68057,881,27.68057,0
1386,27.70057,936,27.70057,0
1387,27.72058,924,27.72058,0
1388,27.74057,922,27.74057,0
1389,27.76057,909,27.76057,0
1390,27.78057,866,27.78057,0
1391,27.80058,893,27.80058,0
1392,27.82057,881,27.82057,0
1393,27.84057,879,27.84057,0
1394,27.86057,874,27.86057,0
1395,27.88058,907,27.88058,0
1396,27.90057,854,27.90057,0
1397,27.92057,889,27.92057,0
1398,27.94057,868,27.94057,0
1399,27.96058,910,27.96058,0
1400,27.98058,858,27.98058,0
1401,28.00057,857,28.00057,0
1402,28.02057,850,28.02057,0
1403,28.04058,802,28.04058,0
1404,28.06058,865,28.06058,0
1405,28.08057,834,28.08057,0
1406,28.10057,867,28.10057,0
1407,28.12057,822,28.12057,0
1408,28.14058,864,28.14058,0
1409,28.16057,857,28.16057,0
1410,28.18057,832,28.18057,0
1411,28.20057,772,28.20057,0
1412,28.22058,832,28.22058,0
1413,28.24057,791,28.24057,0
1414,28.26057,813,28.26057,0
1415,28.28057,814,28.28057,0
1416,28.30058,813,28.30058,0
1417,28.32057,850,28.32057,0
1418,28.34057,813,28.34057,0
1419,28.36057,822,28.36057,0
1420,28.38058,803,28.38058,0
1421,28.40057,831,28.40057,0
1422,28.42057,826,28.42057,0
1423,28.44057,824,28.44057,0
1424,28.46058,811,28.46058,0
1425,28.48058,859,28.48058,0
1426,28.50057,810,28.50057,0
1427,28.52057,820,28.52057,0
1428,28.54058,823,28.54058,0
1429,28.56058,765,28.56058,0
1430,28.58057,804,28.58057,0
1431,28.60057,780,28.60057,0
1432,28.62057,850,28.62057,0
1433,28.64058,753,28.64058,0
1434,28.66057,710,28.66057,0
1435,28.68057,790,28.68057,0
1436,28.70057,788,28.70057,0
1437,28.72058,760,28.72058,0
1438,28.74057,818,28.74057,0
1439,28.76057,759,28.76057,0
1440,28.78057,710,28.78057,0
1441,28.80058,726,28.80058,0
1442,28.82057,734,28.82057,0
1443,28.84057,757,28.84057,0
1444,28.86057,759,28.86057,0
1445,28.88058,758,28.88058,0
1446,28.90057,785,28.90057,0
1447,28.92057,722,28.92057,0
1448,28.94057,780,28.94057,0
1449,28.96058,724,28.96058,0
1450,28.98058,801,28.98058,0
1451,29.00057,757,29.00057,0
1452,29.02057,740,29.02057,0
1453,29.04058,742,29.04058,0
1454,29.06058,693,29.06058,0
1455,29.08057,738,29.08057,0
1456,29.10057,739,29.10057,0
1457,29.12057,720,29.12057,0
1458,29.14058,772,29.14058,0
1459,29.16057,718,29.16057,0
1460,29.18057,776,29.18057,0
1461,29.20057,712,29.20057,0
1462,29.22058,730,29.22058,0
1463,29.24057,740,29.24057,0
1464,29.26057,724,29.26057,0
1465,29.28057,668,29.28057,0
1466,29.30058,706,29.30058,0
1467,29.32057,738,29.32057,0
1468,29.34057,710,29.34057,0
1469,29.36057,731,29.36057,0
1470,29.38058,660,29.38058,0
1471,29.40057,721,29.40057,0
1472,29.42057,666,29.42057,0
1473,29.44057,707,29.44057,0
1474,29.46058,688,29.46058,0
1475,29.48058,725,29.48058,0
1476,29.50057,728,29.50057,0
1477,29.52057,708,29.52057,0
1478,29.54058,659,29.54058,0
1479,29.56058,658,29.56058,0
1480,29.58057,674,29.58057,0
1481,29.60057,742,29.60057,0
1482,29.62057,772,29.62057,0
1483,29.64058,740,29.64058,0
1484,29.66057,712,29.66057,0
1485,29.68057,703,29.68057,0
1486,29.70057,719,29.70057,0
1487,29.72058,678,29.72058,0
1488,29.74057,683,29.74057,0
1489,29.76057,688,29.76057,0
1490,29.78057,745,29.78057,0
1491,29.80058,657,29.80058,0
1492,29.82057,703,29.82057,0
1493,29.84057,672,29.84057,0
1494,29.86057,693,29.86057,0
1495,29.88058,677,29.88058,0
1496,29.90057,642,29.90057,0
1497,29.92057,670,29.92057,0
1498,29.94057,678,29.94057,0
1499,29.96058,614,29.96058,0
1500,29.98058,643,29.98058,0
1501,30.00057,667,30.00057,0
1502,30.02057,678,30.02057,0
1503,30.04058,622,30.04058,0
1504,30.06058,641,30.06058,0
1505,30.08057,622,30.08057,0
1506,30.10057,622,30.10057,0
1507,30.12057,612,30.12057,0
1508,30.14058,634,30.14058,0
1509,30.16057,592,30.16057,0
1510,30.18057,626,30.18057,0
1511,30.20057,577,30.20057,0
1512,30.22058,594,30.22058,0
1513,30.24057,571,30.24057,0
1514,30.26057,587,30.26057,0
1515,30.28057,625,30.28057,0
1516,30.30058,624,30.30058,0
1517,30.32057,572,30.32057,0
1518,30.34057,609,30.34057,0
1519,30.36057,602,30.36057,0
1520,30.38058,597,30.38058,0
1521,30.40057,598,30.40057,0
1522,30.42057,577,30.42057,0
1523,30.44057,563,30.44057,0
1524,30.46058,546,30.46058,0
1525,30.48058,558,30.48058,0
1526,30.50057,610,30.50057,0
1527,30.52057,577,30.52057,0
1528,30.54058,561,30.54058,0
1529,30.56058,593,30.56058,0
1530,30.58057,543,30.58057,0
1531,30.60057,574,30.60057,0
1532,30.62057,577,30.62057,0
1533,30.64058,618,30.64058,0
1534,30.66057,544,30.66057,0
1535,30.68057,586,30.68057,0
1536,30.70057,547,30.70057,0
1537,30.72058,566,30.72058,0
1538,30.74057,567,30.74057,0
1539,30.76057,517,30.76057,0
1540,30.78057,570,30.78057,0
1541,30.80058,524,30.80058,0
1542,30.82057,542,30.82057,0
1543,30.84057,555,30.84057,0
1544,30.86057,557,30.86057,0
1545,30.88058,584,30.88058,0
1546,30.90057,531,30.90057,0
1547,30.92057,560,30.92057,0
1548,30.94057,541,30.94057,0
1549,30.96058,516,30.96058,0
1550,30.98058,541,30.98058,0
1551,31.00057,504,31.00057,0
1552,31.02057,536,31.02057,0
1553,31.04058,530,31.04058,0
1554,31.06058,536,31.06058,0
1555,31.08057,519,31.08057,0
1556,31.10057,541,31.10057,0
1557,31.12057,547,31.12057,0
1558,31.14058,526,31.14058,0
1559,31.16057,538,31.16057,0
1560,31.18057,482,31.18057,0
1561,31.20057,530,31.20057,0
1562,31.22058,499,31.22058,0
1563,31.24057,541,31.24057,0
1564,31.26057,529,31.26057,0
1565,31.28057,522,31.28057,0
1566,31.30058,535,31.30058,0
1567,31.32057,492,31.32057,0
1568,31.34057,499,31.34057,0
1569,31.36057,434,31.36057,0
1570,31.38058,521,31.38058,0
1571,31.40057,455,31.40057,0
1572,31.42057,501,31.42057,0
1573,31.44057,511,31.44057,0
1574,31.46058,477,31.46058,0
1575,31.48058,452,31.48058,0
1576,31.50057,451,31.50057,0
1577,31.52057,513,31.52057,0
1578,31.54058,487,31.54058,0
1579,31.56058,473,31.56058,0
1580,31.58057,518,31.58057,0
1581,31.60057,464,31.60057,0
1582,31.62057,477,31.62057,0
1583,31.64058,473,31.64058,0
1584,31.66057,483,31.66057,0
1585,31.68057,512,31.68057,0
1586,31.70057,505,31.70057,0
1587,31.72058,540,31.72058,0
1588,31.74057,500,31.74057,0
1589,31.76057,529,31.76057,0
1590,31.78057,503,31.78057,0
1591,31.80058,519,31.80058,0
1592,31.82057,468,31.82057,0
1593,31.84057,462,31.84057,0
1594,31.86057,455,31.86057,0
1595,31.88058,455,31.88058,0
1596,31.90057,441,31.90057,0
1597,31.92057,467,31.92057,0
1598,31.94057,486,31.94057,0
1599,31.96058,480,31.96058,0
1600,31.98058,459,31.98058,0
1601,32.00058,472,32.00058,0
1602,32.02058,463,32.02058,0
1603,32.04057,485,32.04057,0
1604,32.06057,444,32.06057,0
1605,32.08057,464,32.08057,0
1606,32.10057,481,32.10057,0
1607,32.12057,490,32.12057,0
1608,32.14058,405,32.14058,0
1609,32.16058,463,32.16058,0
1610,32.18058,444,32.18058,0
1611,32.20057,465,32.20057,0
1612,32.22057,478,32.22057,0
1613,32.24057,431,32.24057,0
1614,32.26057,492,32.26057,0
1615,32.28057,442,32.28057,0
1616,32.30058,435,32.30058,0
1617,32.32058,426,32.32058,0
1618,32.34058,426,32.34058,0
1619,32.36057,423,32.36057,0
1620,32.38057,359,32.38057,0
1621,32.40057,414,32.40057,0
1622,32.42057,393,32.42057,0
1623,32.44057,368,32.44057,0
1624,32.46058,369,32.46058,0
1625,32.48058,386,32.48058,0
1626,32.50058,330,32.50058,0
1627,32.52058,359,32.52058,0
1628,32.54057,382,32.54057,0
1629,32.56057,343,32.56057,0
1630,32.58057,377,32.58057,0
1631,32.60057,365,32.60057,0
1632,32.62057,365,32.62057,0
1633,32.64058,376,32.64058,0
1634,32.66058,360,32.66058,0
1635,32.68058,358,32.68058,0
1636,32.70057,359,32.70057,0
1637,32.72057,362,32.72057,0
1638,32.74057,326,32.74057,0
1639,32.76057,344,32.76057,0
1640,32.78057,396,32.78057,0
1641,32.80058,318,32.80058,0
1642,32.82058,343,32.82058,0
1643,32.84058,336,32.84058,0
1644,32.86057,325,32.86057,0
1645,32.88057,346,32.88057,0
1646,32.90057,342,32.90057,0
1647,32.92057,322,32.92057,0
1648,32.94057,316,32.94057,0
1649,32.96058,322,32.96058,0
1650,32.98058,345,32.98058,0
1651,33.00058,328,33.00058,0
1652,33.02058,328,33.02058,0
1653,33.04057,289,33.04057,0
1654,33.06057,291,33.06057,0
1655,33.08057,316,33.08057,0
1656,33.10057,327,33.10057,0
1657,33.12057,290,33.12057,0
1658,33.14058,279,33.14058,0
1659,33.16058,299,33.16058,0
1660,33.18058,325,33.18058,0
1661,33.20057,277,33.20057,0
1662,33.22057,288,33.22057,0
1663,33.24057,289,33.24057,0
1664,33.26057,277,33.26057,0
1665,33.28057,275,33.28057,0
1666,33.30058,260,33.30058,0
1667,33.32058,275,33.32058,0
1668,33.34058,285,33.34058,0
1669,33.36057,310,33.36057,0
1670,33.38057,299,33.38057,0
1671,33.40057,266,33.40057,0
1672,33.42057,250,33.42057,0
1673,33.44057,267,33.44057,0
1674,33.46058,323,33.46058,0
1675,33.48058,277,33.48058,0
1676,33.50058,254,33.50058,0
1677,33.52058,255,33.52058,0
1678,33.54057,245,33.54057,0
1679,33.56057,271,33.56057,0
1680,33.58057,247,33.58057,0
1681,33.60057,269,33.60057,0
1682,33.62057,259,33.62057,0
1683,33.64058,307,33.64058,0
1684,33.66058,264,33.66058,0
1685,33.68058,228,33.68058,0
1686,33.70057,229,33.70057,0
1687,33.72057,237,33.72057,0
1688,33.74057,224,33.74057,0
1689,33.76057,237,33.76057,0
1690,33.78057,219,33.78057,0
1691,33.80058,220,33.80058,0
1692,33.82058,208,33.82058,0
1693,33.84058,230,33.84058,0
1694,33.86057,224,33.86057,0
1695,33.88057,194,33.88057,0
1696,33.90057,223,33.90057,0
1697,33.92057,200,33.92057,0
1698,33.94057,191,33.94057,0
1699,33.96058,230,33.96058,0
1700,33.98058,217,33.98058,0
1701,34.00058,193,34.00058,0
1702,34.02058,185,34.02058,0
1703,34.04057,212,34.04057,0
1704,34.06057,193,34.06057,0
1705,34.08057,188,34.08057,0
1706,34.10057,197,34.10057,0
1707,34.12057,205,34.12057,0
1708,34.14058,207,34.14058,0
1709,34.16058,197,34.16058,0
1710,34.18058,175,34.18058,0
1711,34.20057,173,34.20057,0
1712,34.22057,180,34.22057,0
1713,34.24057,149,34.24057,0
1714,34.26057,185,34.26057,0
1715,34.28057,181,34.28057,0
1716,34.30058,160,34.30058,0
1717,34.32058,197,34.32058,0
1718,34.34058,181,34.34058,0
1719,34.36057,180,34.36057,0
1720,34.38057,185,34.38057,0
1721,34.40057,153,34.40057,0
1722,34.42057,173,34.42057,0
1723,34.44057,171,34.44057,0
1724,34.46058,136,34.46058,0
1725,34.48058,153,34.48058,0
1726,34.50058,155,34.50058,0
1727,34.52058,134,34.52058,0
1728,34.54057,132,34.54057,0
1729,34.56057,163,34.56057,0
1730,34.58057,149,34.58057,0
1731,34.60057,153,34.60057,0
1732,34.62057,134,34.62057,0
1733,34.64058,143,34.64058,0
1734,34.66058,109,34.66058,0
1735,34.68058,127,34.68058,0
1736,34.70057,142,34.70057,0
1737,34.72057,113,34.72057,0
1738,34.74057,123,34.74057,0
1739,34.76057,143,34.76057,0
1740,34.78057,136,34.78057,0
1741,34.80058,118,34.80058,0
1742,34.82058,143,34.82058,0
1743,34.84058,129,34.84058,0
1744,34.86057,135,34.86057,0
1745,34.88057,114,34.88057,0
1746,34.90057,119,34.90057,0
1747,34.92057,100,34.92057,0
1748,34.94057,109,34.94057,0
1749,34.96058,102,34.96058,0
1750,34.98058,116,34.98058,0
1751,35.00058,92,35.00058,0
1752,35.02058,101,35.02058,0
1753,35.04057,99,35.04057,0
1754,35.06057,102,35.06057,0
1755,35.08057,98,35.08057,0
1756,35.10057,89,35.10057,0
1757,35.12057,104,35.12057,0
1758,35.14058,102,35.14058,0
1759,35.16058,97,35.16058,0
1760,35.18058,90,35.18058,0
1761,35.20057,92,35.20057,0
1762,35.22057,76,35.22057,0
1763,35.24057,87,35.24057,0
1764,35.26057,83,35.26057,0
1765,35.28057,60,35.28057,0
1766,35.30058,82,35.30058,0
1767,35.32058,78,35.32058,0
1768,35.34058,79,35.34058,0
1769,35.36057,78,35.36057,0
1770,35.38057,56,35.38057,0
1771,35.40057,77,35.40057,0
1772,35.42057,71,35.42057,0
1773,35.44057,63,35.44057,0
1774,35.46058,72,35.46058,0
1775,35.48058,76,35.48058,0
1776,35.50058,72,35.50058,0
1777,35.52058,55,35.52058,0
1778,35.54057,64,35.54057,0
1779,35.56057,60,35.56057,0
1780,35.58057,59,35.58057,0
1781,35.60057,55,35.60057,0
1782,35.62057,63,35.62057,0
1783,35.64058,65,35.64058,0
1784,35.66058,62,35.66058,0
1785,35.68058,58,35.68058,0
1786,35.70057,53,35.70057,0
1787,35.72057,53,35.72057,0
1788,35.74057,58,35.74057,0
1789,35.76057,54,35.76057,0
1790,35.78057,64,35.78057,0
1791,35.80058,47,35.80058,0
1792,35.82058,47,35.82058,0
1793,35.84058,47,35.84058,0
1794,35.86057,51,35.86057,0
1795,35.88057,44,35.88057,0
1796,35.90057,51,35.90057,0
1797,35.92057,56,35.92057,0
1798,35.94057,47,35.94057,0
1799,35.96058,42,35.96058,0
1800,35.98058,51,35.98058,0
1801,36.00058,42,36.00058,0
1802,36.02058,58,36.02058,0
1803,36.04057,50,36.04057,0
1804,36.06057,47,36.06057,0
1805,36.08057,38,36.08057,0
1806,36.10057,38,36.10057,0
1807,36.12057,52,36.12057,0
1808,36.14058,50,36.14058,0
1809,36.16058,39,36.16058,0
1810,36.18058,53,36.18058,0
1811,36.20057,45,36.20057,0
1812,36.22057,42,36.22057,0
1813,36.24057,49,36.24057,0
1814,36.26057,34,36.26057,0
1815,36.28057,48,36.28057,0
1816,36.30058,69,36.30058,0
1817,36.32058,48,36.32058,0
1818,36.34058,38,36.34058,0
1819,36.36057,49,36.36057,0
1820,36.38057,47,36.38057,0
1821,36.40057,53,36.40057,0
1822,36.42057,27,36.42057,0
1823,36.44057,41,36.44057,0
1824,36.46058,35,36.46058,0
1825,36.48058,42,36.48058,0
1826,36.50058,32,36.50058,0
1827,36.52058,36,36.52058,0
1828,36.54057,34,36.54057,0
1829,36.56057,21,36.56057,0
1830,36.58057,20,36.58057,0
1831,36.60057,26,36.60057,0
1832,36.62057,35,36.62057,0
1833,36.64058,27,36.64058,0
1834,36.66058,33,36.66058,0
1835,36.68058,29,36.68058,0
1836,36.70057,22,36.70057,0
1837,36.72057,30,36.72057,0
1838,36.74057,23,36.74057,0
1839,36.76057,35,36.76057,0
1840,36.78057,31,36.78057,0
1841,36.80058,26,36.80058,0
1842,36.82058,24,36.82058,0
1843,36.84058,28,36.84058,0
1844,36.86057,24,36.86057,0
1845,36.88057,28,36.88057,0
1846,36.90057,27,36.90057,0
1847,36.92057,33,36.92057,0
1848,36.94057,28,36.94057,0
1849,36.96058,31,36.96058,0
1850,36.98058,26,36.98058,0
1851,37.00058,21,37.00058,0
1852,37.02058,36,37.02058,0
1853,37.04057,29,37.04057,0
1854,37.06057,22,37.06057,0
1855,37.08057,23,37.08057,0
1856,37.10057,28,37.10057,0
1857,37.12057,23,37.12057,0
1858,37.14058,27,37.14058,0
1859,37.16058,22,37.16058,0
1860,37.18058,22,37.18058,0
1861,37.20057,14,37.20057,0
1862,37.22057,20,37.22057,0
1863,37.24057,35,37.24057,0
1864,37.26057,22,37.26057,0
1865,37.28057,29,37.28057,0
1866,37.30058,14,37.30058,0
1867,37.32058,22,37.32058,0
1868,37.34058,18,37.34058,0
1869,37.36057,25,37.36057,0
1870,37.38057,23,37.38057,0
1871,37.40057,19,37.40057,0
1872,37.42057,19,37.42057,0
1873,37.44057,18,37.44057,0
1874,37.46058,25,37.46058,0
1875,37.48058,19,37.48058,0
1876,37.50058,23,37.50058,0
1877,37.52058,28,37.52058,0
1878,37.54057,21,37.54057,0
1879,37.56057,17,37.56057,0
1880,37.58057,22,37.58057,0
1881,37.60057,13,37.60057,0
1882,37.62057,16,37.62057,0
1883,37.64058,20,37.64058,0
1884,37.66058,19,37.66058,0
1885,37.68058,27,37.68058,0
1886,37.70057,16,37.70057,0
1887,37.72057,27,37.72057,0
1888,37.74057,13,37.74057,0
1889,37.76057,22,37.76057,0
1890,37.78057,13,37.78057,0
1891,37.80058,7,37.80058,0
1892,37.82058,15,37.82058,0
1893,37.84058,9,37.84058,0
1894,37.86057,18,37.86057,0
1895,37.88057,12,37.88057,0
1896,37.90057,14,37.90057,0
1897,37.92057,26,37.92057,0
1898,37.94057,15,37.94057,0
1899,37.96058,16,37.96058,0
1900,37.98058,17,37.98058,0
1901,38.00058,24,38.00058,0
1902,38.02058,14,38.02058,0
1903,38.04057,12,38.04057,0
1904,38.06057,17,38.06057,0
1905,38.08057,17,38.08057,0
1906,38.10057,11,38.10057,0
1907,38.12057,21,38.12057,0
1908,38.14058,23,38.14058,0
1909,38.16058,21,38.16058,0
1910,38.18058,23,38.18058,0
1911,38.20057,14,38.20057,0
1912,38.22057,12,38.22057,0
1913,38.24057,15,38.24057,0
1914,38.26057,6,38.26057,0
1915,38.28057,9,38.28057,0
1916,38.30058,14,38.30058,0
1917,38.32058,15,38.32058,0
1918,38.34058,15,38.34058,0
1919,38.36057,10,38.36057,0
1920,38.38057,18,38.38057,0
1921,38.40057,8,38.40057,0
1922,38.42057,19,38.42057,0
1923,38.44057,12,38.44057,0
1924,38.46058,22,38.46058,0
1925,38.48058,15,38.48058,0
1926,38.50058,10,38.50058,0
1927,38.52058,6,38.52058,0
1928,38.54057,15,38.54057,0
1929,38.56057,9,38.56057,0
1930,38.58057,19,38.58057,0
1931,38.60057,9,38.60057,0
1932,38.62057,11,38.62057,0
1933,38.64058,18,38.64058,0
1934,38.66058,12,38.66058,0
1935,38.68058,18,38.68058,0
1936,38.70057,17,38.70057,0
1937,38.72057,13,38.72057,0
1938,38.74057,18,38.74057,0
1939,38.76057,13,38.76057,0
1940,38.78057,8,38.78057,0
1941,38.80058,20,38.80058,0
1942,38.82058,14,38.82058,0
1943,38.84058,6,38.84058,0
1944,38.86057,18,38.86057,0
1945,38.88057,16,38.88057,0
1946,38.90057,10,38.90057,0
1947,38.92057,15,38.92057,0
1948,38.94057,9,38.94057,0
1949,38.96058,11,38.96058,0
1950,38.98058,11,38.98058,0
1951,39.00058,6,39.00058,0
1952,39.02058,16,39.02058,0
1953,39.04057,8,39.04057,0
1954,39.06057,8,39.06057,0
1955,39.08057,12,39.08057,0
1956,39.10057,13,39.10057,0
1957,39.12057,9,39.12057,0
1958,39.14058,12,39.14058,0
1959,39.16058,12,39.16058,0
1960,39.18058,13,39.18058,0
1961,39.20057,18,39.20057,0
1962,39.22057,9,39.22057,0
1963,39.24057,8,39.24057,0
1964,39.26057,12,39.26057,0
1965,39.28057,8,39.28057,0
1966,39.30058,6,39.30058,0
1967,39.32058,11,39.32058,0
1968,39.34058,13,39.34058,0
1969,39.36057,7,39.36057,0
1970,39.38057,11,39.38057,0
1971,39.40057,4,39.40057,0
1972,39.42057,12,39.42057,0
1973,39.44057,9,39.44057,0
1974,39.46058,10,39.46058,0
1975,39.48058,9,39.48058,0
1976,39.50058,14,39.50058,0
1977,39.52058,7,39.52058,0
1978,39.54057,10,39.54057,0
1979,39.56057,9,39.56057,0
1980,39.58057,2,39.58057,0
1981,39.60057,9,39.60057,0
1982,39.62057,8,39.62057,0
1983,39.64058,8,39.64058,0
1984,39.66058,9,39.66058,0
1985,39.68058,8,39.68058,0
1986,39.70057,5,39.70057,0
1987,39.72057,5,39.72057,0
1988,39.74057,15,39.74057,0
1989,39.76057,9,39.76057,0
1990,39.78057,5,39.78057,0
1991,39.80058,7,39.80058,0
1992,39.82058,10,39.82058,0
1993,39.84058,10,39.84058,0
1994,39.86057,5,39.86057,0
1995,39.88057,10,39.88057,0
1996,39.90057,9,39.90057,0
1997,39.92057,8,39.92057,0
1998,39.94057,6,39.94057,0
1999,39.96058,9,39.96058,0
2000,39.98058,9,39.98058,0
2001,40.00058,6,40.00058,0
2002,40.02058,8,40.02058,0
2003,40.04057,12,40.04057,0
2004,40.06057,7,40.06057,0
2005,40.08057,9,40.08057,0
2006,40.10057,9,40.10057,0
2007,40.12057,8,40.12057,0
2008,40.14058,6,40.14058,0
2009,40.16058,8,40.16058,0
2010,40.18058,3,40.18058,0
2011,40.20057,8,40.20057,0
2012,40.22057,0,40.22057,0
2013,40.24057,8,40.24057,0
2014,40.26057,7,40.26057,0
2015,40.28057,10,40.28057,0
2016,40.30058,5,40.30058,0
2017,40.32058,5,40.32058,0
2018,40.34058,12,40.34058,0
2019,40.36057,14,40.36057,0
2020,40.38057,9,40.38057,0
2021,40.40057,7,40.40057,0
2022,40.42057,8,40.42057,0
2023,40.44057,7,40.44057,0
2024,40.46058,8,40.46058,0
2025,40.48058,15,40.48058,0
2026,40.50058,7,40.50058,0
2027,40.52058,13,40.52058,0
2028,40.54057,11,40.54057,0
2029,40.56057,6,40.56057,0
2030,40.58057,10,40.58057,0
2031,40.60057,6,40.60057,0
2032,40.62057,14,40.62057,0
2033,40.64058,10,40.64058,0
2034,40.66058,9,40.66058,0
2035,40.68058,10,40.68058,0
2036,40.70057,10,40.70057,0
2037,40.72057,4,40.72057,0
2038,40.74057,5,40.74057,0
2039,40.76057,5,40.76057,0
2040,40.78057,8,40.78057,0
2041,40.80058,9,40.80058,0
2042,40.82058,7,40.82058,0
2043,40.84058,8,40.84058,0
2044,40.86057,15,40.86057,0
2045,40.88057,5,40.88057,0
2046,40.90057,8,40.90057,0
2047,40.92057,4,40.92057,0
2048,40.94057,4,40.94057,0
